{
  "dataset_revision": "fd7df84ac089bbec763b1c6bb1b56e985df5cc5c",
  "evaluation_time": 50.766931772232056,
  "kg_co2_emissions": null,
  "mteb_version": "1.19.4",
  "scores": {
    "test": [
      {
        "hf_subset": "default",
        "languages": [
          "kor-Hang"
        ],
        "main_score": 0.83008,
        "map_at_1": 0.67544,
        "map_at_10": 0.78346,
        "map_at_100": 0.78514,
        "map_at_1000": 0.78514,
        "map_at_20": 0.78514,
        "map_at_3": 0.76316,
        "map_at_5": 0.77807,
        "mrr_at_1": 0.6754385964912281,
        "mrr_at_10": 0.7834551656920076,
        "mrr_at_100": 0.7851364522417152,
        "mrr_at_1000": 0.7851364522417152,
        "mrr_at_20": 0.7851364522417152,
        "mrr_at_3": 0.763157894736842,
        "mrr_at_5": 0.7780701754385964,
        "nauc_map_at_1000_diff1": 0.7480913240467126,
        "nauc_map_at_1000_max": 0.40994529514037564,
        "nauc_map_at_1000_std": -0.4041235885308545,
        "nauc_map_at_100_diff1": 0.7480913240467126,
        "nauc_map_at_100_max": 0.40994529514037564,
        "nauc_map_at_100_std": -0.4041235885308545,
        "nauc_map_at_10_diff1": 0.7480655535449382,
        "nauc_map_at_10_max": 0.4118513196432917,
        "nauc_map_at_10_std": -0.4096886794877292,
        "nauc_map_at_1_diff1": 0.7458196841797787,
        "nauc_map_at_1_max": 0.336170140077049,
        "nauc_map_at_1_std": -0.414109409881053,
        "nauc_map_at_20_diff1": 0.7480913240467126,
        "nauc_map_at_20_max": 0.40994529514037564,
        "nauc_map_at_20_std": -0.4041235885308545,
        "nauc_map_at_3_diff1": 0.7539865940326704,
        "nauc_map_at_3_max": 0.43539749968062214,
        "nauc_map_at_3_std": -0.37847225265122253,
        "nauc_map_at_5_diff1": 0.7459089722049166,
        "nauc_map_at_5_max": 0.4228032046558571,
        "nauc_map_at_5_std": -0.39011603199971223,
        "nauc_mrr_at_1000_diff1": 0.7480913240467126,
        "nauc_mrr_at_1000_max": 0.40994529514037564,
        "nauc_mrr_at_1000_std": -0.4041235885308545,
        "nauc_mrr_at_100_diff1": 0.7480913240467126,
        "nauc_mrr_at_100_max": 0.40994529514037564,
        "nauc_mrr_at_100_std": -0.4041235885308545,
        "nauc_mrr_at_10_diff1": 0.7480655535449382,
        "nauc_mrr_at_10_max": 0.4118513196432917,
        "nauc_mrr_at_10_std": -0.4096886794877292,
        "nauc_mrr_at_1_diff1": 0.7458196841797787,
        "nauc_mrr_at_1_max": 0.336170140077049,
        "nauc_mrr_at_1_std": -0.414109409881053,
        "nauc_mrr_at_20_diff1": 0.7480913240467126,
        "nauc_mrr_at_20_max": 0.40994529514037564,
        "nauc_mrr_at_20_std": -0.4041235885308545,
        "nauc_mrr_at_3_diff1": 0.7539865940326704,
        "nauc_mrr_at_3_max": 0.43539749968062214,
        "nauc_mrr_at_3_std": -0.37847225265122253,
        "nauc_mrr_at_5_diff1": 0.7459089722049166,
        "nauc_mrr_at_5_max": 0.4228032046558571,
        "nauc_mrr_at_5_std": -0.39011603199971223,
        "nauc_ndcg_at_1000_diff1": 0.7479959191104514,
        "nauc_ndcg_at_1000_max": 0.4183290864437548,
        "nauc_ndcg_at_1000_std": -0.40438403097706516,
        "nauc_ndcg_at_100_diff1": 0.7479959191104514,
        "nauc_ndcg_at_100_max": 0.4183290864437548,
        "nauc_ndcg_at_100_std": -0.40438403097706516,
        "nauc_ndcg_at_10_diff1": 0.7477939461929645,
        "nauc_ndcg_at_10_max": 0.427014191152891,
        "nauc_ndcg_at_10_std": -0.43143047149879826,
        "nauc_ndcg_at_1_diff1": 0.7458196841797787,
        "nauc_ndcg_at_1_max": 0.336170140077049,
        "nauc_ndcg_at_1_std": -0.414109409881053,
        "nauc_ndcg_at_20_diff1": 0.7479959191104514,
        "nauc_ndcg_at_20_max": 0.4183290864437548,
        "nauc_ndcg_at_20_std": -0.40438403097706516,
        "nauc_ndcg_at_3_diff1": 0.7579191887220348,
        "nauc_ndcg_at_3_max": 0.48018090636879757,
        "nauc_ndcg_at_3_std": -0.35255980074276044,
        "nauc_ndcg_at_5_diff1": 0.7420060164656852,
        "nauc_ndcg_at_5_max": 0.46033083419612225,
        "nauc_ndcg_at_5_std": -0.3737451683555684,
        "nauc_precision_at_1000_diff1": 1.0,
        "nauc_precision_at_1000_max": 1.0,
        "nauc_precision_at_1000_std": 1.0,
        "nauc_precision_at_100_diff1": 1.0,
        "nauc_precision_at_100_max": 1.0,
        "nauc_precision_at_100_std": 1.0,
        "nauc_precision_at_10_diff1": 0.7424388206277509,
        "nauc_precision_at_10_max": 0.6148801048337371,
        "nauc_precision_at_10_std": -1.0242575880069984,
        "nauc_precision_at_1_diff1": 0.7458196841797787,
        "nauc_precision_at_1_max": 0.336170140077049,
        "nauc_precision_at_1_std": -0.414109409881053,
        "nauc_precision_at_20_diff1": 1.0,
        "nauc_precision_at_20_max": 1.0,
        "nauc_precision_at_20_std": 1.0,
        "nauc_precision_at_3_diff1": 0.7765098273273427,
        "nauc_precision_at_3_max": 0.690557013561025,
        "nauc_precision_at_3_std": -0.22618135533655087,
        "nauc_precision_at_5_diff1": 0.7064297107719757,
        "nauc_precision_at_5_max": 0.7510957493307909,
        "nauc_precision_at_5_std": -0.24381180954894718,
        "nauc_recall_at_1000_diff1": NaN,
        "nauc_recall_at_1000_max": NaN,
        "nauc_recall_at_1000_std": NaN,
        "nauc_recall_at_100_diff1": NaN,
        "nauc_recall_at_100_max": NaN,
        "nauc_recall_at_100_std": NaN,
        "nauc_recall_at_10_diff1": 0.7424388206277525,
        "nauc_recall_at_10_max": 0.6148801048337426,
        "nauc_recall_at_10_std": -1.024257588006983,
        "nauc_recall_at_1_diff1": 0.7458196841797787,
        "nauc_recall_at_1_max": 0.336170140077049,
        "nauc_recall_at_1_std": -0.414109409881053,
        "nauc_recall_at_20_diff1": NaN,
        "nauc_recall_at_20_max": NaN,
        "nauc_recall_at_20_std": NaN,
        "nauc_recall_at_3_diff1": 0.7765098273273437,
        "nauc_recall_at_3_max": 0.6905570135610254,
        "nauc_recall_at_3_std": -0.22618135533654984,
        "nauc_recall_at_5_diff1": 0.7064297107719775,
        "nauc_recall_at_5_max": 0.7510957493307917,
        "nauc_recall_at_5_std": -0.24381180954894452,
        "ndcg_at_1": 0.67544,
        "ndcg_at_10": 0.83008,
        "ndcg_at_100": 0.83656,
        "ndcg_at_1000": 0.83656,
        "ndcg_at_20": 0.83656,
        "ndcg_at_3": 0.79031,
        "ndcg_at_5": 0.81637,
        "precision_at_1": 0.67544,
        "precision_at_10": 0.09737,
        "precision_at_100": 0.01,
        "precision_at_1000": 0.001,
        "precision_at_20": 0.05,
        "precision_at_3": 0.28947,
        "precision_at_5": 0.18596,
        "recall_at_1": 0.67544,
        "recall_at_10": 0.97368,
        "recall_at_100": 1.0,
        "recall_at_1000": 1.0,
        "recall_at_20": 1.0,
        "recall_at_3": 0.86842,
        "recall_at_5": 0.92982
      }
    ]
  },
  "task_name": "AutoRAGRetrieval"
}