{
  "dataset_revision": "d243889a3eb6654029dbd7e7f9319ae31d58f97c",
  "evaluation_time": 185.89697933197021,
  "kg_co2_emissions": null,
  "mteb_version": "1.19.4",
  "scores": {
    "dev": [
      {
        "hf_subset": "default",
        "languages": [
          "kor-Hang"
        ],
        "main_score": 0.79405,
        "map_at_1": 0.49267,
        "map_at_10": 0.75068,
        "map_at_100": 0.75588,
        "map_at_1000": 0.75626,
        "map_at_20": 0.75409,
        "map_at_3": 0.71019,
        "map_at_5": 0.73924,
        "mrr_at_1": 0.7567567567567568,
        "mrr_at_10": 0.8111593736593736,
        "mrr_at_100": 0.8129820393113771,
        "mrr_at_1000": 0.8131176819899872,
        "mrr_at_20": 0.8123800402389797,
        "mrr_at_3": 0.8026463963963962,
        "mrr_at_5": 0.809065315315315,
        "nauc_map_at_1000_diff1": 0.6073564845705162,
        "nauc_map_at_1000_max": 0.6142808799071932,
        "nauc_map_at_1000_std": 0.2777535403105099,
        "nauc_map_at_100_diff1": 0.6074610172189073,
        "nauc_map_at_100_max": 0.6147329654986178,
        "nauc_map_at_100_std": 0.27839664065266817,
        "nauc_map_at_10_diff1": 0.6057452723427406,
        "nauc_map_at_10_max": 0.6147408260448912,
        "nauc_map_at_10_std": 0.27396835761844074,
        "nauc_map_at_1_diff1": 0.6606149953272771,
        "nauc_map_at_1_max": 0.2789519671066579,
        "nauc_map_at_1_std": 0.043338484369368206,
        "nauc_map_at_20_diff1": 0.6050594418976999,
        "nauc_map_at_20_max": 0.6143563208405669,
        "nauc_map_at_20_std": 0.276742270435723,
        "nauc_map_at_3_diff1": 0.5916665330995543,
        "nauc_map_at_3_max": 0.5605227755844461,
        "nauc_map_at_3_std": 0.2104961965183136,
        "nauc_map_at_5_diff1": 0.6012828801837301,
        "nauc_map_at_5_max": 0.5977220283801926,
        "nauc_map_at_5_std": 0.239568588369421,
        "nauc_mrr_at_1000_diff1": 0.7204077645198788,
        "nauc_mrr_at_1000_max": 0.6874919147005658,
        "nauc_mrr_at_1000_std": 0.3960669270046734,
        "nauc_mrr_at_100_diff1": 0.7204224854441412,
        "nauc_mrr_at_100_max": 0.6877110638254341,
        "nauc_mrr_at_100_std": 0.3964536952924918,
        "nauc_mrr_at_10_diff1": 0.7208324628160704,
        "nauc_mrr_at_10_max": 0.6897440891787184,
        "nauc_mrr_at_10_std": 0.3963588333134652,
        "nauc_mrr_at_1_diff1": 0.733564685115092,
        "nauc_mrr_at_1_max": 0.6004409767078538,
        "nauc_mrr_at_1_std": 0.3056509437634208,
        "nauc_mrr_at_20_diff1": 0.7206297856582866,
        "nauc_mrr_at_20_max": 0.688336867623408,
        "nauc_mrr_at_20_std": 0.39657236146996266,
        "nauc_mrr_at_3_diff1": 0.7186594739549138,
        "nauc_mrr_at_3_max": 0.68914836868804,
        "nauc_mrr_at_3_std": 0.38332225603422865,
        "nauc_mrr_at_5_diff1": 0.7209733355169085,
        "nauc_mrr_at_5_max": 0.6888801228180421,
        "nauc_mrr_at_5_std": 0.39270866874049193,
        "nauc_ndcg_at_1000_diff1": 0.6338473482311605,
        "nauc_ndcg_at_1000_max": 0.6658318500784468,
        "nauc_ndcg_at_1000_std": 0.3613327838786333,
        "nauc_ndcg_at_100_diff1": 0.6359961983984979,
        "nauc_ndcg_at_100_max": 0.6768630279285994,
        "nauc_ndcg_at_100_std": 0.37843517651343045,
        "nauc_ndcg_at_10_diff1": 0.6302885124429262,
        "nauc_ndcg_at_10_max": 0.677901974773586,
        "nauc_ndcg_at_10_std": 0.35987771021811943,
        "nauc_ndcg_at_1_diff1": 0.733564685115092,
        "nauc_ndcg_at_1_max": 0.6004409767078538,
        "nauc_ndcg_at_1_std": 0.3056509437634208,
        "nauc_ndcg_at_20_diff1": 0.6284643385980219,
        "nauc_ndcg_at_20_max": 0.6768232098229742,
        "nauc_ndcg_at_20_std": 0.3688374813640457,
        "nauc_ndcg_at_3_diff1": 0.6054013951584047,
        "nauc_ndcg_at_3_max": 0.6092729334025931,
        "nauc_ndcg_at_3_std": 0.25866032885907,
        "nauc_ndcg_at_5_diff1": 0.6238418504187758,
        "nauc_ndcg_at_5_max": 0.6509906586415192,
        "nauc_ndcg_at_5_std": 0.30210068484335106,
        "nauc_precision_at_1000_diff1": -0.35990568904125725,
        "nauc_precision_at_1000_max": 0.0067781404379028245,
        "nauc_precision_at_1000_std": 0.15395949020431401,
        "nauc_precision_at_100_diff1": -0.23352187794170565,
        "nauc_precision_at_100_max": 0.15596081334229617,
        "nauc_precision_at_100_std": 0.267173695536987,
        "nauc_precision_at_10_diff1": -0.13641666339761727,
        "nauc_precision_at_10_max": 0.2816031935192935,
        "nauc_precision_at_10_std": 0.30570851296675766,
        "nauc_precision_at_1_diff1": 0.733564685115092,
        "nauc_precision_at_1_max": 0.6004409767078538,
        "nauc_precision_at_1_std": 0.3056509437634208,
        "nauc_precision_at_20_diff1": -0.18962238004033924,
        "nauc_precision_at_20_max": 0.22895177335346711,
        "nauc_precision_at_20_std": 0.29028521348267383,
        "nauc_precision_at_3_diff1": -0.0033508590425714883,
        "nauc_precision_at_3_max": 0.3897633058892868,
        "nauc_precision_at_3_std": 0.2660099232096745,
        "nauc_precision_at_5_diff1": -0.08105324547471025,
        "nauc_precision_at_5_max": 0.3249889835054694,
        "nauc_precision_at_5_std": 0.25654282884764673,
        "nauc_recall_at_1000_diff1": 0.5511369328228183,
        "nauc_recall_at_1000_max": 0.8893951650461698,
        "nauc_recall_at_1000_std": 0.908942266283279,
        "nauc_recall_at_100_diff1": 0.620790115513722,
        "nauc_recall_at_100_max": 0.885920841896125,
        "nauc_recall_at_100_std": 0.7925130360150211,
        "nauc_recall_at_10_diff1": 0.5943289326994741,
        "nauc_recall_at_10_max": 0.8028881422138773,
        "nauc_recall_at_10_std": 0.5280584453731186,
        "nauc_recall_at_1_diff1": 0.6606149953272771,
        "nauc_recall_at_1_max": 0.2789519671066579,
        "nauc_recall_at_1_std": 0.043338484369368206,
        "nauc_recall_at_20_diff1": 0.5813900968151912,
        "nauc_recall_at_20_max": 0.8287976348105712,
        "nauc_recall_at_20_std": 0.6138570052685672,
        "nauc_recall_at_3_diff1": 0.5549790197723918,
        "nauc_recall_at_3_max": 0.6195795055811252,
        "nauc_recall_at_3_std": 0.25210116535419186,
        "nauc_recall_at_5_diff1": 0.584423609937162,
        "nauc_recall_at_5_max": 0.7135500268808825,
        "nauc_recall_at_5_std": 0.3504720792523775,
        "ndcg_at_1": 0.75676,
        "ndcg_at_10": 0.79405,
        "ndcg_at_100": 0.81105,
        "ndcg_at_1000": 0.81929,
        "ndcg_at_20": 0.80289,
        "ndcg_at_3": 0.74791,
        "ndcg_at_5": 0.77754,
        "precision_at_1": 0.75676,
        "precision_at_10": 0.15743,
        "precision_at_100": 0.0172,
        "precision_at_1000": 0.00184,
        "precision_at_20": 0.08193,
        "precision_at_3": 0.44313,
        "precision_at_5": 0.29493,
        "recall_at_1": 0.49267,
        "recall_at_10": 0.85203,
        "recall_at_100": 0.9141,
        "recall_at_1000": 0.96796,
        "recall_at_20": 0.87968,
        "recall_at_3": 0.75176,
        "recall_at_5": 0.81346
      }
    ]
  },
  "task_name": "Ko-StrategyQA"
}