{
  "dataset_revision": "main",
  "evaluation_time": 25134.011864423752,
  "kg_co2_emissions": null,
  "mteb_version": "1.19.4",
  "scores": {
    "dev": [
      {
        "hf_subset": "ko",
        "languages": [
          "kor-Kore"
        ],
        "main_score": 0.70146,
        "map_at_1": 0.42297,
        "map_at_10": 0.61161,
        "map_at_100": 0.63802,
        "map_at_1000": 0.63844,
        "map_at_20": 0.62969,
        "map_at_3": 0.53676,
        "map_at_5": 0.57778,
        "mrr_at_1": 0.6713615023474179,
        "mrr_at_10": 0.7659344958640735,
        "mrr_at_100": 0.7683117539523098,
        "mrr_at_1000": 0.7683494097782307,
        "mrr_at_20": 0.7676708919666668,
        "mrr_at_3": 0.7511737089201878,
        "mrr_at_5": 0.761267605633803,
        "nauc_map_at_1000_diff1": 0.2860679246516418,
        "nauc_map_at_1000_max": 0.2416200329933295,
        "nauc_map_at_1000_std": -0.12005920416004798,
        "nauc_map_at_100_diff1": 0.28612865312726604,
        "nauc_map_at_100_max": 0.24147614705594259,
        "nauc_map_at_100_std": -0.12000538814638757,
        "nauc_map_at_10_diff1": 0.2910535705883505,
        "nauc_map_at_10_max": 0.22063655735554957,
        "nauc_map_at_10_std": -0.1755548069677421,
        "nauc_map_at_1_diff1": 0.3731225761234927,
        "nauc_map_at_1_max": 0.09201026764951797,
        "nauc_map_at_1_std": -0.3014661427052009,
        "nauc_map_at_20_diff1": 0.28831099175996144,
        "nauc_map_at_20_max": 0.2380261079942362,
        "nauc_map_at_20_std": -0.13345707243096736,
        "nauc_map_at_3_diff1": 0.3342501310457326,
        "nauc_map_at_3_max": 0.15872651094652668,
        "nauc_map_at_3_std": -0.26884596583229825,
        "nauc_map_at_5_diff1": 0.29839691155660714,
        "nauc_map_at_5_max": 0.1870288376376699,
        "nauc_map_at_5_std": -0.21145942033023102,
        "nauc_mrr_at_1000_diff1": 0.27343011112899185,
        "nauc_mrr_at_1000_max": 0.36215294276407056,
        "nauc_mrr_at_1000_std": 0.03997507028764519,
        "nauc_mrr_at_100_diff1": 0.2733480592732512,
        "nauc_mrr_at_100_max": 0.36215662012921923,
        "nauc_mrr_at_100_std": 0.0400697404328969,
        "nauc_mrr_at_10_diff1": 0.27482567942556374,
        "nauc_mrr_at_10_max": 0.36635220564893367,
        "nauc_mrr_at_10_std": 0.036866485562697504,
        "nauc_mrr_at_1_diff1": 0.2948130734383108,
        "nauc_mrr_at_1_max": 0.2926407082840507,
        "nauc_mrr_at_1_std": -0.027831021522469086,
        "nauc_mrr_at_20_diff1": 0.27309467155693556,
        "nauc_mrr_at_20_max": 0.36358562538828787,
        "nauc_mrr_at_20_std": 0.04156820247382249,
        "nauc_mrr_at_3_diff1": 0.2691890441095148,
        "nauc_mrr_at_3_max": 0.3601144018951212,
        "nauc_mrr_at_3_std": 0.0356925953037033,
        "nauc_mrr_at_5_diff1": 0.2782361790018662,
        "nauc_mrr_at_5_max": 0.36655032927215986,
        "nauc_mrr_at_5_std": 0.04156090999995617,
        "nauc_ndcg_at_1000_diff1": 0.27008440080369717,
        "nauc_ndcg_at_1000_max": 0.31432467578992335,
        "nauc_ndcg_at_1000_std": -0.01322753759468674,
        "nauc_ndcg_at_100_diff1": 0.2691417400497451,
        "nauc_ndcg_at_100_max": 0.3149913299281308,
        "nauc_ndcg_at_100_std": -0.0069897350287974995,
        "nauc_ndcg_at_10_diff1": 0.2759161503451715,
        "nauc_ndcg_at_10_max": 0.28337609820359727,
        "nauc_ndcg_at_10_std": -0.11079866548891888,
        "nauc_ndcg_at_1_diff1": 0.2948130734383108,
        "nauc_ndcg_at_1_max": 0.2926407082840507,
        "nauc_ndcg_at_1_std": -0.027831021522469086,
        "nauc_ndcg_at_20_diff1": 0.2719166891767834,
        "nauc_ndcg_at_20_max": 0.31104279428884174,
        "nauc_ndcg_at_20_std": -0.0325073620013048,
        "nauc_ndcg_at_3_diff1": 0.2971934028744493,
        "nauc_ndcg_at_3_max": 0.2443350194831595,
        "nauc_ndcg_at_3_std": -0.11285592786460469,
        "nauc_ndcg_at_5_diff1": 0.27619207496823056,
        "nauc_ndcg_at_5_max": 0.24632112632918796,
        "nauc_ndcg_at_5_std": -0.1027718220598243,
        "nauc_precision_at_1000_diff1": -0.21812881816741134,
        "nauc_precision_at_1000_max": 0.14106897125057397,
        "nauc_precision_at_1000_std": 0.48173738645886327,
        "nauc_precision_at_100_diff1": -0.21203964015536822,
        "nauc_precision_at_100_max": 0.15783084406970369,
        "nauc_precision_at_100_std": 0.5021751159419123,
        "nauc_precision_at_10_diff1": -0.2007207389719376,
        "nauc_precision_at_10_max": 0.23263258358188674,
        "nauc_precision_at_10_std": 0.4501018452604258,
        "nauc_precision_at_1_diff1": 0.2948130734383108,
        "nauc_precision_at_1_max": 0.2926407082840507,
        "nauc_precision_at_1_std": -0.027831021522469086,
        "nauc_precision_at_20_diff1": -0.20516364776757468,
        "nauc_precision_at_20_max": 0.1977163767715501,
        "nauc_precision_at_20_std": 0.4995418544872059,
        "nauc_precision_at_3_diff1": -0.10731185639919887,
        "nauc_precision_at_3_max": 0.27109790464689093,
        "nauc_precision_at_3_std": 0.28277292710319796,
        "nauc_precision_at_5_diff1": -0.20268354514790782,
        "nauc_precision_at_5_max": 0.23139780215041297,
        "nauc_precision_at_5_std": 0.40233922024606095,
        "nauc_recall_at_1000_diff1": 0.3625332041174769,
        "nauc_recall_at_1000_max": 0.8600957914042522,
        "nauc_recall_at_1000_std": 0.8103352826255814,
        "nauc_recall_at_100_diff1": 0.21183843007998174,
        "nauc_recall_at_100_max": 0.48029123227428006,
        "nauc_recall_at_100_std": 0.4243256333272366,
        "nauc_recall_at_10_diff1": 0.22120282376188027,
        "nauc_recall_at_10_max": 0.2749413623813262,
        "nauc_recall_at_10_std": -0.18226669196653814,
        "nauc_recall_at_1_diff1": 0.3731225761234927,
        "nauc_recall_at_1_max": 0.09201026764951797,
        "nauc_recall_at_1_std": -0.3014661427052009,
        "nauc_recall_at_20_diff1": 0.21036420602067207,
        "nauc_recall_at_20_max": 0.38058742085733716,
        "nauc_recall_at_20_std": 0.11650063573321266,
        "nauc_recall_at_3_diff1": 0.3251254419362985,
        "nauc_recall_at_3_max": 0.15496086730521202,
        "nauc_recall_at_3_std": -0.2878870790262251,
        "nauc_recall_at_5_diff1": 0.2592535399889266,
        "nauc_recall_at_5_max": 0.19539608299498687,
        "nauc_recall_at_5_std": -0.1963956729684935,
        "ndcg_at_1": 0.67136,
        "ndcg_at_10": 0.70146,
        "ndcg_at_100": 0.75433,
        "ndcg_at_1000": 0.75993,
        "ndcg_at_20": 0.73002,
        "ndcg_at_3": 0.65453,
        "ndcg_at_5": 0.66807,
        "precision_at_1": 0.67136,
        "precision_at_10": 0.18122,
        "precision_at_100": 0.02451,
        "precision_at_1000": 0.00255,
        "precision_at_20": 0.10587,
        "precision_at_3": 0.39124,
        "precision_at_5": 0.29108,
        "recall_at_1": 0.42297,
        "recall_at_10": 0.792,
        "recall_at_100": 0.95456,
        "recall_at_1000": 0.98732,
        "recall_at_20": 0.86726,
        "recall_at_3": 0.59949,
        "recall_at_5": 0.68371
      }
    ]
  },
  "task_name": "MIRACLRetrieval"
}