{
  "dataset_revision": "fc24a3ce8f09746410daee3d5cd823ff7a0675b7",
  "evaluation_time": 15034.357434511185,
  "kg_co2_emissions": null,
  "mteb_version": "1.19.4",
  "scores": {
    "test": [
      {
        "hf_subset": "korean",
        "languages": [
          "kor-Kore"
        ],
        "main_score": 0.64708,
        "map_at_1": 0.47823,
        "map_at_10": 0.59078,
        "map_at_100": 0.59938,
        "map_at_1000": 0.59956,
        "map_at_20": 0.59711,
        "map_at_3": 0.56182,
        "map_at_5": 0.57697,
        "mrr_at_1": 0.5201900237529691,
        "mrr_at_10": 0.6182624514572258,
        "mrr_at_100": 0.6236958323634181,
        "mrr_at_1000": 0.623854309693826,
        "mrr_at_20": 0.622454465076337,
        "mrr_at_3": 0.5942201108471894,
        "mrr_at_5": 0.6063341250989708,
        "nauc_map_at_1000_diff1": 0.3995809729123824,
        "nauc_map_at_1000_max": 0.3685222486712915,
        "nauc_map_at_1000_std": 0.06373832421801984,
        "nauc_map_at_100_diff1": 0.3996006455556901,
        "nauc_map_at_100_max": 0.36864203636141646,
        "nauc_map_at_100_std": 0.06383760412402077,
        "nauc_map_at_10_diff1": 0.40046422054500413,
        "nauc_map_at_10_max": 0.3670278175626621,
        "nauc_map_at_10_std": 0.0611611053235871,
        "nauc_map_at_1_diff1": 0.45659036090089766,
        "nauc_map_at_1_max": 0.33927633905548615,
        "nauc_map_at_1_std": 0.030288521635467035,
        "nauc_map_at_20_diff1": 0.39748224739889754,
        "nauc_map_at_20_max": 0.36602272288213494,
        "nauc_map_at_20_std": 0.062088919209027066,
        "nauc_map_at_3_diff1": 0.4054712860586374,
        "nauc_map_at_3_max": 0.3624873599798654,
        "nauc_map_at_3_std": 0.044772202259510875,
        "nauc_map_at_5_diff1": 0.39915141043021296,
        "nauc_map_at_5_max": 0.3718285751697345,
        "nauc_map_at_5_std": 0.06739584492621328,
        "nauc_mrr_at_1000_diff1": 0.4145924520403507,
        "nauc_mrr_at_1000_max": 0.39913215972590815,
        "nauc_mrr_at_1000_std": 0.08536808844882394,
        "nauc_mrr_at_100_diff1": 0.4145639732356783,
        "nauc_mrr_at_100_max": 0.3991859161244107,
        "nauc_mrr_at_100_std": 0.0854102871442121,
        "nauc_mrr_at_10_diff1": 0.4138086354915033,
        "nauc_mrr_at_10_max": 0.3989755743376254,
        "nauc_mrr_at_10_std": 0.08724304325932151,
        "nauc_mrr_at_1_diff1": 0.4647720318783489,
        "nauc_mrr_at_1_max": 0.3726092605121275,
        "nauc_mrr_at_1_std": 0.05069874346527008,
        "nauc_mrr_at_20_diff1": 0.4141702250960487,
        "nauc_mrr_at_20_max": 0.3985579489738777,
        "nauc_mrr_at_20_std": 0.08461936766142766,
        "nauc_mrr_at_3_diff1": 0.4131951592928855,
        "nauc_mrr_at_3_max": 0.3912898253463345,
        "nauc_mrr_at_3_std": 0.06924020273458875,
        "nauc_mrr_at_5_diff1": 0.4106291356397838,
        "nauc_mrr_at_5_max": 0.4018937774834494,
        "nauc_mrr_at_5_std": 0.08975693367426406,
        "nauc_ndcg_at_1000_diff1": 0.39195098358822655,
        "nauc_ndcg_at_1000_max": 0.3918858910986785,
        "nauc_ndcg_at_1000_std": 0.08771090753438557,
        "nauc_ndcg_at_100_diff1": 0.39104415839438417,
        "nauc_ndcg_at_100_max": 0.3962634998305795,
        "nauc_ndcg_at_100_std": 0.09272160089858074,
        "nauc_ndcg_at_10_diff1": 0.3863953192497146,
        "nauc_ndcg_at_10_max": 0.38554346803374445,
        "nauc_ndcg_at_10_std": 0.08406611640534893,
        "nauc_ndcg_at_1_diff1": 0.4647720318783489,
        "nauc_ndcg_at_1_max": 0.3726092605121275,
        "nauc_ndcg_at_1_std": 0.05069874346527008,
        "nauc_ndcg_at_20_diff1": 0.37950175729603264,
        "nauc_ndcg_at_20_max": 0.38392833756198785,
        "nauc_ndcg_at_20_std": 0.0820759351926107,
        "nauc_ndcg_at_3_diff1": 0.3912189680297108,
        "nauc_ndcg_at_3_max": 0.3734691298157102,
        "nauc_ndcg_at_3_std": 0.052651355500254036,
        "nauc_ndcg_at_5_diff1": 0.3814458791769543,
        "nauc_ndcg_at_5_max": 0.39347904278774437,
        "nauc_ndcg_at_5_std": 0.09381500382630131,
        "nauc_precision_at_1000_diff1": -0.12898648404854904,
        "nauc_precision_at_1000_max": 0.050173585805003536,
        "nauc_precision_at_1000_std": 0.13373269070320742,
        "nauc_precision_at_100_diff1": -0.05502828412565439,
        "nauc_precision_at_100_max": 0.14498281238555707,
        "nauc_precision_at_100_std": 0.18089885274812176,
        "nauc_precision_at_10_diff1": 0.08791350092212162,
        "nauc_precision_at_10_max": 0.25165509721637486,
        "nauc_precision_at_10_std": 0.1509702516631406,
        "nauc_precision_at_1_diff1": 0.4647720318783489,
        "nauc_precision_at_1_max": 0.3726092605121275,
        "nauc_precision_at_1_std": 0.05069874346527008,
        "nauc_precision_at_20_diff1": -0.03977766401214331,
        "nauc_precision_at_20_max": 0.16065895400343622,
        "nauc_precision_at_20_std": 0.14222227441113028,
        "nauc_precision_at_3_diff1": 0.24874213589040703,
        "nauc_precision_at_3_max": 0.350474552111039,
        "nauc_precision_at_3_std": 0.07535034822396319,
        "nauc_precision_at_5_diff1": 0.156423303496061,
        "nauc_precision_at_5_max": 0.3363413019177353,
        "nauc_precision_at_5_std": 0.17570990345202453,
        "nauc_recall_at_1000_diff1": 0.31102111214763173,
        "nauc_recall_at_1000_max": 0.7449072924584909,
        "nauc_recall_at_1000_std": 0.38932378344859375,
        "nauc_recall_at_100_diff1": 0.32095681471021337,
        "nauc_recall_at_100_max": 0.6448452329637108,
        "nauc_recall_at_100_std": 0.3486184419235017,
        "nauc_recall_at_10_diff1": 0.3086089560455287,
        "nauc_recall_at_10_max": 0.4185246680502123,
        "nauc_recall_at_10_std": 0.14169850467989772,
        "nauc_recall_at_1_diff1": 0.45659036090089766,
        "nauc_recall_at_1_max": 0.33927633905548615,
        "nauc_recall_at_1_std": 0.030288521635467035,
        "nauc_recall_at_20_diff1": 0.23899533056974023,
        "nauc_recall_at_20_max": 0.42735942577615504,
        "nauc_recall_at_20_std": 0.13915565833927118,
        "nauc_recall_at_3_diff1": 0.3312670437746897,
        "nauc_recall_at_3_max": 0.36969768105139733,
        "nauc_recall_at_3_std": 0.050130007567662206,
        "nauc_recall_at_5_diff1": 0.30225426737864636,
        "nauc_recall_at_5_max": 0.4308089065920804,
        "nauc_recall_at_5_std": 0.15938912980183326,
        "ndcg_at_1": 0.52019,
        "ndcg_at_10": 0.64708,
        "ndcg_at_100": 0.67978,
        "ndcg_at_1000": 0.68529,
        "ndcg_at_20": 0.66663,
        "ndcg_at_3": 0.59182,
        "ndcg_at_5": 0.61685,
        "precision_at_1": 0.52019,
        "precision_at_10": 0.09097,
        "precision_at_100": 0.01088,
        "precision_at_1000": 0.00114,
        "precision_at_20": 0.05,
        "precision_at_3": 0.2407,
        "precision_at_5": 0.1601,
        "recall_at_1": 0.47823,
        "recall_at_10": 0.79137,
        "recall_at_100": 0.92914,
        "recall_at_1000": 0.97348,
        "recall_at_20": 0.86382,
        "recall_at_3": 0.64766,
        "recall_at_5": 0.70467
      }
    ]
  },
  "task_name": "MrTidyRetrieval"
}