{
  "dataset_revision": "d67138e705d963e346253a80e59676ddb418810a",
  "evaluation_time": 11767.261229991913,
  "kg_co2_emissions": null,
  "mteb_version": "1.19.4",
  "scores": {
    "dev": [
      {
        "hf_subset": "ko",
        "languages": [
          "kor-Hang"
        ],
        "main_score": 0.43011,
        "map_at_1": 0.305,
        "map_at_10": 0.38785,
        "map_at_100": 0.39515,
        "map_at_1000": 0.39604,
        "map_at_20": 0.39052,
        "map_at_3": 0.36583,
        "map_at_5": 0.37733,
        "mrr_at_1": 0.305,
        "mrr_at_10": 0.3878531746031747,
        "mrr_at_100": 0.39515355720909306,
        "mrr_at_1000": 0.3960379563087161,
        "mrr_at_20": 0.39052307545825365,
        "mrr_at_3": 0.36583333333333334,
        "mrr_at_5": 0.37733333333333335,
        "nauc_map_at_1000_diff1": 0.5810056203148152,
        "nauc_map_at_1000_max": 0.5588819003136871,
        "nauc_map_at_1000_std": 0.059712449754901524,
        "nauc_map_at_100_diff1": 0.5805354442945942,
        "nauc_map_at_100_max": 0.5588426603626263,
        "nauc_map_at_100_std": 0.05977434254548648,
        "nauc_map_at_10_diff1": 0.583233343861228,
        "nauc_map_at_10_max": 0.5601596948204381,
        "nauc_map_at_10_std": 0.05652632363778106,
        "nauc_map_at_1_diff1": 0.6522943384528295,
        "nauc_map_at_1_max": 0.5608308005418264,
        "nauc_map_at_1_std": 0.0563526454473775,
        "nauc_map_at_20_diff1": 0.5804005223060995,
        "nauc_map_at_20_max": 0.5579725481672463,
        "nauc_map_at_20_std": 0.05707539378182075,
        "nauc_map_at_3_diff1": 0.60131329290114,
        "nauc_map_at_3_max": 0.5664799406416307,
        "nauc_map_at_3_std": 0.05032782710221144,
        "nauc_map_at_5_diff1": 0.5863527663604615,
        "nauc_map_at_5_max": 0.5583534314009817,
        "nauc_map_at_5_std": 0.04508261866567717,
        "nauc_mrr_at_1000_diff1": 0.5810056203148152,
        "nauc_mrr_at_1000_max": 0.5588819003136871,
        "nauc_mrr_at_1000_std": 0.059712449754901524,
        "nauc_mrr_at_100_diff1": 0.5805354442945942,
        "nauc_mrr_at_100_max": 0.5588426603626263,
        "nauc_mrr_at_100_std": 0.05977434254548648,
        "nauc_mrr_at_10_diff1": 0.583233343861228,
        "nauc_mrr_at_10_max": 0.5601596948204381,
        "nauc_mrr_at_10_std": 0.05652632363778106,
        "nauc_mrr_at_1_diff1": 0.6522943384528295,
        "nauc_mrr_at_1_max": 0.5608308005418264,
        "nauc_mrr_at_1_std": 0.0563526454473775,
        "nauc_mrr_at_20_diff1": 0.5804005223060995,
        "nauc_mrr_at_20_max": 0.5579725481672463,
        "nauc_mrr_at_20_std": 0.05707539378182075,
        "nauc_mrr_at_3_diff1": 0.60131329290114,
        "nauc_mrr_at_3_max": 0.5664799406416307,
        "nauc_mrr_at_3_std": 0.05032782710221144,
        "nauc_mrr_at_5_diff1": 0.5863527663604615,
        "nauc_mrr_at_5_max": 0.5583534314009817,
        "nauc_mrr_at_5_std": 0.04508261866567717,
        "nauc_ndcg_at_1000_diff1": 0.5571050456061191,
        "nauc_ndcg_at_1000_max": 0.5567212027776901,
        "nauc_ndcg_at_1000_std": 0.08525770642536085,
        "nauc_ndcg_at_100_diff1": 0.5458349516815053,
        "nauc_ndcg_at_100_max": 0.5571204347773431,
        "nauc_ndcg_at_100_std": 0.09310933703884099,
        "nauc_ndcg_at_10_diff1": 0.5546526730229415,
        "nauc_ndcg_at_10_max": 0.5557633877636018,
        "nauc_ndcg_at_10_std": 0.06410434020832524,
        "nauc_ndcg_at_1_diff1": 0.6522943384528295,
        "nauc_ndcg_at_1_max": 0.5608308005418264,
        "nauc_ndcg_at_1_std": 0.0563526454473775,
        "nauc_ndcg_at_20_diff1": 0.5429081173519749,
        "nauc_ndcg_at_20_max": 0.5475832962469729,
        "nauc_ndcg_at_20_std": 0.06805509553296839,
        "nauc_ndcg_at_3_diff1": 0.5879274570764406,
        "nauc_ndcg_at_3_max": 0.5663435443475426,
        "nauc_ndcg_at_3_std": 0.04678024829103677,
        "nauc_ndcg_at_5_diff1": 0.5610142142367601,
        "nauc_ndcg_at_5_max": 0.5515072831320688,
        "nauc_ndcg_at_5_std": 0.03817704892536418,
        "nauc_precision_at_1000_diff1": 0.2718420701613969,
        "nauc_precision_at_1000_max": 0.5815659597172199,
        "nauc_precision_at_1000_std": 1.0,
        "nauc_precision_at_100_diff1": 0.35817805383022844,
        "nauc_precision_at_100_max": 0.571649086699255,
        "nauc_precision_at_100_std": 0.3839048354098527,
        "nauc_precision_at_10_diff1": 0.46273076950524145,
        "nauc_precision_at_10_max": 0.5411228225420862,
        "nauc_precision_at_10_std": 0.0953835394529327,
        "nauc_precision_at_1_diff1": 0.6522943384528295,
        "nauc_precision_at_1_max": 0.5608308005418264,
        "nauc_precision_at_1_std": 0.0563526454473775,
        "nauc_precision_at_20_diff1": 0.4042496940764128,
        "nauc_precision_at_20_max": 0.5047814723611258,
        "nauc_precision_at_20_std": 0.11872856646473169,
        "nauc_precision_at_3_diff1": 0.5506419400855919,
        "nauc_precision_at_3_max": 0.5653697587920712,
        "nauc_precision_at_3_std": 0.03617793237319149,
        "nauc_precision_at_5_diff1": 0.48499890648092314,
        "nauc_precision_at_5_max": 0.5289053542670439,
        "nauc_precision_at_5_std": 0.017118544095328325,
        "nauc_recall_at_1000_diff1": 0.271842070161403,
        "nauc_recall_at_1000_max": 0.5815659597172216,
        "nauc_recall_at_1000_std": 1.0,
        "nauc_recall_at_100_diff1": 0.35817805383022694,
        "nauc_recall_at_100_max": 0.5716490866992541,
        "nauc_recall_at_100_std": 0.38390483540985126,
        "nauc_recall_at_10_diff1": 0.4627307695052414,
        "nauc_recall_at_10_max": 0.5411228225420865,
        "nauc_recall_at_10_std": 0.09538353945293275,
        "nauc_recall_at_1_diff1": 0.6522943384528295,
        "nauc_recall_at_1_max": 0.5608308005418264,
        "nauc_recall_at_1_std": 0.0563526454473775,
        "nauc_recall_at_20_diff1": 0.4042496940764129,
        "nauc_recall_at_20_max": 0.5047814723611256,
        "nauc_recall_at_20_std": 0.11872856646473179,
        "nauc_recall_at_3_diff1": 0.5506419400855921,
        "nauc_recall_at_3_max": 0.5653697587920716,
        "nauc_recall_at_3_std": 0.03617793237319166,
        "nauc_recall_at_5_diff1": 0.48499890648092314,
        "nauc_recall_at_5_max": 0.5289053542670441,
        "nauc_recall_at_5_std": 0.017118544095328505,
        "ndcg_at_1": 0.305,
        "ndcg_at_10": 0.43011,
        "ndcg_at_100": 0.47499,
        "ndcg_at_1000": 0.49695,
        "ndcg_at_20": 0.44091,
        "ndcg_at_3": 0.38375,
        "ndcg_at_5": 0.4044,
        "precision_at_1": 0.305,
        "precision_at_10": 0.0565,
        "precision_at_100": 0.00795,
        "precision_at_1000": 0.00097,
        "precision_at_20": 0.0305,
        "precision_at_3": 0.145,
        "precision_at_5": 0.097,
        "recall_at_1": 0.305,
        "recall_at_10": 0.565,
        "recall_at_100": 0.795,
        "recall_at_1000": 0.965,
        "recall_at_20": 0.61,
        "recall_at_3": 0.435,
        "recall_at_5": 0.485
      }
    ],
    "test": [
      {
        "hf_subset": "ko",
        "languages": [
          "kor-Hang"
        ],
        "main_score": 0.42728,
        "map_at_1": 0.315,
        "map_at_10": 0.38977,
        "map_at_100": 0.39754,
        "map_at_1000": 0.39831,
        "map_at_20": 0.39356,
        "map_at_3": 0.37,
        "map_at_5": 0.38475,
        "mrr_at_1": 0.315,
        "mrr_at_10": 0.3897698412698414,
        "mrr_at_100": 0.397541530350222,
        "mrr_at_1000": 0.39831436476698917,
        "mrr_at_20": 0.39356284197828323,
        "mrr_at_3": 0.37,
        "mrr_at_5": 0.3847500000000001,
        "nauc_map_at_1000_diff1": 0.6597900579101365,
        "nauc_map_at_1000_max": 0.4743814969593238,
        "nauc_map_at_1000_std": 0.04456937650037774,
        "nauc_map_at_100_diff1": 0.6595578028145409,
        "nauc_map_at_100_max": 0.4746207529903431,
        "nauc_map_at_100_std": 0.04469464306791652,
        "nauc_map_at_10_diff1": 0.6584969505864283,