{
  "dataset_revision": "main",
  "evaluation_time": 3.1353759765625,
  "kg_co2_emissions": null,
  "mteb_version": "1.19.4",
  "scores": {
    "test": [
      {
        "hf_subset": "korean",
        "languages": [
          "kor-Hang"
        ],
        "main_score": 0.80412,
        "map_at_1": 0.67532,
        "map_at_10": 0.76239,
        "map_at_100": 0.7653,
        "map_at_1000": 0.7653,
        "map_at_20": 0.76444,
        "map_at_3": 0.74459,
        "map_at_5": 0.75368,
        "mrr_at_1": 0.6753246753246753,
        "mrr_at_10": 0.7623891981034839,
        "mrr_at_100": 0.765300226623,
        "mrr_at_1000": 0.765300226623,
        "mrr_at_20": 0.7644356365135587,
        "mrr_at_3": 0.7445887445887447,
        "mrr_at_5": 0.7536796536796538,
        "nauc_map_at_1000_diff1": 0.5979237469677664,
        "nauc_map_at_1000_max": 0.2924115950702348,
        "nauc_map_at_1000_std": -0.17318296732546787,
        "nauc_map_at_100_diff1": 0.5979237469677664,
        "nauc_map_at_100_max": 0.2924115950702348,
        "nauc_map_at_100_std": -0.17318296732546787,
        "nauc_map_at_10_diff1": 0.596903792453234,
        "nauc_map_at_10_max": 0.2933935645857382,
        "nauc_map_at_10_std": -0.1870047943320845,
        "nauc_map_at_1_diff1": 0.6562465610611244,
        "nauc_map_at_1_max": 0.2923486241773153,
        "nauc_map_at_1_std": -0.14113187264225374,
        "nauc_map_at_20_diff1": 0.5948084784833071,
        "nauc_map_at_20_max": 0.2898190873177562,
        "nauc_map_at_20_std": -0.17399345717993836,
        "nauc_map_at_3_diff1": 0.5882399698411667,
        "nauc_map_at_3_max": 0.3008896632226807,
        "nauc_map_at_3_std": -0.15775222111292986,
        "nauc_map_at_5_diff1": 0.6011825802675416,
        "nauc_map_at_5_max": 0.2896018482846817,
        "nauc_map_at_5_std": -0.1893640157933465,
        "nauc_mrr_at_1000_diff1": 0.5979237469677664,
        "nauc_mrr_at_1000_max": 0.2924115950702348,
        "nauc_mrr_at_1000_std": -0.17318296732546787,
        "nauc_mrr_at_100_diff1": 0.5979237469677664,
        "nauc_mrr_at_100_max": 0.2924115950702348,
        "nauc_mrr_at_100_std": -0.17318296732546787,
        "nauc_mrr_at_10_diff1": 0.596903792453234,
        "nauc_mrr_at_10_max": 0.2933935645857382,
        "nauc_mrr_at_10_std": -0.1870047943320845,
        "nauc_mrr_at_1_diff1": 0.6562465610611244,
        "nauc_mrr_at_1_max": 0.2923486241773153,
        "nauc_mrr_at_1_std": -0.14113187264225374,
        "nauc_mrr_at_20_diff1": 0.5948084784833071,
        "nauc_mrr_at_20_max": 0.2898190873177562,
        "nauc_mrr_at_20_std": -0.17399345717993836,
        "nauc_mrr_at_3_diff1": 0.5882399698411667,
        "nauc_mrr_at_3_max": 0.3008896632226807,
        "nauc_mrr_at_3_std": -0.15775222111292986,
        "nauc_mrr_at_5_diff1": 0.6011825802675416,
        "nauc_mrr_at_5_max": 0.2896018482846817,
        "nauc_mrr_at_5_std": -0.1893640157933465,
        "nauc_ndcg_at_1000_diff1": 0.5863829285899035,
        "nauc_ndcg_at_1000_max": 0.2862629130506407,
        "nauc_ndcg_at_1000_std": -0.1801172856670342,
        "nauc_ndcg_at_100_diff1": 0.5863829285899035,
        "nauc_ndcg_at_100_max": 0.2862629130506407,
        "nauc_ndcg_at_100_std": -0.1801172856670342,
        "nauc_ndcg_at_10_diff1": 0.5691397820536505,
        "nauc_ndcg_at_10_max": 0.27936017201735985,
        "nauc_ndcg_at_10_std": -0.23489702342436491,
        "nauc_ndcg_at_1_diff1": 0.6562465610611244,
        "nauc_ndcg_at_1_max": 0.2923486241773153,
        "nauc_ndcg_at_1_std": -0.14113187264225374,
        "nauc_ndcg_at_20_diff1": 0.5596142899845385,
        "nauc_ndcg_at_20_max": 0.2643206426149416,
        "nauc_ndcg_at_20_std": -0.1841509467955105,
        "nauc_ndcg_at_3_diff1": 0.5594550811473704,
        "nauc_ndcg_at_3_max": 0.2957261118765833,
        "nauc_ndcg_at_3_std": -0.1669115648012619,
        "nauc_ndcg_at_5_diff1": 0.5816286642082346,
        "nauc_ndcg_at_5_max": 0.2715504531622847,
        "nauc_ndcg_at_5_std": -0.231577091224693,
        "nauc_precision_at_1000_diff1": NaN,
        "nauc_precision_at_1000_max": NaN,
        "nauc_precision_at_1000_std": NaN,
        "nauc_precision_at_100_diff1": 1.0,
        "nauc_precision_at_100_max": 1.0,
        "nauc_precision_at_100_std": 1.0,
        "nauc_precision_at_10_diff1": 0.31051762722087517,
        "nauc_precision_at_10_max": 0.13450912346094948,
        "nauc_precision_at_10_std": -0.7262196475190367,
        "nauc_precision_at_1_diff1": 0.6562465610611244,
        "nauc_precision_at_1_max": 0.2923486241773153,
        "nauc_precision_at_1_std": -0.14113187264225374,
        "nauc_precision_at_20_diff1": -0.012909070638074602,
        "nauc_precision_at_20_max": -0.20163456083414846,
        "nauc_precision_at_20_std": -0.2453969933433873,
        "nauc_precision_at_3_diff1": 0.44361177715468525,
        "nauc_precision_at_3_max": 0.2714359789930319,
        "nauc_precision_at_3_std": -0.20462224480229224,
        "nauc_precision_at_5_diff1": 0.4887066625206391,
        "nauc_precision_at_5_max": 0.1715034869029589,
        "nauc_precision_at_5_std": -0.45582172416288225,
        "nauc_recall_at_1000_diff1": NaN,
        "nauc_recall_at_1000_max": NaN,
        "nauc_recall_at_1000_std": NaN,
        "nauc_recall_at_100_diff1": NaN,
        "nauc_recall_at_100_max": NaN,
        "nauc_recall_at_100_std": NaN,
        "nauc_recall_at_10_diff1": 0.31051762722087156,
        "nauc_recall_at_10_max": 0.13450912346094304,
        "nauc_recall_at_10_std": -0.7262196475190429,
        "nauc_recall_at_1_diff1": 0.6562465610611244,
        "nauc_recall_at_1_max": 0.2923486241773153,
        "nauc_recall_at_1_std": -0.14113187264225374,
        "nauc_recall_at_20_diff1": -0.012909070638077955,
        "nauc_recall_at_20_max": -0.20163456083415854,
        "nauc_recall_at_20_std": -0.2453969933433915,
        "nauc_recall_at_3_diff1": 0.4436117771546839,
        "nauc_recall_at_3_max": 0.27143597899302946,
        "nauc_recall_at_3_std": -0.2046222448022942,
        "nauc_recall_at_5_diff1": 0.4887066625206389,
        "nauc_recall_at_5_max": 0.1715034869029567,
        "nauc_recall_at_5_std": -0.4558217241628853,
        "ndcg_at_1": 0.67532,
        "ndcg_at_10": 0.80412,
        "ndcg_at_100": 0.81803,
        "ndcg_at_1000": 0.81803,
        "ndcg_at_20": 0.81099,
        "ndcg_at_3": 0.76685,
        "ndcg_at_5": 0.78306,
        "precision_at_1": 0.67532,
        "precision_at_10": 0.09351,
        "precision_at_100": 0.01,
        "precision_at_1000": 0.001,
        "precision_at_20": 0.04805,
        "precision_at_3": 0.27706,
        "precision_at_5": 0.17403,
        "recall_at_1": 0.67532,
        "recall_at_10": 0.93506,
        "recall_at_100": 1.0,
        "recall_at_1000": 1.0,
        "recall_at_20": 0.96104,
        "recall_at_3": 0.83117,
        "recall_at_5": 0.87013
      }
    ]
  },
  "task_name": "PublicHealthQA"
}