{
  "dataset_revision": "fd7df84ac089bbec763b1c6bb1b56e985df5cc5c",
  "evaluation_time": 19.922383546829224,
  "kg_co2_emissions": null,
  "mteb_version": "1.20.1",
  "scores": {
    "test": [
      {
        "hf_subset": "default",
        "languages": [
          "kor-Hang"
        ],
        "main_score": 0.84339,
        "map_at_1": 0.7193,
        "map_at_10": 0.80894,
        "map_at_100": 0.81076,
        "map_at_1000": 0.81076,
        "map_at_20": 0.80997,
        "map_at_3": 0.79678,
        "map_at_5": 0.80687,
        "mrr_at_1": 0.7192982456140351,
        "mrr_at_10": 0.8089424951267057,
        "mrr_at_100": 0.8107636500019111,
        "mrr_at_1000": 0.8107636500019111,
        "mrr_at_20": 0.8099658869395712,
        "mrr_at_3": 0.7967836257309943,
        "mrr_at_5": 0.8068713450292399,
        "nauc_map_at_1000_diff1": 0.6320942680079616,
        "nauc_map_at_1000_max": -0.05701885689693603,
        "nauc_map_at_1000_std": -0.6853683208954745,
        "nauc_map_at_100_diff1": 0.6320942680079616,
        "nauc_map_at_100_max": -0.05701885689693603,
        "nauc_map_at_100_std": -0.6853683208954745,
        "nauc_map_at_10_diff1": 0.633309415089511,
        "nauc_map_at_10_max": -0.05429473185056241,
        "nauc_map_at_10_std": -0.6918629844580086,
        "nauc_map_at_1_diff1": 0.6674090056378712,
        "nauc_map_at_1_max": -0.1251284973664897,
        "nauc_map_at_1_std": -0.6485224985983171,
        "nauc_map_at_20_diff1": 0.6326370926444672,
        "nauc_map_at_20_max": -0.05507130571170382,
        "nauc_map_at_20_std": -0.6854871094189069,
        "nauc_map_at_3_diff1": 0.609689975413944,
        "nauc_map_at_3_max": -0.02805045628386939,
        "nauc_map_at_3_std": -0.6626074040597936,
        "nauc_map_at_5_diff1": 0.6296484757032934,
        "nauc_map_at_5_max": -0.05999223752680984,
        "nauc_map_at_5_std": -0.6860149178877104,
        "nauc_mrr_at_1000_diff1": 0.6320942680079616,
        "nauc_mrr_at_1000_max": -0.05701885689693603,
        "nauc_mrr_at_1000_std": -0.6853683208954745,
        "nauc_mrr_at_100_diff1": 0.6320942680079616,
        "nauc_mrr_at_100_max": -0.05701885689693603,
        "nauc_mrr_at_100_std": -0.6853683208954745,
        "nauc_mrr_at_10_diff1": 0.633309415089511,
        "nauc_mrr_at_10_max": -0.05429473185056241,
        "nauc_mrr_at_10_std": -0.6918629844580086,
        "nauc_mrr_at_1_diff1": 0.6674090056378712,
        "nauc_mrr_at_1_max": -0.1251284973664897,
        "nauc_mrr_at_1_std": -0.6485224985983171,
        "nauc_mrr_at_20_diff1": 0.6326370926444672,
        "nauc_mrr_at_20_max": -0.05507130571170382,
        "nauc_mrr_at_20_std": -0.6854871094189069,
        "nauc_mrr_at_3_diff1": 0.609689975413944,
        "nauc_mrr_at_3_max": -0.02805045628386939,
        "nauc_mrr_at_3_std": -0.6626074040597936,
        "nauc_mrr_at_5_diff1": 0.6296484757032934,
        "nauc_mrr_at_5_max": -0.05999223752680984,
        "nauc_mrr_at_5_std": -0.6860149178877104,
        "nauc_ndcg_at_1000_diff1": 0.6334301799598651,
        "nauc_ndcg_at_1000_max": -0.04468898576313594,
        "nauc_ndcg_at_1000_std": -0.6952142682019876,
        "nauc_ndcg_at_100_diff1": 0.6334301799598651,
        "nauc_ndcg_at_100_max": -0.04468898576313594,
        "nauc_ndcg_at_100_std": -0.6952142682019876,
        "nauc_ndcg_at_10_diff1": 0.6436986997944144,
        "nauc_ndcg_at_10_max": -0.02291530543046443,
        "nauc_ndcg_at_10_std": -0.7310258910452394,
        "nauc_ndcg_at_1_diff1": 0.6674090056378712,
        "nauc_ndcg_at_1_max": -0.1251284973664897,
        "nauc_ndcg_at_1_std": -0.6485224985983171,
        "nauc_ndcg_at_20_diff1": 0.6399616809257035,
        "nauc_ndcg_at_20_max": -0.02426566036832786,
        "nauc_ndcg_at_20_std": -0.699937879968727,
        "nauc_ndcg_at_3_diff1": 0.5919667530188153,
        "nauc_ndcg_at_3_max": 0.020530667149423275,
        "nauc_ndcg_at_3_std": -0.6630627158068408,
        "nauc_ndcg_at_5_diff1": 0.6323477601323944,
        "nauc_ndcg_at_5_max": -0.04307026006368585,
        "nauc_ndcg_at_5_std": -0.7120648723045967,
        "nauc_precision_at_1000_diff1": 1.0,
        "nauc_precision_at_1000_max": 1.0,
        "nauc_precision_at_1000_std": 1.0,
        "nauc_precision_at_100_diff1": 1.0,
        "nauc_precision_at_100_max": 1.0,
        "nauc_precision_at_100_std": 1.0,
        "nauc_precision_at_10_diff1": 0.7836190936419349,
        "nauc_precision_at_10_max": 0.2755948174983461,
        "nauc_precision_at_10_std": -1.1385948830272972,
        "nauc_precision_at_1_diff1": 0.6674090056378712,
        "nauc_precision_at_1_max": -0.1251284973664897,
        "nauc_precision_at_1_std": -0.6485224985983171,
        "nauc_precision_at_20_diff1": 0.7867387395585554,
        "nauc_precision_at_20_max": 0.4156498548585641,
        "nauc_precision_at_20_std": -0.8296243289837735,
        "nauc_precision_at_3_diff1": 0.5124419476805667,
        "nauc_precision_at_3_max": 0.2518702236748006,
        "nauc_precision_at_3_std": -0.6623529855930005,
        "nauc_precision_at_5_diff1": 0.6723384771911648,
        "nauc_precision_at_5_max": 0.0564740646866425,
        "nauc_precision_at_5_std": -0.9091407205206298,
        "nauc_recall_at_1000_diff1": NaN,
        "nauc_recall_at_1000_max": NaN,
        "nauc_recall_at_1000_std": NaN,
        "nauc_recall_at_100_diff1": NaN,
        "nauc_recall_at_100_max": NaN,
        "nauc_recall_at_100_std": NaN,
        "nauc_recall_at_10_diff1": 0.7836190936419378,
        "nauc_recall_at_10_max": 0.2755948174983493,
        "nauc_recall_at_10_std": -1.13859488302729,
        "nauc_recall_at_1_diff1": 0.6674090056378712,
        "nauc_recall_at_1_max": -0.1251284973664897,
        "nauc_recall_at_1_std": -0.6485224985983171,
        "nauc_recall_at_20_diff1": 0.7867387395585571,
        "nauc_recall_at_20_max": 0.41564985485856165,
        "nauc_recall_at_20_std": -0.8296243289837761,
        "nauc_recall_at_3_diff1": 0.5124419476805673,
        "nauc_recall_at_3_max": 0.2518702236748035,
        "nauc_recall_at_3_std": -0.6623529855929987,
        "nauc_recall_at_5_diff1": 0.6723384771911676,
        "nauc_recall_at_5_max": 0.05647406468664335,
        "nauc_recall_at_5_std": -0.9091407205206277,
        "ndcg_at_1": 0.7193,
        "ndcg_at_10": 0.84339,
        "ndcg_at_100": 0.85391,
        "ndcg_at_1000": 0.85391,
        "ndcg_at_20": 0.84758,
        "ndcg_at_3": 0.81986,
        "ndcg_at_5": 0.83798,
        "precision_at_1": 0.7193,
        "precision_at_10": 0.09474,
        "precision_at_100": 0.01,
        "precision_at_1000": 0.001,
        "precision_at_20": 0.04825,
        "precision_at_3": 0.29532,
        "precision_at_5": 0.18596,
        "recall_at_1": 0.7193,
        "recall_at_10": 0.94737,
        "recall_at_100": 1.0,
        "recall_at_1000": 1.0,
        "recall_at_20": 0.96491,
        "recall_at_3": 0.88596,
        "recall_at_5": 0.92982
      }
    ]
  },
  "task_name": "AutoRAGRetrieval"
}