{
  "dataset_revision": "main",
  "evaluation_time": 10921.967575788498,
  "kg_co2_emissions": null,
  "mteb_version": "1.20.1",
  "scores": {
    "dev": [
      {
        "hf_subset": "ko",
        "languages": [
          "kor-Kore"
        ],
        "main_score": 0.62347,
        "map_at_1": 0.35651,
        "map_at_10": 0.53094,
        "map_at_100": 0.55538,
        "map_at_1000": 0.55625,
        "map_at_20": 0.5454,
        "map_at_3": 0.47163,
        "map_at_5": 0.50753,
        "mrr_at_1": 0.5868544600938967,
        "mrr_at_10": 0.7001993442134288,
        "mrr_at_100": 0.7042101595780245,
        "mrr_at_1000": 0.7042455978016589,
        "mrr_at_20": 0.7028372924292561,
        "mrr_at_3": 0.6768388106416277,
        "mrr_at_5": 0.6930359937402192,
        "nauc_map_at_1000_diff1": 0.3802267511775632,
        "nauc_map_at_1000_max": 0.19048610042141606,
        "nauc_map_at_1000_std": -0.014178318150586245,
        "nauc_map_at_100_diff1": 0.3798002126801598,
        "nauc_map_at_100_max": 0.18908979238980247,
        "nauc_map_at_100_std": -0.015448262064090671,
        "nauc_map_at_10_diff1": 0.383236046520275,
        "nauc_map_at_10_max": 0.17506495777101685,
        "nauc_map_at_10_std": -0.035756289573366726,
        "nauc_map_at_1_diff1": 0.4462558550231808,
        "nauc_map_at_1_max": 0.10671392419017076,
        "nauc_map_at_1_std": -0.12190099242327268,
        "nauc_map_at_20_diff1": 0.37968613381466515,
        "nauc_map_at_20_max": 0.18078138323656373,
        "nauc_map_at_20_std": -0.020758431921589562,
        "nauc_map_at_3_diff1": 0.4047470483336675,
        "nauc_map_at_3_max": 0.14357061794368886,
        "nauc_map_at_3_std": -0.09101061405383064,
        "nauc_map_at_5_diff1": 0.38433619003720515,
        "nauc_map_at_5_max": 0.15338802662837325,
        "nauc_map_at_5_std": -0.05731668390302651,
        "nauc_mrr_at_1000_diff1": 0.3709714979476026,
        "nauc_mrr_at_1000_max": 0.3447593541310457,
        "nauc_mrr_at_1000_std": 0.1836084604512021,
        "nauc_mrr_at_100_diff1": 0.37106380683123774,
        "nauc_mrr_at_100_max": 0.3448363567876449,
        "nauc_mrr_at_100_std": 0.1836612305412644,
        "nauc_mrr_at_10_diff1": 0.3715556628849159,
        "nauc_mrr_at_10_max": 0.3494585868210773,
        "nauc_mrr_at_10_std": 0.1887786307193617,
        "nauc_mrr_at_1_diff1": 0.3776020575107886,
        "nauc_mrr_at_1_max": 0.2819192654012434,
        "nauc_mrr_at_1_std": 0.12268082396371827,
        "nauc_mrr_at_20_diff1": 0.371308797431876,
        "nauc_mrr_at_20_max": 0.3479123610638993,
        "nauc_mrr_at_20_std": 0.18697030952227978,
        "nauc_mrr_at_3_diff1": 0.37969448696878133,
        "nauc_mrr_at_3_max": 0.3489639252891714,
        "nauc_mrr_at_3_std": 0.1625771762618304,
        "nauc_mrr_at_5_diff1": 0.362153262385325,
        "nauc_mrr_at_5_max": 0.33555805475045447,
        "nauc_mrr_at_5_std": 0.18240974346590325,
        "nauc_ndcg_at_1000_diff1": 0.3751583781231858,
        "nauc_ndcg_at_1000_max": 0.27117548808207703,
        "nauc_ndcg_at_1000_std": 0.0897526309335515,
        "nauc_ndcg_at_100_diff1": 0.37616095285107065,
        "nauc_ndcg_at_100_max": 0.2593365218742245,
        "nauc_ndcg_at_100_std": 0.07530443478383826,
        "nauc_ndcg_at_10_diff1": 0.37464050249950315,
        "nauc_ndcg_at_10_max": 0.2317434244594817,
        "nauc_ndcg_at_10_std": 0.03862097010400464,
        "nauc_ndcg_at_1_diff1": 0.3776020575107886,
        "nauc_ndcg_at_1_max": 0.2819192654012434,
        "nauc_ndcg_at_1_std": 0.12268082396371827,
        "nauc_ndcg_at_20_diff1": 0.37008298134554624,
        "nauc_ndcg_at_20_max": 0.23833642905140717,
        "nauc_ndcg_at_20_std": 0.06439132908022192,
        "nauc_ndcg_at_3_diff1": 0.39060167641094196,
        "nauc_ndcg_at_3_max": 0.2594239002284155,
        "nauc_ndcg_at_3_std": 0.01734384126072765,
        "nauc_ndcg_at_5_diff1": 0.36720392634007804,
        "nauc_ndcg_at_5_max": 0.2288281724358362,
        "nauc_ndcg_at_5_std": 0.017804644988806795,
        "nauc_precision_at_1000_diff1": -0.16345669343223276,
        "nauc_precision_at_1000_max": 0.26944451859423574,
        "nauc_precision_at_1000_std": 0.3243173706214259,
        "nauc_precision_at_100_diff1": -0.16268290130587268,
        "nauc_precision_at_100_max": 0.2570365653119325,
        "nauc_precision_at_100_std": 0.3157762055594767,
        "nauc_precision_at_10_diff1": -0.11165331177359057,
        "nauc_precision_at_10_max": 0.29596063735284117,
        "nauc_precision_at_10_std": 0.3403527806817954,
        "nauc_precision_at_1_diff1": 0.3776020575107886,
        "nauc_precision_at_1_max": 0.2819192654012434,
        "nauc_precision_at_1_std": 0.12268082396371827,
        "nauc_precision_at_20_diff1": -0.1531559621460741,
        "nauc_precision_at_20_max": 0.25594012686850015,
        "nauc_precision_at_20_std": 0.34699541667336714,
        "nauc_precision_at_3_diff1": 0.05941049842805729,
        "nauc_precision_at_3_max": 0.2953259707934061,
        "nauc_precision_at_3_std": 0.24270084666552041,
        "nauc_precision_at_5_diff1": -0.058609200820664654,
        "nauc_precision_at_5_max": 0.27794901240025927,
        "nauc_precision_at_5_std": 0.29911869651570383,
        "nauc_recall_at_1000_diff1": 0.3147765383896343,
        "nauc_recall_at_1000_max": 0.5100056604290448,
        "nauc_recall_at_1000_std": 0.7544025574496996,
        "nauc_recall_at_100_diff1": 0.35124680620202603,
        "nauc_recall_at_100_max": 0.20469848787224137,
        "nauc_recall_at_100_std": 0.0946357651158954,
        "nauc_recall_at_10_diff1": 0.3095506491637109,
        "nauc_recall_at_10_max": 0.18283091699784212,
        "nauc_recall_at_10_std": 0.03312080378888044,
        "nauc_recall_at_1_diff1": 0.4462558550231808,
        "nauc_recall_at_1_max": 0.10671392419017076,
        "nauc_recall_at_1_std": -0.12190099242327268,
        "nauc_recall_at_20_diff1": 0.2982577780687482,
        "nauc_recall_at_20_max": 0.19323530530562696,
        "nauc_recall_at_20_std": 0.1041300624127336,
        "nauc_recall_at_3_diff1": 0.3845104615232557,
        "nauc_recall_at_3_max": 0.13986804757783908,
        "nauc_recall_at_3_std": -0.11043292330852067,
        "nauc_recall_at_5_diff1": 0.3094744523243021,
        "nauc_recall_at_5_max": 0.11320806360380156,
        "nauc_recall_at_5_std": -0.047961070514019745,
        "ndcg_at_1": 0.58685,
        "ndcg_at_10": 0.62347,
        "ndcg_at_100": 0.68754,
        "ndcg_at_1000": 0.69732,
        "ndcg_at_20": 0.65146,
        "ndcg_at_3": 0.58375,
        "ndcg_at_5": 0.59917,
        "precision_at_1": 0.58685,
        "precision_at_10": 0.15493,
        "precision_at_100": 0.023,
        "precision_at_1000": 0.00253,
        "precision_at_20": 0.09085,
        "precision_at_3": 0.35211,
        "precision_at_5": 0.26197,
        "recall_at_1": 0.35651,
        "recall_at_10": 0.71945,
        "recall_at_100": 0.93058,
        "recall_at_1000": 0.98059,
        "recall_at_20": 0.79728,
        "recall_at_3": 0.54423,
        "recall_at_5": 0.63246
      }
    ]
  },
  "task_name": "MIRACLRetrieval"
}