{
  "dataset_revision": "main",
  "evaluation_time": 2.5225961208343506,
  "kg_co2_emissions": null,
  "mteb_version": "1.20.1",
  "scores": {
    "test": [
      {
        "hf_subset": "korean",
        "languages": [
          "kor-Hang"
        ],
        "main_score": 0.83507,
        "map_at_1": 0.71429,
        "map_at_10": 0.79848,
        "map_at_100": 0.8006,
        "map_at_1000": 0.8006,
        "map_at_20": 0.79848,
        "map_at_3": 0.78139,
        "map_at_5": 0.79307,
        "mrr_at_1": 0.7142857142857143,
        "mrr_at_10": 0.7984848484848486,
        "mrr_at_100": 0.8005995952099849,
        "mrr_at_1000": 0.8005995952099849,
        "mrr_at_20": 0.7984848484848486,
        "mrr_at_3": 0.7813852813852814,
        "mrr_at_5": 0.7930735930735933,
        "nauc_map_at_1000_diff1": 0.7913266849850282,
        "nauc_map_at_1000_max": 0.3344967478481731,
        "nauc_map_at_1000_std": -0.27987464893738734,
        "nauc_map_at_100_diff1": 0.7913266849850282,
        "nauc_map_at_100_max": 0.3344967478481731,
        "nauc_map_at_100_std": -0.27987464893738734,
        "nauc_map_at_10_diff1": 0.7926589773096495,
        "nauc_map_at_10_max": 0.3330035751571369,
        "nauc_map_at_10_std": -0.27943277460446947,
        "nauc_map_at_1_diff1": 0.7577173196038672,
        "nauc_map_at_1_max": 0.32284171451891813,
        "nauc_map_at_1_std": -0.20882769514998567,
        "nauc_map_at_20_diff1": 0.7926589773096495,
        "nauc_map_at_20_max": 0.3330035751571369,
        "nauc_map_at_20_std": -0.27943277460446947,
        "nauc_map_at_3_diff1": 0.8036211706145331,
        "nauc_map_at_3_max": 0.3491022360132139,
        "nauc_map_at_3_std": -0.29770470107793134,
        "nauc_map_at_5_diff1": 0.792365609522334,
        "nauc_map_at_5_max": 0.3310666097797035,
        "nauc_map_at_5_std": -0.2977794052487303,
        "nauc_mrr_at_1000_diff1": 0.7913266849850282,
        "nauc_mrr_at_1000_max": 0.3344967478481731,
        "nauc_mrr_at_1000_std": -0.27987464893738734,
        "nauc_mrr_at_100_diff1": 0.7913266849850282,
        "nauc_mrr_at_100_max": 0.3344967478481731,
        "nauc_mrr_at_100_std": -0.27987464893738734,
        "nauc_mrr_at_10_diff1": 0.7926589773096495,
        "nauc_mrr_at_10_max": 0.3330035751571369,
        "nauc_mrr_at_10_std": -0.27943277460446947,
        "nauc_mrr_at_1_diff1": 0.7577173196038672,
        "nauc_mrr_at_1_max": 0.32284171451891813,
        "nauc_mrr_at_1_std": -0.20882769514998567,
        "nauc_mrr_at_20_diff1": 0.7926589773096495,
        "nauc_mrr_at_20_max": 0.3330035751571369,
        "nauc_mrr_at_20_std": -0.27943277460446947,
        "nauc_mrr_at_3_diff1": 0.8036211706145331,
        "nauc_mrr_at_3_max": 0.3491022360132139,
        "nauc_mrr_at_3_std": -0.29770470107793134,
        "nauc_mrr_at_5_diff1": 0.792365609522334,
        "nauc_mrr_at_5_max": 0.3310666097797035,
        "nauc_mrr_at_5_std": -0.2977794052487303,
        "nauc_ndcg_at_1000_diff1": 0.7956021251421836,
        "nauc_ndcg_at_1000_max": 0.33379727067161213,
        "nauc_ndcg_at_1000_std": -0.2862451635342314,
        "nauc_ndcg_at_100_diff1": 0.7956021251421836,
        "nauc_ndcg_at_100_max": 0.33379727067161213,
        "nauc_ndcg_at_100_std": -0.2862451635342314,
        "nauc_ndcg_at_10_diff1": 0.8035444610764061,
        "nauc_ndcg_at_10_max": 0.3256076661295447,
        "nauc_ndcg_at_10_std": -0.2817943860852995,
        "nauc_ndcg_at_1_diff1": 0.7577173196038672,
        "nauc_ndcg_at_1_max": 0.32284171451891813,
        "nauc_ndcg_at_1_std": -0.20882769514998567,
        "nauc_ndcg_at_20_diff1": 0.8035444610764061,
        "nauc_ndcg_at_20_max": 0.3256076661295447,
        "nauc_ndcg_at_20_std": -0.2817943860852995,
        "nauc_ndcg_at_3_diff1": 0.8231850214230185,
        "nauc_ndcg_at_3_max": 0.35797191104736537,
        "nauc_ndcg_at_3_std": -0.3364824459168836,
        "nauc_ndcg_at_5_diff1": 0.8030605288101285,
        "nauc_ndcg_at_5_max": 0.32315494694121266,
        "nauc_ndcg_at_5_std": -0.33328124665004133,
        "nauc_precision_at_1000_diff1": NaN,
        "nauc_precision_at_1000_max": NaN,
        "nauc_precision_at_1000_std": NaN,
        "nauc_precision_at_100_diff1": 1.0,
        "nauc_precision_at_100_max": 1.0,
        "nauc_precision_at_100_std": 1.0,
        "nauc_precision_at_10_diff1": 0.9015345268542192,
        "nauc_precision_at_10_max": 0.23077751617064066,
        "nauc_precision_at_10_std": -0.21914209780721652,
        "nauc_precision_at_1_diff1": 0.7577173196038672,
        "nauc_precision_at_1_max": 0.32284171451891813,
        "nauc_precision_at_1_std": -0.20882769514998567,
        "nauc_precision_at_20_diff1": 0.9015345268542192,
        "nauc_precision_at_20_max": 0.23077751617064066,
        "nauc_precision_at_20_std": -0.21914209780721652,
        "nauc_precision_at_3_diff1": 0.9036789848803191,
        "nauc_precision_at_3_max": 0.3934861268650965,
        "nauc_precision_at_3_std": -0.4964096640360838,
        "nauc_precision_at_5_diff1": 0.8613853520214367,
        "nauc_precision_at_5_max": 0.2666030629895003,
        "nauc_precision_at_5_std": -0.5325711292896321,
        "nauc_recall_at_1000_diff1": NaN,
        "nauc_recall_at_1000_max": NaN,
        "nauc_recall_at_1000_std": NaN,
        "nauc_recall_at_100_diff1": NaN,
        "nauc_recall_at_100_max": NaN,
        "nauc_recall_at_100_std": NaN,
        "nauc_recall_at_10_diff1": 0.9015345268542205,
        "nauc_recall_at_10_max": 0.2307775161706363,
        "nauc_recall_at_10_std": -0.2191420978072253,
        "nauc_recall_at_1_diff1": 0.7577173196038672,
        "nauc_recall_at_1_max": 0.32284171451891813,
        "nauc_recall_at_1_std": -0.20882769514998567,
        "nauc_recall_at_20_diff1": 0.9015345268542205,
        "nauc_recall_at_20_max": 0.2307775161706363,
        "nauc_recall_at_20_std": -0.2191420978072253,
        "nauc_recall_at_3_diff1": 0.903678984880319,
        "nauc_recall_at_3_max": 0.3934861268650947,
        "nauc_recall_at_3_std": -0.49640966403608566,
        "nauc_recall_at_5_diff1": 0.8613853520214378,
        "nauc_recall_at_5_max": 0.26660306298949915,
        "nauc_recall_at_5_std": -0.5325711292896324,
        "ndcg_at_1": 0.71429,
        "ndcg_at_10": 0.83507,
        "ndcg_at_100": 0.84618,
        "ndcg_at_1000": 0.84618,
        "ndcg_at_20": 0.83507,
        "ndcg_at_3": 0.80102,
        "ndcg_at_5": 0.82225,
        "precision_at_1": 0.71429,
        "precision_at_10": 0.09481,
        "precision_at_100": 0.01,
        "precision_at_1000": 0.001,
        "precision_at_20": 0.0474,
        "precision_at_3": 0.28571,
        "precision_at_5": 0.18182,
        "recall_at_1": 0.71429,
        "recall_at_10": 0.94805,
        "recall_at_100": 1.0,
        "recall_at_1000": 1.0,
        "recall_at_20": 0.94805,
        "recall_at_3": 0.85714,
        "recall_at_5": 0.90909
      }
    ]
  },
  "task_name": "PublicHealthQA"
}