{
  "dataset_revision": "fd7df84ac089bbec763b1c6bb1b56e985df5cc5c",
  "evaluation_time": 9.748866319656372,
  "kg_co2_emissions": null,
  "mteb_version": "1.19.4",
  "scores": {
    "test": [
      {
        "hf_subset": "default",
        "languages": [
          "kor-Hang"
        ],
        "main_score": 0.77996,
        "map_at_1": 0.63158,
        "map_at_10": 0.73422,
        "map_at_100": 0.73798,
        "map_at_1000": 0.73798,
        "map_at_20": 0.73664,
        "map_at_3": 0.71491,
        "map_at_5": 0.72456,
        "mrr_at_1": 0.631578947368421,
        "mrr_at_10": 0.7342209690893903,
        "mrr_at_100": 0.7379801603806115,
        "mrr_at_1000": 0.7379801603806115,
        "mrr_at_20": 0.7366366532052129,
        "mrr_at_3": 0.7149122807017544,
        "mrr_at_5": 0.7245614035087722,
        "nauc_map_at_1000_diff1": 0.639926260318653,
        "nauc_map_at_1000_max": 0.0690961457298233,
        "nauc_map_at_1000_std": -0.4479754754387847,
        "nauc_map_at_100_diff1": 0.639926260318653,
        "nauc_map_at_100_max": 0.0690961457298233,
        "nauc_map_at_100_std": -0.4479754754387847,
        "nauc_map_at_10_diff1": 0.6413402133513847,
        "nauc_map_at_10_max": 0.07409359198407652,
        "nauc_map_at_10_std": -0.4506537175901882,
        "nauc_map_at_1_diff1": 0.6755296859994486,
        "nauc_map_at_1_max": 0.024150951562940618,
        "nauc_map_at_1_std": -0.37759464704889256,
        "nauc_map_at_20_diff1": 0.6402194895134982,
        "nauc_map_at_20_max": 0.07059215552277907,
        "nauc_map_at_20_std": -0.4524287048567066,
        "nauc_map_at_3_diff1": 0.6077115138203844,
        "nauc_map_at_3_max": 0.05784884520381813,
        "nauc_map_at_3_std": -0.43069080633151685,
        "nauc_map_at_5_diff1": 0.6327767915615091,
        "nauc_map_at_5_max": 0.045230434391050546,
        "nauc_map_at_5_std": -0.47052118506215285,
        "nauc_mrr_at_1000_diff1": 0.639926260318653,
        "nauc_mrr_at_1000_max": 0.0690961457298233,
        "nauc_mrr_at_1000_std": -0.4479754754387847,
        "nauc_mrr_at_100_diff1": 0.639926260318653,
        "nauc_mrr_at_100_max": 0.0690961457298233,
        "nauc_mrr_at_100_std": -0.4479754754387847,
        "nauc_mrr_at_10_diff1": 0.6413402133513847,
        "nauc_mrr_at_10_max": 0.07409359198407652,
        "nauc_mrr_at_10_std": -0.4506537175901882,
        "nauc_mrr_at_1_diff1": 0.6755296859994486,
        "nauc_mrr_at_1_max": 0.024150951562940618,
        "nauc_mrr_at_1_std": -0.37759464704889256,
        "nauc_mrr_at_20_diff1": 0.6402194895134982,
        "nauc_mrr_at_20_max": 0.07059215552277907,
        "nauc_mrr_at_20_std": -0.4524287048567066,
        "nauc_mrr_at_3_diff1": 0.6077115138203844,
        "nauc_mrr_at_3_max": 0.05784884520381813,
        "nauc_mrr_at_3_std": -0.43069080633151685,
        "nauc_mrr_at_5_diff1": 0.6327767915615091,
        "nauc_mrr_at_5_max": 0.045230434391050546,
        "nauc_mrr_at_5_std": -0.47052118506215285,
        "nauc_ndcg_at_1000_diff1": 0.6386861983810836,
        "nauc_ndcg_at_1000_max": 0.07844222424411847,
        "nauc_ndcg_at_1000_std": -0.4626464976834516,
        "nauc_ndcg_at_100_diff1": 0.6386861983810836,
        "nauc_ndcg_at_100_max": 0.07844222424411847,
        "nauc_ndcg_at_100_std": -0.4626464976834516,
        "nauc_ndcg_at_10_diff1": 0.6468051138280505,
        "nauc_ndcg_at_10_max": 0.10832580287969389,
        "nauc_ndcg_at_10_std": -0.48937782027332816,
        "nauc_ndcg_at_1_diff1": 0.6755296859994486,
        "nauc_ndcg_at_1_max": 0.024150951562940618,
        "nauc_ndcg_at_1_std": -0.37759464704889256,
        "nauc_ndcg_at_20_diff1": 0.6410441362879792,
        "nauc_ndcg_at_20_max": 0.09238377122473308,
        "nauc_ndcg_at_20_std": -0.4955340508129813,
        "nauc_ndcg_at_3_diff1": 0.5783362178814786,
        "nauc_ndcg_at_3_max": 0.06494448464990901,
        "nauc_ndcg_at_3_std": -0.44777161440202856,
        "nauc_ndcg_at_5_diff1": 0.6242306769679065,
        "nauc_ndcg_at_5_max": 0.03631279046215516,
        "nauc_ndcg_at_5_std": -0.5313356819910321,
        "nauc_precision_at_1000_diff1": 1.0,
        "nauc_precision_at_1000_max": 1.0,
        "nauc_precision_at_1000_std": 1.0,
        "nauc_precision_at_100_diff1": 1.0,
        "nauc_precision_at_100_max": 1.0,
        "nauc_precision_at_100_std": 1.0,
        "nauc_precision_at_10_diff1": 0.7260630395460898,
        "nauc_precision_at_10_max": 0.4180512866096978,
        "nauc_precision_at_10_std": -0.8142213143329762,
        "nauc_precision_at_1_diff1": 0.6755296859994486,
        "nauc_precision_at_1_max": 0.024150951562940618,
        "nauc_precision_at_1_std": -0.37759464704889256,
        "nauc_precision_at_20_diff1": 0.6874924403711331,
        "nauc_precision_at_20_max": 0.39049602606361516,
        "nauc_precision_at_20_std": -1.142232887868855,
        "nauc_precision_at_3_diff1": 0.45951758918561936,
        "nauc_precision_at_3_max": 0.09068385936815057,
        "nauc_precision_at_3_std": -0.5145244386038328,
        "nauc_precision_at_5_diff1": 0.5894327798332507,
        "nauc_precision_at_5_max": -0.022828393192234623,
        "nauc_precision_at_5_std": -0.8547226023738643,
        "nauc_recall_at_1000_diff1": NaN,
        "nauc_recall_at_1000_max": NaN,
        "nauc_recall_at_1000_std": NaN,
        "nauc_recall_at_100_diff1": NaN,
        "nauc_recall_at_100_max": NaN,
        "nauc_recall_at_100_std": NaN,
        "nauc_recall_at_10_diff1": 0.726063039546092,
        "nauc_recall_at_10_max": 0.418051286609699,
        "nauc_recall_at_10_std": -0.8142213143329806,
        "nauc_recall_at_1_diff1": 0.6755296859994486,
        "nauc_recall_at_1_max": 0.024150951562940618,
        "nauc_recall_at_1_std": -0.37759464704889256,
        "nauc_recall_at_20_diff1": 0.6874924403711355,
        "nauc_recall_at_20_max": 0.3904960260636177,
        "nauc_recall_at_20_std": -1.1422328878688501,
        "nauc_recall_at_3_diff1": 0.4595175891856197,
        "nauc_recall_at_3_max": 0.09068385936815089,
        "nauc_recall_at_3_std": -0.514524438603832,
        "nauc_recall_at_5_diff1": 0.5894327798332518,
        "nauc_recall_at_5_max": -0.022828393192234387,
        "nauc_recall_at_5_std": -0.8547226023738652,
        "ndcg_at_1": 0.63158,
        "ndcg_at_10": 0.77996,
        "ndcg_at_100": 0.7974,
        "ndcg_at_1000": 0.7974,
        "ndcg_at_20": 0.78881,
        "ndcg_at_3": 0.74091,
        "ndcg_at_5": 0.75865,
        "precision_at_1": 0.63158,
        "precision_at_10": 0.09211,
        "precision_at_100": 0.01,
        "precision_at_1000": 0.001,
        "precision_at_20": 0.04781,
        "precision_at_3": 0.27193,
        "precision_at_5": 0.17193,
        "recall_at_1": 0.63158,
        "recall_at_10": 0.92105,
        "recall_at_100": 1.0,
        "recall_at_1000": 1.0,
        "recall_at_20": 0.95614,
        "recall_at_3": 0.81579,
        "recall_at_5": 0.85965
      }
    ]
  },
  "task_name": "AutoRAGRetrieval"
}