{
  "dataset_revision": "fd7df84ac089bbec763b1c6bb1b56e985df5cc5c",
  "task_name": "AutoRAGRetrieval",
  "mteb_version": "1.31.1",
  "scores": {
    "test": [
      {
        "ndcg_at_1": 0.63158,
        "ndcg_at_3": 0.74091,
        "ndcg_at_5": 0.75865,
        "ndcg_at_10": 0.77996,
        "ndcg_at_20": 0.78881,
        "ndcg_at_100": 0.7974,
        "ndcg_at_1000": 0.7974,
        "map_at_1": 0.63158,
        "map_at_3": 0.71491,
        "map_at_5": 0.72456,
        "map_at_10": 0.73422,
        "map_at_20": 0.73664,
        "map_at_100": 0.73798,
        "map_at_1000": 0.73798,
        "recall_at_1": 0.63158,
        "recall_at_3": 0.81579,
        "recall_at_5": 0.85965,
        "recall_at_10": 0.92105,
        "recall_at_20": 0.95614,
        "recall_at_100": 1.0,
        "recall_at_1000": 1.0,
        "precision_at_1": 0.63158,
        "precision_at_3": 0.27193,
        "precision_at_5": 0.17193,
        "precision_at_10": 0.09211,
        "precision_at_20": 0.04781,
        "precision_at_100": 0.01,
        "precision_at_1000": 0.001,
        "mrr_at_1": 0.631579,
        "mrr_at_3": 0.714912,
        "mrr_at_5": 0.724561,
        "mrr_at_10": 0.734221,
        "mrr_at_20": 0.736637,
        "mrr_at_100": 0.73798,
        "mrr_at_1000": 0.73798,
        "nauc_ndcg_at_1_max": 0.024151,
        "nauc_ndcg_at_1_std": -0.377595,
        "nauc_ndcg_at_1_diff1": 0.67553,
        "nauc_ndcg_at_3_max": 0.064944,
        "nauc_ndcg_at_3_std": -0.447772,
        "nauc_ndcg_at_3_diff1": 0.578336,
        "nauc_ndcg_at_5_max": 0.036313,
        "nauc_ndcg_at_5_std": -0.531336,
        "nauc_ndcg_at_5_diff1": 0.624231,
        "nauc_ndcg_at_10_max": 0.108326,
        "nauc_ndcg_at_10_std": -0.489378,
        "nauc_ndcg_at_10_diff1": 0.646805,
        "nauc_ndcg_at_20_max": 0.092384,
        "nauc_ndcg_at_20_std": -0.495534,
        "nauc_ndcg_at_20_diff1": 0.641044,
        "nauc_ndcg_at_100_max": 0.078442,
        "nauc_ndcg_at_100_std": -0.462646,
        "nauc_ndcg_at_100_diff1": 0.638686,
        "nauc_ndcg_at_1000_max": 0.078442,
        "nauc_ndcg_at_1000_std": -0.462646,
        "nauc_ndcg_at_1000_diff1": 0.638686,
        "nauc_map_at_1_max": 0.024151,
        "nauc_map_at_1_std": -0.377595,
        "nauc_map_at_1_diff1": 0.67553,
        "nauc_map_at_3_max": 0.057849,
        "nauc_map_at_3_std": -0.430691,
        "nauc_map_at_3_diff1": 0.607712,
        "nauc_map_at_5_max": 0.04523,
        "nauc_map_at_5_std": -0.470521,
        "nauc_map_at_5_diff1": 0.632777,
        "nauc_map_at_10_max": 0.074094,
        "nauc_map_at_10_std": -0.450654,
        "nauc_map_at_10_diff1": 0.64134,
        "nauc_map_at_20_max": 0.070592,
        "nauc_map_at_20_std": -0.452429,
        "nauc_map_at_20_diff1": 0.640219,
        "nauc_map_at_100_max": 0.069096,
        "nauc_map_at_100_std": -0.447975,
        "nauc_map_at_100_diff1": 0.639926,
        "nauc_map_at_1000_max": 0.069096,
        "nauc_map_at_1000_std": -0.447975,
        "nauc_map_at_1000_diff1": 0.639926,
        "nauc_recall_at_1_max": 0.024151,
        "nauc_recall_at_1_std": -0.377595,
        "nauc_recall_at_1_diff1": 0.67553,
        "nauc_recall_at_3_max": 0.090684,
        "nauc_recall_at_3_std": -0.514524,
        "nauc_recall_at_3_diff1": 0.459518,
        "nauc_recall_at_5_max": -0.022828,
        "nauc_recall_at_5_std": -0.854723,
        "nauc_recall_at_5_diff1": 0.589433,
        "nauc_recall_at_10_max": 0.418051,
        "nauc_recall_at_10_std": -0.814221,
        "nauc_recall_at_10_diff1": 0.726063,
        "nauc_recall_at_20_max": 0.390496,
        "nauc_recall_at_20_std": -1.142233,
        "nauc_recall_at_20_diff1": 0.687492,
        "nauc_recall_at_100_max": NaN,
        "nauc_recall_at_100_std": NaN,
        "nauc_recall_at_100_diff1": NaN,
        "nauc_recall_at_1000_max": NaN,
        "nauc_recall_at_1000_std": NaN,
        "nauc_recall_at_1000_diff1": NaN,
        "nauc_precision_at_1_max": 0.024151,
        "nauc_precision_at_1_std": -0.377595,
        "nauc_precision_at_1_diff1": 0.67553,
        "nauc_precision_at_3_max": 0.090684,
        "nauc_precision_at_3_std": -0.514524,
        "nauc_precision_at_3_diff1": 0.459518,
        "nauc_precision_at_5_max": -0.022828,
        "nauc_precision_at_5_std": -0.854723,
        "nauc_precision_at_5_diff1": 0.589433,
        "nauc_precision_at_10_max": 0.418051,
        "nauc_precision_at_10_std": -0.814221,
        "nauc_precision_at_10_diff1": 0.726063,
        "nauc_precision_at_20_max": 0.390496,
        "nauc_precision_at_20_std": -1.142233,
        "nauc_precision_at_20_diff1": 0.687492,
        "nauc_precision_at_100_max": 1.0,
        "nauc_precision_at_100_std": 1.0,
        "nauc_precision_at_100_diff1": 1.0,
        "nauc_precision_at_1000_max": 1.0,
        "nauc_precision_at_1000_std": 1.0,
        "nauc_precision_at_1000_diff1": 1.0,
        "nauc_mrr_at_1_max": 0.024151,
        "nauc_mrr_at_1_std": -0.377595,
        "nauc_mrr_at_1_diff1": 0.67553,
        "nauc_mrr_at_3_max": 0.057849,
        "nauc_mrr_at_3_std": -0.430691,
        "nauc_mrr_at_3_diff1": 0.607712,
        "nauc_mrr_at_5_max": 0.04523,
        "nauc_mrr_at_5_std": -0.470521,
        "nauc_mrr_at_5_diff1": 0.632777,
        "nauc_mrr_at_10_max": 0.074094,
        "nauc_mrr_at_10_std": -0.450654,
        "nauc_mrr_at_10_diff1": 0.64134,
        "nauc_mrr_at_20_max": 0.070592,
        "nauc_mrr_at_20_std": -0.452429,
        "nauc_mrr_at_20_diff1": 0.640219,
        "nauc_mrr_at_100_max": 0.069096,
        "nauc_mrr_at_100_std": -0.447975,
        "nauc_mrr_at_100_diff1": 0.639926,
        "nauc_mrr_at_1000_max": 0.069096,
        "nauc_mrr_at_1000_std": -0.447975,
        "nauc_mrr_at_1000_diff1": 0.639926,
        "main_score": 0.77996,
        "hf_subset": "default",
        "languages": [
          "kor-Hang"
        ]
      }
    ]
  },
  "evaluation_time": 3.7025487422943115,
  "kg_co2_emissions": null
}