{
  "dataset_revision": "75b399394a9803252cfec289d103de462763db7c",
  "task_name": "BelebeleRetrieval",
  "mteb_version": "1.31.1",
  "scores": {
    "test": [
      {
        "ndcg_at_1": 0.89222,
        "ndcg_at_3": 0.9234,
        "ndcg_at_5": 0.93129,
        "ndcg_at_10": 0.93603,
        "ndcg_at_20": 0.93791,
        "ndcg_at_100": 0.9398,
        "ndcg_at_1000": 0.94023,
        "map_at_1": 0.89222,
        "map_at_3": 0.91574,
        "map_at_5": 0.92019,
        "map_at_10": 0.92218,
        "map_at_20": 0.92265,
        "map_at_100": 0.92292,
        "map_at_1000": 0.92294,
        "recall_at_1": 0.89222,
        "recall_at_3": 0.94556,
        "recall_at_5": 0.96444,
        "recall_at_10": 0.97889,
        "recall_at_20": 0.98667,
        "recall_at_100": 0.99667,
        "recall_at_1000": 1.0,
        "precision_at_1": 0.89222,
        "precision_at_3": 0.31519,
        "precision_at_5": 0.19289,
        "precision_at_10": 0.09789,
        "precision_at_20": 0.04933,
        "precision_at_100": 0.00997,
        "precision_at_1000": 0.001,
        "mrr_at_1": 0.892222,
        "mrr_at_3": 0.915741,
        "mrr_at_5": 0.920185,
        "mrr_at_10": 0.92218,
        "mrr_at_20": 0.922649,
        "mrr_at_100": 0.922922,
        "mrr_at_1000": 0.922939,
        "nauc_ndcg_at_1_max": 0.755988,
        "nauc_ndcg_at_1_std": 0.113102,
        "nauc_ndcg_at_1_diff1": 0.907538,
        "nauc_ndcg_at_3_max": 0.804684,
        "nauc_ndcg_at_3_std": 0.180418,
        "nauc_ndcg_at_3_diff1": 0.905857,
        "nauc_ndcg_at_5_max": 0.801242,
        "nauc_ndcg_at_5_std": 0.17187,
        "nauc_ndcg_at_5_diff1": 0.908637,
        "nauc_ndcg_at_10_max": 0.799999,
        "nauc_ndcg_at_10_std": 0.17158,
        "nauc_ndcg_at_10_diff1": 0.911635,
        "nauc_ndcg_at_20_max": 0.796372,
        "nauc_ndcg_at_20_std": 0.172506,
        "nauc_ndcg_at_20_diff1": 0.908946,
        "nauc_ndcg_at_100_max": 0.792345,
        "nauc_ndcg_at_100_std": 0.167124,
        "nauc_ndcg_at_100_diff1": 0.908407,
        "nauc_ndcg_at_1000_max": 0.790819,
        "nauc_ndcg_at_1000_std": 0.161321,
        "nauc_ndcg_at_1000_diff1": 0.908052,
        "nauc_map_at_1_max": 0.755988,
        "nauc_map_at_1_std": 0.113102,
        "nauc_map_at_1_diff1": 0.907538,
        "nauc_map_at_3_max": 0.790387,
        "nauc_map_at_3_std": 0.163093,
        "nauc_map_at_3_diff1": 0.905366,
        "nauc_map_at_5_max": 0.787714,
        "nauc_map_at_5_std": 0.156979,
        "nauc_map_at_5_diff1": 0.906711,
        "nauc_map_at_10_max": 0.787059,
        "nauc_map_at_10_std": 0.156125,
        "nauc_map_at_10_diff1": 0.907809,
        "nauc_map_at_20_max": 0.786233,
        "nauc_map_at_20_std": 0.155897,
        "nauc_map_at_20_diff1": 0.907247,
        "nauc_map_at_100_max": 0.785711,
        "nauc_map_at_100_std": 0.154739,
        "nauc_map_at_100_diff1": 0.907167,
        "nauc_map_at_1000_max": 0.785664,
        "nauc_map_at_1000_std": 0.154562,
        "nauc_map_at_1000_diff1": 0.907156,
        "nauc_recall_at_1_max": 0.755988,
        "nauc_recall_at_1_std": 0.113102,
        "nauc_recall_at_1_diff1": 0.907538,
        "nauc_recall_at_3_max": 0.867719,
        "nauc_recall_at_3_std": 0.255188,
        "nauc_recall_at_3_diff1": 0.908678,
        "nauc_recall_at_5_max": 0.88724,
        "nauc_recall_at_5_std": 0.264779,
        "nauc_recall_at_5_diff1": 0.92275,
        "nauc_recall_at_10_max": 0.932429,
        "nauc_recall_at_10_std": 0.333014,
        "nauc_recall_at_10_diff1": 0.95786,
        "nauc_recall_at_20_max": 0.94106,
        "nauc_recall_at_20_std": 0.459928,
        "nauc_recall_at_20_diff1": 0.933279,
        "nauc_recall_at_100_max": 1.0,
        "nauc_recall_at_100_std": 0.956427,
        "nauc_recall_at_100_diff1": 0.956427,
        "nauc_recall_at_1000_max": NaN,
        "nauc_recall_at_1000_std": NaN,
        "nauc_recall_at_1000_diff1": NaN,
        "nauc_precision_at_1_max": 0.755988,
        "nauc_precision_at_1_std": 0.113102,
        "nauc_precision_at_1_diff1": 0.907538,
        "nauc_precision_at_3_max": 0.867719,
        "nauc_precision_at_3_std": 0.255188,
        "nauc_precision_at_3_diff1": 0.908678,
        "nauc_precision_at_5_max": 0.88724,
        "nauc_precision_at_5_std": 0.264779,
        "nauc_precision_at_5_diff1": 0.92275,
        "nauc_precision_at_10_max": 0.932429,
        "nauc_precision_at_10_std": 0.333014,
        "nauc_precision_at_10_diff1": 0.95786,
        "nauc_precision_at_20_max": 0.94106,
        "nauc_precision_at_20_std": 0.459928,
        "nauc_precision_at_20_diff1": 0.933279,
        "nauc_precision_at_100_max": 1.0,
        "nauc_precision_at_100_std": 0.956427,
        "nauc_precision_at_100_diff1": 0.956427,
        "nauc_precision_at_1000_max": NaN,
        "nauc_precision_at_1000_std": NaN,
        "nauc_precision_at_1000_diff1": NaN,
        "nauc_mrr_at_1_max": 0.755988,
        "nauc_mrr_at_1_std": 0.113102,
        "nauc_mrr_at_1_diff1": 0.907538,
        "nauc_mrr_at_3_max": 0.790387,
        "nauc_mrr_at_3_std": 0.163093,
        "nauc_mrr_at_3_diff1": 0.905366,
        "nauc_mrr_at_5_max": 0.787714,
        "nauc_mrr_at_5_std": 0.156979,
        "nauc_mrr_at_5_diff1": 0.906711,
        "nauc_mrr_at_10_max": 0.787059,
        "nauc_mrr_at_10_std": 0.156125,
        "nauc_mrr_at_10_diff1": 0.907809,
        "nauc_mrr_at_20_max": 0.786233,
        "nauc_mrr_at_20_std": 0.155897,
        "nauc_mrr_at_20_diff1": 0.907247,
        "nauc_mrr_at_100_max": 0.785711,
        "nauc_mrr_at_100_std": 0.154739,
        "nauc_mrr_at_100_diff1": 0.907167,
        "nauc_mrr_at_1000_max": 0.785664,
        "nauc_mrr_at_1000_std": 0.154562,
        "nauc_mrr_at_1000_diff1": 0.907156,
        "main_score": 0.93603,
        "hf_subset": "kor_Hang-kor_Hang",
        "languages": [
          "kor-Hang",
          "kor-Hang"
        ]
      },
      {
        "ndcg_at_1": 0.86333,
        "ndcg_at_3": 0.91177,
        "ndcg_at_5": 0.91928,
        "ndcg_at_10": 0.92482,
        "ndcg_at_20": 0.92829,
        "ndcg_at_100": 0.92935,
        "ndcg_at_1000": 0.92976,
        "map_at_1": 0.86333,
        "map_at_3": 0.90074,
        "map_at_5": 0.90502,
        "map_at_10": 0.9074,
        "map_at_20": 0.9084,
        "map_at_100": 0.90855,
        "map_at_1000": 0.90856,
        "recall_at_1": 0.86333,
        "recall_at_3": 0.94333,
        "recall_at_5": 0.96111,
        "recall_at_10": 0.97778,
        "recall_at_20": 0.99111,
        "recall_at_100": 0.99667,
        "recall_at_1000": 1.0,
        "precision_at_1": 0.86333,
        "precision_at_3": 0.31444,
        "precision_at_5": 0.19222,
        "precision_at_10": 0.09778,
        "precision_at_20": 0.04956,
        "precision_at_100": 0.00997,
        "precision_at_1000": 0.001,
        "mrr_at_1": 0.863333,
        "mrr_at_3": 0.900741,
        "mrr_at_5": 0.905019,
        "mrr_at_10": 0.907396,
        "mrr_at_20": 0.908397,
        "mrr_at_100": 0.908552,
        "mrr_at_1000": 0.908565,
        "nauc_ndcg_at_1_max": 0.609914,
        "nauc_ndcg_at_1_std": 0.006467,
        "nauc_ndcg_at_1_diff1": 0.903735,
        "nauc_ndcg_at_3_max": 0.648168,
        "nauc_ndcg_at_3_std": 0.028589,
        "nauc_ndcg_at_3_diff1": 0.896588,
        "nauc_ndcg_at_5_max": 0.649142,
        "nauc_ndcg_at_5_std": 0.019474,
        "nauc_ndcg_at_5_diff1": 0.89581,
        "nauc_ndcg_at_10_max": 0.647965,
        "nauc_ndcg_at_10_std": 0.029215,
        "nauc_ndcg_at_10_diff1": 0.895681,
        "nauc_ndcg_at_20_max": 0.641399,
        "nauc_ndcg_at_20_std": 0.026218,
        "nauc_ndcg_at_20_diff1": 0.900009,
        "nauc_ndcg_at_100_max": 0.640981,
        "nauc_ndcg_at_100_std": 0.027446,
        "nauc_ndcg_at_100_diff1": 0.899679,
        "nauc_ndcg_at_1000_max": 0.639359,
        "nauc_ndcg_at_1000_std": 0.022455,
        "nauc_ndcg_at_1000_diff1": 0.899326,
        "nauc_map_at_1_max": 0.609914,
        "nauc_map_at_1_std": 0.006467,
        "nauc_map_at_1_diff1": 0.903735,