{
  "dataset_revision": "d243889a3eb6654029dbd7e7f9319ae31d58f97c",
  "task_name": "Ko-StrategyQA",
  "mteb_version": "1.31.1",
  "scores": {
    "dev": [
      {
        "ndcg_at_1": 0.75507,
        "ndcg_at_3": 0.75189,
        "ndcg_at_5": 0.78331,
        "ndcg_at_10": 0.79887,
        "ndcg_at_20": 0.80587,
        "ndcg_at_100": 0.81648,
        "ndcg_at_1000": 0.82361,
        "map_at_1": 0.49351,
        "map_at_3": 0.7117,
        "map_at_5": 0.74392,
        "map_at_10": 0.75549,
        "map_at_20": 0.75871,
        "map_at_100": 0.76072,
        "map_at_1000": 0.76102,
        "recall_at_1": 0.49351,
        "recall_at_3": 0.75884,
        "recall_at_5": 0.8227,
        "recall_at_10": 0.85782,
        "recall_at_20": 0.87913,
        "recall_at_100": 0.9252,
        "recall_at_1000": 0.97095,
        "precision_at_1": 0.75507,
        "precision_at_3": 0.44538,
        "precision_at_5": 0.29865,
        "precision_at_10": 0.15895,
        "precision_at_20": 0.08201,
        "precision_at_100": 0.01743,
        "precision_at_1000": 0.00185,
        "mrr_at_1": 0.755068,
        "mrr_at_3": 0.806306,
        "mrr_at_5": 0.810445,
        "mrr_at_10": 0.812075,
        "mrr_at_20": 0.812768,
        "mrr_at_100": 0.813718,
        "mrr_at_1000": 0.813863,
        "nauc_ndcg_at_1_max": 0.572747,
        "nauc_ndcg_at_1_std": 0.208522,
        "nauc_ndcg_at_1_diff1": 0.615852,
        "nauc_ndcg_at_3_max": 0.577787,
        "nauc_ndcg_at_3_std": 0.237087,
        "nauc_ndcg_at_3_diff1": 0.524732,
        "nauc_ndcg_at_5_max": 0.643671,
        "nauc_ndcg_at_5_std": 0.28095,
        "nauc_ndcg_at_5_diff1": 0.545294,
        "nauc_ndcg_at_10_max": 0.675906,
        "nauc_ndcg_at_10_std": 0.32592,
        "nauc_ndcg_at_10_diff1": 0.539066,
        "nauc_ndcg_at_20_max": 0.67594,
        "nauc_ndcg_at_20_std": 0.345155,
        "nauc_ndcg_at_20_diff1": 0.544011,
        "nauc_ndcg_at_100_max": 0.666906,
        "nauc_ndcg_at_100_std": 0.346554,
        "nauc_ndcg_at_100_diff1": 0.542711,
        "nauc_ndcg_at_1000_max": 0.656338,
        "nauc_ndcg_at_1000_std": 0.331514,
        "nauc_ndcg_at_1000_diff1": 0.537696,
        "nauc_map_at_1_max": 0.234088,
        "nauc_map_at_1_std": -0.007447,
        "nauc_map_at_1_diff1": 0.576396,
        "nauc_map_at_3_max": 0.523239,
        "nauc_map_at_3_std": 0.179472,
        "nauc_map_at_3_diff1": 0.512999,
        "nauc_map_at_5_max": 0.580828,
        "nauc_map_at_5_std": 0.217121,
        "nauc_map_at_5_diff1": 0.529432,
        "nauc_map_at_10_max": 0.601502,
        "nauc_map_at_10_std": 0.244548,
        "nauc_map_at_10_diff1": 0.524056,
        "nauc_map_at_20_max": 0.601952,
        "nauc_map_at_20_std": 0.252094,
        "nauc_map_at_20_diff1": 0.527112,
        "nauc_map_at_100_max": 0.600457,
        "nauc_map_at_100_std": 0.252349,
        "nauc_map_at_100_diff1": 0.526338,
        "nauc_map_at_1000_max": 0.600037,
        "nauc_map_at_1000_std": 0.251908,
        "nauc_map_at_1000_diff1": 0.526205,
        "nauc_recall_at_1_max": 0.234088,
        "nauc_recall_at_1_std": -0.007447,
        "nauc_recall_at_1_diff1": 0.576396,
        "nauc_recall_at_3_max": 0.579584,
        "nauc_recall_at_3_std": 0.245467,
        "nauc_recall_at_3_diff1": 0.490171,
        "nauc_recall_at_5_max": 0.719541,
        "nauc_recall_at_5_std": 0.34619,
        "nauc_recall_at_5_diff1": 0.519477,
        "nauc_recall_at_10_max": 0.83439,
        "nauc_recall_at_10_std": 0.494741,
        "nauc_recall_at_10_diff1": 0.501282,
        "nauc_recall_at_20_max": 0.86089,
        "nauc_recall_at_20_std": 0.614436,
        "nauc_recall_at_20_diff1": 0.517478,
        "nauc_recall_at_100_max": 0.882154,
        "nauc_recall_at_100_std": 0.775186,
        "nauc_recall_at_100_diff1": 0.503959,
        "nauc_recall_at_1000_max": 0.876861,
        "nauc_recall_at_1000_std": 0.907974,
        "nauc_recall_at_1000_diff1": 0.275303,
        "nauc_precision_at_1_max": 0.572747,
        "nauc_precision_at_1_std": 0.208522,
        "nauc_precision_at_1_diff1": 0.615852,
        "nauc_precision_at_3_max": 0.419958,
        "nauc_precision_at_3_std": 0.306348,
        "nauc_precision_at_3_diff1": -0.029014,
        "nauc_precision_at_5_max": 0.368182,
        "nauc_precision_at_5_std": 0.295427,
        "nauc_precision_at_5_diff1": -0.090016,
        "nauc_precision_at_10_max": 0.328805,
        "nauc_precision_at_10_std": 0.31919,
        "nauc_precision_at_10_diff1": -0.151248,
        "nauc_precision_at_20_max": 0.286263,
        "nauc_precision_at_20_std": 0.325533,
        "nauc_precision_at_20_diff1": -0.170365,
        "nauc_precision_at_100_max": 0.181821,
        "nauc_precision_at_100_std": 0.290414,
        "nauc_precision_at_100_diff1": -0.249579,
        "nauc_precision_at_1000_max": 0.050339,
        "nauc_precision_at_1000_std": 0.198848,
        "nauc_precision_at_1000_diff1": -0.361739,
        "nauc_mrr_at_1_max": 0.572747,
        "nauc_mrr_at_1_std": 0.208522,
        "nauc_mrr_at_1_diff1": 0.615852,
        "nauc_mrr_at_3_max": 0.680176,
        "nauc_mrr_at_3_std": 0.337632,
        "nauc_mrr_at_3_diff1": 0.610981,
        "nauc_mrr_at_5_max": 0.679957,
        "nauc_mrr_at_5_std": 0.335547,
        "nauc_mrr_at_5_diff1": 0.608768,
        "nauc_mrr_at_10_max": 0.678509,
        "nauc_mrr_at_10_std": 0.335725,
        "nauc_mrr_at_10_diff1": 0.606459,
        "nauc_mrr_at_20_max": 0.677419,
        "nauc_mrr_at_20_std": 0.335775,
        "nauc_mrr_at_20_diff1": 0.605974,
        "nauc_mrr_at_100_max": 0.676289,
        "nauc_mrr_at_100_std": 0.335194,
        "nauc_mrr_at_100_diff1": 0.606022,
        "nauc_mrr_at_1000_max": 0.676059,
        "nauc_mrr_at_1000_std": 0.334793,
        "nauc_mrr_at_1000_diff1": 0.605981,
        "main_score": 0.79887,
        "hf_subset": "default",
        "languages": [
          "kor-Hang"
        ]
      }
    ]
  },
  "evaluation_time": 42.00012469291687,
  "kg_co2_emissions": null
}