{
  "dataset_revision": "d243889a3eb6654029dbd7e7f9319ae31d58f97c",
  "evaluation_time": 115.93965744972229,
  "kg_co2_emissions": null,
  "mteb_version": "1.19.4",
  "scores": {
    "dev": [
      {
        "hf_subset": "default",
        "languages": [
          "kor-Hang"
        ],
        "main_score": 0.79793,
        "map_at_1": 0.49126,
        "map_at_10": 0.75434,
        "map_at_100": 0.75957,
        "map_at_1000": 0.75987,
        "map_at_20": 0.75755,
        "map_at_3": 0.71057,
        "map_at_5": 0.74279,
        "mrr_at_1": 0.7516891891891891,
        "mrr_at_10": 0.8103858322608322,
        "mrr_at_100": 0.8120290293768601,
        "mrr_at_1000": 0.8121733425939148,
        "mrr_at_20": 0.8110783812989694,
        "mrr_at_3": 0.804617117117117,
        "mrr_at_5": 0.8087556306306305,
        "nauc_map_at_1000_diff1": 0.5309640525572018,
        "nauc_map_at_1000_max": 0.6034757137873261,
        "nauc_map_at_1000_std": 0.2524830874626602,
        "nauc_map_at_100_diff1": 0.5310950999887473,
        "nauc_map_at_100_max": 0.6038898477176643,
        "nauc_map_at_100_std": 0.2529213111665448,
        "nauc_map_at_10_diff1": 0.5287408922081819,
        "nauc_map_at_10_max": 0.6048810878714043,
        "nauc_map_at_10_std": 0.24514186826715573,
        "nauc_map_at_1_diff1": 0.5839831914566329,
        "nauc_map_at_1_max": 0.24134429916197642,
        "nauc_map_at_1_std": -0.005362833464650543,
        "nauc_map_at_20_diff1": 0.531847319431841,
        "nauc_map_at_20_max": 0.6053733911651847,
        "nauc_map_at_20_std": 0.25267089208288807,
        "nauc_map_at_3_diff1": 0.5175569859756408,
        "nauc_map_at_3_max": 0.5267407209649851,
        "nauc_map_at_3_std": 0.18034284700192835,
        "nauc_map_at_5_diff1": 0.5340789493854458,
        "nauc_map_at_5_max": 0.5841825317705776,
        "nauc_map_at_5_std": 0.2178539895872495,
        "nauc_mrr_at_1000_diff1": 0.6129207681904467,
        "nauc_mrr_at_1000_max": 0.6810699075110801,
        "nauc_mrr_at_1000_std": 0.33656350406575714,
        "nauc_mrr_at_100_diff1": 0.6129612079444606,
        "nauc_mrr_at_100_max": 0.681293581685122,
        "nauc_mrr_at_100_std": 0.336959957396225,
        "nauc_mrr_at_10_diff1": 0.6133305000787206,
        "nauc_mrr_at_10_max": 0.6834511087649037,
        "nauc_mrr_at_10_std": 0.33747039829177455,
        "nauc_mrr_at_1_diff1": 0.6254310300227522,
        "nauc_mrr_at_1_max": 0.5816815042949867,
        "nauc_mrr_at_1_std": 0.21266545672024523,
        "nauc_mrr_at_20_diff1": 0.612875409327525,
        "nauc_mrr_at_20_max": 0.6823877732414835,
        "nauc_mrr_at_20_std": 0.3375268307975658,
        "nauc_mrr_at_3_diff1": 0.6176288728475821,
        "nauc_mrr_at_3_max": 0.6849689448598965,
        "nauc_mrr_at_3_std": 0.3393152904117805,
        "nauc_mrr_at_5_diff1": 0.6155674459330454,
        "nauc_mrr_at_5_max": 0.684849646628972,
        "nauc_mrr_at_5_std": 0.33727860792942294,
        "nauc_ndcg_at_1000_diff1": 0.542637450430811,
        "nauc_ndcg_at_1000_max": 0.659613284461409,
        "nauc_ndcg_at_1000_std": 0.33200269100657104,
        "nauc_ndcg_at_100_diff1": 0.547672333085176,
        "nauc_ndcg_at_100_max": 0.6700030728702414,
        "nauc_ndcg_at_100_std": 0.3469653351483253,
        "nauc_ndcg_at_10_diff1": 0.5436935978103205,
        "nauc_ndcg_at_10_max": 0.6788066553801092,
        "nauc_ndcg_at_10_std": 0.32641262078820005,
        "nauc_ndcg_at_1_diff1": 0.6254310300227522,
        "nauc_ndcg_at_1_max": 0.5816815042949867,
        "nauc_ndcg_at_1_std": 0.21266545672024523,
        "nauc_ndcg_at_20_diff1": 0.5487238316054067,
        "nauc_ndcg_at_20_max": 0.6788721621002779,
        "nauc_ndcg_at_20_std": 0.3455664306916214,
        "nauc_ndcg_at_3_diff1": 0.5290660234984015,
        "nauc_ndcg_at_3_max": 0.5808423803809595,
        "nauc_ndcg_at_3_std": 0.23792804741859436,
        "nauc_ndcg_at_5_diff1": 0.54973349540624,
        "nauc_ndcg_at_5_max": 0.6465132469014665,
        "nauc_ndcg_at_5_std": 0.2816044773825405,
        "nauc_precision_at_1000_diff1": -0.3624723519954685,
        "nauc_precision_at_1000_max": 0.05033883591861056,
        "nauc_precision_at_1000_std": 0.1988482841500978,
        "nauc_precision_at_100_diff1": -0.249229073110791,
        "nauc_precision_at_100_max": 0.18182050204914146,
        "nauc_precision_at_100_std": 0.29041396174885464,
        "nauc_precision_at_10_diff1": -0.150896797806953,
        "nauc_precision_at_10_max": 0.3288052265753716,
        "nauc_precision_at_10_std": 0.3191898156600829,
        "nauc_precision_at_1_diff1": 0.6254310300227522,
        "nauc_precision_at_1_max": 0.5816815042949867,
        "nauc_precision_at_1_std": 0.21266545672024523,
        "nauc_precision_at_20_diff1": -0.17002101345912066,
        "nauc_precision_at_20_max": 0.2862629611332116,
        "nauc_precision_at_20_std": 0.3255332095997299,
        "nauc_precision_at_3_diff1": -0.028585511987222784,
        "nauc_precision_at_3_max": 0.41995825306109386,
        "nauc_precision_at_3_std": 0.30634819262268315,
        "nauc_precision_at_5_diff1": -0.08964145017856276,
        "nauc_precision_at_5_max": 0.3681815785470059,
        "nauc_precision_at_5_std": 0.2954266706591043,
        "nauc_recall_at_1000_diff1": 0.275303091358477,
        "nauc_recall_at_1000_max": 0.876861475892877,
        "nauc_recall_at_1000_std": 0.907974334424692,
        "nauc_recall_at_100_diff1": 0.5072766102427224,
        "nauc_recall_at_100_max": 0.8821544361345515,
        "nauc_recall_at_100_std": 0.7751863280665128,
        "nauc_recall_at_10_diff1": 0.503098333242494,
        "nauc_recall_at_10_max": 0.8343898880673456,
        "nauc_recall_at_10_std": 0.49474065180833804,
        "nauc_recall_at_1_diff1": 0.5839831914566329,
        "nauc_recall_at_1_max": 0.24134429916197642,
        "nauc_recall_at_1_std": -0.005362833464650543,
        "nauc_recall_at_20_diff1": 0.5195860953935559,
        "nauc_recall_at_20_max": 0.860889980047164,
        "nauc_recall_at_20_std": 0.6144360815190124,
        "nauc_recall_at_3_diff1": 0.4913567468163894,
        "nauc_recall_at_3_max": 0.5795842824553967,
        "nauc_recall_at_3_std": 0.24546706094062273,
        "nauc_recall_at_5_diff1": 0.5209857740942301,
        "nauc_recall_at_5_max": 0.7195409453404005,
        "nauc_recall_at_5_std": 0.34618966424185427,
        "ndcg_at_1": 0.75169,
        "ndcg_at_10": 0.79793,
        "ndcg_at_100": 0.81554,
        "ndcg_at_1000": 0.82268,
        "ndcg_at_20": 0.80494,
        "ndcg_at_3": 0.75097,
        "ndcg_at_5": 0.7824,
        "precision_at_1": 0.75169,
        "precision_at_10": 0.15895,
        "precision_at_100": 0.01743,
        "precision_at_1000": 0.00185,
        "precision_at_20": 0.08201,
        "precision_at_3": 0.44538,
        "precision_at_5": 0.29865,
        "recall_at_1": 0.49126,
        "recall_at_10": 0.85782,
        "recall_at_100": 0.9252,
        "recall_at_1000": 0.97095,
        "recall_at_20": 0.87913,
        "recall_at_3": 0.75884,
        "recall_at_5": 0.8227
      }
    ]
  },
  "task_name": "Ko-StrategyQA"
}