{
  "dataset_revision": "main",
  "evaluation_time": 15485.132284641266,
  "kg_co2_emissions": null,
  "mteb_version": "1.19.4",
  "scores": {
    "dev": [
      {
        "hf_subset": "ko",
        "languages": [
          "kor-Kore"
        ],
        "main_score": 0.59914,
        "map_at_1": 0.32696,
        "map_at_10": 0.5021,
        "map_at_100": 0.52536,
        "map_at_1000": 0.52675,
        "map_at_20": 0.51557,
        "map_at_3": 0.44841,
        "map_at_5": 0.48126,
        "mrr_at_1": 0.5539906103286385,
        "mrr_at_10": 0.6759538713764065,
        "mrr_at_100": 0.6785929910661365,
        "mrr_at_1000": 0.6788143429529052,
        "mrr_at_20": 0.6780745834211364,
        "mrr_at_3": 0.6533646322378714,
        "mrr_at_5": 0.6683881064162753,
        "nauc_map_at_1000_diff1": 0.37998530220717786,
        "nauc_map_at_1000_max": 0.35683758932659904,
        "nauc_map_at_1000_std": 0.09661911895952302,
        "nauc_map_at_100_diff1": 0.3801636369285897,
        "nauc_map_at_100_max": 0.3557813147855278,
        "nauc_map_at_100_std": 0.09699912793782361,
        "nauc_map_at_10_diff1": 0.385840730245925,
        "nauc_map_at_10_max": 0.3388006342199373,
        "nauc_map_at_10_std": 0.07469794277413962,
        "nauc_map_at_1_diff1": 0.4710151650817007,
        "nauc_map_at_1_max": 0.27386484996995075,
        "nauc_map_at_1_std": -0.03826587437569447,
        "nauc_map_at_20_diff1": 0.38004667201099374,
        "nauc_map_at_20_max": 0.34736178062506173,
        "nauc_map_at_20_std": 0.08691126593765994,
        "nauc_map_at_3_diff1": 0.3959381990501782,
        "nauc_map_at_3_max": 0.31783964379609697,
        "nauc_map_at_3_std": 0.021876203870068035,
        "nauc_map_at_5_diff1": 0.4013815389612924,
        "nauc_map_at_5_max": 0.32284760433197945,
        "nauc_map_at_5_std": 0.04644907393464365,
        "nauc_mrr_at_1000_diff1": 0.35046511606892405,
        "nauc_mrr_at_1000_max": 0.45610342631191003,
        "nauc_mrr_at_1000_std": 0.21587784888890976,
        "nauc_mrr_at_100_diff1": 0.35057490500672683,
        "nauc_mrr_at_100_max": 0.4564646189984297,
        "nauc_mrr_at_100_std": 0.21625860865160604,
        "nauc_mrr_at_10_diff1": 0.3496031909413219,
        "nauc_mrr_at_10_max": 0.45310738338234763,
        "nauc_mrr_at_10_std": 0.2168338658348742,
        "nauc_mrr_at_1_diff1": 0.36316059808304396,
        "nauc_mrr_at_1_max": 0.42616112853710764,
        "nauc_mrr_at_1_std": 0.14727968392145732,
        "nauc_mrr_at_20_diff1": 0.34931996988824954,
        "nauc_mrr_at_20_max": 0.4564065340592655,
        "nauc_mrr_at_20_std": 0.21678796014048907,
        "nauc_mrr_at_3_diff1": 0.35144112092691926,
        "nauc_mrr_at_3_max": 0.46118986626841046,
        "nauc_mrr_at_3_std": 0.2187047520665188,
        "nauc_mrr_at_5_diff1": 0.3513761270515314,
        "nauc_mrr_at_5_max": 0.45557184060456873,
        "nauc_mrr_at_5_std": 0.22411204059806153,
        "nauc_ndcg_at_1000_diff1": 0.3622965432026116,
        "nauc_ndcg_at_1000_max": 0.4132309696262614,
        "nauc_ndcg_at_1000_std": 0.18060337350151817,
        "nauc_ndcg_at_100_diff1": 0.36621225660226114,
        "nauc_ndcg_at_100_max": 0.41503010576140476,
        "nauc_ndcg_at_100_std": 0.19534523527606712,
        "nauc_ndcg_at_10_diff1": 0.3577638445537456,
        "nauc_ndcg_at_10_max": 0.35826634923716805,
        "nauc_ndcg_at_10_std": 0.1341988805236967,
        "nauc_ndcg_at_1_diff1": 0.36316059808304396,
        "nauc_ndcg_at_1_max": 0.42616112853710764,
        "nauc_ndcg_at_1_std": 0.14727968392145732,
        "nauc_ndcg_at_20_diff1": 0.3515739876801084,
        "nauc_ndcg_at_20_max": 0.3812795972772258,
        "nauc_ndcg_at_20_std": 0.1566067661903798,
        "nauc_ndcg_at_3_diff1": 0.3430068358868766,
        "nauc_ndcg_at_3_max": 0.39775892927028483,
        "nauc_ndcg_at_3_std": 0.13676734265757323,
        "nauc_ndcg_at_5_diff1": 0.36733201434120677,
        "nauc_ndcg_at_5_max": 0.36933935830633907,
        "nauc_ndcg_at_5_std": 0.12597735688319697,
        "nauc_precision_at_1000_diff1": -0.19002674680239415,
        "nauc_precision_at_1000_max": 0.174509429358778,
        "nauc_precision_at_1000_std": 0.28167232364321076,
        "nauc_precision_at_100_diff1": -0.17309643394949184,
        "nauc_precision_at_100_max": 0.20656825090247774,
        "nauc_precision_at_100_std": 0.3512037726617336,
        "nauc_precision_at_10_diff1": -0.16528090511957233,
        "nauc_precision_at_10_max": 0.2619352359421429,
        "nauc_precision_at_10_std": 0.3941957192775191,
        "nauc_precision_at_1_diff1": 0.36316059808304396,
        "nauc_precision_at_1_max": 0.42616112853710764,
        "nauc_precision_at_1_std": 0.14727968392145732,
        "nauc_precision_at_20_diff1": -0.1898576802938022,
        "nauc_precision_at_20_max": 0.23701631812155186,
        "nauc_precision_at_20_std": 0.3740218709201864,
        "nauc_precision_at_3_diff1": -0.00568419245193641,
        "nauc_precision_at_3_max": 0.3415257396991487,
        "nauc_precision_at_3_std": 0.31916275229293856,
        "nauc_precision_at_5_diff1": -0.08655168669277556,
        "nauc_precision_at_5_max": 0.2761786653681346,
        "nauc_precision_at_5_std": 0.35947192558173247,
        "nauc_recall_at_1000_diff1": 0.1827229283366921,
        "nauc_recall_at_1000_max": 0.537327498086783,
        "nauc_recall_at_1000_std": 0.6550227733454026,
        "nauc_recall_at_100_diff1": 0.33523387191444975,
        "nauc_recall_at_100_max": 0.4826282458217185,
        "nauc_recall_at_100_std": 0.4726203131645689,
        "nauc_recall_at_10_diff1": 0.2385680261998446,
        "nauc_recall_at_10_max": 0.20787374315415943,
        "nauc_recall_at_10_std": 0.10710738932195062,
        "nauc_recall_at_1_diff1": 0.4710151650817007,
        "nauc_recall_at_1_max": 0.27386484996995075,
        "nauc_recall_at_1_std": -0.03826587437569447,
        "nauc_recall_at_20_diff1": 0.2070919483692747,
        "nauc_recall_at_20_max": 0.26472298029628866,
        "nauc_recall_at_20_std": 0.16965356881445673,
        "nauc_recall_at_3_diff1": 0.32594635843508896,
        "nauc_recall_at_3_max": 0.2711469727674023,
        "nauc_recall_at_3_std": 0.040071374394099774,
        "nauc_recall_at_5_diff1": 0.3328227607824658,
        "nauc_recall_at_5_max": 0.2458408375382006,
        "nauc_recall_at_5_std": 0.0837219650224051,
        "ndcg_at_1": 0.55399,
        "ndcg_at_10": 0.59914,
        "ndcg_at_100": 0.6601,
        "ndcg_at_1000": 0.67563,
        "ndcg_at_20": 0.62687,
        "ndcg_at_3": 0.56408,
        "ndcg_at_5": 0.57624,
        "precision_at_1": 0.55399,
        "precision_at_10": 0.1507,
        "precision_at_100": 0.02258,
        "precision_at_1000": 0.00254,
        "precision_at_20": 0.08873,
        "precision_at_3": 0.34585,
        "precision_at_5": 0.2507,
        "recall_at_1": 0.32696,
        "recall_at_10": 0.70681,
        "recall_at_100": 0.89928,
        "recall_at_1000": 0.98818,
        "recall_at_20": 0.78447,
        "recall_at_3": 0.53559,
        "recall_at_5": 0.62288
      }
    ]
  },
  "task_name": "MIRACLRetrieval"
}