{
  "dataset_revision": "fc24a3ce8f09746410daee3d5cd823ff7a0675b7",
  "task_name": "MrTidyRetrieval",
  "mteb_version": "1.31.1",
  "scores": {
    "test": [
      {
        "ndcg_at_1": 0.37767,
        "ndcg_at_3": 0.47401,
        "ndcg_at_5": 0.49453,
        "ndcg_at_10": 0.52877,
        "ndcg_at_20": 0.54516,
        "ndcg_at_100": 0.57106,
        "ndcg_at_1000": 0.58064,
        "map_at_1": 0.34917,
        "map_at_3": 0.4391,
        "map_at_5": 0.45143,
        "map_at_10": 0.46706,
        "map_at_20": 0.47197,
        "map_at_100": 0.47604,
        "map_at_1000": 0.47636,
        "recall_at_1": 0.34917,
        "recall_at_3": 0.54592,
        "recall_at_5": 0.59184,
        "recall_at_10": 0.6924,
        "recall_at_20": 0.75297,
        "recall_at_100": 0.88282,
        "recall_at_1000": 0.95962,
        "precision_at_1": 0.37767,
        "precision_at_3": 0.19794,
        "precision_at_5": 0.13017,
        "precision_at_10": 0.07767,
        "precision_at_20": 0.04287,
        "precision_at_100": 0.01033,
        "precision_at_1000": 0.00112,
        "mrr_at_1": 0.377672,
        "mrr_at_3": 0.469913,
        "mrr_at_5": 0.481314,
        "mrr_at_10": 0.493478,
        "mrr_at_20": 0.49746,
        "mrr_at_100": 0.500318,
        "mrr_at_1000": 0.500591,
        "nauc_ndcg_at_1_max": 0.305303,
        "nauc_ndcg_at_1_std": 0.139615,
        "nauc_ndcg_at_1_diff1": 0.416464,
        "nauc_ndcg_at_3_max": 0.306577,
        "nauc_ndcg_at_3_std": 0.17299,
        "nauc_ndcg_at_3_diff1": 0.342601,
        "nauc_ndcg_at_5_max": 0.306566,
        "nauc_ndcg_at_5_std": 0.173068,
        "nauc_ndcg_at_5_diff1": 0.355918,
        "nauc_ndcg_at_10_max": 0.30797,
        "nauc_ndcg_at_10_std": 0.17241,
        "nauc_ndcg_at_10_diff1": 0.350473,
        "nauc_ndcg_at_20_max": 0.301131,
        "nauc_ndcg_at_20_std": 0.175124,
        "nauc_ndcg_at_20_diff1": 0.341755,
        "nauc_ndcg_at_100_max": 0.298534,
        "nauc_ndcg_at_100_std": 0.177196,
        "nauc_ndcg_at_100_diff1": 0.342692,
        "nauc_ndcg_at_1000_max": 0.30387,
        "nauc_ndcg_at_1000_std": 0.176828,
        "nauc_ndcg_at_1000_diff1": 0.350961,
        "nauc_map_at_1_max": 0.283104,
        "nauc_map_at_1_std": 0.111743,
        "nauc_map_at_1_diff1": 0.399521,
        "nauc_map_at_3_max": 0.294243,
        "nauc_map_at_3_std": 0.153404,
        "nauc_map_at_3_diff1": 0.350355,
        "nauc_map_at_5_max": 0.294505,
        "nauc_map_at_5_std": 0.156358,
        "nauc_map_at_5_diff1": 0.3565,
        "nauc_map_at_10_max": 0.294643,
        "nauc_map_at_10_std": 0.155424,
        "nauc_map_at_10_diff1": 0.352983,
        "nauc_map_at_20_max": 0.29286,
        "nauc_map_at_20_std": 0.15622,
        "nauc_map_at_20_diff1": 0.350654,
        "nauc_map_at_100_max": 0.293187,
        "nauc_map_at_100_std": 0.156531,
        "nauc_map_at_100_diff1": 0.351355,
        "nauc_map_at_1000_max": 0.293351,
        "nauc_map_at_1000_std": 0.156552,
        "nauc_map_at_1000_diff1": 0.351595,
        "nauc_recall_at_1_max": 0.283104,
        "nauc_recall_at_1_std": 0.111743,
        "nauc_recall_at_1_diff1": 0.399521,
        "nauc_recall_at_3_max": 0.312749,
        "nauc_recall_at_3_std": 0.200779,
        "nauc_recall_at_3_diff1": 0.297434,
        "nauc_recall_at_5_max": 0.313555,
        "nauc_recall_at_5_std": 0.201963,
        "nauc_recall_at_5_diff1": 0.329406,
        "nauc_recall_at_10_max": 0.321243,
        "nauc_recall_at_10_std": 0.208857,
        "nauc_recall_at_10_diff1": 0.309936,
        "nauc_recall_at_20_max": 0.294519,
        "nauc_recall_at_20_std": 0.232448,
        "nauc_recall_at_20_diff1": 0.266957,
        "nauc_recall_at_100_max": 0.245581,
        "nauc_recall_at_100_std": 0.312973,
        "nauc_recall_at_100_diff1": 0.211508,
        "nauc_recall_at_1000_max": 0.42799,
        "nauc_recall_at_1000_std": 0.520516,
        "nauc_recall_at_1000_diff1": 0.408084,
        "nauc_precision_at_1_max": 0.305303,
        "nauc_precision_at_1_std": 0.139615,
        "nauc_precision_at_1_diff1": 0.416464,
        "nauc_precision_at_3_max": 0.329605,
        "nauc_precision_at_3_std": 0.21901,
        "nauc_precision_at_3_diff1": 0.302373,
        "nauc_precision_at_5_max": 0.323775,
        "nauc_precision_at_5_std": 0.220231,
        "nauc_precision_at_5_diff1": 0.318308,
        "nauc_precision_at_10_max": 0.265026,
        "nauc_precision_at_10_std": 0.178301,
        "nauc_precision_at_10_diff1": 0.222427,
        "nauc_precision_at_20_max": 0.200715,
        "nauc_precision_at_20_std": 0.168738,
        "nauc_precision_at_20_diff1": 0.143792,
        "nauc_precision_at_100_max": 0.08799,
        "nauc_precision_at_100_std": 0.117173,
        "nauc_precision_at_100_diff1": 0.021788,
        "nauc_precision_at_1000_max": 0.050698,
        "nauc_precision_at_1000_std": 0.070884,
        "nauc_precision_at_1000_diff1": -0.018564,
        "nauc_mrr_at_1_max": 0.305303,
        "nauc_mrr_at_1_std": 0.139615,
        "nauc_mrr_at_1_diff1": 0.416464,
        "nauc_mrr_at_3_max": 0.316858,
        "nauc_mrr_at_3_std": 0.180215,
        "nauc_mrr_at_3_diff1": 0.364302,
        "nauc_mrr_at_5_max": 0.316066,
        "nauc_mrr_at_5_std": 0.174288,
        "nauc_mrr_at_5_diff1": 0.374344,
        "nauc_mrr_at_10_max": 0.316825,
        "nauc_mrr_at_10_std": 0.173767,
        "nauc_mrr_at_10_diff1": 0.373729,
        "nauc_mrr_at_20_max": 0.313947,
        "nauc_mrr_at_20_std": 0.17374,
        "nauc_mrr_at_20_diff1": 0.370272,
        "nauc_mrr_at_100_max": 0.313356,
        "nauc_mrr_at_100_std": 0.173789,
        "nauc_mrr_at_100_diff1": 0.370488,
        "nauc_mrr_at_1000_max": 0.313581,
        "nauc_mrr_at_1000_std": 0.17387,
        "nauc_mrr_at_1000_diff1": 0.370813,
        "main_score": 0.52877,
        "hf_subset": "korean",
        "languages": [
          "kor-Kore"
        ]
      }
    ]
  },
  "evaluation_time": 6420.157882452011,
  "kg_co2_emissions": null
}