{
  "dataset_revision": "fc24a3ce8f09746410daee3d5cd823ff7a0675b7",
  "evaluation_time": 15758.073652267456,
  "kg_co2_emissions": null,
  "mteb_version": "1.19.4",
  "scores": {
    "test": [
      {
        "hf_subset": "korean",
        "languages": [
          "kor-Kore"
        ],
        "main_score": 0.52877,
        "map_at_1": 0.34917,
        "map_at_10": 0.46706,
        "map_at_100": 0.47604,
        "map_at_1000": 0.47636,
        "map_at_20": 0.47197,
        "map_at_3": 0.4391,
        "map_at_5": 0.45143,
        "mrr_at_1": 0.37767220902612825,
        "mrr_at_10": 0.49347830185122343,
        "mrr_at_100": 0.5003179443111394,
        "mrr_at_1000": 0.5005908363684997,
        "mrr_at_20": 0.49746038430543127,
        "mrr_at_3": 0.46991290577988926,
        "mrr_at_5": 0.48131433095803655,
        "nauc_map_at_1000_diff1": 0.35159452922876405,
        "nauc_map_at_1000_max": 0.2933510225495975,
        "nauc_map_at_1000_std": 0.15655234071328542,
        "nauc_map_at_100_diff1": 0.35135462350016194,
        "nauc_map_at_100_max": 0.2931871700688513,
        "nauc_map_at_100_std": 0.15653088767109508,
        "nauc_map_at_10_diff1": 0.35298293783124035,
        "nauc_map_at_10_max": 0.2946430155110729,
        "nauc_map_at_10_std": 0.1554238628320712,
        "nauc_map_at_1_diff1": 0.39952097513531726,
        "nauc_map_at_1_max": 0.28310443294341225,
        "nauc_map_at_1_std": 0.11174270301882441,
        "nauc_map_at_20_diff1": 0.35065372123850846,
        "nauc_map_at_20_max": 0.29286040418768033,
        "nauc_map_at_20_std": 0.15621968993533264,
        "nauc_map_at_3_diff1": 0.35035525763761394,
        "nauc_map_at_3_max": 0.2942433675582027,
        "nauc_map_at_3_std": 0.15340354705473352,
        "nauc_map_at_5_diff1": 0.3564998458591775,
        "nauc_map_at_5_max": 0.29450450428040004,
        "nauc_map_at_5_std": 0.15635827772340125,
        "nauc_mrr_at_1000_diff1": 0.37081278081751473,
        "nauc_mrr_at_1000_max": 0.31358131772038333,
        "nauc_mrr_at_1000_std": 0.173869859041972,
        "nauc_mrr_at_100_diff1": 0.37048775784895055,
        "nauc_mrr_at_100_max": 0.3133560463765259,
        "nauc_mrr_at_100_std": 0.17378936217140808,
        "nauc_mrr_at_10_diff1": 0.37372919724000586,
        "nauc_mrr_at_10_max": 0.3168249122844439,
        "nauc_mrr_at_10_std": 0.1737668241296463,
        "nauc_mrr_at_1_diff1": 0.4164640284913696,
        "nauc_mrr_at_1_max": 0.3053029955918928,
        "nauc_mrr_at_1_std": 0.139614777902049,
        "nauc_mrr_at_20_diff1": 0.3702719030948478,
        "nauc_mrr_at_20_max": 0.3139466229592053,
        "nauc_mrr_at_20_std": 0.17374029768386537,
        "nauc_mrr_at_3_diff1": 0.3643024059691536,
        "nauc_mrr_at_3_max": 0.31685793544673635,
        "nauc_mrr_at_3_std": 0.18021454208347543,
        "nauc_mrr_at_5_diff1": 0.3743438414059076,
        "nauc_mrr_at_5_max": 0.3160663712710881,
        "nauc_mrr_at_5_std": 0.1742876218746978,
        "nauc_ndcg_at_1000_diff1": 0.3509610363029608,
        "nauc_ndcg_at_1000_max": 0.3038698080687019,
        "nauc_ndcg_at_1000_std": 0.17682837434987447,
        "nauc_ndcg_at_100_diff1": 0.3426920404078895,
        "nauc_ndcg_at_100_max": 0.29853443276775044,
        "nauc_ndcg_at_100_std": 0.17719600663478413,
        "nauc_ndcg_at_10_diff1": 0.3504725576888753,
        "nauc_ndcg_at_10_max": 0.30796980063919227,
        "nauc_ndcg_at_10_std": 0.17240955500640734,
        "nauc_ndcg_at_1_diff1": 0.4164640284913696,
        "nauc_ndcg_at_1_max": 0.3053029955918928,
        "nauc_ndcg_at_1_std": 0.139614777902049,
        "nauc_ndcg_at_20_diff1": 0.3417554990631716,
        "nauc_ndcg_at_20_max": 0.3011309322625806,
        "nauc_ndcg_at_20_std": 0.17512377335026105,
        "nauc_ndcg_at_3_diff1": 0.3426012622485198,
        "nauc_ndcg_at_3_max": 0.3065766498363075,
        "nauc_ndcg_at_3_std": 0.17298978991080857,
        "nauc_ndcg_at_5_diff1": 0.3559184262752043,
        "nauc_ndcg_at_5_max": 0.3065662492821051,
        "nauc_ndcg_at_5_std": 0.17306806837418015,
        "nauc_precision_at_1000_diff1": -0.018564106784191587,
        "nauc_precision_at_1000_max": 0.05069824786767223,
        "nauc_precision_at_1000_std": 0.07088435598406208,
        "nauc_precision_at_100_diff1": 0.021787558199151093,
        "nauc_precision_at_100_max": 0.08798976218503793,
        "nauc_precision_at_100_std": 0.11717271772508196,
        "nauc_precision_at_10_diff1": 0.22242723366799524,
        "nauc_precision_at_10_max": 0.2650261328739618,
        "nauc_precision_at_10_std": 0.17830127753303943,
        "nauc_precision_at_1_diff1": 0.4164640284913696,
        "nauc_precision_at_1_max": 0.3053029955918928,
        "nauc_precision_at_1_std": 0.139614777902049,
        "nauc_precision_at_20_diff1": 0.14379218215003164,
        "nauc_precision_at_20_max": 0.2007146705369895,
        "nauc_precision_at_20_std": 0.16873847049962112,
        "nauc_precision_at_3_diff1": 0.30237337077540904,
        "nauc_precision_at_3_max": 0.32960480137299625,
        "nauc_precision_at_3_std": 0.21900953203517579,
        "nauc_precision_at_5_diff1": 0.31830807697094476,
        "nauc_precision_at_5_max": 0.32377527941214673,
        "nauc_precision_at_5_std": 0.22023081005719566,
        "nauc_recall_at_1000_diff1": 0.4080842443883318,
        "nauc_recall_at_1000_max": 0.4279897557390411,
        "nauc_recall_at_1000_std": 0.5205164184089071,
        "nauc_recall_at_100_diff1": 0.21150817061450922,
        "nauc_recall_at_100_max": 0.24558122864310847,
        "nauc_recall_at_100_std": 0.31297332981382747,
        "nauc_recall_at_10_diff1": 0.3099356523371667,
        "nauc_recall_at_10_max": 0.3212431729034941,
        "nauc_recall_at_10_std": 0.2088569211424609,
        "nauc_recall_at_1_diff1": 0.39952097513531726,
        "nauc_recall_at_1_max": 0.28310443294341225,
        "nauc_recall_at_1_std": 0.11174270301882441,
        "nauc_recall_at_20_diff1": 0.2669571566077889,
        "nauc_recall_at_20_max": 0.29451938489866986,
        "nauc_recall_at_20_std": 0.23244804522019819,
        "nauc_recall_at_3_diff1": 0.29743384251464644,
        "nauc_recall_at_3_max": 0.31274945290783196,
        "nauc_recall_at_3_std": 0.20077907888230528,
        "nauc_recall_at_5_diff1": 0.3294058068556948,
        "nauc_recall_at_5_max": 0.31355500993302904,
        "nauc_recall_at_5_std": 0.20196346725135705,
        "ndcg_at_1": 0.37767,
        "ndcg_at_10": 0.52877,
        "ndcg_at_100": 0.57106,
        "ndcg_at_1000": 0.58064,
        "ndcg_at_20": 0.54516,
        "ndcg_at_3": 0.47401,
        "ndcg_at_5": 0.49453,
        "precision_at_1": 0.37767,
        "precision_at_10": 0.07767,
        "precision_at_100": 0.01033,
        "precision_at_1000": 0.00112,
        "precision_at_20": 0.04287,
        "precision_at_3": 0.19794,
        "precision_at_5": 0.13017,
        "recall_at_1": 0.34917,
        "recall_at_10": 0.6924,
        "recall_at_100": 0.88282,
        "recall_at_1000": 0.95962,
        "recall_at_20": 0.75297,
        "recall_at_3": 0.54592,
        "recall_at_5": 0.59184
      }
    ]
  },
  "task_name": "MrTidyRetrieval"
}