{
  "dataset_revision": "d67138e705d963e346253a80e59676ddb418810a",
  "evaluation_time": 156.01362895965576,
  "kg_co2_emissions": null,
  "mteb_version": "1.19.4",
  "scores": {
    "dev": [
      {
        "hf_subset": "ko",
        "languages": [
          "kor-Hang"
        ],
        "main_score": 0.27973,
        "map_at_1": 0.195,
        "map_at_10": 0.24843,
        "map_at_100": 0.25742,
        "map_at_1000": 0.2584,
        "map_at_20": 0.25311,
        "map_at_3": 0.23167,
        "map_at_5": 0.24192,
        "mrr_at_1": 0.195,
        "mrr_at_10": 0.24843055555555552,
        "mrr_at_100": 0.25742438448832583,
        "mrr_at_1000": 0.2584015199014167,
        "mrr_at_20": 0.2531069340016709,
        "mrr_at_3": 0.2316666666666667,
        "mrr_at_5": 0.24191666666666667,
        "nauc_map_at_1000_diff1": 0.37031347443432666,
        "nauc_map_at_1000_max": 0.2622894003441827,
        "nauc_map_at_1000_std": 0.013574527284489435,
        "nauc_map_at_100_diff1": 0.3700960181079339,
        "nauc_map_at_100_max": 0.2624294930320296,
        "nauc_map_at_100_std": 0.014387284984817918,
        "nauc_map_at_10_diff1": 0.37487007427582286,
        "nauc_map_at_10_max": 0.2596346953674767,
        "nauc_map_at_10_std": 0.0011087064876853859,
        "nauc_map_at_1_diff1": 0.4043965637946514,
        "nauc_map_at_1_max": 0.2943012692215825,
        "nauc_map_at_1_std": -0.007264460972054072,
        "nauc_map_at_20_diff1": 0.37227605205579717,
        "nauc_map_at_20_max": 0.2617885226011628,
        "nauc_map_at_20_std": 0.009761427845345803,
        "nauc_map_at_3_diff1": 0.3926946162680841,
        "nauc_map_at_3_max": 0.262287901437037,
        "nauc_map_at_3_std": -0.008466116434885087,
        "nauc_map_at_5_diff1": 0.37943573073662135,
        "nauc_map_at_5_max": 0.2675365688661934,
        "nauc_map_at_5_std": 0.007650126294619136,
        "nauc_mrr_at_1000_diff1": 0.37031347443432666,
        "nauc_mrr_at_1000_max": 0.2622894003441827,
        "nauc_mrr_at_1000_std": 0.013574527284489435,
        "nauc_mrr_at_100_diff1": 0.3700960181079339,
        "nauc_mrr_at_100_max": 0.2624294930320296,
        "nauc_mrr_at_100_std": 0.014387284984817918,
        "nauc_mrr_at_10_diff1": 0.37487007427582286,
        "nauc_mrr_at_10_max": 0.2596346953674767,
        "nauc_mrr_at_10_std": 0.0011087064876853859,
        "nauc_mrr_at_1_diff1": 0.4043965637946514,
        "nauc_mrr_at_1_max": 0.2943012692215825,
        "nauc_mrr_at_1_std": -0.007264460972054072,
        "nauc_mrr_at_20_diff1": 0.37227605205579717,
        "nauc_mrr_at_20_max": 0.2617885226011628,
        "nauc_mrr_at_20_std": 0.009761427845345803,
        "nauc_mrr_at_3_diff1": 0.3926946162680841,
        "nauc_mrr_at_3_max": 0.262287901437037,
        "nauc_mrr_at_3_std": -0.008466116434885087,
        "nauc_mrr_at_5_diff1": 0.37943573073662135,
        "nauc_mrr_at_5_max": 0.2675365688661934,
        "nauc_mrr_at_5_std": 0.007650126294619136,
        "nauc_ndcg_at_1000_diff1": 0.34473693918340026,
        "nauc_ndcg_at_1000_max": 0.26152522423937735,
        "nauc_ndcg_at_1000_std": 0.05348864560421092,
        "nauc_ndcg_at_100_diff1": 0.33551532170894127,
        "nauc_ndcg_at_100_max": 0.261071278946091,
        "nauc_ndcg_at_100_std": 0.07134924854819213,
        "nauc_ndcg_at_10_diff1": 0.3603914540915809,
        "nauc_ndcg_at_10_max": 0.24699310480834577,
        "nauc_ndcg_at_10_std": 0.0051495493067397966,
        "nauc_ndcg_at_1_diff1": 0.4043965637946514,
        "nauc_ndcg_at_1_max": 0.2943012692215825,
        "nauc_ndcg_at_1_std": -0.007264460972054072,
        "nauc_ndcg_at_20_diff1": 0.3506191349557638,
        "nauc_ndcg_at_20_max": 0.25338465815346495,
        "nauc_ndcg_at_20_std": 0.03777487888250446,
        "nauc_ndcg_at_3_diff1": 0.39259849910667133,
        "nauc_ndcg_at_3_max": 0.25729722647928605,
        "nauc_ndcg_at_3_std": -0.006994806000349935,
        "nauc_ndcg_at_5_diff1": 0.36957000381323657,
        "nauc_ndcg_at_5_max": 0.26672553727809484,
        "nauc_ndcg_at_5_std": 0.019961780151738107,
        "nauc_precision_at_1000_diff1": 0.15944161629016781,
        "nauc_precision_at_1000_max": 0.3266186764237976,
        "nauc_precision_at_1000_std": 0.4211541520839966,
        "nauc_precision_at_100_diff1": 0.18989474005137313,
        "nauc_precision_at_100_max": 0.27414843100938263,
        "nauc_precision_at_100_std": 0.33297509889557114,
        "nauc_precision_at_10_diff1": 0.32048449562030523,
        "nauc_precision_at_10_max": 0.20979648064876646,
        "nauc_precision_at_10_std": 0.013567956748889061,
        "nauc_precision_at_1_diff1": 0.4043965637946514,
        "nauc_precision_at_1_max": 0.2943012692215825,
        "nauc_precision_at_1_std": -0.007264460972054072,
        "nauc_precision_at_20_diff1": 0.2840764748248545,
        "nauc_precision_at_20_max": 0.23000720225234061,
        "nauc_precision_at_20_std": 0.13421069861847706,
        "nauc_precision_at_3_diff1": 0.393299122570101,
        "nauc_precision_at_3_max": 0.24547261407627474,
        "nauc_precision_at_3_std": -0.0026177466602957254,
        "nauc_precision_at_5_diff1": 0.34252639426981407,
        "nauc_precision_at_5_max": 0.26717125321191304,
        "nauc_precision_at_5_std": 0.05449268416077547,
        "nauc_recall_at_1000_diff1": 0.15944161629016776,
        "nauc_recall_at_1000_max": 0.32661867642379955,
        "nauc_recall_at_1000_std": 0.4211541520839954,
        "nauc_recall_at_100_diff1": 0.18989474005137233,
        "nauc_recall_at_100_max": 0.2741484310093828,
        "nauc_recall_at_100_std": 0.33297509889557103,
        "nauc_recall_at_10_diff1": 0.320484495620305,
        "nauc_recall_at_10_max": 0.20979648064876663,
        "nauc_recall_at_10_std": 0.013567956748888922,
        "nauc_recall_at_1_diff1": 0.4043965637946514,
        "nauc_recall_at_1_max": 0.2943012692215825,
        "nauc_recall_at_1_std": -0.007264460972054072,
        "nauc_recall_at_20_diff1": 0.2840764748248544,
        "nauc_recall_at_20_max": 0.23000720225234056,
        "nauc_recall_at_20_std": 0.13421069861847698,
        "nauc_recall_at_3_diff1": 0.3932991225701008,
        "nauc_recall_at_3_max": 0.24547261407627485,
        "nauc_recall_at_3_std": -0.002617746660295337,
        "nauc_recall_at_5_diff1": 0.34252639426981396,
        "nauc_recall_at_5_max": 0.26717125321191293,
        "nauc_recall_at_5_std": 0.054492684160775344,
        "ndcg_at_1": 0.195,
        "ndcg_at_10": 0.27973,
        "ndcg_at_100": 0.32804,
        "ndcg_at_1000": 0.36022,
        "ndcg_at_20": 0.29721,
        "ndcg_at_3": 0.24524,
        "ndcg_at_5": 0.26374,
        "precision_at_1": 0.195,
        "precision_at_10": 0.038,
        "precision_at_100": 0.00615,
        "precision_at_1000": 0.00088,
        "precision_at_20": 0.0225,
        "precision_at_3": 0.095,
        "precision_at_5": 0.066,
        "recall_at_1": 0.195,
        "recall_at_10": 0.38,
        "recall_at_100": 0.615,
        "recall_at_1000": 0.88,
        "recall_at_20": 0.45,
        "recall_at_3": 0.285,
        "recall_at_5": 0.33
      }
    ],
    "test": [
      {
        "hf_subset": "ko",
        "languages": [
          "kor-Hang"
        ],
        "main_score": 0.25519,
        "map_at_1": 0.185,
        "map_at_10": 0.22778,
        "map_at_100": 0.23672,
        "map_at_1000": 0.23741,
        "map_at_20": 0.23146,
        "map_at_3": 0.2125,
        "map_at_5": 0.2195,
        "mrr_at_1": 0.185,
        "mrr_at_10": 0.2277757936507937,
        "mrr_at_100": 0.23671519344932127,
        "mrr_at_1000": 0.23740747825554465,
        "mrr_at_20": 0.23145719762263883,
        "mrr_at_3": 0.2125,
        "mrr_at_5": 0.2195,
        "nauc_map_at_1000_diff1": 0.5869585562951857,
        "nauc_map_at_1000_max": 0.5011097999591789,
        "nauc_map_at_1000_std": 0.01990522057034222,
        "nauc_map_at_100_diff1": 0.586789824608114,
        "nauc_map_at_100_max": 0.501131079804156,