{
  "dataset_revision": "d67138e705d963e346253a80e59676ddb418810a",
  "task_name": "MultiLongDocRetrieval",
  "mteb_version": "1.31.1",
  "scores": {
    "dev": [
      {
        "ndcg_at_1": 0.195,
        "ndcg_at_3": 0.24524,
        "ndcg_at_5": 0.26374,
        "ndcg_at_10": 0.27828,
        "ndcg_at_20": 0.2971,
        "ndcg_at_100": 0.32793,
        "ndcg_at_1000": 0.36011,
        "map_at_1": 0.195,
        "map_at_3": 0.23167,
        "map_at_5": 0.24192,
        "map_at_10": 0.24793,
        "map_at_20": 0.25301,
        "map_at_100": 0.25733,
        "map_at_1000": 0.25831,
        "recall_at_1": 0.195,
        "recall_at_3": 0.285,
        "recall_at_5": 0.33,
        "recall_at_10": 0.375,
        "recall_at_20": 0.45,
        "recall_at_100": 0.615,
        "recall_at_1000": 0.88,
        "precision_at_1": 0.195,
        "precision_at_3": 0.095,
        "precision_at_5": 0.066,
        "precision_at_10": 0.0375,
        "precision_at_20": 0.0225,
        "precision_at_100": 0.00615,
        "precision_at_1000": 0.00088,
        "mrr_at_1": 0.195,
        "mrr_at_3": 0.231667,
        "mrr_at_5": 0.241917,
        "mrr_at_10": 0.247931,
        "mrr_at_20": 0.253014,
        "mrr_at_100": 0.257328,
        "mrr_at_1000": 0.258307,
        "nauc_ndcg_at_1_max": 0.294301,
        "nauc_ndcg_at_1_std": -0.007264,
        "nauc_ndcg_at_1_diff1": 0.404397,
        "nauc_ndcg_at_3_max": 0.257297,
        "nauc_ndcg_at_3_std": -0.006995,
        "nauc_ndcg_at_3_diff1": 0.388653,
        "nauc_ndcg_at_5_max": 0.267319,
        "nauc_ndcg_at_5_std": 0.019962,
        "nauc_ndcg_at_5_diff1": 0.365695,
        "nauc_ndcg_at_10_max": 0.247003,
        "nauc_ndcg_at_10_std": 0.002622,
        "nauc_ndcg_at_10_diff1": 0.357376,
        "nauc_ndcg_at_20_max": 0.255155,
        "nauc_ndcg_at_20_std": 0.037645,
        "nauc_ndcg_at_20_diff1": 0.346917,
        "nauc_ndcg_at_100_max": 0.262894,
        "nauc_ndcg_at_100_std": 0.071183,
        "nauc_ndcg_at_100_diff1": 0.331703,
        "nauc_ndcg_at_1000_max": 0.262572,
        "nauc_ndcg_at_1000_std": 0.053291,
        "nauc_ndcg_at_1000_diff1": 0.340716,
        "nauc_map_at_1_max": 0.294301,
        "nauc_map_at_1_std": -0.007264,
        "nauc_map_at_1_diff1": 0.404397,
        "nauc_map_at_3_max": 0.262288,
        "nauc_map_at_3_std": -0.008466,
        "nauc_map_at_3_diff1": 0.389486,
        "nauc_map_at_5_max": 0.267854,
        "nauc_map_at_5_std": 0.00765,
        "nauc_map_at_5_diff1": 0.376261,
        "nauc_map_at_10_max": 0.259746,
        "nauc_map_at_10_std": 0.0002,
        "nauc_map_at_10_diff1": 0.372007,
        "nauc_map_at_20_max": 0.26245,
        "nauc_map_at_20_std": 0.009645,
        "nauc_map_at_20_diff1": 0.369236,
        "nauc_map_at_100_max": 0.263094,
        "nauc_map_at_100_std": 0.014259,
        "nauc_map_at_100_diff1": 0.367043,
        "nauc_map_at_1000_max": 0.262916,
        "nauc_map_at_1000_std": 0.013442,
        "nauc_map_at_1000_diff1": 0.367273,
        "nauc_recall_at_1_max": 0.294301,
        "nauc_recall_at_1_std": -0.007264,
        "nauc_recall_at_1_diff1": 0.404397,
        "nauc_recall_at_3_max": 0.245473,
        "nauc_recall_at_3_std": -0.002618,
        "nauc_recall_at_3_diff1": 0.387482,
        "nauc_recall_at_5_max": 0.268569,
        "nauc_recall_at_5_std": 0.054493,
        "nauc_recall_at_5_diff1": 0.336935,
        "nauc_recall_at_10_max": 0.209275,
        "nauc_recall_at_10_std": 0.005738,
        "nauc_recall_at_10_diff1": 0.317492,
        "nauc_recall_at_20_max": 0.235507,
        "nauc_recall_at_20_std": 0.134211,
        "nauc_recall_at_20_diff1": 0.278577,
        "nauc_recall_at_100_max": 0.280551,
        "nauc_recall_at_100_std": 0.332975,
        "nauc_recall_at_100_diff1": 0.183492,
        "nauc_recall_at_1000_max": 0.326619,
        "nauc_recall_at_1000_std": 0.421154,
        "nauc_recall_at_1000_diff1": 0.142738,
        "nauc_precision_at_1_max": 0.294301,
        "nauc_precision_at_1_std": -0.007264,
        "nauc_precision_at_1_diff1": 0.404397,
        "nauc_precision_at_3_max": 0.245473,
        "nauc_precision_at_3_std": -0.002618,
        "nauc_precision_at_3_diff1": 0.387482,
        "nauc_precision_at_5_max": 0.268569,
        "nauc_precision_at_5_std": 0.054493,
        "nauc_precision_at_5_diff1": 0.336935,
        "nauc_precision_at_10_max": 0.209275,
        "nauc_precision_at_10_std": 0.005738,
        "nauc_precision_at_10_diff1": 0.317492,
        "nauc_precision_at_20_max": 0.235507,
        "nauc_precision_at_20_std": 0.134211,
        "nauc_precision_at_20_diff1": 0.278577,
        "nauc_precision_at_100_max": 0.280551,
        "nauc_precision_at_100_std": 0.332975,
        "nauc_precision_at_100_diff1": 0.183492,
        "nauc_precision_at_1000_max": 0.326619,
        "nauc_precision_at_1000_std": 0.421154,
        "nauc_precision_at_1000_diff1": 0.142738,
        "nauc_mrr_at_1_max": 0.294301,
        "nauc_mrr_at_1_std": -0.007264,
        "nauc_mrr_at_1_diff1": 0.404397,
        "nauc_mrr_at_3_max": 0.262288,
        "nauc_mrr_at_3_std": -0.008466,
        "nauc_mrr_at_3_diff1": 0.389486,
        "nauc_mrr_at_5_max": 0.267854,
        "nauc_mrr_at_5_std": 0.00765,
        "nauc_mrr_at_5_diff1": 0.376261,
        "nauc_mrr_at_10_max": 0.259746,
        "nauc_mrr_at_10_std": 0.0002,
        "nauc_mrr_at_10_diff1": 0.372007,
        "nauc_mrr_at_20_max": 0.26245,
        "nauc_mrr_at_20_std": 0.009645,
        "nauc_mrr_at_20_diff1": 0.369236,
        "nauc_mrr_at_100_max": 0.263094,
        "nauc_mrr_at_100_std": 0.014259,
        "nauc_mrr_at_100_diff1": 0.367043,
        "nauc_mrr_at_1000_max": 0.262916,
        "nauc_mrr_at_1000_std": 0.013442,
        "nauc_mrr_at_1000_diff1": 0.367273,
        "main_score": 0.27828,
        "hf_subset": "ko",
        "languages": [
          "kor-Hang"
        ]
      }
    ],
    "test": [
      {
        "ndcg_at_1": 0.185,
        "ndcg_at_3": 0.22208,
        "ndcg_at_5": 0.23456,
        "ndcg_at_10": 0.25525,
        "ndcg_at_20": 0.26901,
        "ndcg_at_100": 0.30905,
        "ndcg_at_1000": 0.33338,
        "map_at_1": 0.185,
        "map_at_3": 0.2125,
        "map_at_5": 0.2195,
        "map_at_10": 0.22783,
        "map_at_20": 0.23153,
        "map_at_100": 0.23678,
        "map_at_1000": 0.23748,
        "recall_at_1": 0.185,
        "recall_at_3": 0.25,
        "recall_at_5": 0.28,
        "recall_at_10": 0.345,
        "recall_at_20": 0.4,
        "recall_at_100": 0.62,
        "recall_at_1000": 0.825,
        "precision_at_1": 0.185,
        "precision_at_3": 0.08333,
        "precision_at_5": 0.056,
        "precision_at_10": 0.0345,
        "precision_at_20": 0.02,
        "precision_at_100": 0.0062,
        "precision_at_1000": 0.00083,
        "mrr_at_1": 0.185,
        "mrr_at_3": 0.2125,
        "mrr_at_5": 0.2195,
        "mrr_at_10": 0.227831,
        "mrr_at_20": 0.231529,
        "mrr_at_100": 0.236783,
        "mrr_at_1000": 0.237475,
        "nauc_ndcg_at_1_max": 0.562118,
        "nauc_ndcg_at_1_std": -0.018364,
        "nauc_ndcg_at_1_diff1": 0.656496,
        "nauc_ndcg_at_3_max": 0.498377,
        "nauc_ndcg_at_3_std": -0.001383,
        "nauc_ndcg_at_3_diff1": 0.590454,
        "nauc_ndcg_at_5_max": 0.486583,
        "nauc_ndcg_at_5_std": 0.008217,
        "nauc_ndcg_at_5_diff1": 0.573937,
        "nauc_ndcg_at_10_max": 0.479126,
        "nauc_ndcg_at_10_std": 0.039831,
        "nauc_ndcg_at_10_diff1": 0.580212,
        "nauc_ndcg_at_20_max": 0.476771,
        "nauc_ndcg_at_20_std": 0.050964,
        "nauc_ndcg_at_20_diff1": 0.577482,
        "nauc_ndcg_at_100_max": 0.482003,
        "nauc_ndcg_at_100_std": 0.083793,
        "nauc_ndcg_at_100_diff1": 0.550481,
        "nauc_ndcg_at_1000_max": 0.483082,
        "nauc_ndcg_at_1000_std": 0.078437,
        "nauc_ndcg_at_1000_diff1": 0.552558,
        "nauc_map_at_1_max": 0.562118,
        "nauc_map_at_1_std": -0.018364,
        "nauc_map_at_1_diff1": 0.656496,