{
  "dataset_revision": "main",
  "task_name": "PublicHealthQA",
  "mteb_version": "1.31.1",
  "scores": {
    "test": [
      {
        "ndcg_at_1": 0.72727,
        "ndcg_at_3": 0.83178,
        "ndcg_at_5": 0.83738,
        "ndcg_at_10": 0.84967,
        "ndcg_at_20": 0.85329,
        "ndcg_at_100": 0.85854,
        "ndcg_at_1000": 0.85854,
        "map_at_1": 0.72727,
        "map_at_3": 0.80519,
        "map_at_5": 0.80844,
        "map_at_10": 0.81335,
        "map_at_20": 0.81453,
        "map_at_100": 0.8154,
        "map_at_1000": 0.8154,
        "recall_at_1": 0.72727,
        "recall_at_3": 0.90909,
        "recall_at_5": 0.92208,
        "recall_at_10": 0.96104,
        "recall_at_20": 0.97403,
        "recall_at_100": 1.0,
        "recall_at_1000": 1.0,
        "precision_at_1": 0.72727,
        "precision_at_3": 0.30303,
        "precision_at_5": 0.18442,
        "precision_at_10": 0.0961,
        "precision_at_20": 0.0487,
        "precision_at_100": 0.01,
        "precision_at_1000": 0.001,
        "mrr_at_1": 0.727273,
        "mrr_at_3": 0.805195,
        "mrr_at_5": 0.808442,
        "mrr_at_10": 0.813348,
        "mrr_at_20": 0.814528,
        "mrr_at_100": 0.815398,
        "mrr_at_1000": 0.815398,
        "nauc_ndcg_at_1_max": 0.257866,
        "nauc_ndcg_at_1_std": -0.17339,
        "nauc_ndcg_at_1_diff1": 0.850293,
        "nauc_ndcg_at_3_max": 0.278951,
        "nauc_ndcg_at_3_std": -0.273275,
        "nauc_ndcg_at_3_diff1": 0.80889,
        "nauc_ndcg_at_5_max": 0.268603,
        "nauc_ndcg_at_5_std": -0.239853,
        "nauc_ndcg_at_5_diff1": 0.812126,
        "nauc_ndcg_at_10_max": 0.256535,
        "nauc_ndcg_at_10_std": -0.168017,
        "nauc_ndcg_at_10_diff1": 0.802863,
        "nauc_ndcg_at_20_max": 0.260094,
        "nauc_ndcg_at_20_std": -0.157345,
        "nauc_ndcg_at_20_diff1": 0.801072,
        "nauc_ndcg_at_100_max": 0.274967,
        "nauc_ndcg_at_100_std": -0.180437,
        "nauc_ndcg_at_100_diff1": 0.815284,
        "nauc_ndcg_at_1000_max": 0.274967,
        "nauc_ndcg_at_1000_std": -0.180437,
        "nauc_ndcg_at_1000_diff1": 0.815284,
        "nauc_map_at_1_max": 0.257866,
        "nauc_map_at_1_std": -0.17339,
        "nauc_map_at_1_diff1": 0.850293,
        "nauc_map_at_3_max": 0.283225,
        "nauc_map_at_3_std": -0.223717,
        "nauc_map_at_3_diff1": 0.820292,
        "nauc_map_at_5_max": 0.278138,
        "nauc_map_at_5_std": -0.206101,
        "nauc_map_at_5_diff1": 0.822122,
        "nauc_map_at_10_max": 0.274481,
        "nauc_map_at_10_std": -0.181034,
        "nauc_map_at_10_diff1": 0.819079,
        "nauc_map_at_20_max": 0.275531,
        "nauc_map_at_20_std": -0.178356,
        "nauc_map_at_20_diff1": 0.818729,
        "nauc_map_at_100_max": 0.277778,
        "nauc_map_at_100_std": -0.181263,
        "nauc_map_at_100_diff1": 0.820657,
        "nauc_map_at_1000_max": 0.277778,
        "nauc_map_at_1000_std": -0.181263,
        "nauc_map_at_1000_diff1": 0.820657,
        "nauc_recall_at_1_max": 0.257866,
        "nauc_recall_at_1_std": -0.17339,
        "nauc_recall_at_1_diff1": 0.850293,
        "nauc_recall_at_3_max": 0.246039,
        "nauc_recall_at_3_std": -0.564697,
        "nauc_recall_at_3_diff1": 0.746669,
        "nauc_recall_at_5_max": 0.194572,
        "nauc_recall_at_5_std": -0.464752,
        "nauc_recall_at_5_diff1": 0.75068,
        "nauc_recall_at_10_max": -0.012909,
        "nauc_recall_at_10_std": 0.090991,
        "nauc_recall_at_10_diff1": 0.593825,
        "nauc_recall_at_20_max": -0.082183,
        "nauc_recall_at_20_std": 0.416709,
        "nauc_recall_at_20_diff1": 0.456381,
        "nauc_recall_at_100_max": NaN,
        "nauc_recall_at_100_std": NaN,
        "nauc_recall_at_100_diff1": NaN,
        "nauc_recall_at_1000_max": NaN,
        "nauc_recall_at_1000_std": NaN,
        "nauc_recall_at_1000_diff1": NaN,
        "nauc_precision_at_1_max": 0.257866,
        "nauc_precision_at_1_std": -0.17339,
        "nauc_precision_at_1_diff1": 0.850293,
        "nauc_precision_at_3_max": 0.246039,
        "nauc_precision_at_3_std": -0.564697,
        "nauc_precision_at_3_diff1": 0.746669,
        "nauc_precision_at_5_max": 0.194572,
        "nauc_precision_at_5_std": -0.464752,
        "nauc_precision_at_5_diff1": 0.75068,
        "nauc_precision_at_10_max": -0.012909,
        "nauc_precision_at_10_std": 0.090991,
        "nauc_precision_at_10_diff1": 0.593825,
        "nauc_precision_at_20_max": -0.082183,
        "nauc_precision_at_20_std": 0.416709,
        "nauc_precision_at_20_diff1": 0.456381,
        "nauc_precision_at_100_max": 1.0,
        "nauc_precision_at_100_std": 1.0,
        "nauc_precision_at_100_diff1": 1.0,
        "nauc_precision_at_1000_max": NaN,
        "nauc_precision_at_1000_std": NaN,
        "nauc_precision_at_1000_diff1": NaN,
        "nauc_mrr_at_1_max": 0.257866,
        "nauc_mrr_at_1_std": -0.17339,
        "nauc_mrr_at_1_diff1": 0.850293,
        "nauc_mrr_at_3_max": 0.283225,
        "nauc_mrr_at_3_std": -0.223717,
        "nauc_mrr_at_3_diff1": 0.820292,
        "nauc_mrr_at_5_max": 0.278138,
        "nauc_mrr_at_5_std": -0.206101,
        "nauc_mrr_at_5_diff1": 0.822122,
        "nauc_mrr_at_10_max": 0.274481,
        "nauc_mrr_at_10_std": -0.181034,
        "nauc_mrr_at_10_diff1": 0.819079,
        "nauc_mrr_at_20_max": 0.275531,
        "nauc_mrr_at_20_std": -0.178356,
        "nauc_mrr_at_20_diff1": 0.818729,
        "nauc_mrr_at_100_max": 0.277778,
        "nauc_mrr_at_100_std": -0.181263,
        "nauc_mrr_at_100_diff1": 0.820657,
        "nauc_mrr_at_1000_max": 0.277778,
        "nauc_mrr_at_1000_std": -0.181263,
        "nauc_mrr_at_1000_diff1": 0.820657,
        "main_score": 0.84967,
        "hf_subset": "korean",
        "languages": [
          "kor-Hang"
        ]
      }
    ]
  },
  "evaluation_time": 0.5385465621948242,
  "kg_co2_emissions": null
}