{
  "dataset_revision": "main",
  "evaluation_time": 1.2370071411132812,
  "kg_co2_emissions": null,
  "mteb_version": "1.19.4",
  "scores": {
    "test": [
      {
        "hf_subset": "korean",
        "languages": [
          "kor-Hang"
        ],
        "main_score": 0.84967,
        "map_at_1": 0.72727,
        "map_at_10": 0.81335,
        "map_at_100": 0.8154,
        "map_at_1000": 0.8154,
        "map_at_20": 0.81453,
        "map_at_3": 0.80519,
        "map_at_5": 0.80844,
        "mrr_at_1": 0.7272727272727273,
        "mrr_at_10": 0.8133477633477633,
        "mrr_at_100": 0.8153980669402747,
        "mrr_at_1000": 0.8153980669402747,
        "mrr_at_20": 0.8145284008920373,
        "mrr_at_3": 0.8051948051948052,
        "mrr_at_5": 0.8084415584415584,
        "nauc_map_at_1000_diff1": 0.8206571496909262,
        "nauc_map_at_1000_max": 0.27777799731256525,
        "nauc_map_at_1000_std": -0.18126304477876914,
        "nauc_map_at_100_diff1": 0.8206571496909262,
        "nauc_map_at_100_max": 0.27777799731256525,
        "nauc_map_at_100_std": -0.18126304477876914,
        "nauc_map_at_10_diff1": 0.8190794622023716,
        "nauc_map_at_10_max": 0.27448093578803834,
        "nauc_map_at_10_std": -0.18103424295415874,
        "nauc_map_at_1_diff1": 0.8502933860364167,
        "nauc_map_at_1_max": 0.2578662916557108,
        "nauc_map_at_1_std": -0.17339023849413804,
        "nauc_map_at_20_diff1": 0.8187291485858915,
        "nauc_map_at_20_max": 0.2755314745647117,
        "nauc_map_at_20_std": -0.17835635325681093,
        "nauc_map_at_3_diff1": 0.8202919737719437,
        "nauc_map_at_3_max": 0.2832246049725774,
        "nauc_map_at_3_std": -0.2237173829465317,
        "nauc_map_at_5_diff1": 0.822121513194672,
        "nauc_map_at_5_max": 0.27813762918636437,
        "nauc_map_at_5_std": -0.20610079524493233,
        "nauc_mrr_at_1000_diff1": 0.8206571496909262,
        "nauc_mrr_at_1000_max": 0.27777799731256525,
        "nauc_mrr_at_1000_std": -0.18126304477876914,
        "nauc_mrr_at_100_diff1": 0.8206571496909262,
        "nauc_mrr_at_100_max": 0.27777799731256525,
        "nauc_mrr_at_100_std": -0.18126304477876914,
        "nauc_mrr_at_10_diff1": 0.8190794622023716,
        "nauc_mrr_at_10_max": 0.27448093578803834,
        "nauc_mrr_at_10_std": -0.18103424295415874,
        "nauc_mrr_at_1_diff1": 0.8502933860364167,
        "nauc_mrr_at_1_max": 0.2578662916557108,
        "nauc_mrr_at_1_std": -0.17339023849413804,
        "nauc_mrr_at_20_diff1": 0.8187291485858915,
        "nauc_mrr_at_20_max": 0.2755314745647117,
        "nauc_mrr_at_20_std": -0.17835635325681093,
        "nauc_mrr_at_3_diff1": 0.8202919737719437,
        "nauc_mrr_at_3_max": 0.2832246049725774,
        "nauc_mrr_at_3_std": -0.2237173829465317,
        "nauc_mrr_at_5_diff1": 0.822121513194672,
        "nauc_mrr_at_5_max": 0.27813762918636437,
        "nauc_mrr_at_5_std": -0.20610079524493233,
        "nauc_ndcg_at_1000_diff1": 0.8152844323746344,
        "nauc_ndcg_at_1000_max": 0.27496694113179954,
        "nauc_ndcg_at_1000_std": -0.18043690881056673,
        "nauc_ndcg_at_100_diff1": 0.8152844323746344,
        "nauc_ndcg_at_100_max": 0.27496694113179954,
        "nauc_ndcg_at_100_std": -0.18043690881056673,
        "nauc_ndcg_at_10_diff1": 0.8028630815222548,
        "nauc_ndcg_at_10_max": 0.25653467116330825,
        "nauc_ndcg_at_10_std": -0.16801671661837783,
        "nauc_ndcg_at_1_diff1": 0.8502933860364167,
        "nauc_ndcg_at_1_max": 0.2578662916557108,
        "nauc_ndcg_at_1_std": -0.17339023849413804,
        "nauc_ndcg_at_20_diff1": 0.801072318229471,
        "nauc_ndcg_at_20_max": 0.2600943671088392,
        "nauc_ndcg_at_20_std": -0.1573447636079357,
        "nauc_ndcg_at_3_diff1": 0.8088899419035144,
        "nauc_ndcg_at_3_max": 0.2789511826471411,
        "nauc_ndcg_at_3_std": -0.27327533046798197,
        "nauc_ndcg_at_5_diff1": 0.8121263422915855,
        "nauc_ndcg_at_5_max": 0.2686030984088624,
        "nauc_ndcg_at_5_std": -0.2398529803942681,
        "nauc_precision_at_1000_diff1": NaN,
        "nauc_precision_at_1000_max": NaN,
        "nauc_precision_at_1000_std": NaN,
        "nauc_precision_at_100_diff1": 1.0,
        "nauc_precision_at_100_max": 1.0,
        "nauc_precision_at_100_std": 1.0,
        "nauc_precision_at_10_diff1": 0.5938250215675132,
        "nauc_precision_at_10_max": -0.012909070638074602,
        "nauc_precision_at_10_std": 0.09099141428707733,
        "nauc_precision_at_1_diff1": 0.8502933860364167,
        "nauc_precision_at_1_max": 0.2578662916557108,
        "nauc_precision_at_1_std": -0.17339023849413804,
        "nauc_precision_at_20_diff1": 0.4563811811151188,
        "nauc_precision_at_20_max": -0.08218269674418595,
        "nauc_precision_at_20_std": 0.4167090338610833,
        "nauc_precision_at_3_diff1": 0.7466686222564458,
        "nauc_precision_at_3_max": 0.2460394253480639,
        "nauc_precision_at_3_std": -0.5646971914957185,
        "nauc_precision_at_5_diff1": 0.7506796183748052,
        "nauc_precision_at_5_max": 0.1945715538625944,
        "nauc_precision_at_5_std": -0.46475249116360745,
        "nauc_recall_at_1000_diff1": NaN,
        "nauc_recall_at_1000_max": NaN,
        "nauc_recall_at_1000_std": NaN,
        "nauc_recall_at_100_diff1": NaN,
        "nauc_recall_at_100_max": NaN,
        "nauc_recall_at_100_std": NaN,
        "nauc_recall_at_10_diff1": 0.5938250215675056,
        "nauc_recall_at_10_max": -0.012909070638077955,
        "nauc_recall_at_10_std": 0.09099141428707062,
        "nauc_recall_at_1_diff1": 0.8502933860364167,
        "nauc_recall_at_1_max": 0.2578662916557108,
        "nauc_recall_at_1_std": -0.17339023849413804,
        "nauc_recall_at_20_diff1": 0.45638118111511516,
        "nauc_recall_at_20_max": -0.08218269674420323,
        "nauc_recall_at_20_std": 0.41670903386108427,
        "nauc_recall_at_3_diff1": 0.7466686222564456,
        "nauc_recall_at_3_max": 0.24603942534806478,
        "nauc_recall_at_3_std": -0.5646971914957211,
        "nauc_recall_at_5_diff1": 0.7506796183748019,
        "nauc_recall_at_5_max": 0.19457155386259348,
        "nauc_recall_at_5_std": -0.4647524911636102,
        "ndcg_at_1": 0.72727,
        "ndcg_at_10": 0.84967,
        "ndcg_at_100": 0.85854,
        "ndcg_at_1000": 0.85854,
        "ndcg_at_20": 0.85329,
        "ndcg_at_3": 0.83178,
        "ndcg_at_5": 0.83738,
        "precision_at_1": 0.72727,
        "precision_at_10": 0.0961,
        "precision_at_100": 0.01,
        "precision_at_1000": 0.001,
        "precision_at_20": 0.0487,
        "precision_at_3": 0.30303,
        "precision_at_5": 0.18442,
        "recall_at_1": 0.72727,
        "recall_at_10": 0.96104,
        "recall_at_100": 1.0,
        "recall_at_1000": 1.0,
        "recall_at_20": 0.97403,
        "recall_at_3": 0.90909,
        "recall_at_5": 0.92208
      }
    ]
  },
  "task_name": "PublicHealthQA"
}