{
  "dataset_revision": "c99d599f0a6ab9b85b065da6f9d94f9cf731679f",
  "task_name": "XPQARetrieval",
  "mteb_version": "1.31.1",
  "scores": {
    "test": [
      {
        "ndcg_at_1": 0.3104,
        "ndcg_at_3": 0.34404,
        "ndcg_at_5": 0.36921,
        "ndcg_at_10": 0.39707,
        "ndcg_at_20": 0.42032,
        "ndcg_at_100": 0.4715,
        "ndcg_at_1000": 0.49425,
        "map_at_1": 0.21888,
        "map_at_3": 0.31243,
        "map_at_5": 0.33255,
        "map_at_10": 0.34644,
        "map_at_20": 0.3543,
        "map_at_100": 0.3624,
        "map_at_1000": 0.36344,
        "recall_at_1": 0.21888,
        "recall_at_3": 0.36942,
        "recall_at_5": 0.43282,
        "recall_at_10": 0.50757,
        "recall_at_20": 0.58723,
        "recall_at_100": 0.83588,
        "recall_at_1000": 1.0,
        "precision_at_1": 0.3104,
        "precision_at_3": 0.19419,
        "precision_at_5": 0.13731,
        "precision_at_10": 0.08135,
        "precision_at_20": 0.04763,
        "precision_at_100": 0.01338,
        "precision_at_1000": 0.00156,
        "mrr_at_1": 0.310398,
        "mrr_at_3": 0.363405,
        "mrr_at_5": 0.37579,
        "mrr_at_10": 0.385928,
        "mrr_at_20": 0.390749,
        "mrr_at_100": 0.396789,
        "mrr_at_1000": 0.397493,
        "nauc_ndcg_at_1_max": 0.14835,
        "nauc_ndcg_at_1_std": -0.332389,
        "nauc_ndcg_at_1_diff1": 0.539064,
        "nauc_ndcg_at_3_max": 0.125339,
        "nauc_ndcg_at_3_std": -0.346821,
        "nauc_ndcg_at_3_diff1": 0.493508,
        "nauc_ndcg_at_5_max": 0.136372,
        "nauc_ndcg_at_5_std": -0.349288,
        "nauc_ndcg_at_5_diff1": 0.487747,
        "nauc_ndcg_at_10_max": 0.138048,
        "nauc_ndcg_at_10_std": -0.362306,
        "nauc_ndcg_at_10_diff1": 0.49347,
        "nauc_ndcg_at_20_max": 0.136638,
        "nauc_ndcg_at_20_std": -0.353198,
        "nauc_ndcg_at_20_diff1": 0.480054,
        "nauc_ndcg_at_100_max": 0.156007,
        "nauc_ndcg_at_100_std": -0.320059,
        "nauc_ndcg_at_100_diff1": 0.475805,
        "nauc_ndcg_at_1000_max": 0.147013,
        "nauc_ndcg_at_1000_std": -0.335962,
        "nauc_ndcg_at_1000_diff1": 0.487097,
        "nauc_map_at_1_max": 0.107197,
        "nauc_map_at_1_std": -0.285113,
        "nauc_map_at_1_diff1": 0.57817,
        "nauc_map_at_3_max": 0.133285,
        "nauc_map_at_3_std": -0.335515,
        "nauc_map_at_3_diff1": 0.499658,
        "nauc_map_at_5_max": 0.141216,
        "nauc_map_at_5_std": -0.343315,
        "nauc_map_at_5_diff1": 0.498311,
        "nauc_map_at_10_max": 0.139938,
        "nauc_map_at_10_std": -0.351586,
        "nauc_map_at_10_diff1": 0.500537,
        "nauc_map_at_20_max": 0.137853,
        "nauc_map_at_20_std": -0.350346,
        "nauc_map_at_20_diff1": 0.496108,
        "nauc_map_at_100_max": 0.140354,
        "nauc_map_at_100_std": -0.345531,
        "nauc_map_at_100_diff1": 0.495437,
        "nauc_map_at_1000_max": 0.140283,
        "nauc_map_at_1000_std": -0.345984,
        "nauc_map_at_1000_diff1": 0.49591,
        "nauc_recall_at_1_max": 0.107197,
        "nauc_recall_at_1_std": -0.285113,
        "nauc_recall_at_1_diff1": 0.57817,
        "nauc_recall_at_3_max": 0.108648,
        "nauc_recall_at_3_std": -0.331291,
        "nauc_recall_at_3_diff1": 0.449002,
        "nauc_recall_at_5_max": 0.129046,
        "nauc_recall_at_5_std": -0.343245,
        "nauc_recall_at_5_diff1": 0.432915,
        "nauc_recall_at_10_max": 0.135658,
        "nauc_recall_at_10_std": -0.376364,
        "nauc_recall_at_10_diff1": 0.447946,
        "nauc_recall_at_20_max": 0.131234,
        "nauc_recall_at_20_std": -0.343869,
        "nauc_recall_at_20_diff1": 0.399512,
        "nauc_recall_at_100_max": 0.294638,
        "nauc_recall_at_100_std": -0.070264,
        "nauc_recall_at_100_diff1": 0.2966,
        "nauc_recall_at_1000_max": NaN,
        "nauc_recall_at_1000_std": NaN,
        "nauc_recall_at_1000_diff1": NaN,
        "nauc_precision_at_1_max": 0.14835,
        "nauc_precision_at_1_std": -0.332389,
        "nauc_precision_at_1_diff1": 0.539064,
        "nauc_precision_at_3_max": 0.141617,
        "nauc_precision_at_3_std": -0.327428,
        "nauc_precision_at_3_diff1": 0.309325,
        "nauc_precision_at_5_max": 0.140835,
        "nauc_precision_at_5_std": -0.317401,
        "nauc_precision_at_5_diff1": 0.282277,
        "nauc_precision_at_10_max": 0.125457,
        "nauc_precision_at_10_std": -0.32603,
        "nauc_precision_at_10_diff1": 0.265978,
        "nauc_precision_at_20_max": 0.105643,
        "nauc_precision_at_20_std": -0.266039,
        "nauc_precision_at_20_diff1": 0.186867,
        "nauc_precision_at_100_max": 0.160974,
        "nauc_precision_at_100_std": -0.034584,
        "nauc_precision_at_100_diff1": 0.039209,
        "nauc_precision_at_1000_max": 0.120067,
        "nauc_precision_at_1000_std": 0.002945,
        "nauc_precision_at_1000_diff1": -0.045769,
        "nauc_mrr_at_1_max": 0.151177,
        "nauc_mrr_at_1_std": -0.331002,
        "nauc_mrr_at_1_diff1": 0.539064,
        "nauc_mrr_at_3_max": 0.132484,
        "nauc_mrr_at_3_std": -0.344721,
        "nauc_mrr_at_3_diff1": 0.509789,
        "nauc_mrr_at_5_max": 0.134318,
        "nauc_mrr_at_5_std": -0.346886,
        "nauc_mrr_at_5_diff1": 0.504376,
        "nauc_mrr_at_10_max": 0.138088,
        "nauc_mrr_at_10_std": -0.349509,
        "nauc_mrr_at_10_diff1": 0.507979,
        "nauc_mrr_at_20_max": 0.140359,
        "nauc_mrr_at_20_std": -0.34535,
        "nauc_mrr_at_20_diff1": 0.506178,
        "nauc_mrr_at_100_max": 0.141226,
        "nauc_mrr_at_100_std": -0.34244,
        "nauc_mrr_at_100_diff1": 0.505479,
        "nauc_mrr_at_1000_max": 0.140755,
        "nauc_mrr_at_1000_std": -0.343096,
        "nauc_mrr_at_1000_diff1": 0.50585,
        "main_score": 0.39707,
        "hf_subset": "kor-kor",
        "languages": [
          "kor-Hang",
          "kor-Hang"
        ]
      },
      {
        "ndcg_at_1": 0.28746,
        "ndcg_at_3": 0.30061,
        "ndcg_at_5": 0.3138,
        "ndcg_at_10": 0.34841,
        "ndcg_at_20": 0.37634,
        "ndcg_at_100": 0.43494,
        "ndcg_at_1000": 0.46327,
        "map_at_1": 0.16119,
        "map_at_3": 0.24874,
        "map_at_5": 0.27052,
        "map_at_10": 0.28896,
        "map_at_20": 0.29894,
        "map_at_100": 0.30908,
        "map_at_1000": 0.31067,
        "recall_at_1": 0.16119,
        "recall_at_3": 0.29924,
        "recall_at_5": 0.3542,
        "recall_at_10": 0.44134,
        "recall_at_20": 0.53196,
        "recall_at_100": 0.8066,
        "recall_at_1000": 0.99694,
        "precision_at_1": 0.28746,
        "precision_at_3": 0.19878,
        "precision_at_5": 0.14495,
        "precision_at_10": 0.09174,
        "precision_at_20": 0.05573,
        "precision_at_100": 0.01619,
        "precision_at_1000": 0.00195,
        "mrr_at_1": 0.287462,
        "mrr_at_3": 0.342253,
        "mrr_at_5": 0.35288,
        "mrr_at_10": 0.365298,
        "mrr_at_20": 0.370983,
        "mrr_at_100": 0.376703,
        "mrr_at_1000": 0.377426,
        "nauc_ndcg_at_1_max": 0.116774,
        "nauc_ndcg_at_1_std": -0.269857,
        "nauc_ndcg_at_1_diff1": 0.437404,
        "nauc_ndcg_at_3_max": 0.070534,
        "nauc_ndcg_at_3_std": -0.296956,
        "nauc_ndcg_at_3_diff1": 0.411457,
        "nauc_ndcg_at_5_max": 0.069792,
        "nauc_ndcg_at_5_std": -0.29157,
        "nauc_ndcg_at_5_diff1": 0.402405,
        "nauc_ndcg_at_10_max": 0.073851,
        "nauc_ndcg_at_10_std": -0.28787,
        "nauc_ndcg_at_10_diff1": 0.390274,
        "nauc_ndcg_at_20_max": 0.087587,
        "nauc_ndcg_at_20_std": -0.280466,
        "nauc_ndcg_at_20_diff1": 0.387418,
        "nauc_ndcg_at_100_max": 0.105979,
        "nauc_ndcg_at_100_std": -0.258185,
        "nauc_ndcg_at_100_diff1": 0.389924,
        "nauc_ndcg_at_1000_max": 0.097048,
        "nauc_ndcg_at_1000_std": -0.26493,
        "nauc_ndcg_at_1000_diff1": 0.393918,
        "nauc_map_at_1_max": 0.115574,