{
  "dataset_revision": "fd7df84ac089bbec763b1c6bb1b56e985df5cc5c",
  "task_name": "AutoRAGRetrieval",
  "mteb_version": "1.31.1",
  "scores": {
    "test": [
      {
        "ndcg_at_1": 0.67544,
        "ndcg_at_3": 0.79031,
        "ndcg_at_5": 0.81637,
        "ndcg_at_10": 0.83008,
        "ndcg_at_20": 0.83656,
        "ndcg_at_100": 0.83656,
        "ndcg_at_1000": 0.83656,
        "map_at_1": 0.67544,
        "map_at_3": 0.76316,
        "map_at_5": 0.77807,
        "map_at_10": 0.78346,
        "map_at_20": 0.78514,
        "map_at_100": 0.78514,
        "map_at_1000": 0.78514,
        "recall_at_1": 0.67544,
        "recall_at_3": 0.86842,
        "recall_at_5": 0.92982,
        "recall_at_10": 0.97368,
        "recall_at_20": 1.0,
        "recall_at_100": 1.0,
        "recall_at_1000": 1.0,
        "precision_at_1": 0.67544,
        "precision_at_3": 0.28947,
        "precision_at_5": 0.18596,
        "precision_at_10": 0.09737,
        "precision_at_20": 0.05,
        "precision_at_100": 0.01,
        "precision_at_1000": 0.001,
        "mrr_at_1": 0.675439,
        "mrr_at_3": 0.763158,
        "mrr_at_5": 0.77807,
        "mrr_at_10": 0.783455,
        "mrr_at_20": 0.785136,
        "mrr_at_100": 0.785136,
        "mrr_at_1000": 0.785136,
        "nauc_ndcg_at_1_max": 0.33617,
        "nauc_ndcg_at_1_std": -0.414109,
        "nauc_ndcg_at_1_diff1": 0.74582,
        "nauc_ndcg_at_3_max": 0.480181,
        "nauc_ndcg_at_3_std": -0.35256,
        "nauc_ndcg_at_3_diff1": 0.757919,
        "nauc_ndcg_at_5_max": 0.460331,
        "nauc_ndcg_at_5_std": -0.373745,
        "nauc_ndcg_at_5_diff1": 0.742006,
        "nauc_ndcg_at_10_max": 0.427014,
        "nauc_ndcg_at_10_std": -0.43143,
        "nauc_ndcg_at_10_diff1": 0.747794,
        "nauc_ndcg_at_20_max": 0.418329,
        "nauc_ndcg_at_20_std": -0.404384,
        "nauc_ndcg_at_20_diff1": 0.747996,
        "nauc_ndcg_at_100_max": 0.418329,
        "nauc_ndcg_at_100_std": -0.404384,
        "nauc_ndcg_at_100_diff1": 0.747996,
        "nauc_ndcg_at_1000_max": 0.418329,
        "nauc_ndcg_at_1000_std": -0.404384,
        "nauc_ndcg_at_1000_diff1": 0.747996,
        "nauc_map_at_1_max": 0.33617,
        "nauc_map_at_1_std": -0.414109,
        "nauc_map_at_1_diff1": 0.74582,
        "nauc_map_at_3_max": 0.435397,
        "nauc_map_at_3_std": -0.378472,
        "nauc_map_at_3_diff1": 0.753987,
        "nauc_map_at_5_max": 0.422803,
        "nauc_map_at_5_std": -0.390116,
        "nauc_map_at_5_diff1": 0.745909,
        "nauc_map_at_10_max": 0.411851,
        "nauc_map_at_10_std": -0.409689,
        "nauc_map_at_10_diff1": 0.748066,
        "nauc_map_at_20_max": 0.409945,
        "nauc_map_at_20_std": -0.404124,
        "nauc_map_at_20_diff1": 0.748091,
        "nauc_map_at_100_max": 0.409945,
        "nauc_map_at_100_std": -0.404124,
        "nauc_map_at_100_diff1": 0.748091,
        "nauc_map_at_1000_max": 0.409945,
        "nauc_map_at_1000_std": -0.404124,
        "nauc_map_at_1000_diff1": 0.748091,
        "nauc_recall_at_1_max": 0.33617,
        "nauc_recall_at_1_std": -0.414109,
        "nauc_recall_at_1_diff1": 0.74582,
        "nauc_recall_at_3_max": 0.690557,
        "nauc_recall_at_3_std": -0.226181,
        "nauc_recall_at_3_diff1": 0.77651,
        "nauc_recall_at_5_max": 0.751096,
        "nauc_recall_at_5_std": -0.243812,
        "nauc_recall_at_5_diff1": 0.70643,
        "nauc_recall_at_10_max": 0.61488,
        "nauc_recall_at_10_std": -1.024258,
        "nauc_recall_at_10_diff1": 0.742439,
        "nauc_recall_at_20_max": NaN,
        "nauc_recall_at_20_std": NaN,
        "nauc_recall_at_20_diff1": NaN,
        "nauc_recall_at_100_max": NaN,
        "nauc_recall_at_100_std": NaN,
        "nauc_recall_at_100_diff1": NaN,
        "nauc_recall_at_1000_max": NaN,
        "nauc_recall_at_1000_std": NaN,
        "nauc_recall_at_1000_diff1": NaN,
        "nauc_precision_at_1_max": 0.33617,
        "nauc_precision_at_1_std": -0.414109,
        "nauc_precision_at_1_diff1": 0.74582,
        "nauc_precision_at_3_max": 0.690557,
        "nauc_precision_at_3_std": -0.226181,
        "nauc_precision_at_3_diff1": 0.77651,
        "nauc_precision_at_5_max": 0.751096,
        "nauc_precision_at_5_std": -0.243812,
        "nauc_precision_at_5_diff1": 0.70643,
        "nauc_precision_at_10_max": 0.61488,
        "nauc_precision_at_10_std": -1.024258,
        "nauc_precision_at_10_diff1": 0.742439,
        "nauc_precision_at_20_max": 1.0,
        "nauc_precision_at_20_std": 1.0,
        "nauc_precision_at_20_diff1": 1.0,
        "nauc_precision_at_100_max": 1.0,
        "nauc_precision_at_100_std": 1.0,
        "nauc_precision_at_100_diff1": 1.0,
        "nauc_precision_at_1000_max": 1.0,
        "nauc_precision_at_1000_std": 1.0,
        "nauc_precision_at_1000_diff1": 1.0,
        "nauc_mrr_at_1_max": 0.33617,
        "nauc_mrr_at_1_std": -0.414109,
        "nauc_mrr_at_1_diff1": 0.74582,
        "nauc_mrr_at_3_max": 0.435397,
        "nauc_mrr_at_3_std": -0.378472,
        "nauc_mrr_at_3_diff1": 0.753987,
        "nauc_mrr_at_5_max": 0.422803,
        "nauc_mrr_at_5_std": -0.390116,
        "nauc_mrr_at_5_diff1": 0.745909,
        "nauc_mrr_at_10_max": 0.411851,
        "nauc_mrr_at_10_std": -0.409689,
        "nauc_mrr_at_10_diff1": 0.748066,
        "nauc_mrr_at_20_max": 0.409945,
        "nauc_mrr_at_20_std": -0.404124,
        "nauc_mrr_at_20_diff1": 0.748091,
        "nauc_mrr_at_100_max": 0.409945,
        "nauc_mrr_at_100_std": -0.404124,
        "nauc_mrr_at_100_diff1": 0.748091,
        "nauc_mrr_at_1000_max": 0.409945,
        "nauc_mrr_at_1000_std": -0.404124,
        "nauc_mrr_at_1000_diff1": 0.748091,
        "main_score": 0.83008,
        "hf_subset": "default",
        "languages": [
          "kor-Hang"
        ]
      }
    ]
  },
  "evaluation_time": 17.40170931816101,
  "kg_co2_emissions": null
}