{
  "dataset_revision": "75b399394a9803252cfec289d103de462763db7c",
  "task_name": "BelebeleRetrieval",
  "mteb_version": "1.31.1",
  "scores": {
    "test": [
      {
        "ndcg_at_1": 0.87889,
        "ndcg_at_3": 0.9185,
        "ndcg_at_5": 0.92577,
        "ndcg_at_10": 0.93164,
        "ndcg_at_20": 0.93303,
        "ndcg_at_100": 0.93448,
        "ndcg_at_1000": 0.93539,
        "map_at_1": 0.87889,
        "map_at_3": 0.90944,
        "map_at_5": 0.91344,
        "map_at_10": 0.91594,
        "map_at_20": 0.91631,
        "map_at_100": 0.91652,
        "map_at_1000": 0.91656,
        "recall_at_1": 0.87889,
        "recall_at_3": 0.94444,
        "recall_at_5": 0.96222,
        "recall_at_10": 0.98,
        "recall_at_20": 0.98556,
        "recall_at_100": 0.99333,
        "recall_at_1000": 1.0,
        "precision_at_1": 0.87889,
        "precision_at_3": 0.31481,
        "precision_at_5": 0.19244,
        "precision_at_10": 0.098,
        "precision_at_20": 0.04928,
        "precision_at_100": 0.00993,
        "precision_at_1000": 0.001,
        "mrr_at_1": 0.878889,
        "mrr_at_3": 0.909444,
        "mrr_at_5": 0.913444,
        "mrr_at_10": 0.915939,
        "mrr_at_20": 0.916313,
        "mrr_at_100": 0.91652,
        "mrr_at_1000": 0.916561,
        "nauc_ndcg_at_1_max": 0.736034,
        "nauc_ndcg_at_1_std": 0.055234,
        "nauc_ndcg_at_1_diff1": 0.918236,
        "nauc_ndcg_at_3_max": 0.783348,
        "nauc_ndcg_at_3_std": 0.096105,
        "nauc_ndcg_at_3_diff1": 0.912118,
        "nauc_ndcg_at_5_max": 0.776461,
        "nauc_ndcg_at_5_std": 0.09571,
        "nauc_ndcg_at_5_diff1": 0.91414,
        "nauc_ndcg_at_10_max": 0.769538,
        "nauc_ndcg_at_10_std": 0.098389,
        "nauc_ndcg_at_10_diff1": 0.914858,
        "nauc_ndcg_at_20_max": 0.767664,
        "nauc_ndcg_at_20_std": 0.086823,
        "nauc_ndcg_at_20_diff1": 0.915931,
        "nauc_ndcg_at_100_max": 0.767241,
        "nauc_ndcg_at_100_std": 0.097397,
        "nauc_ndcg_at_100_diff1": 0.915238,
        "nauc_ndcg_at_1000_max": 0.765848,
        "nauc_ndcg_at_1000_std": 0.08783,
        "nauc_ndcg_at_1000_diff1": 0.914598,
        "nauc_map_at_1_max": 0.736034,
        "nauc_map_at_1_std": 0.055234,
        "nauc_map_at_1_diff1": 0.918236,
        "nauc_map_at_3_max": 0.769859,
        "nauc_map_at_3_std": 0.082503,
        "nauc_map_at_3_diff1": 0.913188,
        "nauc_map_at_5_max": 0.765891,
        "nauc_map_at_5_std": 0.081778,
        "nauc_map_at_5_diff1": 0.914026,
        "nauc_map_at_10_max": 0.763197,
        "nauc_map_at_10_std": 0.082544,
        "nauc_map_at_10_diff1": 0.914314,
        "nauc_map_at_20_max": 0.762739,
        "nauc_map_at_20_std": 0.079971,
        "nauc_map_at_20_diff1": 0.914531,
        "nauc_map_at_100_max": 0.762609,
        "nauc_map_at_100_std": 0.081159,
        "nauc_map_at_100_diff1": 0.914433,
        "nauc_map_at_1000_max": 0.762559,
        "nauc_map_at_1000_std": 0.080785,
        "nauc_map_at_1000_diff1": 0.914402,
        "nauc_recall_at_1_max": 0.736034,
        "nauc_recall_at_1_std": 0.055234,
        "nauc_recall_at_1_diff1": 0.918236,
        "nauc_recall_at_3_max": 0.844734,
        "nauc_recall_at_3_std": 0.159458,
        "nauc_recall_at_3_diff1": 0.90775,
        "nauc_recall_at_5_max": 0.841682,
        "nauc_recall_at_5_std": 0.186453,
        "nauc_recall_at_5_diff1": 0.916859,
        "nauc_recall_at_10_max": 0.828561,
        "nauc_recall_at_10_std": 0.288956,
        "nauc_recall_at_10_diff1": 0.925563,
        "nauc_recall_at_20_max": 0.818286,
        "nauc_recall_at_20_std": 0.151943,
        "nauc_recall_at_20_diff1": 0.949723,
        "nauc_recall_at_100_max": 0.866558,
        "nauc_recall_at_100_std": 0.758481,
        "nauc_recall_at_100_diff1": 0.956427,
        "nauc_recall_at_1000_max": NaN,
        "nauc_recall_at_1000_std": NaN,
        "nauc_recall_at_1000_diff1": NaN,
        "nauc_precision_at_1_max": 0.736034,
        "nauc_precision_at_1_std": 0.055234,
        "nauc_precision_at_1_diff1": 0.918236,
        "nauc_precision_at_3_max": 0.844734,
        "nauc_precision_at_3_std": 0.159458,
        "nauc_precision_at_3_diff1": 0.90775,
        "nauc_precision_at_5_max": 0.841682,
        "nauc_precision_at_5_std": 0.186453,
        "nauc_precision_at_5_diff1": 0.916859,
        "nauc_precision_at_10_max": 0.828561,
        "nauc_precision_at_10_std": 0.288956,
        "nauc_precision_at_10_diff1": 0.925563,
        "nauc_precision_at_20_max": 0.818286,
        "nauc_precision_at_20_std": 0.151943,
        "nauc_precision_at_20_diff1": 0.949723,
        "nauc_precision_at_100_max": 0.866558,
        "nauc_precision_at_100_std": 0.758481,
        "nauc_precision_at_100_diff1": 0.956427,
        "nauc_precision_at_1000_max": NaN,
        "nauc_precision_at_1000_std": NaN,
        "nauc_precision_at_1000_diff1": NaN,
        "nauc_mrr_at_1_max": 0.736034,
        "nauc_mrr_at_1_std": 0.055234,
        "nauc_mrr_at_1_diff1": 0.918236,
        "nauc_mrr_at_3_max": 0.769859,
        "nauc_mrr_at_3_std": 0.082503,
        "nauc_mrr_at_3_diff1": 0.913188,
        "nauc_mrr_at_5_max": 0.765891,
        "nauc_mrr_at_5_std": 0.081778,
        "nauc_mrr_at_5_diff1": 0.914026,
        "nauc_mrr_at_10_max": 0.763197,
        "nauc_mrr_at_10_std": 0.082544,
        "nauc_mrr_at_10_diff1": 0.914314,
        "nauc_mrr_at_20_max": 0.762739,
        "nauc_mrr_at_20_std": 0.079971,
        "nauc_mrr_at_20_diff1": 0.914531,
        "nauc_mrr_at_100_max": 0.762609,
        "nauc_mrr_at_100_std": 0.081159,
        "nauc_mrr_at_100_diff1": 0.914433,
        "nauc_mrr_at_1000_max": 0.762559,
        "nauc_mrr_at_1000_std": 0.080785,
        "nauc_mrr_at_1000_diff1": 0.914402,
        "main_score": 0.93164,
        "hf_subset": "kor_Hang-kor_Hang",
        "languages": [
          "kor-Hang",
          "kor-Hang"
        ]
      },
      {
        "ndcg_at_1": 0.83556,
        "ndcg_at_3": 0.88803,
        "ndcg_at_5": 0.89668,
        "ndcg_at_10": 0.90365,
        "ndcg_at_20": 0.90829,
        "ndcg_at_100": 0.91028,
        "ndcg_at_1000": 0.911,
        "map_at_1": 0.83556,
        "map_at_3": 0.87574,
        "map_at_5": 0.88052,
        "map_at_10": 0.88327,
        "map_at_20": 0.88462,
        "map_at_100": 0.88495,
        "map_at_1000": 0.88497,
        "recall_at_1": 0.83556,
        "recall_at_3": 0.92333,
        "recall_at_5": 0.94444,
        "recall_at_10": 0.96667,
        "recall_at_20": 0.98444,
        "recall_at_100": 0.99444,
        "recall_at_1000": 1.0,
        "precision_at_1": 0.83556,
        "precision_at_3": 0.30778,
        "precision_at_5": 0.18889,
        "precision_at_10": 0.09667,
        "precision_at_20": 0.04922,
        "precision_at_100": 0.00994,
        "precision_at_1000": 0.001,
        "mrr_at_1": 0.835556,
        "mrr_at_3": 0.875741,
        "mrr_at_5": 0.880519,
        "mrr_at_10": 0.883266,
        "mrr_at_20": 0.884618,
        "mrr_at_100": 0.884946,
        "mrr_at_1000": 0.884975,
        "nauc_ndcg_at_1_max": 0.662081,
        "nauc_ndcg_at_1_std": 0.053485,
        "nauc_ndcg_at_1_diff1": 0.867383,
        "nauc_ndcg_at_3_max": 0.704641,
        "nauc_ndcg_at_3_std": 0.127175,
        "nauc_ndcg_at_3_diff1": 0.850947,
        "nauc_ndcg_at_5_max": 0.704114,
        "nauc_ndcg_at_5_std": 0.128141,
        "nauc_ndcg_at_5_diff1": 0.849511,
        "nauc_ndcg_at_10_max": 0.701027,
        "nauc_ndcg_at_10_std": 0.140756,
        "nauc_ndcg_at_10_diff1": 0.847701,
        "nauc_ndcg_at_20_max": 0.696684,
        "nauc_ndcg_at_20_std": 0.129272,
        "nauc_ndcg_at_20_diff1": 0.849534,
        "nauc_ndcg_at_100_max": 0.694304,
        "nauc_ndcg_at_100_std": 0.119915,
        "nauc_ndcg_at_100_diff1": 0.850852,
        "nauc_ndcg_at_1000_max": 0.69335,
        "nauc_ndcg_at_1000_std": 0.114439,
        "nauc_ndcg_at_1000_diff1": 0.852701,
        "nauc_map_at_1_max": 0.662081,
        "nauc_map_at_1_std": 0.053485,