{
  "dataset_revision": "d243889a3eb6654029dbd7e7f9319ae31d58f97c",
  "task_name": "Ko-StrategyQA",
  "mteb_version": "1.31.1",
  "scores": {
    "dev": [
      {
        "ndcg_at_1": 0.75676,
        "ndcg_at_3": 0.74791,
        "ndcg_at_5": 0.77754,
        "ndcg_at_10": 0.79405,
        "ndcg_at_20": 0.80289,
        "ndcg_at_100": 0.81105,
        "ndcg_at_1000": 0.81929,
        "map_at_1": 0.49267,
        "map_at_3": 0.71019,
        "map_at_5": 0.73924,
        "map_at_10": 0.75068,
        "map_at_20": 0.75409,
        "map_at_100": 0.75588,
        "map_at_1000": 0.75626,
        "recall_at_1": 0.49267,
        "recall_at_3": 0.75176,
        "recall_at_5": 0.81346,
        "recall_at_10": 0.85203,
        "recall_at_20": 0.87968,
        "recall_at_100": 0.9141,
        "recall_at_1000": 0.96796,
        "precision_at_1": 0.75676,
        "precision_at_3": 0.44313,
        "precision_at_5": 0.29493,
        "precision_at_10": 0.15743,
        "precision_at_20": 0.08193,
        "precision_at_100": 0.0172,
        "precision_at_1000": 0.00184,
        "mrr_at_1": 0.756757,
        "mrr_at_3": 0.802646,
        "mrr_at_5": 0.809065,
        "mrr_at_10": 0.811159,
        "mrr_at_20": 0.81238,
        "mrr_at_100": 0.812982,
        "mrr_at_1000": 0.813118,
        "nauc_ndcg_at_1_max": 0.600441,
        "nauc_ndcg_at_1_std": 0.305651,
        "nauc_ndcg_at_1_diff1": 0.733565,
        "nauc_ndcg_at_3_max": 0.609273,
        "nauc_ndcg_at_3_std": 0.25866,
        "nauc_ndcg_at_3_diff1": 0.605401,
        "nauc_ndcg_at_5_max": 0.650991,
        "nauc_ndcg_at_5_std": 0.302101,
        "nauc_ndcg_at_5_diff1": 0.623842,
        "nauc_ndcg_at_10_max": 0.677902,
        "nauc_ndcg_at_10_std": 0.359878,
        "nauc_ndcg_at_10_diff1": 0.630289,
        "nauc_ndcg_at_20_max": 0.676823,
        "nauc_ndcg_at_20_std": 0.368837,
        "nauc_ndcg_at_20_diff1": 0.628464,
        "nauc_ndcg_at_100_max": 0.676863,
        "nauc_ndcg_at_100_std": 0.378435,
        "nauc_ndcg_at_100_diff1": 0.635996,
        "nauc_ndcg_at_1000_max": 0.665832,
        "nauc_ndcg_at_1000_std": 0.361333,
        "nauc_ndcg_at_1000_diff1": 0.633847,
        "nauc_map_at_1_max": 0.278952,
        "nauc_map_at_1_std": 0.043338,
        "nauc_map_at_1_diff1": 0.660615,
        "nauc_map_at_3_max": 0.560523,
        "nauc_map_at_3_std": 0.210496,
        "nauc_map_at_3_diff1": 0.591667,
        "nauc_map_at_5_max": 0.597722,
        "nauc_map_at_5_std": 0.239569,
        "nauc_map_at_5_diff1": 0.601283,
        "nauc_map_at_10_max": 0.614741,
        "nauc_map_at_10_std": 0.273968,
        "nauc_map_at_10_diff1": 0.605745,
        "nauc_map_at_20_max": 0.614356,
        "nauc_map_at_20_std": 0.276742,
        "nauc_map_at_20_diff1": 0.605059,
        "nauc_map_at_100_max": 0.614733,
        "nauc_map_at_100_std": 0.278397,
        "nauc_map_at_100_diff1": 0.607461,
        "nauc_map_at_1000_max": 0.614281,
        "nauc_map_at_1000_std": 0.277754,
        "nauc_map_at_1000_diff1": 0.607356,
        "nauc_recall_at_1_max": 0.278952,
        "nauc_recall_at_1_std": 0.043338,
        "nauc_recall_at_1_diff1": 0.660615,
        "nauc_recall_at_3_max": 0.61958,
        "nauc_recall_at_3_std": 0.252101,
        "nauc_recall_at_3_diff1": 0.554979,
        "nauc_recall_at_5_max": 0.71355,
        "nauc_recall_at_5_std": 0.350472,
        "nauc_recall_at_5_diff1": 0.584424,
        "nauc_recall_at_10_max": 0.802888,
        "nauc_recall_at_10_std": 0.528058,
        "nauc_recall_at_10_diff1": 0.594329,
        "nauc_recall_at_20_max": 0.828798,
        "nauc_recall_at_20_std": 0.613857,
        "nauc_recall_at_20_diff1": 0.58139,
        "nauc_recall_at_100_max": 0.885921,
        "nauc_recall_at_100_std": 0.792513,
        "nauc_recall_at_100_diff1": 0.62079,
        "nauc_recall_at_1000_max": 0.889395,
        "nauc_recall_at_1000_std": 0.908942,
        "nauc_recall_at_1000_diff1": 0.551137,
        "nauc_precision_at_1_max": 0.600441,
        "nauc_precision_at_1_std": 0.305651,
        "nauc_precision_at_1_diff1": 0.733565,
        "nauc_precision_at_3_max": 0.389763,
        "nauc_precision_at_3_std": 0.26601,
        "nauc_precision_at_3_diff1": -0.003351,
        "nauc_precision_at_5_max": 0.324989,
        "nauc_precision_at_5_std": 0.256543,
        "nauc_precision_at_5_diff1": -0.081053,
        "nauc_precision_at_10_max": 0.281603,
        "nauc_precision_at_10_std": 0.305709,
        "nauc_precision_at_10_diff1": -0.136417,
        "nauc_precision_at_20_max": 0.228952,
        "nauc_precision_at_20_std": 0.290285,
        "nauc_precision_at_20_diff1": -0.189622,
        "nauc_precision_at_100_max": 0.155961,
        "nauc_precision_at_100_std": 0.267174,
        "nauc_precision_at_100_diff1": -0.233522,
        "nauc_precision_at_1000_max": 0.006778,
        "nauc_precision_at_1000_std": 0.153959,
        "nauc_precision_at_1000_diff1": -0.359906,
        "nauc_mrr_at_1_max": 0.600441,
        "nauc_mrr_at_1_std": 0.305651,
        "nauc_mrr_at_1_diff1": 0.733565,
        "nauc_mrr_at_3_max": 0.689148,
        "nauc_mrr_at_3_std": 0.383322,
        "nauc_mrr_at_3_diff1": 0.718659,
        "nauc_mrr_at_5_max": 0.68888,
        "nauc_mrr_at_5_std": 0.392709,
        "nauc_mrr_at_5_diff1": 0.720973,
        "nauc_mrr_at_10_max": 0.689744,
        "nauc_mrr_at_10_std": 0.396359,
        "nauc_mrr_at_10_diff1": 0.720832,
        "nauc_mrr_at_20_max": 0.688337,
        "nauc_mrr_at_20_std": 0.396572,
        "nauc_mrr_at_20_diff1": 0.72063,
        "nauc_mrr_at_100_max": 0.687711,
        "nauc_mrr_at_100_std": 0.396454,
        "nauc_mrr_at_100_diff1": 0.720422,
        "nauc_mrr_at_1000_max": 0.687492,
        "nauc_mrr_at_1000_std": 0.396067,
        "nauc_mrr_at_1000_diff1": 0.720408,
        "main_score": 0.79405,
        "hf_subset": "default",
        "languages": [
          "kor-Hang"
        ]
      }
    ]
  },
  "evaluation_time": 86.30196762084961,
  "kg_co2_emissions": null
}