{
  "dataset_revision": "fc24a3ce8f09746410daee3d5cd823ff7a0675b7",
  "task_name": "MrTidyRetrieval",
  "mteb_version": "1.31.1",
  "scores": {
    "test": [
      {
        "ndcg_at_1": 0.52019,
        "ndcg_at_3": 0.59182,
        "ndcg_at_5": 0.61685,
        "ndcg_at_10": 0.64699,
        "ndcg_at_20": 0.66652,
        "ndcg_at_100": 0.67965,
        "ndcg_at_1000": 0.68516,
        "map_at_1": 0.47823,
        "map_at_3": 0.56182,
        "map_at_5": 0.57697,
        "map_at_10": 0.59068,
        "map_at_20": 0.597,
        "map_at_100": 0.59926,
        "map_at_1000": 0.59944,
        "recall_at_1": 0.47823,
        "recall_at_3": 0.64766,
        "recall_at_5": 0.70467,
        "recall_at_10": 0.79137,
        "recall_at_20": 0.86382,
        "recall_at_100": 0.92914,
        "recall_at_1000": 0.97348,
        "precision_at_1": 0.52019,
        "precision_at_3": 0.2407,
        "precision_at_5": 0.1601,
        "precision_at_10": 0.09097,
        "precision_at_20": 0.05,
        "precision_at_100": 0.01088,
        "precision_at_1000": 0.00114,
        "mrr_at_1": 0.52019,
        "mrr_at_3": 0.59422,
        "mrr_at_5": 0.606334,
        "mrr_at_10": 0.618163,
        "mrr_at_20": 0.622344,
        "mrr_at_100": 0.623577,
        "mrr_at_1000": 0.623736,
        "nauc_ndcg_at_1_max": 0.371591,
        "nauc_ndcg_at_1_std": 0.050699,
        "nauc_ndcg_at_1_diff1": 0.46339,
        "nauc_ndcg_at_3_max": 0.372329,
        "nauc_ndcg_at_3_std": 0.051829,
        "nauc_ndcg_at_3_diff1": 0.38967,
        "nauc_ndcg_at_5_max": 0.392744,
        "nauc_ndcg_at_5_std": 0.092951,
        "nauc_ndcg_at_5_diff1": 0.380437,
        "nauc_ndcg_at_10_max": 0.384745,
        "nauc_ndcg_at_10_std": 0.083274,
        "nauc_ndcg_at_10_diff1": 0.385496,
        "nauc_ndcg_at_20_max": 0.383103,
        "nauc_ndcg_at_20_std": 0.081578,
        "nauc_ndcg_at_20_diff1": 0.378585,
        "nauc_ndcg_at_100_max": 0.39536,
        "nauc_ndcg_at_100_std": 0.092158,
        "nauc_ndcg_at_100_diff1": 0.390064,
        "nauc_ndcg_at_1000_max": 0.390965,
        "nauc_ndcg_at_1000_std": 0.087139,
        "nauc_ndcg_at_1000_diff1": 0.391012,
        "nauc_map_at_1_max": 0.33828,
        "nauc_map_at_1_std": 0.030289,
        "nauc_map_at_1_diff1": 0.455238,
        "nauc_map_at_3_max": 0.36139,
        "nauc_map_at_3_std": 0.044145,
        "nauc_map_at_3_diff1": 0.403981,
        "nauc_map_at_5_max": 0.370927,
        "nauc_map_at_5_std": 0.066752,
        "nauc_map_at_5_diff1": 0.397922,
        "nauc_map_at_10_max": 0.366098,
        "nauc_map_at_10_std": 0.06063,
        "nauc_map_at_10_diff1": 0.399164,
        "nauc_map_at_20_max": 0.365093,
        "nauc_map_at_20_std": 0.061606,
        "nauc_map_at_20_diff1": 0.396186,
        "nauc_map_at_100_max": 0.367685,
        "nauc_map_at_100_std": 0.063327,
        "nauc_map_at_100_diff1": 0.398285,
        "nauc_map_at_1000_max": 0.367565,
        "nauc_map_at_1000_std": 0.063228,
        "nauc_map_at_1000_diff1": 0.398264,
        "nauc_recall_at_1_max": 0.33828,
        "nauc_recall_at_1_std": 0.030289,
        "nauc_recall_at_1_diff1": 0.455238,
        "nauc_recall_at_3_max": 0.368485,
        "nauc_recall_at_3_std": 0.048745,
        "nauc_recall_at_3_diff1": 0.329621,
        "nauc_recall_at_5_max": 0.430809,
        "nauc_recall_at_5_std": 0.157814,
        "nauc_recall_at_5_diff1": 0.302219,
        "nauc_recall_at_10_max": 0.418525,
        "nauc_recall_at_10_std": 0.139614,
        "nauc_recall_at_10_diff1": 0.310185,
        "nauc_recall_at_20_max": 0.427359,
        "nauc_recall_at_20_std": 0.139156,
        "nauc_recall_at_20_diff1": 0.241289,
        "nauc_recall_at_100_max": 0.644845,
        "nauc_recall_at_100_std": 0.348618,
        "nauc_recall_at_100_diff1": 0.325211,
        "nauc_recall_at_1000_max": 0.744907,
        "nauc_recall_at_1000_std": 0.389324,
        "nauc_recall_at_1000_diff1": 0.330189,
        "nauc_precision_at_1_max": 0.371591,
        "nauc_precision_at_1_std": 0.050699,
        "nauc_precision_at_1_diff1": 0.46339,
        "nauc_precision_at_3_max": 0.349412,
        "nauc_precision_at_3_std": 0.074137,
        "nauc_precision_at_3_diff1": 0.2473,
        "nauc_precision_at_5_max": 0.336341,
        "nauc_precision_at_5_std": 0.174512,
        "nauc_precision_at_5_diff1": 0.156396,
        "nauc_precision_at_10_max": 0.251655,
        "nauc_precision_at_10_std": 0.149678,
        "nauc_precision_at_10_diff1": 0.08889,
        "nauc_precision_at_20_max": 0.160659,
        "nauc_precision_at_20_std": 0.142222,
        "nauc_precision_at_20_diff1": -0.03879,
        "nauc_precision_at_100_max": 0.144983,
        "nauc_precision_at_100_std": 0.180899,
        "nauc_precision_at_100_diff1": -0.054053,
        "nauc_precision_at_1000_max": 0.050174,
        "nauc_precision_at_1000_std": 0.133733,
        "nauc_precision_at_1000_diff1": -0.127894,
        "nauc_mrr_at_1_max": 0.371591,
        "nauc_mrr_at_1_std": 0.050699,
        "nauc_mrr_at_1_diff1": 0.46339,
        "nauc_mrr_at_3_max": 0.390163,
        "nauc_mrr_at_3_std": 0.068596,
        "nauc_mrr_at_3_diff1": 0.411665,
        "nauc_mrr_at_5_max": 0.400968,
        "nauc_mrr_at_5_std": 0.089096,
        "nauc_mrr_at_5_diff1": 0.409366,
        "nauc_mrr_at_10_max": 0.398011,
        "nauc_mrr_at_10_std": 0.08669,
        "nauc_mrr_at_10_diff1": 0.412468,
        "nauc_mrr_at_20_max": 0.397596,
        "nauc_mrr_at_20_std": 0.084118,
        "nauc_mrr_at_20_diff1": 0.412837,
        "nauc_mrr_at_100_max": 0.398198,
        "nauc_mrr_at_100_std": 0.084883,
        "nauc_mrr_at_100_diff1": 0.413214,
        "nauc_mrr_at_1000_max": 0.398144,
        "nauc_mrr_at_1000_std": 0.08484,
        "nauc_mrr_at_1000_diff1": 0.413238,
        "main_score": 0.64699,
        "hf_subset": "korean",
        "languages": [
          "kor-Kore"
        ]
      }
    ]
  },
  "evaluation_time": 1920.4773981571198,
  "kg_co2_emissions": null
}