{
  "dataset_revision": "d67138e705d963e346253a80e59676ddb418810a",
  "task_name": "MultiLongDocRetrieval",
  "mteb_version": "1.31.1",
  "scores": {
    "dev": [
      {
        "ndcg_at_1": 0.305,
        "ndcg_at_3": 0.38375,
        "ndcg_at_5": 0.4044,
        "ndcg_at_10": 0.43011,
        "ndcg_at_20": 0.44091,
        "ndcg_at_100": 0.475,
        "ndcg_at_1000": 0.49695,
        "map_at_1": 0.305,
        "map_at_3": 0.36583,
        "map_at_5": 0.37733,
        "map_at_10": 0.38785,
        "map_at_20": 0.39052,
        "map_at_100": 0.39515,
        "map_at_1000": 0.39604,
        "recall_at_1": 0.305,
        "recall_at_3": 0.435,
        "recall_at_5": 0.485,
        "recall_at_10": 0.565,
        "recall_at_20": 0.61,
        "recall_at_100": 0.795,
        "recall_at_1000": 0.965,
        "precision_at_1": 0.305,
        "precision_at_3": 0.145,
        "precision_at_5": 0.097,
        "precision_at_10": 0.0565,
        "precision_at_20": 0.0305,
        "precision_at_100": 0.00795,
        "precision_at_1000": 0.00097,
        "mrr_at_1": 0.305,
        "mrr_at_3": 0.365833,
        "mrr_at_5": 0.377333,
        "mrr_at_10": 0.387853,
        "mrr_at_20": 0.390523,
        "mrr_at_100": 0.395155,
        "mrr_at_1000": 0.396039,
        "nauc_ndcg_at_1_max": 0.560831,
        "nauc_ndcg_at_1_std": 0.056353,
        "nauc_ndcg_at_1_diff1": 0.652294,
        "nauc_ndcg_at_3_max": 0.566344,
        "nauc_ndcg_at_3_std": 0.04678,
        "nauc_ndcg_at_3_diff1": 0.587927,
        "nauc_ndcg_at_5_max": 0.551507,
        "nauc_ndcg_at_5_std": 0.038177,
        "nauc_ndcg_at_5_diff1": 0.561014,
        "nauc_ndcg_at_10_max": 0.555763,
        "nauc_ndcg_at_10_std": 0.064104,
        "nauc_ndcg_at_10_diff1": 0.554653,
        "nauc_ndcg_at_20_max": 0.547583,
        "nauc_ndcg_at_20_std": 0.068055,
        "nauc_ndcg_at_20_diff1": 0.542908,
        "nauc_ndcg_at_100_max": 0.557117,
        "nauc_ndcg_at_100_std": 0.093104,
        "nauc_ndcg_at_100_diff1": 0.545835,
        "nauc_ndcg_at_1000_max": 0.556718,
        "nauc_ndcg_at_1000_std": 0.085252,
        "nauc_ndcg_at_1000_diff1": 0.557105,
        "nauc_map_at_1_max": 0.560831,
        "nauc_map_at_1_std": 0.056353,
        "nauc_map_at_1_diff1": 0.652294,
        "nauc_map_at_3_max": 0.56648,
        "nauc_map_at_3_std": 0.050328,
        "nauc_map_at_3_diff1": 0.601313,
        "nauc_map_at_5_max": 0.558353,
        "nauc_map_at_5_std": 0.045083,
        "nauc_map_at_5_diff1": 0.586353,
        "nauc_map_at_10_max": 0.56016,
        "nauc_map_at_10_std": 0.056526,
        "nauc_map_at_10_diff1": 0.583233,
        "nauc_map_at_20_max": 0.557973,
        "nauc_map_at_20_std": 0.057075,
        "nauc_map_at_20_diff1": 0.580401,
        "nauc_map_at_100_max": 0.558841,
        "nauc_map_at_100_std": 0.059772,
        "nauc_map_at_100_diff1": 0.580536,
        "nauc_map_at_1000_max": 0.558881,
        "nauc_map_at_1000_std": 0.059711,
        "nauc_map_at_1000_diff1": 0.581006,
        "nauc_recall_at_1_max": 0.560831,
        "nauc_recall_at_1_std": 0.056353,
        "nauc_recall_at_1_diff1": 0.652294,
        "nauc_recall_at_3_max": 0.56537,
        "nauc_recall_at_3_std": 0.036178,
        "nauc_recall_at_3_diff1": 0.550642,
        "nauc_recall_at_5_max": 0.528905,
        "nauc_recall_at_5_std": 0.017119,
        "nauc_recall_at_5_diff1": 0.484999,
        "nauc_recall_at_10_max": 0.541123,
        "nauc_recall_at_10_std": 0.095384,
        "nauc_recall_at_10_diff1": 0.462731,
        "nauc_recall_at_20_max": 0.504781,
        "nauc_recall_at_20_std": 0.118729,
        "nauc_recall_at_20_diff1": 0.40425,
        "nauc_recall_at_100_max": 0.571649,
        "nauc_recall_at_100_std": 0.383905,
        "nauc_recall_at_100_diff1": 0.358178,
        "nauc_recall_at_1000_max": 0.581566,
        "nauc_recall_at_1000_std": 1.0,
        "nauc_recall_at_1000_diff1": 0.271842,
        "nauc_precision_at_1_max": 0.560831,
        "nauc_precision_at_1_std": 0.056353,
        "nauc_precision_at_1_diff1": 0.652294,
        "nauc_precision_at_3_max": 0.56537,
        "nauc_precision_at_3_std": 0.036178,
        "nauc_precision_at_3_diff1": 0.550642,
        "nauc_precision_at_5_max": 0.528905,
        "nauc_precision_at_5_std": 0.017119,
        "nauc_precision_at_5_diff1": 0.484999,
        "nauc_precision_at_10_max": 0.541123,
        "nauc_precision_at_10_std": 0.095384,
        "nauc_precision_at_10_diff1": 0.462731,
        "nauc_precision_at_20_max": 0.504781,
        "nauc_precision_at_20_std": 0.118729,
        "nauc_precision_at_20_diff1": 0.40425,
        "nauc_precision_at_100_max": 0.571649,
        "nauc_precision_at_100_std": 0.383905,
        "nauc_precision_at_100_diff1": 0.358178,
        "nauc_precision_at_1000_max": 0.581566,
        "nauc_precision_at_1000_std": 1.0,
        "nauc_precision_at_1000_diff1": 0.271842,
        "nauc_mrr_at_1_max": 0.560831,
        "nauc_mrr_at_1_std": 0.056353,
        "nauc_mrr_at_1_diff1": 0.652294,
        "nauc_mrr_at_3_max": 0.56648,
        "nauc_mrr_at_3_std": 0.050328,
        "nauc_mrr_at_3_diff1": 0.601313,
        "nauc_mrr_at_5_max": 0.558353,
        "nauc_mrr_at_5_std": 0.045083,
        "nauc_mrr_at_5_diff1": 0.586353,
        "nauc_mrr_at_10_max": 0.56016,
        "nauc_mrr_at_10_std": 0.056526,
        "nauc_mrr_at_10_diff1": 0.583233,
        "nauc_mrr_at_20_max": 0.557973,
        "nauc_mrr_at_20_std": 0.057075,
        "nauc_mrr_at_20_diff1": 0.580401,
        "nauc_mrr_at_100_max": 0.558841,
        "nauc_mrr_at_100_std": 0.059772,
        "nauc_mrr_at_100_diff1": 0.580536,
        "nauc_mrr_at_1000_max": 0.558881,
        "nauc_mrr_at_1000_std": 0.059711,
        "nauc_mrr_at_1000_diff1": 0.581006,
        "main_score": 0.43011,
        "hf_subset": "ko",
        "languages": [
          "kor-Hang"
        ]
      }
    ],
    "test": [
      {
        "ndcg_at_1": 0.315,
        "ndcg_at_3": 0.38797,
        "ndcg_at_5": 0.41465,
        "ndcg_at_10": 0.42728,
        "ndcg_at_20": 0.44197,
        "ndcg_at_100": 0.4708,
        "ndcg_at_1000": 0.49414,
        "map_at_1": 0.315,
        "map_at_3": 0.37,
        "map_at_5": 0.38475,
        "map_at_10": 0.38977,
        "map_at_20": 0.39356,
        "map_at_100": 0.39754,
        "map_at_1000": 0.39831,
        "recall_at_1": 0.315,
        "recall_at_3": 0.44,
        "recall_at_5": 0.505,
        "recall_at_10": 0.545,
        "recall_at_20": 0.605,
        "recall_at_100": 0.76,
        "recall_at_1000": 0.95,
        "precision_at_1": 0.315,
        "precision_at_3": 0.14667,
        "precision_at_5": 0.101,
        "precision_at_10": 0.0545,
        "precision_at_20": 0.03025,
        "precision_at_100": 0.0076,
        "precision_at_1000": 0.00095,
        "mrr_at_1": 0.315,
        "mrr_at_3": 0.37,
        "mrr_at_5": 0.38475,
        "mrr_at_10": 0.38977,
        "mrr_at_20": 0.393563,
        "mrr_at_100": 0.397536,
        "mrr_at_1000": 0.398309,
        "nauc_ndcg_at_1_max": 0.44816,
        "nauc_ndcg_at_1_std": -0.037929,
        "nauc_ndcg_at_1_diff1": 0.680675,
        "nauc_ndcg_at_3_max": 0.470689,
        "nauc_ndcg_at_3_std": 0.036906,
        "nauc_ndcg_at_3_diff1": 0.661757,
        "nauc_ndcg_at_5_max": 0.480581,
        "nauc_ndcg_at_5_std": 0.07384,
        "nauc_ndcg_at_5_diff1": 0.658593,
        "nauc_ndcg_at_10_max": 0.477851,
        "nauc_ndcg_at_10_std": 0.076066,
        "nauc_ndcg_at_10_diff1": 0.635717,
        "nauc_ndcg_at_20_max": 0.484801,
        "nauc_ndcg_at_20_std": 0.08688,
        "nauc_ndcg_at_20_diff1": 0.641696,
        "nauc_ndcg_at_100_max": 0.48224,
        "nauc_ndcg_at_100_std": 0.102765,
        "nauc_ndcg_at_100_diff1": 0.63586,
        "nauc_ndcg_at_1000_max": 0.47994,
        "nauc_ndcg_at_1000_std": 0.091725,
        "nauc_ndcg_at_1000_diff1": 0.64281,
        "nauc_map_at_1_max": 0.44816,
        "nauc_map_at_1_std": -0.037929,
        "nauc_map_at_1_diff1": 0.680675,
        "nauc_map_at_3_max": 0.46838,