{
  "dataset_revision": "main",
  "task_name": "PublicHealthQA",
  "mteb_version": "1.31.1",
  "scores": {
    "test": [
      {
        "ndcg_at_1": 0.67532,
        "ndcg_at_3": 0.76685,
        "ndcg_at_5": 0.78306,
        "ndcg_at_10": 0.80412,
        "ndcg_at_20": 0.81099,
        "ndcg_at_100": 0.81803,
        "ndcg_at_1000": 0.81803,
        "map_at_1": 0.67532,
        "map_at_3": 0.74459,
        "map_at_5": 0.75368,
        "map_at_10": 0.76239,
        "map_at_20": 0.76444,
        "map_at_100": 0.7653,
        "map_at_1000": 0.7653,
        "recall_at_1": 0.67532,
        "recall_at_3": 0.83117,
        "recall_at_5": 0.87013,
        "recall_at_10": 0.93506,
        "recall_at_20": 0.96104,
        "recall_at_100": 1.0,
        "recall_at_1000": 1.0,
        "precision_at_1": 0.67532,
        "precision_at_3": 0.27706,
        "precision_at_5": 0.17403,
        "precision_at_10": 0.09351,
        "precision_at_20": 0.04805,
        "precision_at_100": 0.01,
        "precision_at_1000": 0.001,
        "mrr_at_1": 0.675325,
        "mrr_at_3": 0.744589,
        "mrr_at_5": 0.75368,
        "mrr_at_10": 0.762389,
        "mrr_at_20": 0.764436,
        "mrr_at_100": 0.7653,
        "mrr_at_1000": 0.7653,
        "nauc_ndcg_at_1_max": 0.292349,
        "nauc_ndcg_at_1_std": -0.141132,
        "nauc_ndcg_at_1_diff1": 0.656247,
        "nauc_ndcg_at_3_max": 0.295726,
        "nauc_ndcg_at_3_std": -0.166912,
        "nauc_ndcg_at_3_diff1": 0.559455,
        "nauc_ndcg_at_5_max": 0.27155,
        "nauc_ndcg_at_5_std": -0.231577,
        "nauc_ndcg_at_5_diff1": 0.581629,
        "nauc_ndcg_at_10_max": 0.27936,
        "nauc_ndcg_at_10_std": -0.234897,
        "nauc_ndcg_at_10_diff1": 0.56914,
        "nauc_ndcg_at_20_max": 0.264321,
        "nauc_ndcg_at_20_std": -0.184151,
        "nauc_ndcg_at_20_diff1": 0.559614,
        "nauc_ndcg_at_100_max": 0.286263,
        "nauc_ndcg_at_100_std": -0.180117,
        "nauc_ndcg_at_100_diff1": 0.586383,
        "nauc_ndcg_at_1000_max": 0.286263,
        "nauc_ndcg_at_1000_std": -0.180117,
        "nauc_ndcg_at_1000_diff1": 0.586383,
        "nauc_map_at_1_max": 0.292349,
        "nauc_map_at_1_std": -0.141132,
        "nauc_map_at_1_diff1": 0.656247,
        "nauc_map_at_3_max": 0.30089,
        "nauc_map_at_3_std": -0.157752,
        "nauc_map_at_3_diff1": 0.58824,
        "nauc_map_at_5_max": 0.289602,
        "nauc_map_at_5_std": -0.189364,
        "nauc_map_at_5_diff1": 0.601183,
        "nauc_map_at_10_max": 0.293394,
        "nauc_map_at_10_std": -0.187005,
        "nauc_map_at_10_diff1": 0.596904,
        "nauc_map_at_20_max": 0.289819,
        "nauc_map_at_20_std": -0.173993,
        "nauc_map_at_20_diff1": 0.594808,
        "nauc_map_at_100_max": 0.292412,
        "nauc_map_at_100_std": -0.173183,
        "nauc_map_at_100_diff1": 0.597924,
        "nauc_map_at_1000_max": 0.292412,
        "nauc_map_at_1000_std": -0.173183,
        "nauc_map_at_1000_diff1": 0.597924,
        "nauc_recall_at_1_max": 0.292349,
        "nauc_recall_at_1_std": -0.141132,
        "nauc_recall_at_1_diff1": 0.656247,
        "nauc_recall_at_3_max": 0.271436,
        "nauc_recall_at_3_std": -0.204622,
        "nauc_recall_at_3_diff1": 0.443612,
        "nauc_recall_at_5_max": 0.171503,
        "nauc_recall_at_5_std": -0.455822,
        "nauc_recall_at_5_diff1": 0.488707,
        "nauc_recall_at_10_max": 0.134509,
        "nauc_recall_at_10_std": -0.72622,
        "nauc_recall_at_10_diff1": 0.310518,
        "nauc_recall_at_20_max": -0.201635,
        "nauc_recall_at_20_std": -0.245397,
        "nauc_recall_at_20_diff1": -0.012909,
        "nauc_recall_at_100_max": NaN,
        "nauc_recall_at_100_std": NaN,
        "nauc_recall_at_100_diff1": NaN,
        "nauc_recall_at_1000_max": NaN,
        "nauc_recall_at_1000_std": NaN,
        "nauc_recall_at_1000_diff1": NaN,
        "nauc_precision_at_1_max": 0.292349,
        "nauc_precision_at_1_std": -0.141132,
        "nauc_precision_at_1_diff1": 0.656247,
        "nauc_precision_at_3_max": 0.271436,
        "nauc_precision_at_3_std": -0.204622,
        "nauc_precision_at_3_diff1": 0.443612,
        "nauc_precision_at_5_max": 0.171503,
        "nauc_precision_at_5_std": -0.455822,
        "nauc_precision_at_5_diff1": 0.488707,
        "nauc_precision_at_10_max": 0.134509,
        "nauc_precision_at_10_std": -0.72622,
        "nauc_precision_at_10_diff1": 0.310518,
        "nauc_precision_at_20_max": -0.201635,
        "nauc_precision_at_20_std": -0.245397,
        "nauc_precision_at_20_diff1": -0.012909,
        "nauc_precision_at_100_max": 1.0,
        "nauc_precision_at_100_std": 1.0,
        "nauc_precision_at_100_diff1": 1.0,
        "nauc_precision_at_1000_max": NaN,
        "nauc_precision_at_1000_std": NaN,
        "nauc_precision_at_1000_diff1": NaN,
        "nauc_mrr_at_1_max": 0.292349,
        "nauc_mrr_at_1_std": -0.141132,
        "nauc_mrr_at_1_diff1": 0.656247,
        "nauc_mrr_at_3_max": 0.30089,
        "nauc_mrr_at_3_std": -0.157752,
        "nauc_mrr_at_3_diff1": 0.58824,
        "nauc_mrr_at_5_max": 0.289602,
        "nauc_mrr_at_5_std": -0.189364,
        "nauc_mrr_at_5_diff1": 0.601183,
        "nauc_mrr_at_10_max": 0.293394,
        "nauc_mrr_at_10_std": -0.187005,
        "nauc_mrr_at_10_diff1": 0.596904,
        "nauc_mrr_at_20_max": 0.289819,
        "nauc_mrr_at_20_std": -0.173993,
        "nauc_mrr_at_20_diff1": 0.594808,
        "nauc_mrr_at_100_max": 0.292412,
        "nauc_mrr_at_100_std": -0.173183,
        "nauc_mrr_at_100_diff1": 0.597924,
        "nauc_mrr_at_1000_max": 0.292412,
        "nauc_mrr_at_1000_std": -0.173183,
        "nauc_mrr_at_1000_diff1": 0.597924,
        "main_score": 0.80412,
        "hf_subset": "korean",
        "languages": [
          "kor-Hang"
        ]
      }
    ]
  },
  "evaluation_time": 1.468702793121338,
  "kg_co2_emissions": null
}