{
  "dataset_revision": "c99d599f0a6ab9b85b065da6f9d94f9cf731679f",
  "task_name": "XPQARetrieval",
  "mteb_version": "1.31.1",
  "scores": {
    "test": [
      {
        "ndcg_at_1": 0.29969,
        "ndcg_at_3": 0.30874,
        "ndcg_at_5": 0.33207,
        "ndcg_at_10": 0.36083,
        "ndcg_at_20": 0.38684,
        "ndcg_at_100": 0.43808,
        "ndcg_at_1000": 0.46559,
        "map_at_1": 0.20894,
        "map_at_3": 0.2794,
        "map_at_5": 0.29826,
        "map_at_10": 0.31263,
        "map_at_20": 0.32057,
        "map_at_100": 0.32842,
        "map_at_1000": 0.32963,
        "recall_at_1": 0.20894,
        "recall_at_3": 0.32164,
        "recall_at_5": 0.37734,
        "recall_at_10": 0.4565,
        "recall_at_20": 0.55059,
        "recall_at_100": 0.80196,
        "recall_at_1000": 1.0,
        "precision_at_1": 0.29969,
        "precision_at_3": 0.16769,
        "precision_at_5": 0.12049,
        "precision_at_10": 0.07339,
        "precision_at_20": 0.04373,
        "precision_at_100": 0.01275,
        "precision_at_1000": 0.00156,
        "mrr_at_1": 0.301223,
        "mrr_at_3": 0.341488,
        "mrr_at_5": 0.353338,
        "mrr_at_10": 0.362638,
        "mrr_at_20": 0.368908,
        "mrr_at_100": 0.374462,
        "mrr_at_1000": 0.375257,
        "nauc_ndcg_at_1_max": 0.16037,
        "nauc_ndcg_at_1_std": -0.276281,
        "nauc_ndcg_at_1_diff1": 0.473975,
        "nauc_ndcg_at_3_max": 0.166109,
        "nauc_ndcg_at_3_std": -0.276225,
        "nauc_ndcg_at_3_diff1": 0.440191,
        "nauc_ndcg_at_5_max": 0.167263,
        "nauc_ndcg_at_5_std": -0.273276,
        "nauc_ndcg_at_5_diff1": 0.431447,
        "nauc_ndcg_at_10_max": 0.181341,
        "nauc_ndcg_at_10_std": -0.265319,
        "nauc_ndcg_at_10_diff1": 0.438874,
        "nauc_ndcg_at_20_max": 0.186226,
        "nauc_ndcg_at_20_std": -0.26251,
        "nauc_ndcg_at_20_diff1": 0.435662,
        "nauc_ndcg_at_100_max": 0.203029,
        "nauc_ndcg_at_100_std": -0.222722,
        "nauc_ndcg_at_100_diff1": 0.430533,
        "nauc_ndcg_at_1000_max": 0.190567,
        "nauc_ndcg_at_1000_std": -0.246318,
        "nauc_ndcg_at_1000_diff1": 0.436521,
        "nauc_map_at_1_max": 0.138543,
        "nauc_map_at_1_std": -0.245214,
        "nauc_map_at_1_diff1": 0.476384,
        "nauc_map_at_3_max": 0.172548,
        "nauc_map_at_3_std": -0.268725,
        "nauc_map_at_3_diff1": 0.439186,
        "nauc_map_at_5_max": 0.169085,
        "nauc_map_at_5_std": -0.271669,
        "nauc_map_at_5_diff1": 0.431034,
        "nauc_map_at_10_max": 0.175817,
        "nauc_map_at_10_std": -0.270501,
        "nauc_map_at_10_diff1": 0.436052,
        "nauc_map_at_20_max": 0.177663,
        "nauc_map_at_20_std": -0.270482,
        "nauc_map_at_20_diff1": 0.436694,
        "nauc_map_at_100_max": 0.179667,
        "nauc_map_at_100_std": -0.264659,
        "nauc_map_at_100_diff1": 0.435702,
        "nauc_map_at_1000_max": 0.179303,
        "nauc_map_at_1000_std": -0.265478,
        "nauc_map_at_1000_diff1": 0.435741,
        "nauc_recall_at_1_max": 0.138543,
        "nauc_recall_at_1_std": -0.245214,
        "nauc_recall_at_1_diff1": 0.476384,
        "nauc_recall_at_3_max": 0.159197,
        "nauc_recall_at_3_std": -0.269571,
        "nauc_recall_at_3_diff1": 0.411868,
        "nauc_recall_at_5_max": 0.157463,
        "nauc_recall_at_5_std": -0.26329,
        "nauc_recall_at_5_diff1": 0.387236,
        "nauc_recall_at_10_max": 0.19381,
        "nauc_recall_at_10_std": -0.234368,
        "nauc_recall_at_10_diff1": 0.39881,
        "nauc_recall_at_20_max": 0.208477,
        "nauc_recall_at_20_std": -0.222653,
        "nauc_recall_at_20_diff1": 0.378005,
        "nauc_recall_at_100_max": 0.338408,
        "nauc_recall_at_100_std": 0.079282,
        "nauc_recall_at_100_diff1": 0.307825,
        "nauc_recall_at_1000_max": NaN,
        "nauc_recall_at_1000_std": NaN,
        "nauc_recall_at_1000_diff1": NaN,
        "nauc_precision_at_1_max": 0.16037,
        "nauc_precision_at_1_std": -0.276281,
        "nauc_precision_at_1_diff1": 0.473975,
        "nauc_precision_at_3_max": 0.181222,
        "nauc_precision_at_3_std": -0.256704,
        "nauc_precision_at_3_diff1": 0.337833,
        "nauc_precision_at_5_max": 0.155455,
        "nauc_precision_at_5_std": -0.241808,
        "nauc_precision_at_5_diff1": 0.29073,
        "nauc_precision_at_10_max": 0.164363,
        "nauc_precision_at_10_std": -0.2186,
        "nauc_precision_at_10_diff1": 0.28455,
        "nauc_precision_at_20_max": 0.164778,
        "nauc_precision_at_20_std": -0.18652,
        "nauc_precision_at_20_diff1": 0.252226,
        "nauc_precision_at_100_max": 0.205232,
        "nauc_precision_at_100_std": 0.064007,
        "nauc_precision_at_100_diff1": 0.113224,
        "nauc_precision_at_1000_max": 0.127007,
        "nauc_precision_at_1000_std": 0.071194,
        "nauc_precision_at_1000_diff1": 0.005738,
        "nauc_mrr_at_1_max": 0.166569,
        "nauc_mrr_at_1_std": -0.267618,
        "nauc_mrr_at_1_diff1": 0.469192,
        "nauc_mrr_at_3_max": 0.165168,
        "nauc_mrr_at_3_std": -0.273399,
        "nauc_mrr_at_3_diff1": 0.45978,
        "nauc_mrr_at_5_max": 0.16828,
        "nauc_mrr_at_5_std": -0.271876,
        "nauc_mrr_at_5_diff1": 0.45841,
        "nauc_mrr_at_10_max": 0.173659,
        "nauc_mrr_at_10_std": -0.265113,
        "nauc_mrr_at_10_diff1": 0.459511,
        "nauc_mrr_at_20_max": 0.175004,
        "nauc_mrr_at_20_std": -0.263459,
        "nauc_mrr_at_20_diff1": 0.457428,
        "nauc_mrr_at_100_max": 0.176466,
        "nauc_mrr_at_100_std": -0.259892,
        "nauc_mrr_at_100_diff1": 0.457081,
        "nauc_mrr_at_1000_max": 0.175845,
        "nauc_mrr_at_1000_std": -0.260857,
        "nauc_mrr_at_1000_diff1": 0.457297,
        "main_score": 0.36083,
        "hf_subset": "kor-kor",
        "languages": [
          "kor-Hang",
          "kor-Hang"
        ]
      },
      {
        "ndcg_at_1": 0.25994,
        "ndcg_at_3": 0.28859,
        "ndcg_at_5": 0.31071,
        "ndcg_at_10": 0.34097,
        "ndcg_at_20": 0.36704,
        "ndcg_at_100": 0.42407,
        "ndcg_at_1000": 0.45495,
        "map_at_1": 0.15329,
        "map_at_3": 0.23869,
        "map_at_5": 0.26591,
        "map_at_10": 0.28211,
        "map_at_20": 0.29105,
        "map_at_100": 0.30033,
        "map_at_1000": 0.30226,
        "recall_at_1": 0.15329,
        "recall_at_3": 0.29177,
        "recall_at_5": 0.36307,
        "recall_at_10": 0.4367,
        "recall_at_20": 0.52339,
        "recall_at_100": 0.79322,
        "recall_at_1000": 0.99592,
        "precision_at_1": 0.25994,
        "precision_at_3": 0.19113,
        "precision_at_5": 0.14618,
        "precision_at_10": 0.09098,
        "precision_at_20": 0.05413,
        "precision_at_100": 0.01578,
        "precision_at_1000": 0.00195,
        "mrr_at_1": 0.259939,
        "mrr_at_3": 0.324669,
        "mrr_at_5": 0.339042,
        "mrr_at_10": 0.348518,
        "mrr_at_20": 0.353975,
        "mrr_at_100": 0.359932,
        "mrr_at_1000": 0.36064,
        "nauc_ndcg_at_1_max": 0.057148,
        "nauc_ndcg_at_1_std": -0.330364,
        "nauc_ndcg_at_1_diff1": 0.49327,
        "nauc_ndcg_at_3_max": 0.013337,
        "nauc_ndcg_at_3_std": -0.326982,
        "nauc_ndcg_at_3_diff1": 0.395851,
        "nauc_ndcg_at_5_max": 0.004872,
        "nauc_ndcg_at_5_std": -0.337966,
        "nauc_ndcg_at_5_diff1": 0.389104,
        "nauc_ndcg_at_10_max": 0.004904,
        "nauc_ndcg_at_10_std": -0.33622,
        "nauc_ndcg_at_10_diff1": 0.387751,
        "nauc_ndcg_at_20_max": 0.005348,
        "nauc_ndcg_at_20_std": -0.333323,
        "nauc_ndcg_at_20_diff1": 0.382337,
        "nauc_ndcg_at_100_max": 0.018222,
        "nauc_ndcg_at_100_std": -0.311957,
        "nauc_ndcg_at_100_diff1": 0.37362,
        "nauc_ndcg_at_1000_max": 0.025478,
        "nauc_ndcg_at_1000_std": -0.313556,
        "nauc_ndcg_at_1000_diff1": 0.389985,
        "nauc_map_at_1_max": 0.024049,