{
  "dataset_revision": "fd7df84ac089bbec763b1c6bb1b56e985df5cc5c",
  "evaluation_time": 18.56531572341919,
  "kg_co2_emissions": null,
  "mteb_version": "1.19.4",
  "scores": {
    "test": [
      {
        "hf_subset": "default",
        "languages": [
          "kor-Hang"
        ],
        "main_score": 0.81337,
        "map_at_1": 0.67544,
        "map_at_10": 0.77253,
        "map_at_100": 0.77541,
        "map_at_1000": 0.77541,
        "map_at_20": 0.77446,
        "map_at_3": 0.75585,
        "map_at_5": 0.76637,
        "mrr_at_1": 0.6754385964912281,
        "mrr_at_10": 0.7725250626566417,
        "mrr_at_100": 0.77540714333768,
        "mrr_at_1000": 0.77540714333768,
        "mrr_at_20": 0.7744555517581834,
        "mrr_at_3": 0.7558479532163744,
        "mrr_at_5": 0.766374269005848,
        "nauc_map_at_1000_diff1": 0.6882626899425819,
        "nauc_map_at_1000_max": 0.13028712605706078,
        "nauc_map_at_1000_std": -0.6333480833690052,
        "nauc_map_at_100_diff1": 0.6882626899425819,
        "nauc_map_at_100_max": 0.13028712605706078,
        "nauc_map_at_100_std": -0.6333480833690052,
        "nauc_map_at_10_diff1": 0.6837187235611711,
        "nauc_map_at_10_max": 0.13476353281143322,
        "nauc_map_at_10_std": -0.63489540113429,
        "nauc_map_at_1_diff1": 0.7283217227535123,
        "nauc_map_at_1_max": 0.08574937709970755,
        "nauc_map_at_1_std": -0.6246105689080378,
        "nauc_map_at_20_diff1": 0.6838263576041446,
        "nauc_map_at_20_max": 0.1313812162496074,
        "nauc_map_at_20_std": -0.6315026415983667,
        "nauc_map_at_3_diff1": 0.6952310170994932,
        "nauc_map_at_3_max": 0.11334045087831807,
        "nauc_map_at_3_std": -0.6298824326505806,
        "nauc_map_at_5_diff1": 0.6844736565258235,
        "nauc_map_at_5_max": 0.13942038403835927,
        "nauc_map_at_5_std": -0.6274947494869828,
        "nauc_mrr_at_1000_diff1": 0.6882626899425819,
        "nauc_mrr_at_1000_max": 0.13028712605706078,
        "nauc_mrr_at_1000_std": -0.6333480833690052,
        "nauc_mrr_at_100_diff1": 0.6882626899425819,
        "nauc_mrr_at_100_max": 0.13028712605706078,
        "nauc_mrr_at_100_std": -0.6333480833690052,
        "nauc_mrr_at_10_diff1": 0.6837187235611711,
        "nauc_mrr_at_10_max": 0.13476353281143322,
        "nauc_mrr_at_10_std": -0.63489540113429,
        "nauc_mrr_at_1_diff1": 0.7283217227535123,
        "nauc_mrr_at_1_max": 0.08574937709970755,
        "nauc_mrr_at_1_std": -0.6246105689080378,
        "nauc_mrr_at_20_diff1": 0.6838263576041446,
        "nauc_mrr_at_20_max": 0.1313812162496074,
        "nauc_mrr_at_20_std": -0.6315026415983667,
        "nauc_mrr_at_3_diff1": 0.6952310170994932,
        "nauc_mrr_at_3_max": 0.11334045087831807,
        "nauc_mrr_at_3_std": -0.6298824326505806,
        "nauc_mrr_at_5_diff1": 0.6844736565258235,
        "nauc_mrr_at_5_max": 0.13942038403835927,
        "nauc_mrr_at_5_std": -0.6274947494869828,
        "nauc_ndcg_at_1000_diff1": 0.6798177496497114,
        "nauc_ndcg_at_1000_max": 0.13930225357339482,
        "nauc_ndcg_at_1000_std": -0.6349323465994774,
        "nauc_ndcg_at_100_diff1": 0.6798177496497114,
        "nauc_ndcg_at_100_max": 0.13930225357339482,
        "nauc_ndcg_at_100_std": -0.6349323465994774,
        "nauc_ndcg_at_10_diff1": 0.6534305228357417,
        "nauc_ndcg_at_10_max": 0.16337846477607224,
        "nauc_ndcg_at_10_std": -0.6439472422010555,
        "nauc_ndcg_at_1_diff1": 0.7283217227535123,
        "nauc_ndcg_at_1_max": 0.08574937709970755,
        "nauc_ndcg_at_1_std": -0.6246105689080378,
        "nauc_ndcg_at_20_diff1": 0.6532504040101259,
        "nauc_ndcg_at_20_max": 0.15154965569273673,
        "nauc_ndcg_at_20_std": -0.62529669477198,
        "nauc_ndcg_at_3_diff1": 0.6802176246485789,
        "nauc_ndcg_at_3_max": 0.11876515078143252,
        "nauc_ndcg_at_3_std": -0.6295132308461416,
        "nauc_ndcg_at_5_diff1": 0.65782040297904,
        "nauc_ndcg_at_5_max": 0.1710880020518264,
        "nauc_ndcg_at_5_std": -0.623544324755987,
        "nauc_precision_at_1000_diff1": 1.0,
        "nauc_precision_at_1000_max": 1.0,
        "nauc_precision_at_1000_std": 1.0,
        "nauc_precision_at_100_diff1": 1.0,
        "nauc_precision_at_100_max": 1.0,
        "nauc_precision_at_100_std": 1.0,
        "nauc_precision_at_10_diff1": 0.3576107205133529,
        "nauc_precision_at_10_max": 0.4417872910038361,
        "nauc_precision_at_10_std": -0.7449071731142188,
        "nauc_precision_at_1_diff1": 0.7283217227535123,
        "nauc_precision_at_1_max": 0.08574937709970755,
        "nauc_precision_at_1_std": -0.6246105689080378,
        "nauc_precision_at_20_diff1": 0.13838797981732007,
        "nauc_precision_at_20_max": 0.4593222978687597,
        "nauc_precision_at_20_std": -0.4558779704077904,
        "nauc_precision_at_3_diff1": 0.6150080982680898,
        "nauc_precision_at_3_max": 0.13934586595258922,
        "nauc_precision_at_3_std": -0.6267492848843961,
        "nauc_precision_at_5_diff1": 0.5019388400138272,
        "nauc_precision_at_5_max": 0.3582921076932564,
        "nauc_precision_at_5_std": -0.5967482390704195,
        "nauc_recall_at_1000_diff1": NaN,
        "nauc_recall_at_1000_max": NaN,
        "nauc_recall_at_1000_std": NaN,
        "nauc_recall_at_100_diff1": NaN,
        "nauc_recall_at_100_max": NaN,
        "nauc_recall_at_100_std": NaN,
        "nauc_recall_at_10_diff1": 0.3576107205133534,
        "nauc_recall_at_10_max": 0.44178729100383596,
        "nauc_recall_at_10_std": -0.7449071731142182,
        "nauc_recall_at_1_diff1": 0.7283217227535123,
        "nauc_recall_at_1_max": 0.08574937709970755,
        "nauc_recall_at_1_std": -0.6246105689080378,
        "nauc_recall_at_20_diff1": 0.13838797981732298,
        "nauc_recall_at_20_max": 0.4593222978687574,
        "nauc_recall_at_20_std": -0.45587797040779265,
        "nauc_recall_at_3_diff1": 0.6150080982680903,
        "nauc_recall_at_3_max": 0.13934586595258888,
        "nauc_recall_at_3_std": -0.6267492848843966,
        "nauc_recall_at_5_diff1": 0.5019388400138263,
        "nauc_recall_at_5_max": 0.35829210769325465,
        "nauc_recall_at_5_std": -0.5967482390704182,
        "ndcg_at_1": 0.67544,
        "ndcg_at_10": 0.81337,
        "ndcg_at_100": 0.82677,
        "ndcg_at_1000": 0.82677,
        "ndcg_at_20": 0.82015,
        "ndcg_at_3": 0.78039,
        "ndcg_at_5": 0.79889,
        "precision_at_1": 0.67544,
        "precision_at_10": 0.09386,
        "precision_at_100": 0.01,
        "precision_at_1000": 0.001,
        "precision_at_20": 0.04825,
        "precision_at_3": 0.28363,
        "precision_at_5": 0.17895,
        "recall_at_1": 0.67544,
        "recall_at_10": 0.9386,
        "recall_at_100": 1.0,
        "recall_at_1000": 1.0,
        "recall_at_20": 0.96491,
        "recall_at_3": 0.85088,
        "recall_at_5": 0.89474
      }
    ]
  },
  "task_name": "AutoRAGRetrieval"
}