{
  "dataset_revision": "fd7df84ac089bbec763b1c6bb1b56e985df5cc5c",
  "task_name": "AutoRAGRetrieval",
  "mteb_version": "1.31.1",
  "scores": {
    "test": [
      {
        "ndcg_at_1": 0.67544,
        "ndcg_at_3": 0.78039,
        "ndcg_at_5": 0.79889,
        "ndcg_at_10": 0.81337,
        "ndcg_at_20": 0.82015,
        "ndcg_at_100": 0.82677,
        "ndcg_at_1000": 0.82677,
        "map_at_1": 0.67544,
        "map_at_3": 0.75585,
        "map_at_5": 0.76637,
        "map_at_10": 0.77253,
        "map_at_20": 0.77446,
        "map_at_100": 0.77541,
        "map_at_1000": 0.77541,
        "recall_at_1": 0.67544,
        "recall_at_3": 0.85088,
        "recall_at_5": 0.89474,
        "recall_at_10": 0.9386,
        "recall_at_20": 0.96491,
        "recall_at_100": 1.0,
        "recall_at_1000": 1.0,
        "precision_at_1": 0.67544,
        "precision_at_3": 0.28363,
        "precision_at_5": 0.17895,
        "precision_at_10": 0.09386,
        "precision_at_20": 0.04825,
        "precision_at_100": 0.01,
        "precision_at_1000": 0.001,
        "mrr_at_1": 0.675439,
        "mrr_at_3": 0.755848,
        "mrr_at_5": 0.766374,
        "mrr_at_10": 0.772525,
        "mrr_at_20": 0.774456,
        "mrr_at_100": 0.775407,
        "mrr_at_1000": 0.775407,
        "nauc_ndcg_at_1_max": 0.085749,
        "nauc_ndcg_at_1_std": -0.624611,
        "nauc_ndcg_at_1_diff1": 0.728322,
        "nauc_ndcg_at_3_max": 0.118765,
        "nauc_ndcg_at_3_std": -0.629513,
        "nauc_ndcg_at_3_diff1": 0.680218,
        "nauc_ndcg_at_5_max": 0.171088,
        "nauc_ndcg_at_5_std": -0.623544,
        "nauc_ndcg_at_5_diff1": 0.65782,
        "nauc_ndcg_at_10_max": 0.163378,
        "nauc_ndcg_at_10_std": -0.643947,
        "nauc_ndcg_at_10_diff1": 0.653431,
        "nauc_ndcg_at_20_max": 0.15155,
        "nauc_ndcg_at_20_std": -0.625297,
        "nauc_ndcg_at_20_diff1": 0.65325,
        "nauc_ndcg_at_100_max": 0.139302,
        "nauc_ndcg_at_100_std": -0.634932,
        "nauc_ndcg_at_100_diff1": 0.679818,
        "nauc_ndcg_at_1000_max": 0.139302,
        "nauc_ndcg_at_1000_std": -0.634932,
        "nauc_ndcg_at_1000_diff1": 0.679818,
        "nauc_map_at_1_max": 0.085749,
        "nauc_map_at_1_std": -0.624611,
        "nauc_map_at_1_diff1": 0.728322,
        "nauc_map_at_3_max": 0.11334,
        "nauc_map_at_3_std": -0.629882,
        "nauc_map_at_3_diff1": 0.695231,
        "nauc_map_at_5_max": 0.13942,
        "nauc_map_at_5_std": -0.627495,
        "nauc_map_at_5_diff1": 0.684474,
        "nauc_map_at_10_max": 0.134764,
        "nauc_map_at_10_std": -0.634895,
        "nauc_map_at_10_diff1": 0.683719,
        "nauc_map_at_20_max": 0.131381,
        "nauc_map_at_20_std": -0.631503,
        "nauc_map_at_20_diff1": 0.683826,
        "nauc_map_at_100_max": 0.130287,
        "nauc_map_at_100_std": -0.633348,
        "nauc_map_at_100_diff1": 0.688263,
        "nauc_map_at_1000_max": 0.130287,
        "nauc_map_at_1000_std": -0.633348,
        "nauc_map_at_1000_diff1": 0.688263,
        "nauc_recall_at_1_max": 0.085749,
        "nauc_recall_at_1_std": -0.624611,
        "nauc_recall_at_1_diff1": 0.728322,
        "nauc_recall_at_3_max": 0.139346,
        "nauc_recall_at_3_std": -0.626749,
        "nauc_recall_at_3_diff1": 0.615008,
        "nauc_recall_at_5_max": 0.358292,
        "nauc_recall_at_5_std": -0.596748,
        "nauc_recall_at_5_diff1": 0.501939,
        "nauc_recall_at_10_max": 0.441787,
        "nauc_recall_at_10_std": -0.744907,
        "nauc_recall_at_10_diff1": 0.357611,
        "nauc_recall_at_20_max": 0.459322,
        "nauc_recall_at_20_std": -0.455878,
        "nauc_recall_at_20_diff1": 0.138388,
        "nauc_recall_at_100_max": NaN,
        "nauc_recall_at_100_std": NaN,
        "nauc_recall_at_100_diff1": NaN,
        "nauc_recall_at_1000_max": NaN,
        "nauc_recall_at_1000_std": NaN,
        "nauc_recall_at_1000_diff1": NaN,
        "nauc_precision_at_1_max": 0.085749,
        "nauc_precision_at_1_std": -0.624611,
        "nauc_precision_at_1_diff1": 0.728322,
        "nauc_precision_at_3_max": 0.139346,
        "nauc_precision_at_3_std": -0.626749,
        "nauc_precision_at_3_diff1": 0.615008,
        "nauc_precision_at_5_max": 0.358292,
        "nauc_precision_at_5_std": -0.596748,
        "nauc_precision_at_5_diff1": 0.501939,
        "nauc_precision_at_10_max": 0.441787,
        "nauc_precision_at_10_std": -0.744907,
        "nauc_precision_at_10_diff1": 0.357611,
        "nauc_precision_at_20_max": 0.459322,
        "nauc_precision_at_20_std": -0.455878,
        "nauc_precision_at_20_diff1": 0.138388,
        "nauc_precision_at_100_max": 1.0,
        "nauc_precision_at_100_std": 1.0,
        "nauc_precision_at_100_diff1": 1.0,
        "nauc_precision_at_1000_max": 1.0,
        "nauc_precision_at_1000_std": 1.0,
        "nauc_precision_at_1000_diff1": 1.0,
        "nauc_mrr_at_1_max": 0.085749,
        "nauc_mrr_at_1_std": -0.624611,
        "nauc_mrr_at_1_diff1": 0.728322,
        "nauc_mrr_at_3_max": 0.11334,
        "nauc_mrr_at_3_std": -0.629882,
        "nauc_mrr_at_3_diff1": 0.695231,
        "nauc_mrr_at_5_max": 0.13942,
        "nauc_mrr_at_5_std": -0.627495,
        "nauc_mrr_at_5_diff1": 0.684474,
        "nauc_mrr_at_10_max": 0.134764,
        "nauc_mrr_at_10_std": -0.634895,
        "nauc_mrr_at_10_diff1": 0.683719,
        "nauc_mrr_at_20_max": 0.131381,
        "nauc_mrr_at_20_std": -0.631503,
        "nauc_mrr_at_20_diff1": 0.683826,
        "nauc_mrr_at_100_max": 0.130287,
        "nauc_mrr_at_100_std": -0.633348,
        "nauc_mrr_at_100_diff1": 0.688263,
        "nauc_mrr_at_1000_max": 0.130287,
        "nauc_mrr_at_1000_std": -0.633348,
        "nauc_mrr_at_1000_diff1": 0.688263,
        "main_score": 0.81337,
        "hf_subset": "default",
        "languages": [
          "kor-Hang"
        ]
      }
    ]
  },
  "evaluation_time": 15.318774461746216,
  "kg_co2_emissions": null
}