{
  "dataset_revision": "75b399394a9803252cfec289d103de462763db7c",
  "task_name": "BelebeleRetrieval",
  "mteb_version": "1.31.1",
  "scores": {
    "test": [
      {
        "ndcg_at_1": 0.90556,
        "ndcg_at_3": 0.93872,
        "ndcg_at_5": 0.94149,
        "ndcg_at_10": 0.94499,
        "ndcg_at_20": 0.94703,
        "ndcg_at_100": 0.94834,
        "ndcg_at_1000": 0.94925,
        "map_at_1": 0.90556,
        "map_at_3": 0.93093,
        "map_at_5": 0.93248,
        "map_at_10": 0.93387,
        "map_at_20": 0.93447,
        "map_at_100": 0.93468,
        "map_at_1000": 0.93472,
        "recall_at_1": 0.90556,
        "recall_at_3": 0.96111,
        "recall_at_5": 0.96778,
        "recall_at_10": 0.97889,
        "recall_at_20": 0.98667,
        "recall_at_100": 0.99333,
        "recall_at_1000": 1.0,
        "precision_at_1": 0.90556,
        "precision_at_3": 0.32037,
        "precision_at_5": 0.19356,
        "precision_at_10": 0.09789,
        "precision_at_20": 0.04933,
        "precision_at_100": 0.00993,
        "precision_at_1000": 0.001,
        "mrr_at_1": 0.905556,
        "mrr_at_3": 0.930926,
        "mrr_at_5": 0.932481,
        "mrr_at_10": 0.933873,
        "mrr_at_20": 0.934469,
        "mrr_at_100": 0.934675,
        "mrr_at_1000": 0.934717,
        "nauc_ndcg_at_1_max": 0.796518,
        "nauc_ndcg_at_1_std": 0.180321,
        "nauc_ndcg_at_1_diff1": 0.925633,
        "nauc_ndcg_at_3_max": 0.84862,
        "nauc_ndcg_at_3_std": 0.224404,
        "nauc_ndcg_at_3_diff1": 0.934193,
        "nauc_ndcg_at_5_max": 0.845513,
        "nauc_ndcg_at_5_std": 0.2306,
        "nauc_ndcg_at_5_diff1": 0.934306,
        "nauc_ndcg_at_10_max": 0.839272,
        "nauc_ndcg_at_10_std": 0.217441,
        "nauc_ndcg_at_10_diff1": 0.932707,
        "nauc_ndcg_at_20_max": 0.833774,
        "nauc_ndcg_at_20_std": 0.218367,
        "nauc_ndcg_at_20_diff1": 0.932877,
        "nauc_ndcg_at_100_max": 0.831835,
        "nauc_ndcg_at_100_std": 0.225393,
        "nauc_ndcg_at_100_diff1": 0.931169,
        "nauc_ndcg_at_1000_max": 0.830837,
        "nauc_ndcg_at_1000_std": 0.216616,
        "nauc_ndcg_at_1000_diff1": 0.931105,
        "nauc_map_at_1_max": 0.796518,
        "nauc_map_at_1_std": 0.180321,
        "nauc_map_at_1_diff1": 0.925633,
        "nauc_map_at_3_max": 0.832505,
        "nauc_map_at_3_std": 0.210319,
        "nauc_map_at_3_diff1": 0.931055,
        "nauc_map_at_5_max": 0.830528,
        "nauc_map_at_5_std": 0.213054,
        "nauc_map_at_5_diff1": 0.931039,
        "nauc_map_at_10_max": 0.828234,
        "nauc_map_at_10_std": 0.207763,
        "nauc_map_at_10_diff1": 0.930488,
        "nauc_map_at_20_max": 0.826819,
        "nauc_map_at_20_std": 0.208065,
        "nauc_map_at_20_diff1": 0.930457,
        "nauc_map_at_100_max": 0.826556,
        "nauc_map_at_100_std": 0.209238,
        "nauc_map_at_100_diff1": 0.930238,
        "nauc_map_at_1000_max": 0.826511,
        "nauc_map_at_1000_std": 0.208909,
        "nauc_map_at_1000_diff1": 0.930228,
        "nauc_recall_at_1_max": 0.796518,
        "nauc_recall_at_1_std": 0.180321,
        "nauc_recall_at_1_diff1": 0.925633,
        "nauc_recall_at_3_max": 0.930439,
        "nauc_recall_at_3_std": 0.296265,
        "nauc_recall_at_3_diff1": 0.950514,
        "nauc_recall_at_5_max": 0.934641,
        "nauc_recall_at_5_std": 0.33776,
        "nauc_recall_at_5_diff1": 0.954361,
        "nauc_recall_at_10_max": 0.928621,
        "nauc_recall_at_10_std": 0.295666,
        "nauc_recall_at_10_diff1": 0.95098,
        "nauc_recall_at_20_max": 0.897876,
        "nauc_recall_at_20_std": 0.349634,
        "nauc_recall_at_20_diff1": 0.965959,
        "nauc_recall_at_100_max": 0.885621,
        "nauc_recall_at_100_std": 0.717631,
        "nauc_recall_at_100_diff1": 0.931917,
        "nauc_recall_at_1000_max": NaN,
        "nauc_recall_at_1000_std": NaN,
        "nauc_recall_at_1000_diff1": NaN,
        "nauc_precision_at_1_max": 0.796518,
        "nauc_precision_at_1_std": 0.180321,
        "nauc_precision_at_1_diff1": 0.925633,
        "nauc_precision_at_3_max": 0.930439,
        "nauc_precision_at_3_std": 0.296265,
        "nauc_precision_at_3_diff1": 0.950514,
        "nauc_precision_at_5_max": 0.934641,
        "nauc_precision_at_5_std": 0.33776,
        "nauc_precision_at_5_diff1": 0.954361,
        "nauc_precision_at_10_max": 0.928621,
        "nauc_precision_at_10_std": 0.295666,
        "nauc_precision_at_10_diff1": 0.95098,
        "nauc_precision_at_20_max": 0.897876,
        "nauc_precision_at_20_std": 0.349634,
        "nauc_precision_at_20_diff1": 0.965959,
        "nauc_precision_at_100_max": 0.885621,
        "nauc_precision_at_100_std": 0.717631,
        "nauc_precision_at_100_diff1": 0.931917,
        "nauc_precision_at_1000_max": NaN,
        "nauc_precision_at_1000_std": NaN,
        "nauc_precision_at_1000_diff1": NaN,
        "nauc_mrr_at_1_max": 0.796518,
        "nauc_mrr_at_1_std": 0.180321,
        "nauc_mrr_at_1_diff1": 0.925633,
        "nauc_mrr_at_3_max": 0.832505,
        "nauc_mrr_at_3_std": 0.210319,
        "nauc_mrr_at_3_diff1": 0.931055,
        "nauc_mrr_at_5_max": 0.830528,
        "nauc_mrr_at_5_std": 0.213054,
        "nauc_mrr_at_5_diff1": 0.931039,
        "nauc_mrr_at_10_max": 0.828234,
        "nauc_mrr_at_10_std": 0.207763,
        "nauc_mrr_at_10_diff1": 0.930488,
        "nauc_mrr_at_20_max": 0.826819,
        "nauc_mrr_at_20_std": 0.208065,
        "nauc_mrr_at_20_diff1": 0.930457,
        "nauc_mrr_at_100_max": 0.826556,
        "nauc_mrr_at_100_std": 0.209238,
        "nauc_mrr_at_100_diff1": 0.930238,
        "nauc_mrr_at_1000_max": 0.826511,
        "nauc_mrr_at_1000_std": 0.208909,
        "nauc_mrr_at_1000_diff1": 0.930228,
        "main_score": 0.94499,
        "hf_subset": "kor_Hang-kor_Hang",
        "languages": [
          "kor-Hang",
          "kor-Hang"
        ]
      },
      {
        "ndcg_at_1": 0.85667,
        "ndcg_at_3": 0.9045,
        "ndcg_at_5": 0.91305,
        "ndcg_at_10": 0.92031,
        "ndcg_at_20": 0.92293,
        "ndcg_at_100": 0.92405,
        "ndcg_at_1000": 0.92436,
        "map_at_1": 0.85667,
        "map_at_3": 0.89296,
        "map_at_5": 0.89763,
        "map_at_10": 0.90067,
        "map_at_20": 0.90143,
        "map_at_100": 0.90155,
        "map_at_1000": 0.90157,
        "recall_at_1": 0.85667,
        "recall_at_3": 0.93778,
        "recall_at_5": 0.95889,
        "recall_at_10": 0.98111,
        "recall_at_20": 0.99111,
        "recall_at_100": 0.99778,
        "recall_at_1000": 1.0,
        "precision_at_1": 0.85667,
        "precision_at_3": 0.31259,
        "precision_at_5": 0.19178,
        "precision_at_10": 0.09811,
        "precision_at_20": 0.04956,
        "precision_at_100": 0.00998,
        "precision_at_1000": 0.001,
        "mrr_at_1": 0.856667,
        "mrr_at_3": 0.892963,
        "mrr_at_5": 0.89763,
        "mrr_at_10": 0.900669,
        "mrr_at_20": 0.901431,
        "mrr_at_100": 0.90155,
        "mrr_at_1000": 0.901565,
        "nauc_ndcg_at_1_max": 0.620024,
        "nauc_ndcg_at_1_std": 0.071836,
        "nauc_ndcg_at_1_diff1": 0.929088,
        "nauc_ndcg_at_3_max": 0.634927,
        "nauc_ndcg_at_3_std": 0.053555,
        "nauc_ndcg_at_3_diff1": 0.914188,
        "nauc_ndcg_at_5_max": 0.623336,
        "nauc_ndcg_at_5_std": 0.058983,
        "nauc_ndcg_at_5_diff1": 0.919962,
        "nauc_ndcg_at_10_max": 0.614093,
        "nauc_ndcg_at_10_std": 0.056778,
        "nauc_ndcg_at_10_diff1": 0.921384,
        "nauc_ndcg_at_20_max": 0.613103,
        "nauc_ndcg_at_20_std": 0.072101,
        "nauc_ndcg_at_20_diff1": 0.921258,
        "nauc_ndcg_at_100_max": 0.618184,
        "nauc_ndcg_at_100_std": 0.071636,
        "nauc_ndcg_at_100_diff1": 0.921441,
        "nauc_ndcg_at_1000_max": 0.618553,
        "nauc_ndcg_at_1000_std": 0.068037,
        "nauc_ndcg_at_1000_diff1": 0.92141,
        "nauc_map_at_1_max": 0.620024,
        "nauc_map_at_1_std": 0.071836,