{
  "dataset_revision": "d243889a3eb6654029dbd7e7f9319ae31d58f97c",
  "task_name": "Ko-StrategyQA",
  "mteb_version": "1.31.1",
  "scores": {
    "dev": [
      {
        "ndcg_at_1": 0.76858,
        "ndcg_at_3": 0.76483,
        "ndcg_at_5": 0.78681,
        "ndcg_at_10": 0.80348,
        "ndcg_at_20": 0.81154,
        "ndcg_at_100": 0.82087,
        "ndcg_at_1000": 0.82835,
        "map_at_1": 0.50664,
        "map_at_3": 0.7275,
        "map_at_5": 0.75164,
        "map_at_10": 0.76374,
        "map_at_20": 0.76721,
        "map_at_100": 0.76914,
        "map_at_1000": 0.76945,
        "recall_at_1": 0.50664,
        "recall_at_3": 0.7696,
        "recall_at_5": 0.8158,
        "recall_at_10": 0.854,
        "recall_at_20": 0.87852,
        "recall_at_100": 0.91833,
        "recall_at_1000": 0.96585,
        "precision_at_1": 0.76858,
        "precision_at_3": 0.45327,
        "precision_at_5": 0.29628,
        "precision_at_10": 0.15794,
        "precision_at_20": 0.08201,
        "precision_at_100": 0.0173,
        "precision_at_1000": 0.00184,
        "mrr_at_1": 0.768581,
        "mrr_at_3": 0.815315,
        "mrr_at_5": 0.818525,
        "mrr_at_10": 0.820111,
        "mrr_at_20": 0.821053,
        "mrr_at_100": 0.821836,
        "mrr_at_1000": 0.822041,
        "nauc_ndcg_at_1_max": 0.619784,
        "nauc_ndcg_at_1_std": 0.245204,
        "nauc_ndcg_at_1_diff1": 0.738968,
        "nauc_ndcg_at_3_max": 0.631952,
        "nauc_ndcg_at_3_std": 0.268006,
        "nauc_ndcg_at_3_diff1": 0.617872,
        "nauc_ndcg_at_5_max": 0.676424,
        "nauc_ndcg_at_5_std": 0.31694,
        "nauc_ndcg_at_5_diff1": 0.6406,
        "nauc_ndcg_at_10_max": 0.71461,
        "nauc_ndcg_at_10_std": 0.367991,
        "nauc_ndcg_at_10_diff1": 0.646597,
        "nauc_ndcg_at_20_max": 0.713472,
        "nauc_ndcg_at_20_std": 0.393963,
        "nauc_ndcg_at_20_diff1": 0.649393,
        "nauc_ndcg_at_100_max": 0.704367,
        "nauc_ndcg_at_100_std": 0.38979,
        "nauc_ndcg_at_100_diff1": 0.647074,
        "nauc_ndcg_at_1000_max": 0.696456,
        "nauc_ndcg_at_1000_std": 0.371955,
        "nauc_ndcg_at_1000_diff1": 0.64724,
        "nauc_map_at_1_max": 0.290554,
        "nauc_map_at_1_std": -0.011034,
        "nauc_map_at_1_diff1": 0.676473,
        "nauc_map_at_3_max": 0.578073,
        "nauc_map_at_3_std": 0.202774,
        "nauc_map_at_3_diff1": 0.606185,
        "nauc_map_at_5_max": 0.620886,
        "nauc_map_at_5_std": 0.241422,
        "nauc_map_at_5_diff1": 0.624348,
        "nauc_map_at_10_max": 0.645168,
        "nauc_map_at_10_std": 0.271615,
        "nauc_map_at_10_diff1": 0.626796,
        "nauc_map_at_20_max": 0.644837,
        "nauc_map_at_20_std": 0.281922,
        "nauc_map_at_20_diff1": 0.627828,
        "nauc_map_at_100_max": 0.642623,
        "nauc_map_at_100_std": 0.280503,
        "nauc_map_at_100_diff1": 0.627024,
        "nauc_map_at_1000_max": 0.642335,
        "nauc_map_at_1000_std": 0.279922,
        "nauc_map_at_1000_diff1": 0.627023,
        "nauc_recall_at_1_max": 0.290554,
        "nauc_recall_at_1_std": -0.011034,
        "nauc_recall_at_1_diff1": 0.676473,
        "nauc_recall_at_3_max": 0.634381,
        "nauc_recall_at_3_std": 0.291184,
        "nauc_recall_at_3_diff1": 0.566871,
        "nauc_recall_at_5_max": 0.734125,
        "nauc_recall_at_5_std": 0.40014,
        "nauc_recall_at_5_diff1": 0.604718,
        "nauc_recall_at_10_max": 0.858998,
        "nauc_recall_at_10_std": 0.562999,
        "nauc_recall_at_10_diff1": 0.623254,
        "nauc_recall_at_20_max": 0.885468,
        "nauc_recall_at_20_std": 0.716995,
        "nauc_recall_at_20_diff1": 0.63906,
        "nauc_recall_at_100_max": 0.894142,
        "nauc_recall_at_100_std": 0.838931,
        "nauc_recall_at_100_diff1": 0.623704,
        "nauc_recall_at_1000_max": 0.938956,
        "nauc_recall_at_1000_std": 0.931779,
        "nauc_recall_at_1000_diff1": 0.612348,
        "nauc_precision_at_1_max": 0.619784,
        "nauc_precision_at_1_std": 0.245204,
        "nauc_precision_at_1_diff1": 0.738968,
        "nauc_precision_at_3_max": 0.372865,
        "nauc_precision_at_3_std": 0.308173,
        "nauc_precision_at_3_diff1": -0.062773,
        "nauc_precision_at_5_max": 0.320365,
        "nauc_precision_at_5_std": 0.312202,
        "nauc_precision_at_5_diff1": -0.108138,
        "nauc_precision_at_10_max": 0.290905,
        "nauc_precision_at_10_std": 0.344398,
        "nauc_precision_at_10_diff1": -0.167263,
        "nauc_precision_at_20_max": 0.233762,
        "nauc_precision_at_20_std": 0.352404,
        "nauc_precision_at_20_diff1": -0.20605,
        "nauc_precision_at_100_max": 0.13536,
        "nauc_precision_at_100_std": 0.301167,
        "nauc_precision_at_100_diff1": -0.286326,
        "nauc_precision_at_1000_max": 0.001086,
        "nauc_precision_at_1000_std": 0.193485,
        "nauc_precision_at_1000_diff1": -0.397027,
        "nauc_mrr_at_1_max": 0.619784,
        "nauc_mrr_at_1_std": 0.245204,
        "nauc_mrr_at_1_diff1": 0.738968,
        "nauc_mrr_at_3_max": 0.714602,
        "nauc_mrr_at_3_std": 0.377988,
        "nauc_mrr_at_3_diff1": 0.717388,
        "nauc_mrr_at_5_max": 0.714851,
        "nauc_mrr_at_5_std": 0.387569,
        "nauc_mrr_at_5_diff1": 0.717589,
        "nauc_mrr_at_10_max": 0.715094,
        "nauc_mrr_at_10_std": 0.388031,
        "nauc_mrr_at_10_diff1": 0.718016,
        "nauc_mrr_at_20_max": 0.713955,
        "nauc_mrr_at_20_std": 0.389466,
        "nauc_mrr_at_20_diff1": 0.717866,
        "nauc_mrr_at_100_max": 0.712979,
        "nauc_mrr_at_100_std": 0.388053,
        "nauc_mrr_at_100_diff1": 0.717645,
        "nauc_mrr_at_1000_max": 0.71275,
        "nauc_mrr_at_1000_std": 0.387445,
        "nauc_mrr_at_1000_diff1": 0.717727,
        "main_score": 0.80348,
        "hf_subset": "default",
        "languages": [
          "kor-Hang"
        ]
      }
    ]
  },
  "evaluation_time": 83.08592963218689,
  "kg_co2_emissions": null
}