{
  "dataset_revision": "main",
  "evaluation_time": 22242.406965255737,
  "kg_co2_emissions": null,
  "mteb_version": "1.19.4",
  "scores": {
    "dev": [
      {
        "hf_subset": "ko",
        "languages": [
          "kor-Kore"
        ],
        "main_score": 0.66486,
        "map_at_1": 0.39817,
        "map_at_10": 0.57475,
        "map_at_100": 0.59592,
        "map_at_1000": 0.59688,
        "map_at_20": 0.58615,
        "map_at_3": 0.51008,
        "map_at_5": 0.5453,
        "mrr_at_1": 0.6291079812206573,
        "mrr_at_10": 0.7366588419405322,
        "mrr_at_100": 0.7396868370283863,
        "mrr_at_1000": 0.7397718728043917,
        "mrr_at_20": 0.7387440806454891,
        "mrr_at_3": 0.7214397496087638,
        "mrr_at_5": 0.7320031298904539,
        "nauc_map_at_1000_diff1": 0.3837911965262718,
        "nauc_map_at_1000_max": 0.40308399089236396,
        "nauc_map_at_1000_std": -0.06379339452715582,
        "nauc_map_at_100_diff1": 0.38278502675420284,
        "nauc_map_at_100_max": 0.40238736979314654,
        "nauc_map_at_100_std": -0.06544180548856873,
        "nauc_map_at_10_diff1": 0.39089373824018875,
        "nauc_map_at_10_max": 0.4041436760808993,
        "nauc_map_at_10_std": -0.08672260660681444,
        "nauc_map_at_1_diff1": 0.440509659668766,
        "nauc_map_at_1_max": 0.3236573126938934,
        "nauc_map_at_1_std": -0.18323841041068328,
        "nauc_map_at_20_diff1": 0.381851663192607,
        "nauc_map_at_20_max": 0.39906518685264364,
        "nauc_map_at_20_std": -0.07929991459709138,
        "nauc_map_at_3_diff1": 0.381696475066722,
        "nauc_map_at_3_max": 0.3556494320690001,
        "nauc_map_at_3_std": -0.16600412280283966,
        "nauc_map_at_5_diff1": 0.3976892335685762,
        "nauc_map_at_5_max": 0.3685040211177935,
        "nauc_map_at_5_std": -0.14048277377163843,
        "nauc_mrr_at_1000_diff1": 0.3872386048717649,
        "nauc_mrr_at_1000_max": 0.45376262480676327,
        "nauc_mrr_at_1000_std": 0.1599964264678888,
        "nauc_mrr_at_100_diff1": 0.3872366940531705,
        "nauc_mrr_at_100_max": 0.45385927820433125,
        "nauc_mrr_at_100_std": 0.16019961717007042,
        "nauc_mrr_at_10_diff1": 0.3887496116894425,
        "nauc_mrr_at_10_max": 0.458533950697311,
        "nauc_mrr_at_10_std": 0.1654565986975807,
        "nauc_mrr_at_1_diff1": 0.4327839855313694,
        "nauc_mrr_at_1_max": 0.43792362259344914,
        "nauc_mrr_at_1_std": 0.08901866262287145,
        "nauc_mrr_at_20_diff1": 0.38712698651768995,
        "nauc_mrr_at_20_max": 0.4551012845906619,
        "nauc_mrr_at_20_std": 0.1608626758894431,
        "nauc_mrr_at_3_diff1": 0.3754946169140696,
        "nauc_mrr_at_3_max": 0.4402042196432023,
        "nauc_mrr_at_3_std": 0.16281847393521195,
        "nauc_mrr_at_5_diff1": 0.39178041592492124,
        "nauc_mrr_at_5_max": 0.45410519440021624,
        "nauc_mrr_at_5_std": 0.16606088593627427,
        "nauc_ndcg_at_1000_diff1": 0.3724402918583468,
        "nauc_ndcg_at_1000_max": 0.4411204737374578,
        "nauc_ndcg_at_1000_std": 0.05633736942813012,
        "nauc_ndcg_at_100_diff1": 0.36306103475892026,
        "nauc_ndcg_at_100_max": 0.4362276567346318,
        "nauc_ndcg_at_100_std": 0.04076036137752997,
        "nauc_ndcg_at_10_diff1": 0.38565581428440926,
        "nauc_ndcg_at_10_max": 0.4477238632518685,
        "nauc_ndcg_at_10_std": -0.0022715690211862934,
        "nauc_ndcg_at_1_diff1": 0.4327839855313694,
        "nauc_ndcg_at_1_max": 0.43792362259344914,
        "nauc_ndcg_at_1_std": 0.08901866262287145,
        "nauc_ndcg_at_20_diff1": 0.36334095594670834,
        "nauc_ndcg_at_20_max": 0.43121289828585696,
        "nauc_ndcg_at_20_std": 0.0014560776008887809,
        "nauc_ndcg_at_3_diff1": 0.3504828896059918,
        "nauc_ndcg_at_3_max": 0.3903649062281797,
        "nauc_ndcg_at_3_std": 0.0009487492719896218,
        "nauc_ndcg_at_5_diff1": 0.3955825272148319,
        "nauc_ndcg_at_5_max": 0.40013532836706406,
        "nauc_ndcg_at_5_std": -0.023625493066877553,
        "nauc_precision_at_1000_diff1": -0.1674893792440607,
        "nauc_precision_at_1000_max": 0.008713388862239432,
        "nauc_precision_at_1000_std": 0.47802346731030876,
        "nauc_precision_at_100_diff1": -0.18625122991805604,
        "nauc_precision_at_100_max": 0.01634892796986117,
        "nauc_precision_at_100_std": 0.46547302324700046,
        "nauc_precision_at_10_diff1": -0.09628418614572895,
        "nauc_precision_at_10_max": 0.16602575486623067,
        "nauc_precision_at_10_std": 0.4560172223232804,
        "nauc_precision_at_1_diff1": 0.4327839855313694,
        "nauc_precision_at_1_max": 0.43792362259344914,
        "nauc_precision_at_1_std": 0.08901866262287145,
        "nauc_precision_at_20_diff1": -0.1642198896134193,
        "nauc_precision_at_20_max": 0.08357456167411671,
        "nauc_precision_at_20_std": 0.4430076721462144,
        "nauc_precision_at_3_diff1": -0.051558683337445156,
        "nauc_precision_at_3_max": 0.23528208450060462,
        "nauc_precision_at_3_std": 0.3002556524367771,
        "nauc_precision_at_5_diff1": -0.04581765133291948,
        "nauc_precision_at_5_max": 0.15784094877764906,
        "nauc_precision_at_5_std": 0.3609616652230924,
        "nauc_recall_at_1000_diff1": 0.18069466870619919,
        "nauc_recall_at_1000_max": 0.7884234926199413,
        "nauc_recall_at_1000_std": 0.8396692861367822,
        "nauc_recall_at_100_diff1": 0.09988559454231889,
        "nauc_recall_at_100_max": 0.4024750413649136,
        "nauc_recall_at_100_std": 0.12536806908524142,
        "nauc_recall_at_10_diff1": 0.3336311951057095,
        "nauc_recall_at_10_max": 0.462288877527675,
        "nauc_recall_at_10_std": -0.01382064760940675,
        "nauc_recall_at_1_diff1": 0.440509659668766,
        "nauc_recall_at_1_max": 0.3236573126938934,
        "nauc_recall_at_1_std": -0.18323841041068328,
        "nauc_recall_at_20_diff1": 0.22916823976098807,
        "nauc_recall_at_20_max": 0.3843913327854645,
        "nauc_recall_at_20_std": -0.03841425001610077,
        "nauc_recall_at_3_diff1": 0.30981968404029536,
        "nauc_recall_at_3_max": 0.30174085683026775,
        "nauc_recall_at_3_std": -0.16719772497653437,
        "nauc_recall_at_5_diff1": 0.3646875535602896,
        "nauc_recall_at_5_max": 0.3294498583147711,
        "nauc_recall_at_5_std": -0.1518666939810128,
        "ndcg_at_1": 0.62911,
        "ndcg_at_10": 0.66486,
        "ndcg_at_100": 0.71956,
        "ndcg_at_1000": 0.72913,
        "ndcg_at_20": 0.68729,
        "ndcg_at_3": 0.623,
        "ndcg_at_5": 0.63547,
        "precision_at_1": 0.62911,
        "precision_at_10": 0.16761,
        "precision_at_100": 0.02324,
        "precision_at_1000": 0.00253,
        "precision_at_20": 0.09437,
        "precision_at_3": 0.37089,
        "precision_at_5": 0.27512,
        "recall_at_1": 0.39817,
        "recall_at_10": 0.75212,
        "recall_at_100": 0.93362,
        "recall_at_1000": 0.98208,
        "recall_at_20": 0.81836,
        "recall_at_3": 0.57548,
        "recall_at_5": 0.6547
      }
    ]
  },
  "task_name": "MIRACLRetrieval"
}