{
  "dataset_revision": "fc24a3ce8f09746410daee3d5cd823ff7a0675b7",
  "evaluation_time": 23272.43692088127,
  "kg_co2_emissions": null,
  "mteb_version": "1.19.4",
  "scores": {
    "test": [
      {
        "hf_subset": "korean",
        "languages": [
          "kor-Kore"
        ],
        "main_score": 0.64211,
        "map_at_1": 0.46397,
        "map_at_10": 0.58923,
        "map_at_100": 0.59711,
        "map_at_1000": 0.59734,
        "map_at_20": 0.59392,
        "map_at_3": 0.5644,
        "map_at_5": 0.58063,
        "mrr_at_1": 0.498812351543943,
        "mrr_at_10": 0.6117925951061345,
        "mrr_at_100": 0.6172461485002978,
        "mrr_at_1000": 0.6174050167685023,
        "mrr_at_20": 0.6147653071304376,
        "mrr_at_3": 0.5918448139350755,
        "mrr_at_5": 0.604790182106097,
        "nauc_map_at_1000_diff1": 0.47931223136256057,
        "nauc_map_at_1000_max": 0.4007334827100805,
        "nauc_map_at_1000_std": 0.043487872418719056,
        "nauc_map_at_100_diff1": 0.47925112843131884,
        "nauc_map_at_100_max": 0.40077407832527784,
        "nauc_map_at_100_std": 0.043456957506543874,
        "nauc_map_at_10_diff1": 0.4806526770216943,
        "nauc_map_at_10_max": 0.39632760172530024,
        "nauc_map_at_10_std": 0.03950815662330351,
        "nauc_map_at_1_diff1": 0.5321911659832964,
        "nauc_map_at_1_max": 0.3954179793853281,
        "nauc_map_at_1_std": 0.05094634517180547,
        "nauc_map_at_20_diff1": 0.4800495551765683,
        "nauc_map_at_20_max": 0.39902429014320684,
        "nauc_map_at_20_std": 0.041856276283318505,
        "nauc_map_at_3_diff1": 0.48229212227224766,
        "nauc_map_at_3_max": 0.3995713838422883,
        "nauc_map_at_3_std": 0.03690170493850673,
        "nauc_map_at_5_diff1": 0.4783003027560702,
        "nauc_map_at_5_max": 0.3993736834106997,
        "nauc_map_at_5_std": 0.039477183473525135,
        "nauc_mrr_at_1000_diff1": 0.495225038039527,
        "nauc_mrr_at_1000_max": 0.4220848374925641,
        "nauc_mrr_at_1000_std": 0.046087169293733715,
        "nauc_mrr_at_100_diff1": 0.49509055545526093,
        "nauc_mrr_at_100_max": 0.4220145500933536,
        "nauc_mrr_at_100_std": 0.045971616948838695,
        "nauc_mrr_at_10_diff1": 0.4963834416827471,
        "nauc_mrr_at_10_max": 0.4197489896599539,
        "nauc_mrr_at_10_std": 0.04347046617574166,
        "nauc_mrr_at_1_diff1": 0.5502772419562014,
        "nauc_mrr_at_1_max": 0.42432282839509594,
        "nauc_mrr_at_1_std": 0.056539997728625516,
        "nauc_mrr_at_20_diff1": 0.495834428313876,
        "nauc_mrr_at_20_max": 0.4219989014934441,
        "nauc_mrr_at_20_std": 0.045713852924685404,
        "nauc_mrr_at_3_diff1": 0.49311673694395813,
        "nauc_mrr_at_3_max": 0.42217278185884216,
        "nauc_mrr_at_3_std": 0.045486376174776987,
        "nauc_mrr_at_5_diff1": 0.49487684702992973,
        "nauc_mrr_at_5_max": 0.4228996637119372,
        "nauc_mrr_at_5_std": 0.042717981438324684,
        "nauc_ndcg_at_1000_diff1": 0.46718225176412104,
        "nauc_ndcg_at_1000_max": 0.41406232527666265,
        "nauc_ndcg_at_1000_std": 0.057770566345204215,
        "nauc_ndcg_at_100_diff1": 0.4637665823255492,
        "nauc_ndcg_at_100_max": 0.41521149956451847,
        "nauc_ndcg_at_100_std": 0.05925644569030309,
        "nauc_ndcg_at_10_diff1": 0.4705926342509073,
        "nauc_ndcg_at_10_max": 0.3960903500827478,
        "nauc_ndcg_at_10_std": 0.03738347747999284,
        "nauc_ndcg_at_1_diff1": 0.5502772419562014,
        "nauc_ndcg_at_1_max": 0.42432282839509594,
        "nauc_ndcg_at_1_std": 0.056539997728625516,
        "nauc_ndcg_at_20_diff1": 0.4693735386172784,
        "nauc_ndcg_at_20_max": 0.4051958577086621,
        "nauc_ndcg_at_20_std": 0.04665714880742706,
        "nauc_ndcg_at_3_diff1": 0.4691674613529208,
        "nauc_ndcg_at_3_max": 0.40442677313868036,
        "nauc_ndcg_at_3_std": 0.03658738600868339,
        "nauc_ndcg_at_5_diff1": 0.4652513608671465,
        "nauc_ndcg_at_5_max": 0.4032050160398976,
        "nauc_ndcg_at_5_std": 0.03646578334852213,
        "nauc_precision_at_1000_diff1": -0.1376901317798828,
        "nauc_precision_at_1000_max": 0.07074525569946662,
        "nauc_precision_at_1000_std": 0.06525116901031895,
        "nauc_precision_at_100_diff1": -0.07291729186781257,
        "nauc_precision_at_100_max": 0.1543057084796784,
        "nauc_precision_at_100_std": 0.09579018179279059,
        "nauc_precision_at_10_diff1": 0.17539177775898368,
        "nauc_precision_at_10_max": 0.2194703262505171,
        "nauc_precision_at_10_std": 0.00045100241308365505,
        "nauc_precision_at_1_diff1": 0.5502772419562014,
        "nauc_precision_at_1_max": 0.42432282839509594,
        "nauc_precision_at_1_std": 0.056539997728625516,
        "nauc_precision_at_20_diff1": 0.1001212988896256,
        "nauc_precision_at_20_max": 0.19500946854026321,
        "nauc_precision_at_20_std": 0.033877091949833134,
        "nauc_precision_at_3_diff1": 0.3108146336952218,
        "nauc_precision_at_3_max": 0.3399582145797798,
        "nauc_precision_at_3_std": 0.012185139119488025,
        "nauc_precision_at_5_diff1": 0.2176647197706826,
        "nauc_precision_at_5_max": 0.279589656873362,
        "nauc_precision_at_5_std": -8.576091514749797e-06,
        "nauc_recall_at_1000_diff1": 0.17922367256077656,
        "nauc_recall_at_1000_max": 0.6269115941767262,
        "nauc_recall_at_1000_std": 0.5692952967604661,
        "nauc_recall_at_100_diff1": 0.2351755934148718,
        "nauc_recall_at_100_max": 0.527848439581095,
        "nauc_recall_at_100_std": 0.32990668711326004,
        "nauc_recall_at_10_diff1": 0.40367269891236246,
        "nauc_recall_at_10_max": 0.3462384537056759,
        "nauc_recall_at_10_std": 0.025491997823164098,
        "nauc_recall_at_1_diff1": 0.5321911659832964,
        "nauc_recall_at_1_max": 0.3954179793853281,
        "nauc_recall_at_1_std": 0.05094634517180547,
        "nauc_recall_at_20_diff1": 0.38960282862441376,
        "nauc_recall_at_20_max": 0.3859266471606545,
        "nauc_recall_at_20_std": 0.07772930796862623,
        "nauc_recall_at_3_diff1": 0.4098250299008375,
        "nauc_recall_at_3_max": 0.39022839382240526,
        "nauc_recall_at_3_std": 0.027788026010023104,
        "nauc_recall_at_5_diff1": 0.3912032247692726,
        "nauc_recall_at_5_max": 0.37651414158503244,
        "nauc_recall_at_5_std": 0.023162297288624345,
        "ndcg_at_1": 0.49881,
        "ndcg_at_10": 0.64211,
        "ndcg_at_100": 0.67545,
        "ndcg_at_1000": 0.68117,
        "ndcg_at_20": 0.65623,
        "ndcg_at_3": 0.5974,
        "ndcg_at_5": 0.62353,
        "precision_at_1": 0.49881,
        "precision_at_10": 0.08884,
        "precision_at_100": 0.01076,
        "precision_at_1000": 0.00113,
        "precision_at_20": 0.04786,
        "precision_at_3": 0.24782,
        "precision_at_5": 0.16437,
        "recall_at_1": 0.46397,
        "recall_at_10": 0.77672,
        "recall_at_100": 0.9228,
        "recall_at_1000": 0.96635,
        "recall_at_20": 0.82779,
        "recall_at_3": 0.66508,
        "recall_at_5": 0.72328
      }
    ]
  },
  "task_name": "MrTidyRetrieval"
}