{
  "dataset_revision": "fc24a3ce8f09746410daee3d5cd823ff7a0675b7",
  "task_name": "MrTidyRetrieval",
  "mteb_version": "1.31.1",
  "scores": {
    "test": [
      {
        "ndcg_at_1": 0.49644,
        "ndcg_at_3": 0.59652,
        "ndcg_at_5": 0.62184,
        "ndcg_at_10": 0.64122,
        "ndcg_at_20": 0.65533,
        "ndcg_at_100": 0.6744,
        "ndcg_at_1000": 0.68028,
        "map_at_1": 0.4616,
        "map_at_3": 0.56321,
        "map_at_5": 0.57908,
        "map_at_10": 0.58803,
        "map_at_20": 0.59272,
        "map_at_100": 0.5959,
        "map_at_1000": 0.59614,
        "recall_at_1": 0.4616,
        "recall_at_3": 0.66508,
        "recall_at_5": 0.7209,
        "recall_at_10": 0.77672,
        "recall_at_20": 0.82779,
        "recall_at_100": 0.92201,
        "recall_at_1000": 0.96635,
        "precision_at_1": 0.49644,
        "precision_at_3": 0.24782,
        "precision_at_5": 0.1639,
        "precision_at_10": 0.08884,
        "precision_at_20": 0.04786,
        "precision_at_100": 0.01074,
        "precision_at_1000": 0.00113,
        "mrr_at_1": 0.496437,
        "mrr_at_3": 0.590657,
        "mrr_at_5": 0.603246,
        "mrr_at_10": 0.610588,
        "mrr_at_20": 0.613561,
        "mrr_at_100": 0.616025,
        "mrr_at_1000": 0.616206,
        "nauc_ndcg_at_1_max": 0.421733,
        "nauc_ndcg_at_1_std": 0.055334,
        "nauc_ndcg_at_1_diff1": 0.55848,
        "nauc_ndcg_at_3_max": 0.40449,
        "nauc_ndcg_at_3_std": 0.036079,
        "nauc_ndcg_at_3_diff1": 0.473285,
        "nauc_ndcg_at_5_max": 0.404094,
        "nauc_ndcg_at_5_std": 0.033723,
        "nauc_ndcg_at_5_diff1": 0.470643,
        "nauc_ndcg_at_10_max": 0.39635,
        "nauc_ndcg_at_10_std": 0.036533,
        "nauc_ndcg_at_10_diff1": 0.475363,
        "nauc_ndcg_at_20_max": 0.405462,
        "nauc_ndcg_at_20_std": 0.045769,
        "nauc_ndcg_at_20_diff1": 0.474166,
        "nauc_ndcg_at_100_max": 0.415378,
        "nauc_ndcg_at_100_std": 0.058802,
        "nauc_ndcg_at_100_diff1": 0.468572,
        "nauc_ndcg_at_1000_max": 0.413801,
        "nauc_ndcg_at_1000_std": 0.056747,
        "nauc_ndcg_at_1000_diff1": 0.472259,
        "nauc_map_at_1_max": 0.392884,
        "nauc_map_at_1_std": 0.049759,
        "nauc_map_at_1_diff1": 0.539652,
        "nauc_map_at_3_max": 0.39903,
        "nauc_map_at_3_std": 0.036243,
        "nauc_map_at_3_diff1": 0.48692,
        "nauc_map_at_5_max": 0.3992,
        "nauc_map_at_5_std": 0.037547,
        "nauc_map_at_5_diff1": 0.483765,
        "nauc_map_at_10_max": 0.395936,
        "nauc_map_at_10_std": 0.038506,
        "nauc_map_at_10_diff1": 0.485822,
        "nauc_map_at_20_max": 0.398627,
        "nauc_map_at_20_std": 0.040842,
        "nauc_map_at_20_diff1": 0.485235,
        "nauc_map_at_100_max": 0.400305,
        "nauc_map_at_100_std": 0.042432,
        "nauc_map_at_100_diff1": 0.484467,
        "nauc_map_at_1000_max": 0.400249,
        "nauc_map_at_1000_std": 0.042442,
        "nauc_map_at_1000_diff1": 0.48454,
        "nauc_recall_at_1_max": 0.392884,
        "nauc_recall_at_1_std": 0.049759,
        "nauc_recall_at_1_diff1": 0.539652,
        "nauc_recall_at_3_max": 0.392233,
        "nauc_recall_at_3_std": 0.027788,
        "nauc_recall_at_3_diff1": 0.411449,
        "nauc_recall_at_5_max": 0.381881,
        "nauc_recall_at_5_std": 0.017503,
        "nauc_recall_at_5_diff1": 0.396042,
        "nauc_recall_at_10_max": 0.348982,
        "nauc_recall_at_10_std": 0.025492,
        "nauc_recall_at_10_diff1": 0.405036,
        "nauc_recall_at_20_max": 0.389353,
        "nauc_recall_at_20_std": 0.077729,
        "nauc_recall_at_20_diff1": 0.390113,
        "nauc_recall_at_100_max": 0.532642,
        "nauc_recall_at_100_std": 0.335383,
        "nauc_recall_at_100_diff1": 0.233873,
        "nauc_recall_at_1000_max": 0.626912,
        "nauc_recall_at_1000_std": 0.569295,
        "nauc_recall_at_1000_diff1": 0.179224,
        "nauc_precision_at_1_max": 0.421733,
        "nauc_precision_at_1_std": 0.055334,
        "nauc_precision_at_1_diff1": 0.55848,
        "nauc_precision_at_3_max": 0.341662,
        "nauc_precision_at_3_std": 0.012185,
        "nauc_precision_at_3_diff1": 0.312982,
        "nauc_precision_at_5_max": 0.283805,
        "nauc_precision_at_5_std": -0.004057,
        "nauc_precision_at_5_diff1": 0.22266,
        "nauc_precision_at_10_max": 0.221207,
        "nauc_precision_at_10_std": 0.000451,
        "nauc_precision_at_10_diff1": 0.176513,
        "nauc_precision_at_20_max": 0.196685,
        "nauc_precision_at_20_std": 0.033877,
        "nauc_precision_at_20_diff1": 0.101319,
        "nauc_precision_at_100_max": 0.161171,
        "nauc_precision_at_100_std": 0.10207,
        "nauc_precision_at_100_diff1": -0.068221,
        "nauc_precision_at_1000_max": 0.070745,
        "nauc_precision_at_1000_std": 0.065251,
        "nauc_precision_at_1000_diff1": -0.134972,
        "nauc_mrr_at_1_max": 0.421733,
        "nauc_mrr_at_1_std": 0.055334,
        "nauc_mrr_at_1_diff1": 0.55848,
        "nauc_mrr_at_3_max": 0.421608,
        "nauc_mrr_at_3_std": 0.044807,
        "nauc_mrr_at_3_diff1": 0.498646,
        "nauc_mrr_at_5_max": 0.422691,
        "nauc_mrr_at_5_std": 0.040744,
        "nauc_mrr_at_5_diff1": 0.50125,
        "nauc_mrr_at_10_max": 0.419337,
        "nauc_mrr_at_10_std": 0.042446,
        "nauc_mrr_at_10_diff1": 0.502679,
        "nauc_mrr_at_20_max": 0.421582,
        "nauc_mrr_at_20_std": 0.04468,
        "nauc_mrr_at_20_diff1": 0.502097,
        "nauc_mrr_at_100_max": 0.421561,
        "nauc_mrr_at_100_std": 0.044969,
        "nauc_mrr_at_100_diff1": 0.501327,
        "nauc_mrr_at_1000_max": 0.421585,
        "nauc_mrr_at_1000_std": 0.045018,
        "nauc_mrr_at_1000_diff1": 0.501474,
        "main_score": 0.64122,
        "hf_subset": "korean",
        "languages": [
          "kor-Kore"
        ]
      }
    ]
  },
  "evaluation_time": 1776.4462502002716,
  "kg_co2_emissions": null
}