{
  "dataset_revision": "d67138e705d963e346253a80e59676ddb418810a",
  "evaluation_time": 785.9183006286621,
  "kg_co2_emissions": null,
  "mteb_version": "1.19.4",
  "scores": {
    "dev": [
      {
        "hf_subset": "ko",
        "languages": [
          "kor-Hang"
        ],
        "main_score": 0.24596,
        "map_at_1": 0.155,
        "map_at_10": 0.21462,
        "map_at_100": 0.22193,
        "map_at_1000": 0.22312,
        "map_at_20": 0.2179,
        "map_at_3": 0.19833,
        "map_at_5": 0.20833,
        "mrr_at_1": 0.155,
        "mrr_at_10": 0.21461706349206353,
        "mrr_at_100": 0.22192636282777436,
        "mrr_at_1000": 0.22311533240055414,
        "mrr_at_20": 0.21790329991645788,
        "mrr_at_3": 0.19833333333333333,
        "mrr_at_5": 0.20833333333333337,
        "nauc_map_at_1000_diff1": 0.4563057390364821,
        "nauc_map_at_1000_max": 0.5455807690019324,
        "nauc_map_at_1000_std": 0.07110024959719435,
        "nauc_map_at_100_diff1": 0.4564613211456158,
        "nauc_map_at_100_max": 0.545782541881912,
        "nauc_map_at_100_std": 0.07148056047352806,
        "nauc_map_at_10_diff1": 0.45678409482750154,
        "nauc_map_at_10_max": 0.5462465519755866,
        "nauc_map_at_10_std": 0.06327954999500235,
        "nauc_map_at_1_diff1": 0.5704239896928506,
        "nauc_map_at_1_max": 0.6534024410633671,
        "nauc_map_at_1_std": 0.023663168661545685,
        "nauc_map_at_20_diff1": 0.45630693262164523,
        "nauc_map_at_20_max": 0.5449016727511192,
        "nauc_map_at_20_std": 0.06628084219719646,
        "nauc_map_at_3_diff1": 0.46690651146077067,
        "nauc_map_at_3_max": 0.5624322695466907,
        "nauc_map_at_3_std": 0.0561734805035326,
        "nauc_map_at_5_diff1": 0.44601957495182504,
        "nauc_map_at_5_max": 0.546357284460649,
        "nauc_map_at_5_std": 0.05302593819749632,
        "nauc_mrr_at_1000_diff1": 0.4563057390364821,
        "nauc_mrr_at_1000_max": 0.5455807690019324,
        "nauc_mrr_at_1000_std": 0.07110024959719435,
        "nauc_mrr_at_100_diff1": 0.4564613211456158,
        "nauc_mrr_at_100_max": 0.545782541881912,
        "nauc_mrr_at_100_std": 0.07148056047352806,
        "nauc_mrr_at_10_diff1": 0.45678409482750154,
        "nauc_mrr_at_10_max": 0.5462465519755866,
        "nauc_mrr_at_10_std": 0.06327954999500235,
        "nauc_mrr_at_1_diff1": 0.5704239896928506,
        "nauc_mrr_at_1_max": 0.6534024410633671,
        "nauc_mrr_at_1_std": 0.023663168661545685,
        "nauc_mrr_at_20_diff1": 0.45630693262164523,
        "nauc_mrr_at_20_max": 0.5449016727511192,
        "nauc_mrr_at_20_std": 0.06628084219719646,
        "nauc_mrr_at_3_diff1": 0.46690651146077067,
        "nauc_mrr_at_3_max": 0.5624322695466907,
        "nauc_mrr_at_3_std": 0.0561734805035326,
        "nauc_mrr_at_5_diff1": 0.44601957495182504,
        "nauc_mrr_at_5_max": 0.546357284460649,
        "nauc_mrr_at_5_std": 0.05302593819749632,
        "nauc_ndcg_at_1000_diff1": 0.4223530675214165,
        "nauc_ndcg_at_1000_max": 0.5155856879665851,
        "nauc_ndcg_at_1000_std": 0.1227265877897248,
        "nauc_ndcg_at_100_diff1": 0.4208279282960337,
        "nauc_ndcg_at_100_max": 0.5117756592677707,
        "nauc_ndcg_at_100_std": 0.127400673676403,
        "nauc_ndcg_at_10_diff1": 0.42602576993830543,
        "nauc_ndcg_at_10_max": 0.51468292285022,
        "nauc_ndcg_at_10_std": 0.08414452558367269,
        "nauc_ndcg_at_1_diff1": 0.5704239896928506,
        "nauc_ndcg_at_1_max": 0.6534024410633671,
        "nauc_ndcg_at_1_std": 0.023663168661545685,
        "nauc_ndcg_at_20_diff1": 0.42282432452418245,
        "nauc_ndcg_at_20_max": 0.5087229428962105,
        "nauc_ndcg_at_20_std": 0.09178765600668244,
        "nauc_ndcg_at_3_diff1": 0.4391634377402065,
        "nauc_ndcg_at_3_max": 0.5392950770971048,
        "nauc_ndcg_at_3_std": 0.06310962168128884,
        "nauc_ndcg_at_5_diff1": 0.40367034656058765,
        "nauc_ndcg_at_5_max": 0.512798841157178,
        "nauc_ndcg_at_5_std": 0.058583454190707915,
        "nauc_precision_at_1000_diff1": 0.2302029929333522,
        "nauc_precision_at_1000_max": 0.40395940141333003,
        "nauc_precision_at_1000_std": 0.5805736455590976,
        "nauc_precision_at_100_diff1": 0.321829367933686,
        "nauc_precision_at_100_max": 0.42366111021878955,
        "nauc_precision_at_100_std": 0.33775847259369973,
        "nauc_precision_at_10_diff1": 0.3558943452085937,
        "nauc_precision_at_10_max": 0.441400183712985,
        "nauc_precision_at_10_std": 0.14219913694547434,
        "nauc_precision_at_1_diff1": 0.5704239896928506,
        "nauc_precision_at_1_max": 0.6534024410633671,
        "nauc_precision_at_1_std": 0.023663168661545685,
        "nauc_precision_at_20_diff1": 0.3438542385785166,
        "nauc_precision_at_20_max": 0.4207157742607733,
        "nauc_precision_at_20_std": 0.16179440361822794,
        "nauc_precision_at_3_diff1": 0.3702472349205655,
        "nauc_precision_at_3_max": 0.4821627769636258,
        "nauc_precision_at_3_std": 0.07985009879189534,
        "nauc_precision_at_5_diff1": 0.2995270909336579,
        "nauc_precision_at_5_max": 0.4312457775976221,
        "nauc_precision_at_5_std": 0.07129441967301732,
        "nauc_recall_at_1000_diff1": 0.23020299293335245,
        "nauc_recall_at_1000_max": 0.40395940141332987,
        "nauc_recall_at_1000_std": 0.5805736455590972,
        "nauc_recall_at_100_diff1": 0.32182936793368594,
        "nauc_recall_at_100_max": 0.4236611102187895,
        "nauc_recall_at_100_std": 0.33775847259369934,
        "nauc_recall_at_10_diff1": 0.35589434520859364,
        "nauc_recall_at_10_max": 0.44140018371298445,
        "nauc_recall_at_10_std": 0.14219913694547434,
        "nauc_recall_at_1_diff1": 0.5704239896928506,
        "nauc_recall_at_1_max": 0.6534024410633671,
        "nauc_recall_at_1_std": 0.023663168661545685,
        "nauc_recall_at_20_diff1": 0.34385423857851627,
        "nauc_recall_at_20_max": 0.42071577426077317,
        "nauc_recall_at_20_std": 0.16179440361822775,
        "nauc_recall_at_3_diff1": 0.37024723492056555,
        "nauc_recall_at_3_max": 0.48216277696362575,
        "nauc_recall_at_3_std": 0.07985009879189547,
        "nauc_recall_at_5_diff1": 0.29952709093365765,
        "nauc_recall_at_5_max": 0.431245777597622,
        "nauc_recall_at_5_std": 0.07129441967301701,
        "ndcg_at_1": 0.155,
        "ndcg_at_10": 0.24596,
        "ndcg_at_100": 0.2866,
        "ndcg_at_1000": 0.32479,
        "ndcg_at_20": 0.25838,
        "ndcg_at_3": 0.21286,
        "ndcg_at_5": 0.23114,
        "precision_at_1": 0.155,
        "precision_at_10": 0.0345,
        "precision_at_100": 0.00545,
        "precision_at_1000": 0.00086,
        "precision_at_20": 0.01975,
        "precision_at_3": 0.085,
        "precision_at_5": 0.06,
        "recall_at_1": 0.155,
        "recall_at_10": 0.345,
        "recall_at_100": 0.545,
        "recall_at_1000": 0.86,
        "recall_at_20": 0.395,
        "recall_at_3": 0.255,
        "recall_at_5": 0.3
      }
    ],
    "test": [
      {
        "hf_subset": "ko",
        "languages": [
          "kor-Hang"
        ],
        "main_score": 0.2708,
        "map_at_1": 0.19,
        "map_at_10": 0.23921,
        "map_at_100": 0.24591,
        "map_at_1000": 0.24682,
        "map_at_20": 0.2428,
        "map_at_3": 0.2225,
        "map_at_5": 0.22825,
        "mrr_at_1": 0.19,
        "mrr_at_10": 0.23920634920634926,
        "mrr_at_100": 0.24590719223302934,
        "mrr_at_1000": 0.24682316999124865,
        "mrr_at_20": 0.2428042409946435,
        "mrr_at_3": 0.2225,
        "mrr_at_5": 0.22825000000000004,
        "nauc_map_at_1000_diff1": 0.578021990250392,
        "nauc_map_at_1000_max": 0.523318979040455,
        "nauc_map_at_1000_std": 0.10476750567563853,
        "nauc_map_at_100_diff1": 0.5775438826446706,
        "nauc_map_at_100_max": 0.522536444698086,
        "nauc_map_at_100_std": 0.1043256942507403,