{
  "dataset_revision": "d67138e705d963e346253a80e59676ddb418810a",
  "task_name": "MultiLongDocRetrieval",
  "mteb_version": "1.31.1",
  "scores": {
    "dev": [
      {
        "ndcg_at_1": 0.155,
        "ndcg_at_3": 0.21286,
        "ndcg_at_5": 0.23114,
        "ndcg_at_10": 0.24596,
        "ndcg_at_20": 0.25838,
        "ndcg_at_100": 0.2866,
        "ndcg_at_1000": 0.32479,
        "map_at_1": 0.155,
        "map_at_3": 0.19833,
        "map_at_5": 0.20833,
        "map_at_10": 0.21462,
        "map_at_20": 0.2179,
        "map_at_100": 0.22193,
        "map_at_1000": 0.22312,
        "recall_at_1": 0.155,
        "recall_at_3": 0.255,
        "recall_at_5": 0.3,
        "recall_at_10": 0.345,
        "recall_at_20": 0.395,
        "recall_at_100": 0.545,
        "recall_at_1000": 0.86,
        "precision_at_1": 0.155,
        "precision_at_3": 0.085,
        "precision_at_5": 0.06,
        "precision_at_10": 0.0345,
        "precision_at_20": 0.01975,
        "precision_at_100": 0.00545,
        "precision_at_1000": 0.00086,
        "mrr_at_1": 0.155,
        "mrr_at_3": 0.198333,
        "mrr_at_5": 0.208333,
        "mrr_at_10": 0.214617,
        "mrr_at_20": 0.217903,
        "mrr_at_100": 0.221926,
        "mrr_at_1000": 0.223116,
        "nauc_ndcg_at_1_max": 0.653402,
        "nauc_ndcg_at_1_std": 0.023663,
        "nauc_ndcg_at_1_diff1": 0.570424,
        "nauc_ndcg_at_3_max": 0.539295,
        "nauc_ndcg_at_3_std": 0.06311,
        "nauc_ndcg_at_3_diff1": 0.439163,
        "nauc_ndcg_at_5_max": 0.512799,
        "nauc_ndcg_at_5_std": 0.058583,
        "nauc_ndcg_at_5_diff1": 0.40367,
        "nauc_ndcg_at_10_max": 0.514683,
        "nauc_ndcg_at_10_std": 0.084145,
        "nauc_ndcg_at_10_diff1": 0.426026,
        "nauc_ndcg_at_20_max": 0.508723,
        "nauc_ndcg_at_20_std": 0.091788,
        "nauc_ndcg_at_20_diff1": 0.422824,
        "nauc_ndcg_at_100_max": 0.511776,
        "nauc_ndcg_at_100_std": 0.127401,
        "nauc_ndcg_at_100_diff1": 0.420828,
        "nauc_ndcg_at_1000_max": 0.515584,
        "nauc_ndcg_at_1000_std": 0.122726,
        "nauc_ndcg_at_1000_diff1": 0.422355,
        "nauc_map_at_1_max": 0.653402,
        "nauc_map_at_1_std": 0.023663,
        "nauc_map_at_1_diff1": 0.570424,
        "nauc_map_at_3_max": 0.562432,
        "nauc_map_at_3_std": 0.056173,
        "nauc_map_at_3_diff1": 0.466907,
        "nauc_map_at_5_max": 0.546357,
        "nauc_map_at_5_std": 0.053026,
        "nauc_map_at_5_diff1": 0.44602,
        "nauc_map_at_10_max": 0.546247,
        "nauc_map_at_10_std": 0.06328,
        "nauc_map_at_10_diff1": 0.456784,
        "nauc_map_at_20_max": 0.544902,
        "nauc_map_at_20_std": 0.066281,
        "nauc_map_at_20_diff1": 0.456307,
        "nauc_map_at_100_max": 0.545783,
        "nauc_map_at_100_std": 0.071481,
        "nauc_map_at_100_diff1": 0.456461,
        "nauc_map_at_1000_max": 0.54558,
        "nauc_map_at_1000_std": 0.0711,
        "nauc_map_at_1000_diff1": 0.456306,
        "nauc_recall_at_1_max": 0.653402,
        "nauc_recall_at_1_std": 0.023663,
        "nauc_recall_at_1_diff1": 0.570424,
        "nauc_recall_at_3_max": 0.482163,
        "nauc_recall_at_3_std": 0.07985,
        "nauc_recall_at_3_diff1": 0.370247,
        "nauc_recall_at_5_max": 0.431246,
        "nauc_recall_at_5_std": 0.071294,
        "nauc_recall_at_5_diff1": 0.299527,
        "nauc_recall_at_10_max": 0.4414,
        "nauc_recall_at_10_std": 0.142199,
        "nauc_recall_at_10_diff1": 0.355894,
        "nauc_recall_at_20_max": 0.420716,
        "nauc_recall_at_20_std": 0.161794,
        "nauc_recall_at_20_diff1": 0.343854,
        "nauc_recall_at_100_max": 0.423661,
        "nauc_recall_at_100_std": 0.337758,
        "nauc_recall_at_100_diff1": 0.321829,
        "nauc_recall_at_1000_max": 0.403959,
        "nauc_recall_at_1000_std": 0.580574,
        "nauc_recall_at_1000_diff1": 0.230203,
        "nauc_precision_at_1_max": 0.653402,
        "nauc_precision_at_1_std": 0.023663,
        "nauc_precision_at_1_diff1": 0.570424,
        "nauc_precision_at_3_max": 0.482163,
        "nauc_precision_at_3_std": 0.07985,
        "nauc_precision_at_3_diff1": 0.370247,
        "nauc_precision_at_5_max": 0.431246,
        "nauc_precision_at_5_std": 0.071294,
        "nauc_precision_at_5_diff1": 0.299527,
        "nauc_precision_at_10_max": 0.4414,
        "nauc_precision_at_10_std": 0.142199,
        "nauc_precision_at_10_diff1": 0.355894,
        "nauc_precision_at_20_max": 0.420716,
        "nauc_precision_at_20_std": 0.161794,
        "nauc_precision_at_20_diff1": 0.343854,
        "nauc_precision_at_100_max": 0.423661,
        "nauc_precision_at_100_std": 0.337758,
        "nauc_precision_at_100_diff1": 0.321829,
        "nauc_precision_at_1000_max": 0.403959,
        "nauc_precision_at_1000_std": 0.580574,
        "nauc_precision_at_1000_diff1": 0.230203,
        "nauc_mrr_at_1_max": 0.653402,
        "nauc_mrr_at_1_std": 0.023663,
        "nauc_mrr_at_1_diff1": 0.570424,
        "nauc_mrr_at_3_max": 0.562432,
        "nauc_mrr_at_3_std": 0.056173,
        "nauc_mrr_at_3_diff1": 0.466907,
        "nauc_mrr_at_5_max": 0.546357,
        "nauc_mrr_at_5_std": 0.053026,
        "nauc_mrr_at_5_diff1": 0.44602,
        "nauc_mrr_at_10_max": 0.546247,
        "nauc_mrr_at_10_std": 0.06328,
        "nauc_mrr_at_10_diff1": 0.456784,
        "nauc_mrr_at_20_max": 0.544902,
        "nauc_mrr_at_20_std": 0.066281,
        "nauc_mrr_at_20_diff1": 0.456307,
        "nauc_mrr_at_100_max": 0.545783,
        "nauc_mrr_at_100_std": 0.071481,
        "nauc_mrr_at_100_diff1": 0.456461,
        "nauc_mrr_at_1000_max": 0.54558,
        "nauc_mrr_at_1000_std": 0.0711,
        "nauc_mrr_at_1000_diff1": 0.456306,
        "main_score": 0.24596,
        "hf_subset": "ko",
        "languages": [
          "kor-Hang"
        ]
      }
    ],
    "test": [
      {
        "ndcg_at_1": 0.19,
        "ndcg_at_3": 0.23339,
        "ndcg_at_5": 0.24372,
        "ndcg_at_10": 0.2708,
        "ndcg_at_20": 0.28444,
        "ndcg_at_100": 0.31019,
        "ndcg_at_1000": 0.33916,
        "map_at_1": 0.19,
        "map_at_3": 0.2225,
        "map_at_5": 0.22825,
        "map_at_10": 0.23921,
        "map_at_20": 0.2428,
        "map_at_100": 0.24591,
        "map_at_1000": 0.24682,
        "recall_at_1": 0.19,
        "recall_at_3": 0.265,
        "recall_at_5": 0.29,
        "recall_at_10": 0.375,
        "recall_at_20": 0.43,
        "recall_at_100": 0.575,
        "recall_at_1000": 0.815,
        "precision_at_1": 0.19,
        "precision_at_3": 0.08833,
        "precision_at_5": 0.058,
        "precision_at_10": 0.0375,
        "precision_at_20": 0.0215,
        "precision_at_100": 0.00575,
        "precision_at_1000": 0.00082,
        "mrr_at_1": 0.19,
        "mrr_at_3": 0.2225,
        "mrr_at_5": 0.22825,
        "mrr_at_10": 0.239206,
        "mrr_at_20": 0.242804,
        "mrr_at_100": 0.245907,
        "mrr_at_1000": 0.246823,
        "nauc_ndcg_at_1_max": 0.527105,
        "nauc_ndcg_at_1_std": 0.055958,
        "nauc_ndcg_at_1_diff1": 0.651027,
        "nauc_ndcg_at_3_max": 0.555831,
        "nauc_ndcg_at_3_std": 0.105347,
        "nauc_ndcg_at_3_diff1": 0.606812,
        "nauc_ndcg_at_5_max": 0.542352,
        "nauc_ndcg_at_5_std": 0.108343,
        "nauc_ndcg_at_5_diff1": 0.573431,
        "nauc_ndcg_at_10_max": 0.515053,
        "nauc_ndcg_at_10_std": 0.13075,
        "nauc_ndcg_at_10_diff1": 0.529477,
        "nauc_ndcg_at_20_max": 0.505996,
        "nauc_ndcg_at_20_std": 0.130171,
        "nauc_ndcg_at_20_diff1": 0.531127,
        "nauc_ndcg_at_100_max": 0.490395,
        "nauc_ndcg_at_100_std": 0.144993,
        "nauc_ndcg_at_100_diff1": 0.517768,
        "nauc_ndcg_at_1000_max": 0.504324,
        "nauc_ndcg_at_1000_std": 0.14684,
        "nauc_ndcg_at_1000_diff1": 0.528852,
        "nauc_map_at_1_max": 0.527105,
        "nauc_map_at_1_std": 0.055958,
        "nauc_map_at_1_diff1": 0.651027,
        "nauc_map_at_3_max": 0.54696,