{
  "dataset_revision": "main",
  "evaluation_time": 5.381413459777832,
  "kg_co2_emissions": null,
  "mteb_version": "1.19.4",
  "scores": {
    "test": [
      {
        "hf_subset": "korean",
        "languages": [
          "kor-Hang"
        ],
        "main_score": 0.82534,
        "map_at_1": 0.68831,
        "map_at_10": 0.78566,
        "map_at_100": 0.78832,
        "map_at_1000": 0.78832,
        "map_at_20": 0.78739,
        "map_at_3": 0.77056,
        "map_at_5": 0.77641,
        "mrr_at_1": 0.6883116883116883,
        "mrr_at_10": 0.785657596371882,
        "mrr_at_100": 0.7883238694927007,
        "mrr_at_1000": 0.7883238694927007,
        "mrr_at_20": 0.7873891981034838,
        "mrr_at_3": 0.7705627705627704,
        "mrr_at_5": 0.7764069264069264,
        "nauc_map_at_1000_diff1": 0.8042948615488029,
        "nauc_map_at_1000_max": 0.22404852716375828,
        "nauc_map_at_1000_std": -0.27881068564841477,
        "nauc_map_at_100_diff1": 0.8042948615488029,
        "nauc_map_at_100_max": 0.22404852716375828,
        "nauc_map_at_100_std": -0.27881068564841477,
        "nauc_map_at_10_diff1": 0.8025655422786346,
        "nauc_map_at_10_max": 0.22230817835873698,
        "nauc_map_at_10_std": -0.2806074153409453,
        "nauc_map_at_1_diff1": 0.8302946692246838,
        "nauc_map_at_1_max": 0.2317241170179748,
        "nauc_map_at_1_std": -0.192793491783307,
        "nauc_map_at_20_diff1": 0.8034037360099546,
        "nauc_map_at_20_max": 0.2245496806184615,
        "nauc_map_at_20_std": -0.27523588788328135,
        "nauc_map_at_3_diff1": 0.8022516732629955,
        "nauc_map_at_3_max": 0.2221615156737509,
        "nauc_map_at_3_std": -0.30766923209187896,
        "nauc_map_at_5_diff1": 0.8036926446757969,
        "nauc_map_at_5_max": 0.2241716349857892,
        "nauc_map_at_5_std": -0.3102630334004927,
        "nauc_mrr_at_1000_diff1": 0.8042948615488029,
        "nauc_mrr_at_1000_max": 0.22404852716375828,
        "nauc_mrr_at_1000_std": -0.27881068564841477,
        "nauc_mrr_at_100_diff1": 0.8042948615488029,
        "nauc_mrr_at_100_max": 0.22404852716375828,
        "nauc_mrr_at_100_std": -0.27881068564841477,
        "nauc_mrr_at_10_diff1": 0.8025655422786346,
        "nauc_mrr_at_10_max": 0.22230817835873698,
        "nauc_mrr_at_10_std": -0.2806074153409453,
        "nauc_mrr_at_1_diff1": 0.8302946692246838,
        "nauc_mrr_at_1_max": 0.2317241170179748,
        "nauc_mrr_at_1_std": -0.192793491783307,
        "nauc_mrr_at_20_diff1": 0.8034037360099546,
        "nauc_mrr_at_20_max": 0.2245496806184615,
        "nauc_mrr_at_20_std": -0.27523588788328135,
        "nauc_mrr_at_3_diff1": 0.8022516732629955,
        "nauc_mrr_at_3_max": 0.2221615156737509,
        "nauc_mrr_at_3_std": -0.30766923209187896,
        "nauc_mrr_at_5_diff1": 0.8036926446757969,
        "nauc_mrr_at_5_max": 0.2241716349857892,
        "nauc_mrr_at_5_std": -0.3102630334004927,
        "nauc_ndcg_at_1000_diff1": 0.800535416072367,
        "nauc_ndcg_at_1000_max": 0.22376165537986312,
        "nauc_ndcg_at_1000_std": -0.2845177705394917,
        "nauc_ndcg_at_100_diff1": 0.800535416072367,
        "nauc_ndcg_at_100_max": 0.22376165537986312,
        "nauc_ndcg_at_100_std": -0.2845177705394917,
        "nauc_ndcg_at_10_diff1": 0.791163555666361,
        "nauc_ndcg_at_10_max": 0.21930105422089738,
        "nauc_ndcg_at_10_std": -0.2823488334907109,
        "nauc_ndcg_at_1_diff1": 0.8302946692246838,
        "nauc_ndcg_at_1_max": 0.2317241170179748,
        "nauc_ndcg_at_1_std": -0.192793491783307,
        "nauc_ndcg_at_20_diff1": 0.7946105403995175,
        "nauc_ndcg_at_20_max": 0.22971240795889006,
        "nauc_ndcg_at_20_std": -0.2571618122570241,
        "nauc_ndcg_at_3_diff1": 0.7916549180462429,
        "nauc_ndcg_at_3_max": 0.2165935406595234,
        "nauc_ndcg_at_3_std": -0.3575105094880901,
        "nauc_ndcg_at_5_diff1": 0.7943239308426,
        "nauc_ndcg_at_5_max": 0.22129779544783112,
        "nauc_ndcg_at_5_std": -0.3642016640354031,
        "nauc_precision_at_1000_diff1": NaN,
        "nauc_precision_at_1000_max": NaN,
        "nauc_precision_at_1000_std": NaN,
        "nauc_precision_at_100_diff1": 1.0,
        "nauc_precision_at_100_max": 1.0,
        "nauc_precision_at_100_std": 1.0,
        "nauc_precision_at_10_diff1": 0.6752521641350954,
        "nauc_precision_at_10_max": 0.1981185792546289,
        "nauc_precision_at_10_std": -0.18261458357571947,
        "nauc_precision_at_1_diff1": 0.8302946692246838,
        "nauc_precision_at_1_max": 0.2317241170179748,
        "nauc_precision_at_1_std": -0.192793491783307,
        "nauc_precision_at_20_diff1": 0.6387246499035996,
        "nauc_precision_at_20_max": 0.4167090338610833,
        "nauc_precision_at_20_std": 0.49717544202323205,
        "nauc_precision_at_3_diff1": 0.7474623592532387,
        "nauc_precision_at_3_max": 0.19238123933939982,
        "nauc_precision_at_3_std": -0.5686316973323878,
        "nauc_precision_at_5_diff1": 0.7498540019990121,
        "nauc_precision_at_5_max": 0.20849567237675368,
        "nauc_precision_at_5_std": -0.6310025883818912,
        "nauc_recall_at_1000_diff1": NaN,
        "nauc_recall_at_1000_max": NaN,
        "nauc_recall_at_1000_std": NaN,
        "nauc_recall_at_100_diff1": NaN,
        "nauc_recall_at_100_max": NaN,
        "nauc_recall_at_100_std": NaN,
        "nauc_recall_at_10_diff1": 0.6752521641350948,
        "nauc_recall_at_10_max": 0.1981185792546231,
        "nauc_recall_at_10_std": -0.18261458357572427,
        "nauc_recall_at_1_diff1": 0.8302946692246838,
        "nauc_recall_at_1_max": 0.2317241170179748,
        "nauc_recall_at_1_std": -0.192793491783307,
        "nauc_recall_at_20_diff1": 0.6387246499035979,
        "nauc_recall_at_20_max": 0.41670903386108427,
        "nauc_recall_at_20_std": 0.4971754420232289,
        "nauc_recall_at_3_diff1": 0.7474623592532373,
        "nauc_recall_at_3_max": 0.19238123933939866,
        "nauc_recall_at_3_std": -0.5686316973323894,
        "nauc_recall_at_5_diff1": 0.7498540019990096,
        "nauc_recall_at_5_max": 0.2084956723767503,
        "nauc_recall_at_5_std": -0.6310025883818963,
        "ndcg_at_1": 0.68831,
        "ndcg_at_10": 0.82534,
        "ndcg_at_100": 0.83718,
        "ndcg_at_1000": 0.83718,
        "ndcg_at_20": 0.83183,
        "ndcg_at_3": 0.79313,
        "ndcg_at_5": 0.80375,
        "precision_at_1": 0.68831,
        "precision_at_10": 0.09481,
        "precision_at_100": 0.01,
        "precision_at_1000": 0.001,
        "precision_at_20": 0.0487,
        "precision_at_3": 0.28571,
        "precision_at_5": 0.17662,
        "recall_at_1": 0.68831,
        "recall_at_10": 0.94805,
        "recall_at_100": 1.0,
        "recall_at_1000": 1.0,
        "recall_at_20": 0.97403,
        "recall_at_3": 0.85714,
        "recall_at_5": 0.88312
      }
    ]
  },
  "task_name": "PublicHealthQA"
}