{
  "dataset_revision": "main",
  "task_name": "PublicHealthQA",
  "mteb_version": "1.31.1",
  "scores": {
    "test": [
      {
        "ndcg_at_1": 0.68831,
        "ndcg_at_3": 0.79313,
        "ndcg_at_5": 0.80375,
        "ndcg_at_10": 0.82534,
        "ndcg_at_20": 0.83183,
        "ndcg_at_100": 0.83718,
        "ndcg_at_1000": 0.83718,
        "map_at_1": 0.68831,
        "map_at_3": 0.77056,
        "map_at_5": 0.77641,
        "map_at_10": 0.78566,
        "map_at_20": 0.78739,
        "map_at_100": 0.78832,
        "map_at_1000": 0.78832,
        "recall_at_1": 0.68831,
        "recall_at_3": 0.85714,
        "recall_at_5": 0.88312,
        "recall_at_10": 0.94805,
        "recall_at_20": 0.97403,
        "recall_at_100": 1.0,
        "recall_at_1000": 1.0,
        "precision_at_1": 0.68831,
        "precision_at_3": 0.28571,
        "precision_at_5": 0.17662,
        "precision_at_10": 0.09481,
        "precision_at_20": 0.0487,
        "precision_at_100": 0.01,
        "precision_at_1000": 0.001,
        "mrr_at_1": 0.688312,
        "mrr_at_3": 0.770563,
        "mrr_at_5": 0.776407,
        "mrr_at_10": 0.785658,
        "mrr_at_20": 0.787389,
        "mrr_at_100": 0.788324,
        "mrr_at_1000": 0.788324,
        "nauc_ndcg_at_1_max": 0.231724,
        "nauc_ndcg_at_1_std": -0.192793,
        "nauc_ndcg_at_1_diff1": 0.830295,
        "nauc_ndcg_at_3_max": 0.216594,
        "nauc_ndcg_at_3_std": -0.357511,
        "nauc_ndcg_at_3_diff1": 0.791655,
        "nauc_ndcg_at_5_max": 0.221298,
        "nauc_ndcg_at_5_std": -0.364202,
        "nauc_ndcg_at_5_diff1": 0.794324,
        "nauc_ndcg_at_10_max": 0.219301,
        "nauc_ndcg_at_10_std": -0.282349,
        "nauc_ndcg_at_10_diff1": 0.791164,
        "nauc_ndcg_at_20_max": 0.229712,
        "nauc_ndcg_at_20_std": -0.257162,
        "nauc_ndcg_at_20_diff1": 0.794611,
        "nauc_ndcg_at_100_max": 0.223762,
        "nauc_ndcg_at_100_std": -0.284518,
        "nauc_ndcg_at_100_diff1": 0.800535,
        "nauc_ndcg_at_1000_max": 0.223762,
        "nauc_ndcg_at_1000_std": -0.284518,
        "nauc_ndcg_at_1000_diff1": 0.800535,
        "nauc_map_at_1_max": 0.231724,
        "nauc_map_at_1_std": -0.192793,
        "nauc_map_at_1_diff1": 0.830295,
        "nauc_map_at_3_max": 0.222162,
        "nauc_map_at_3_std": -0.307669,
        "nauc_map_at_3_diff1": 0.802252,
        "nauc_map_at_5_max": 0.224172,
        "nauc_map_at_5_std": -0.310263,
        "nauc_map_at_5_diff1": 0.803693,
        "nauc_map_at_10_max": 0.222308,
        "nauc_map_at_10_std": -0.280607,
        "nauc_map_at_10_diff1": 0.802566,
        "nauc_map_at_20_max": 0.22455,
        "nauc_map_at_20_std": -0.275236,
        "nauc_map_at_20_diff1": 0.803404,
        "nauc_map_at_100_max": 0.224049,
        "nauc_map_at_100_std": -0.278811,
        "nauc_map_at_100_diff1": 0.804295,
        "nauc_map_at_1000_max": 0.224049,
        "nauc_map_at_1000_std": -0.278811,
        "nauc_map_at_1000_diff1": 0.804295,
        "nauc_recall_at_1_max": 0.231724,
        "nauc_recall_at_1_std": -0.192793,
        "nauc_recall_at_1_diff1": 0.830295,
        "nauc_recall_at_3_max": 0.192381,
        "nauc_recall_at_3_std": -0.568632,
        "nauc_recall_at_3_diff1": 0.747462,
        "nauc_recall_at_5_max": 0.208496,
        "nauc_recall_at_5_std": -0.631003,
        "nauc_recall_at_5_diff1": 0.749854,
        "nauc_recall_at_10_max": 0.198119,
        "nauc_recall_at_10_std": -0.182615,
        "nauc_recall_at_10_diff1": 0.675252,
        "nauc_recall_at_20_max": 0.416709,
        "nauc_recall_at_20_std": 0.497175,
        "nauc_recall_at_20_diff1": 0.638725,
        "nauc_recall_at_100_max": NaN,
        "nauc_recall_at_100_std": NaN,
        "nauc_recall_at_100_diff1": NaN,
        "nauc_recall_at_1000_max": NaN,
        "nauc_recall_at_1000_std": NaN,
        "nauc_recall_at_1000_diff1": NaN,
        "nauc_precision_at_1_max": 0.231724,
        "nauc_precision_at_1_std": -0.192793,
        "nauc_precision_at_1_diff1": 0.830295,
        "nauc_precision_at_3_max": 0.192381,
        "nauc_precision_at_3_std": -0.568632,
        "nauc_precision_at_3_diff1": 0.747462,
        "nauc_precision_at_5_max": 0.208496,
        "nauc_precision_at_5_std": -0.631003,
        "nauc_precision_at_5_diff1": 0.749854,
        "nauc_precision_at_10_max": 0.198119,
        "nauc_precision_at_10_std": -0.182615,
        "nauc_precision_at_10_diff1": 0.675252,
        "nauc_precision_at_20_max": 0.416709,
        "nauc_precision_at_20_std": 0.497175,
        "nauc_precision_at_20_diff1": 0.638725,
        "nauc_precision_at_100_max": 1.0,
        "nauc_precision_at_100_std": 1.0,
        "nauc_precision_at_100_diff1": 1.0,
        "nauc_precision_at_1000_max": NaN,
        "nauc_precision_at_1000_std": NaN,
        "nauc_precision_at_1000_diff1": NaN,
        "nauc_mrr_at_1_max": 0.231724,
        "nauc_mrr_at_1_std": -0.192793,
        "nauc_mrr_at_1_diff1": 0.830295,
        "nauc_mrr_at_3_max": 0.222162,
        "nauc_mrr_at_3_std": -0.307669,
        "nauc_mrr_at_3_diff1": 0.802252,
        "nauc_mrr_at_5_max": 0.224172,
        "nauc_mrr_at_5_std": -0.310263,
        "nauc_mrr_at_5_diff1": 0.803693,
        "nauc_mrr_at_10_max": 0.222308,
        "nauc_mrr_at_10_std": -0.280607,
        "nauc_mrr_at_10_diff1": 0.802566,
        "nauc_mrr_at_20_max": 0.22455,
        "nauc_mrr_at_20_std": -0.275236,
        "nauc_mrr_at_20_diff1": 0.803404,
        "nauc_mrr_at_100_max": 0.224049,
        "nauc_mrr_at_100_std": -0.278811,
        "nauc_mrr_at_100_diff1": 0.804295,
        "nauc_mrr_at_1000_max": 0.224049,
        "nauc_mrr_at_1000_std": -0.278811,
        "nauc_mrr_at_1000_diff1": 0.804295,
        "main_score": 0.82534,
        "hf_subset": "korean",
        "languages": [
          "kor-Hang"
        ]
      }
    ]
  },
  "evaluation_time": 1.9972777366638184,
  "kg_co2_emissions": null
}