{
  "dataset_revision": "c99d599f0a6ab9b85b065da6f9d94f9cf731679f",
  "task_name": "XPQARetrieval",
  "mteb_version": "1.31.1",
  "scores": {
    "test": [
      {
        "ndcg_at_1": 0.27982,
        "ndcg_at_3": 0.30518,
        "ndcg_at_5": 0.32476,
        "ndcg_at_10": 0.3571,
        "ndcg_at_20": 0.37717,
        "ndcg_at_100": 0.42603,
        "ndcg_at_1000": 0.45678,
        "map_at_1": 0.19353,
        "map_at_3": 0.27544,
        "map_at_5": 0.29204,
        "map_at_10": 0.30797,
        "map_at_20": 0.31431,
        "map_at_100": 0.32189,
        "map_at_1000": 0.32316,
        "recall_at_1": 0.19353,
        "recall_at_3": 0.32531,
        "recall_at_5": 0.37551,
        "recall_at_10": 0.46376,
        "recall_at_20": 0.53236,
        "recall_at_100": 0.77339,
        "recall_at_1000": 1.0,
        "precision_at_1": 0.27982,
        "precision_at_3": 0.1738,
        "precision_at_5": 0.12141,
        "precision_at_10": 0.07477,
        "precision_at_20": 0.04335,
        "precision_at_100": 0.0124,
        "precision_at_1000": 0.00156,
        "mrr_at_1": 0.279817,
        "mrr_at_3": 0.326198,
        "mrr_at_5": 0.336519,
        "mrr_at_10": 0.348523,
        "mrr_at_20": 0.353421,
        "mrr_at_100": 0.358806,
        "mrr_at_1000": 0.359629,
        "nauc_ndcg_at_1_max": 0.162653,
        "nauc_ndcg_at_1_std": -0.188335,
        "nauc_ndcg_at_1_diff1": 0.574396,
        "nauc_ndcg_at_3_max": 0.151151,
        "nauc_ndcg_at_3_std": -0.232683,
        "nauc_ndcg_at_3_diff1": 0.535551,
        "nauc_ndcg_at_5_max": 0.157845,
        "nauc_ndcg_at_5_std": -0.23855,
        "nauc_ndcg_at_5_diff1": 0.519503,
        "nauc_ndcg_at_10_max": 0.150792,
        "nauc_ndcg_at_10_std": -0.224298,
        "nauc_ndcg_at_10_diff1": 0.495999,
        "nauc_ndcg_at_20_max": 0.151091,
        "nauc_ndcg_at_20_std": -0.214821,
        "nauc_ndcg_at_20_diff1": 0.484754,
        "nauc_ndcg_at_100_max": 0.161156,
        "nauc_ndcg_at_100_std": -0.189042,
        "nauc_ndcg_at_100_diff1": 0.485264,
        "nauc_ndcg_at_1000_max": 0.156406,
        "nauc_ndcg_at_1000_std": -0.204249,
        "nauc_ndcg_at_1000_diff1": 0.498119,
        "nauc_map_at_1_max": 0.133379,
        "nauc_map_at_1_std": -0.191861,
        "nauc_map_at_1_diff1": 0.602643,
        "nauc_map_at_3_max": 0.158478,
        "nauc_map_at_3_std": -0.225633,
        "nauc_map_at_3_diff1": 0.544331,
        "nauc_map_at_5_max": 0.161492,
        "nauc_map_at_5_std": -0.231348,
        "nauc_map_at_5_diff1": 0.530736,
        "nauc_map_at_10_max": 0.157662,
        "nauc_map_at_10_std": -0.224241,
        "nauc_map_at_10_diff1": 0.517444,
        "nauc_map_at_20_max": 0.156562,
        "nauc_map_at_20_std": -0.221679,
        "nauc_map_at_20_diff1": 0.512991,
        "nauc_map_at_100_max": 0.157229,
        "nauc_map_at_100_std": -0.218997,
        "nauc_map_at_100_diff1": 0.513504,
        "nauc_map_at_1000_max": 0.157071,
        "nauc_map_at_1000_std": -0.219483,
        "nauc_map_at_1000_diff1": 0.513863,
        "nauc_recall_at_1_max": 0.133379,
        "nauc_recall_at_1_std": -0.191861,
        "nauc_recall_at_1_diff1": 0.602643,
        "nauc_recall_at_3_max": 0.14379,
        "nauc_recall_at_3_std": -0.250851,
        "nauc_recall_at_3_diff1": 0.507677,
        "nauc_recall_at_5_max": 0.156273,
        "nauc_recall_at_5_std": -0.257644,
        "nauc_recall_at_5_diff1": 0.469536,
        "nauc_recall_at_10_max": 0.140788,
        "nauc_recall_at_10_std": -0.22041,
        "nauc_recall_at_10_diff1": 0.40651,
        "nauc_recall_at_20_max": 0.140173,
        "nauc_recall_at_20_std": -0.193656,
        "nauc_recall_at_20_diff1": 0.366924,
        "nauc_recall_at_100_max": 0.201153,
        "nauc_recall_at_100_std": -0.010097,
        "nauc_recall_at_100_diff1": 0.308273,
        "nauc_recall_at_1000_max": NaN,
        "nauc_recall_at_1000_std": NaN,
        "nauc_recall_at_1000_diff1": NaN,
        "nauc_precision_at_1_max": 0.162653,
        "nauc_precision_at_1_std": -0.188335,
        "nauc_precision_at_1_diff1": 0.574396,
        "nauc_precision_at_3_max": 0.146017,
        "nauc_precision_at_3_std": -0.207119,
        "nauc_precision_at_3_diff1": 0.383398,
        "nauc_precision_at_5_max": 0.139139,
        "nauc_precision_at_5_std": -0.212962,
        "nauc_precision_at_5_diff1": 0.33201,
        "nauc_precision_at_10_max": 0.107584,
        "nauc_precision_at_10_std": -0.163329,
        "nauc_precision_at_10_diff1": 0.254809,
        "nauc_precision_at_20_max": 0.100399,
        "nauc_precision_at_20_std": -0.10994,
        "nauc_precision_at_20_diff1": 0.188474,
        "nauc_precision_at_100_max": 0.128895,
        "nauc_precision_at_100_std": 0.072282,
        "nauc_precision_at_100_diff1": 0.084637,
        "nauc_precision_at_1000_max": 0.072158,
        "nauc_precision_at_1000_std": 0.116514,
        "nauc_precision_at_1000_diff1": -0.035895,
        "nauc_mrr_at_1_max": 0.162653,
        "nauc_mrr_at_1_std": -0.188335,
        "nauc_mrr_at_1_diff1": 0.574396,
        "nauc_mrr_at_3_max": 0.149409,
        "nauc_mrr_at_3_std": -0.218463,
        "nauc_mrr_at_3_diff1": 0.540518,
        "nauc_mrr_at_5_max": 0.15227,
        "nauc_mrr_at_5_std": -0.219793,
        "nauc_mrr_at_5_diff1": 0.536676,
        "nauc_mrr_at_10_max": 0.148348,
        "nauc_mrr_at_10_std": -0.214635,
        "nauc_mrr_at_10_diff1": 0.529382,
        "nauc_mrr_at_20_max": 0.14986,
        "nauc_mrr_at_20_std": -0.211645,
        "nauc_mrr_at_20_diff1": 0.527568,
        "nauc_mrr_at_100_max": 0.150481,
        "nauc_mrr_at_100_std": -0.210253,
        "nauc_mrr_at_100_diff1": 0.527611,
        "nauc_mrr_at_1000_max": 0.150334,
        "nauc_mrr_at_1000_std": -0.210923,
        "nauc_mrr_at_1000_diff1": 0.527985,
        "main_score": 0.3571,
        "hf_subset": "kor-kor",
        "languages": [
          "kor-Hang",
          "kor-Hang"
        ]
      },
      {
        "ndcg_at_1": 0.20336,
        "ndcg_at_3": 0.24829,
        "ndcg_at_5": 0.27407,
        "ndcg_at_10": 0.31094,
        "ndcg_at_20": 0.34327,
        "ndcg_at_100": 0.39884,
        "ndcg_at_1000": 0.42943,
        "map_at_1": 0.11333,
        "map_at_3": 0.19906,
        "map_at_5": 0.22564,
        "map_at_10": 0.24545,
        "map_at_20": 0.25597,
        "map_at_100": 0.26562,
        "map_at_1000": 0.26749,
        "recall_at_1": 0.11333,
        "recall_at_3": 0.26741,
        "recall_at_5": 0.34264,
        "recall_at_10": 0.43379,
        "recall_at_20": 0.54123,
        "recall_at_100": 0.7987,
        "recall_at_1000": 0.99847,
        "precision_at_1": 0.20336,
        "precision_at_3": 0.1682,
        "precision_at_5": 0.13272,
        "precision_at_10": 0.0867,
        "precision_at_20": 0.05367,
        "precision_at_100": 0.0158,
        "precision_at_1000": 0.00195,
        "mrr_at_1": 0.203364,
        "mrr_at_3": 0.277523,
        "mrr_at_5": 0.294419,
        "mrr_at_10": 0.306999,
        "mrr_at_20": 0.31532,
        "mrr_at_100": 0.320296,
        "mrr_at_1000": 0.321023,
        "nauc_ndcg_at_1_max": 0.230595,
        "nauc_ndcg_at_1_std": -0.176678,
        "nauc_ndcg_at_1_diff1": 0.15806,
        "nauc_ndcg_at_3_max": 0.150376,
        "nauc_ndcg_at_3_std": -0.242933,
        "nauc_ndcg_at_3_diff1": 0.10606,
        "nauc_ndcg_at_5_max": 0.11923,
        "nauc_ndcg_at_5_std": -0.249176,
        "nauc_ndcg_at_5_diff1": 0.106623,
        "nauc_ndcg_at_10_max": 0.100735,
        "nauc_ndcg_at_10_std": -0.262225,
        "nauc_ndcg_at_10_diff1": 0.10156,
        "nauc_ndcg_at_20_max": 0.092705,
        "nauc_ndcg_at_20_std": -0.251323,
        "nauc_ndcg_at_20_diff1": 0.09222,
        "nauc_ndcg_at_100_max": 0.098349,
        "nauc_ndcg_at_100_std": -0.216587,
        "nauc_ndcg_at_100_diff1": 0.082233,
        "nauc_ndcg_at_1000_max": 0.115186,
        "nauc_ndcg_at_1000_std": -0.221091,
        "nauc_ndcg_at_1000_diff1": 0.092516,
        "nauc_map_at_1_max": 0.212185,