{
  "dataset_revision": "fd7df84ac089bbec763b1c6bb1b56e985df5cc5c",
  "task_name": "AutoRAGRetrieval",
  "mteb_version": "1.31.1",
  "scores": {
    "test": [
      {
        "ndcg_at_1": 0.59649,
        "ndcg_at_3": 0.72775,
        "ndcg_at_5": 0.74248,
        "ndcg_at_10": 0.7629,
        "ndcg_at_20": 0.77919,
        "ndcg_at_100": 0.78189,
        "ndcg_at_1000": 0.78189,
        "map_at_1": 0.59649,
        "map_at_3": 0.69444,
        "map_at_5": 0.70278,
        "map_at_10": 0.71155,
        "map_at_20": 0.71644,
        "map_at_100": 0.71663,
        "map_at_1000": 0.71663,
        "recall_at_1": 0.59649,
        "recall_at_3": 0.82456,
        "recall_at_5": 0.85965,
        "recall_at_10": 0.92105,
        "recall_at_20": 0.98246,
        "recall_at_100": 1.0,
        "recall_at_1000": 1.0,
        "precision_at_1": 0.59649,
        "precision_at_3": 0.27485,
        "precision_at_5": 0.17193,
        "precision_at_10": 0.09211,
        "precision_at_20": 0.04912,
        "precision_at_100": 0.01,
        "precision_at_1000": 0.001,
        "mrr_at_1": 0.596491,
        "mrr_at_3": 0.694444,
        "mrr_at_5": 0.702778,
        "mrr_at_10": 0.71155,
        "mrr_at_20": 0.716436,
        "mrr_at_100": 0.716632,
        "mrr_at_1000": 0.716632,
        "nauc_ndcg_at_1_max": 0.291649,
        "nauc_ndcg_at_1_std": -0.078077,
        "nauc_ndcg_at_1_diff1": 0.522414,
        "nauc_ndcg_at_3_max": 0.321502,
        "nauc_ndcg_at_3_std": -0.118193,
        "nauc_ndcg_at_3_diff1": 0.538246,
        "nauc_ndcg_at_5_max": 0.316266,
        "nauc_ndcg_at_5_std": -0.091251,
        "nauc_ndcg_at_5_diff1": 0.531917,
        "nauc_ndcg_at_10_max": 0.276664,
        "nauc_ndcg_at_10_std": -0.114565,
        "nauc_ndcg_at_10_diff1": 0.53263,
        "nauc_ndcg_at_20_max": 0.317304,
        "nauc_ndcg_at_20_std": -0.082769,
        "nauc_ndcg_at_20_diff1": 0.526899,
        "nauc_ndcg_at_100_max": 0.307081,
        "nauc_ndcg_at_100_std": -0.092111,
        "nauc_ndcg_at_100_diff1": 0.523169,
        "nauc_ndcg_at_1000_max": 0.307081,
        "nauc_ndcg_at_1000_std": -0.092111,
        "nauc_ndcg_at_1000_diff1": 0.523169,
        "nauc_map_at_1_max": 0.291649,
        "nauc_map_at_1_std": -0.078077,
        "nauc_map_at_1_diff1": 0.522414,
        "nauc_map_at_3_max": 0.311101,
        "nauc_map_at_3_std": -0.106778,
        "nauc_map_at_3_diff1": 0.527529,
        "nauc_map_at_5_max": 0.308489,
        "nauc_map_at_5_std": -0.092178,
        "nauc_map_at_5_diff1": 0.523654,
        "nauc_map_at_10_max": 0.294551,
        "nauc_map_at_10_std": -0.100826,
        "nauc_map_at_10_diff1": 0.523275,
        "nauc_map_at_20_max": 0.30416,
        "nauc_map_at_20_std": -0.093108,
        "nauc_map_at_20_diff1": 0.521123,
        "nauc_map_at_100_max": 0.303573,
        "nauc_map_at_100_std": -0.093646,
        "nauc_map_at_100_diff1": 0.520912,
        "nauc_map_at_1000_max": 0.303573,
        "nauc_map_at_1000_std": -0.093646,
        "nauc_map_at_1000_diff1": 0.520912,
        "nauc_recall_at_1_max": 0.291649,
        "nauc_recall_at_1_std": -0.078077,
        "nauc_recall_at_1_diff1": 0.522414,
        "nauc_recall_at_3_max": 0.368356,
        "nauc_recall_at_3_std": -0.168208,
        "nauc_recall_at_3_diff1": 0.589368,
        "nauc_recall_at_5_max": 0.356381,
        "nauc_recall_at_5_std": -0.081443,
        "nauc_recall_at_5_diff1": 0.579487,
        "nauc_recall_at_10_max": 0.075078,
        "nauc_recall_at_10_std": -0.24795,
        "nauc_recall_at_10_diff1": 0.624132,
        "nauc_recall_at_20_max": 1.0,
        "nauc_recall_at_20_std": 0.539967,
        "nauc_recall_at_20_diff1": 0.77738,
        "nauc_recall_at_100_max": NaN,
        "nauc_recall_at_100_std": NaN,
        "nauc_recall_at_100_diff1": NaN,
        "nauc_recall_at_1000_max": NaN,
        "nauc_recall_at_1000_std": NaN,
        "nauc_recall_at_1000_diff1": NaN,
        "nauc_precision_at_1_max": 0.291649,
        "nauc_precision_at_1_std": -0.078077,
        "nauc_precision_at_1_diff1": 0.522414,
        "nauc_precision_at_3_max": 0.368356,
        "nauc_precision_at_3_std": -0.168208,
        "nauc_precision_at_3_diff1": 0.589368,
        "nauc_precision_at_5_max": 0.356381,
        "nauc_precision_at_5_std": -0.081443,
        "nauc_precision_at_5_diff1": 0.579487,
        "nauc_precision_at_10_max": 0.075078,
        "nauc_precision_at_10_std": -0.24795,
        "nauc_precision_at_10_diff1": 0.624132,
        "nauc_precision_at_20_max": 1.0,
        "nauc_precision_at_20_std": 0.539967,
        "nauc_precision_at_20_diff1": 0.77738,
        "nauc_precision_at_100_max": 1.0,
        "nauc_precision_at_100_std": 1.0,
        "nauc_precision_at_100_diff1": 1.0,
        "nauc_precision_at_1000_max": 1.0,
        "nauc_precision_at_1000_std": 1.0,
        "nauc_precision_at_1000_diff1": 1.0,
        "nauc_mrr_at_1_max": 0.291649,
        "nauc_mrr_at_1_std": -0.078077,
        "nauc_mrr_at_1_diff1": 0.522414,
        "nauc_mrr_at_3_max": 0.311101,
        "nauc_mrr_at_3_std": -0.106778,
        "nauc_mrr_at_3_diff1": 0.527529,
        "nauc_mrr_at_5_max": 0.308489,
        "nauc_mrr_at_5_std": -0.092178,
        "nauc_mrr_at_5_diff1": 0.523654,
        "nauc_mrr_at_10_max": 0.294551,
        "nauc_mrr_at_10_std": -0.100826,
        "nauc_mrr_at_10_diff1": 0.523275,
        "nauc_mrr_at_20_max": 0.30416,
        "nauc_mrr_at_20_std": -0.093108,
        "nauc_mrr_at_20_diff1": 0.521123,
        "nauc_mrr_at_100_max": 0.303573,
        "nauc_mrr_at_100_std": -0.093646,
        "nauc_mrr_at_100_diff1": 0.520912,
        "nauc_mrr_at_1000_max": 0.303573,
        "nauc_mrr_at_1000_std": -0.093646,
        "nauc_mrr_at_1000_diff1": 0.520912,
        "main_score": 0.7629,
        "hf_subset": "default",
        "languages": [
          "kor-Hang"
        ]
      }
    ]
  },
  "evaluation_time": 13.161004304885864,
  "kg_co2_emissions": null
}