{
  "dataset_revision": "fd7df84ac089bbec763b1c6bb1b56e985df5cc5c",
  "evaluation_time": 41.10066056251526,
  "kg_co2_emissions": null,
  "mteb_version": "1.19.4",
  "scores": {
    "test": [
      {
        "hf_subset": "default",
        "languages": [
          "kor-Hang"
        ],
        "main_score": 0.76104,
        "map_at_1": 0.59649,
        "map_at_10": 0.70926,
        "map_at_100": 0.71425,
        "map_at_1000": 0.71425,
        "map_at_20": 0.71406,
        "map_at_3": 0.69006,
        "map_at_5": 0.70058,
        "mrr_at_1": 0.5964912280701754,
        "mrr_at_10": 0.7092592592592594,
        "mrr_at_100": 0.7142522444779211,
        "mrr_at_1000": 0.7142522444779211,
        "mrr_at_20": 0.7140560706350181,
        "mrr_at_3": 0.6900584795321638,
        "mrr_at_5": 0.7005847953216374,
        "nauc_map_at_1000_diff1": 0.5239958070884113,
        "nauc_map_at_1000_max": 0.3096268445996021,
        "nauc_map_at_1000_std": -0.09860198242005956,
        "nauc_map_at_100_diff1": 0.5239958070884113,
        "nauc_map_at_100_max": 0.3096268445996021,
        "nauc_map_at_100_std": -0.09860198242005956,
        "nauc_map_at_10_diff1": 0.5257485700639195,
        "nauc_map_at_10_max": 0.3004730187357267,
        "nauc_map_at_10_std": -0.10570448325456437,
        "nauc_map_at_1_diff1": 0.5270656332483367,
        "nauc_map_at_1_max": 0.2997382273345491,
        "nauc_map_at_1_std": -0.08460522678016429,
        "nauc_map_at_20_diff1": 0.52420233068558,
        "nauc_map_at_20_max": 0.3102036982325753,
        "nauc_map_at_20_std": -0.09806415639379118,
        "nauc_map_at_3_diff1": 0.5253492012809279,
        "nauc_map_at_3_max": 0.3144296142174382,
        "nauc_map_at_3_std": -0.1121978163326179,
        "nauc_map_at_5_diff1": 0.5269886990139881,
        "nauc_map_at_5_max": 0.31118773097573915,
        "nauc_map_at_5_std": -0.09722073597757512,
        "nauc_mrr_at_1000_diff1": 0.5239958070884113,
        "nauc_mrr_at_1000_max": 0.3096268445996021,
        "nauc_mrr_at_1000_std": -0.09860198242005956,
        "nauc_mrr_at_100_diff1": 0.5239958070884113,
        "nauc_mrr_at_100_max": 0.3096268445996021,
        "nauc_mrr_at_100_std": -0.09860198242005956,
        "nauc_mrr_at_10_diff1": 0.5257485700639195,
        "nauc_mrr_at_10_max": 0.3004730187357267,
        "nauc_mrr_at_10_std": -0.10570448325456437,
        "nauc_mrr_at_1_diff1": 0.5270656332483367,
        "nauc_mrr_at_1_max": 0.2997382273345491,
        "nauc_mrr_at_1_std": -0.08460522678016429,
        "nauc_mrr_at_20_diff1": 0.52420233068558,
        "nauc_mrr_at_20_max": 0.3102036982325753,
        "nauc_mrr_at_20_std": -0.09806415639379118,
        "nauc_mrr_at_3_diff1": 0.5253492012809279,
        "nauc_mrr_at_3_max": 0.3144296142174382,
        "nauc_mrr_at_3_std": -0.1121978163326179,
        "nauc_mrr_at_5_diff1": 0.5269886990139881,
        "nauc_mrr_at_5_max": 0.31118773097573915,
        "nauc_mrr_at_5_std": -0.09722073597757512,
        "nauc_ndcg_at_1000_diff1": 0.5257901238239717,
        "nauc_ndcg_at_1000_max": 0.3126792178348435,
        "nauc_ndcg_at_1000_std": -0.0967700334246146,
        "nauc_ndcg_at_100_diff1": 0.5257901238239717,
        "nauc_ndcg_at_100_max": 0.3126792178348435,
        "nauc_ndcg_at_100_std": -0.0967700334246146,
        "nauc_ndcg_at_10_diff1": 0.533232658128605,
        "nauc_ndcg_at_10_max": 0.28188484529812124,
        "nauc_ndcg_at_10_std": -0.1187167303529919,
        "nauc_ndcg_at_1_diff1": 0.5270656332483367,
        "nauc_ndcg_at_1_max": 0.2997382273345491,
        "nauc_ndcg_at_1_std": -0.08460522678016429,
        "nauc_ndcg_at_20_diff1": 0.5294503341807054,
        "nauc_ndcg_at_20_max": 0.3227331547901982,
        "nauc_ndcg_at_20_std": -0.0874396499178423,
        "nauc_ndcg_at_3_diff1": 0.5304384782368492,
        "nauc_ndcg_at_3_max": 0.32058457218018066,
        "nauc_ndcg_at_3_std": -0.12308251548793804,
        "nauc_ndcg_at_5_diff1": 0.5345686226982408,
        "nauc_ndcg_at_5_max": 0.31397010350723664,
        "nauc_ndcg_at_5_std": -0.09551990374421933,
        "nauc_precision_at_1000_diff1": 1.0,
        "nauc_precision_at_1000_max": 1.0,
        "nauc_precision_at_1000_std": 1.0,
        "nauc_precision_at_100_diff1": 1.0,
        "nauc_precision_at_100_max": 1.0,
        "nauc_precision_at_100_std": 1.0,
        "nauc_precision_at_10_diff1": 0.6096638560941005,
        "nauc_precision_at_10_max": 0.07507825251175508,
        "nauc_precision_at_10_std": -0.2479500686091432,
        "nauc_precision_at_1_diff1": 0.5270656332483367,
        "nauc_precision_at_1_max": 0.2997382273345491,
        "nauc_precision_at_1_std": -0.08460522678016429,
        "nauc_precision_at_20_diff1": 0.7773798018086919,
        "nauc_precision_at_20_max": 1.0,
        "nauc_precision_at_20_std": 0.539967216074137,
        "nauc_precision_at_3_diff1": 0.554747649217572,
        "nauc_precision_at_3_max": 0.3469283752456029,
        "nauc_precision_at_3_std": -0.16937634560817524,
        "nauc_precision_at_5_diff1": 0.5794871062690461,
        "nauc_precision_at_5_max": 0.3264628971418981,
        "nauc_precision_at_5_std": -0.0814431864235027,
        "nauc_recall_at_1000_diff1": NaN,
        "nauc_recall_at_1000_max": NaN,
        "nauc_recall_at_1000_std": NaN,
        "nauc_recall_at_100_diff1": NaN,
        "nauc_recall_at_100_max": NaN,
        "nauc_recall_at_100_std": NaN,
        "nauc_recall_at_10_diff1": 0.6096638560941018,
        "nauc_recall_at_10_max": 0.07507825251175473,
        "nauc_recall_at_10_std": -0.24795006860914381,
        "nauc_recall_at_1_diff1": 0.5270656332483367,
        "nauc_recall_at_1_max": 0.2997382273345491,
        "nauc_recall_at_1_std": -0.08460522678016429,
        "nauc_recall_at_20_diff1": 0.7773798018086994,
        "nauc_recall_at_20_max": 1.0,
        "nauc_recall_at_20_std": 0.5399672160741448,
        "nauc_recall_at_3_diff1": 0.5547476492175731,
        "nauc_recall_at_3_max": 0.34692837524560327,
        "nauc_recall_at_3_std": -0.1693763456081746,
        "nauc_recall_at_5_diff1": 0.5794871062690465,
        "nauc_recall_at_5_max": 0.3264628971418974,
        "nauc_recall_at_5_std": -0.08144318642350515,
        "ndcg_at_1": 0.59649,
        "ndcg_at_10": 0.76104,
        "ndcg_at_100": 0.77992,
        "ndcg_at_1000": 0.77992,
        "ndcg_at_20": 0.77722,
        "ndcg_at_3": 0.72222,
        "ndcg_at_5": 0.74072,
        "precision_at_1": 0.59649,
        "precision_at_10": 0.09211,
        "precision_at_100": 0.01,
        "precision_at_1000": 0.001,
        "precision_at_20": 0.04912,
        "precision_at_3": 0.27193,
        "precision_at_5": 0.17193,
        "recall_at_1": 0.59649,
        "recall_at_10": 0.92105,
        "recall_at_100": 1.0,
        "recall_at_1000": 1.0,
        "recall_at_20": 0.98246,
        "recall_at_3": 0.81579,
        "recall_at_5": 0.85965
      }
    ]
  },
  "task_name": "AutoRAGRetrieval"
}