{
  "dataset_revision": "75b399394a9803252cfec289d103de462763db7c",
  "task_name": "BelebeleRetrieval",
  "mteb_version": "1.31.1",
  "scores": {
    "test": [
      {
        "ndcg_at_1": 0.85333,
        "ndcg_at_3": 0.89713,
        "ndcg_at_5": 0.90679,
        "ndcg_at_10": 0.91217,
        "ndcg_at_20": 0.91492,
        "ndcg_at_100": 0.91784,
        "ndcg_at_1000": 0.91875,
        "map_at_1": 0.85333,
        "map_at_3": 0.88685,
        "map_at_5": 0.89224,
        "map_at_10": 0.89445,
        "map_at_20": 0.89518,
        "map_at_100": 0.89559,
        "map_at_1000": 0.89563,
        "recall_at_1": 0.85333,
        "recall_at_3": 0.92667,
        "recall_at_5": 0.95,
        "recall_at_10": 0.96667,
        "recall_at_20": 0.97778,
        "recall_at_100": 0.99333,
        "recall_at_1000": 1.0,
        "precision_at_1": 0.85333,
        "precision_at_3": 0.30889,
        "precision_at_5": 0.19,
        "precision_at_10": 0.09667,
        "precision_at_20": 0.04889,
        "precision_at_100": 0.00993,
        "precision_at_1000": 0.001,
        "mrr_at_1": 0.853333,
        "mrr_at_3": 0.886852,
        "mrr_at_5": 0.892241,
        "mrr_at_10": 0.894454,
        "mrr_at_20": 0.895177,
        "mrr_at_100": 0.895591,
        "mrr_at_1000": 0.895634,
        "nauc_ndcg_at_1_max": 0.833034,
        "nauc_ndcg_at_1_std": -0.181254,
        "nauc_ndcg_at_1_diff1": 0.913043,
        "nauc_ndcg_at_3_max": 0.838567,
        "nauc_ndcg_at_3_std": -0.117161,
        "nauc_ndcg_at_3_diff1": 0.886276,
        "nauc_ndcg_at_5_max": 0.847381,
        "nauc_ndcg_at_5_std": -0.114163,
        "nauc_ndcg_at_5_diff1": 0.897496,
        "nauc_ndcg_at_10_max": 0.849807,
        "nauc_ndcg_at_10_std": -0.110736,
        "nauc_ndcg_at_10_diff1": 0.900821,
        "nauc_ndcg_at_20_max": 0.847017,
        "nauc_ndcg_at_20_std": -0.11788,
        "nauc_ndcg_at_20_diff1": 0.900588,
        "nauc_ndcg_at_100_max": 0.844866,
        "nauc_ndcg_at_100_std": -0.121116,
        "nauc_ndcg_at_100_diff1": 0.90087,
        "nauc_ndcg_at_1000_max": 0.843087,
        "nauc_ndcg_at_1000_std": -0.127472,
        "nauc_ndcg_at_1000_diff1": 0.90024,
        "nauc_map_at_1_max": 0.833034,
        "nauc_map_at_1_std": -0.181254,
        "nauc_map_at_1_diff1": 0.913043,
        "nauc_map_at_3_max": 0.836485,
        "nauc_map_at_3_std": -0.134545,
        "nauc_map_at_3_diff1": 0.893745,
        "nauc_map_at_5_max": 0.840717,
        "nauc_map_at_5_std": -0.134227,
        "nauc_map_at_5_diff1": 0.899709,
        "nauc_map_at_10_max": 0.841233,
        "nauc_map_at_10_std": -0.134676,
        "nauc_map_at_10_diff1": 0.900879,
        "nauc_map_at_20_max": 0.840564,
        "nauc_map_at_20_std": -0.136568,
        "nauc_map_at_20_diff1": 0.900815,
        "nauc_map_at_100_max": 0.840298,
        "nauc_map_at_100_std": -0.136793,
        "nauc_map_at_100_diff1": 0.900827,
        "nauc_map_at_1000_max": 0.84023,
        "nauc_map_at_1000_std": -0.137035,
        "nauc_map_at_1000_diff1": 0.900804,
        "nauc_recall_at_1_max": 0.833034,
        "nauc_recall_at_1_std": -0.181254,
        "nauc_recall_at_1_diff1": 0.913043,
        "nauc_recall_at_3_max": 0.847827,
        "nauc_recall_at_3_std": -0.043304,
        "nauc_recall_at_3_diff1": 0.854398,
        "nauc_recall_at_5_max": 0.890289,
        "nauc_recall_at_5_std": 0.006432,
        "nauc_recall_at_5_diff1": 0.887592,
        "nauc_recall_at_10_max": 0.93394,
        "nauc_recall_at_10_std": 0.11371,
        "nauc_recall_at_10_diff1": 0.90943,
        "nauc_recall_at_20_max": 0.934407,
        "nauc_recall_at_20_std": 0.125397,
        "nauc_recall_at_20_diff1": 0.910714,
        "nauc_recall_at_100_max": 1.0,
        "nauc_recall_at_100_std": 0.439153,
        "nauc_recall_at_100_diff1": 0.956427,
        "nauc_recall_at_1000_max": NaN,
        "nauc_recall_at_1000_std": NaN,
        "nauc_recall_at_1000_diff1": NaN,
        "nauc_precision_at_1_max": 0.833034,
        "nauc_precision_at_1_std": -0.181254,
        "nauc_precision_at_1_diff1": 0.913043,
        "nauc_precision_at_3_max": 0.847827,
        "nauc_precision_at_3_std": -0.043304,
        "nauc_precision_at_3_diff1": 0.854398,
        "nauc_precision_at_5_max": 0.890289,
        "nauc_precision_at_5_std": 0.006432,
        "nauc_precision_at_5_diff1": 0.887592,
        "nauc_precision_at_10_max": 0.93394,
        "nauc_precision_at_10_std": 0.11371,
        "nauc_precision_at_10_diff1": 0.90943,
        "nauc_precision_at_20_max": 0.934407,
        "nauc_precision_at_20_std": 0.125397,
        "nauc_precision_at_20_diff1": 0.910714,
        "nauc_precision_at_100_max": 1.0,
        "nauc_precision_at_100_std": 0.439153,
        "nauc_precision_at_100_diff1": 0.956427,
        "nauc_precision_at_1000_max": NaN,
        "nauc_precision_at_1000_std": NaN,
        "nauc_precision_at_1000_diff1": NaN,
        "nauc_mrr_at_1_max": 0.833034,
        "nauc_mrr_at_1_std": -0.181254,
        "nauc_mrr_at_1_diff1": 0.913043,
        "nauc_mrr_at_3_max": 0.836485,
        "nauc_mrr_at_3_std": -0.134545,
        "nauc_mrr_at_3_diff1": 0.893745,
        "nauc_mrr_at_5_max": 0.840717,
        "nauc_mrr_at_5_std": -0.134227,
        "nauc_mrr_at_5_diff1": 0.899709,
        "nauc_mrr_at_10_max": 0.841233,
        "nauc_mrr_at_10_std": -0.134676,
        "nauc_mrr_at_10_diff1": 0.900879,
        "nauc_mrr_at_20_max": 0.840564,
        "nauc_mrr_at_20_std": -0.136568,
        "nauc_mrr_at_20_diff1": 0.900815,
        "nauc_mrr_at_100_max": 0.840298,
        "nauc_mrr_at_100_std": -0.136793,
        "nauc_mrr_at_100_diff1": 0.900827,
        "nauc_mrr_at_1000_max": 0.84023,
        "nauc_mrr_at_1000_std": -0.137035,
        "nauc_mrr_at_1000_diff1": 0.900804,
        "main_score": 0.91217,
        "hf_subset": "kor_Hang-kor_Hang",
        "languages": [
          "kor-Hang",
          "kor-Hang"
        ]
      },
      {
        "ndcg_at_1": 0.84111,
        "ndcg_at_3": 0.89218,
        "ndcg_at_5": 0.90313,
        "ndcg_at_10": 0.91039,
        "ndcg_at_20": 0.91234,
        "ndcg_at_100": 0.91447,
        "ndcg_at_1000": 0.9152,
        "map_at_1": 0.84111,
        "map_at_3": 0.88019,
        "map_at_5": 0.88624,
        "map_at_10": 0.88928,
        "map_at_20": 0.8898,
        "map_at_100": 0.89012,
        "map_at_1000": 0.89015,
        "recall_at_1": 0.84111,
        "recall_at_3": 0.92667,
        "recall_at_5": 0.95333,
        "recall_at_10": 0.97556,
        "recall_at_20": 0.98333,
        "recall_at_100": 0.99444,
        "recall_at_1000": 1.0,
        "precision_at_1": 0.84111,
        "precision_at_3": 0.30889,
        "precision_at_5": 0.19067,
        "precision_at_10": 0.09756,
        "precision_at_20": 0.04917,
        "precision_at_100": 0.00994,
        "precision_at_1000": 0.001,
        "mrr_at_1": 0.841111,
        "mrr_at_3": 0.880185,
        "mrr_at_5": 0.886241,
        "mrr_at_10": 0.889282,
        "mrr_at_20": 0.889802,
        "mrr_at_100": 0.890121,
        "mrr_at_1000": 0.890151,
        "nauc_ndcg_at_1_max": 0.742165,
        "nauc_ndcg_at_1_std": -0.253007,
        "nauc_ndcg_at_1_diff1": 0.888471,
        "nauc_ndcg_at_3_max": 0.777075,
        "nauc_ndcg_at_3_std": -0.169657,
        "nauc_ndcg_at_3_diff1": 0.868215,
        "nauc_ndcg_at_5_max": 0.776945,
        "nauc_ndcg_at_5_std": -0.171275,
        "nauc_ndcg_at_5_diff1": 0.87217,
        "nauc_ndcg_at_10_max": 0.770778,
        "nauc_ndcg_at_10_std": -0.164223,
        "nauc_ndcg_at_10_diff1": 0.869636,
        "nauc_ndcg_at_20_max": 0.770247,
        "nauc_ndcg_at_20_std": -0.168893,
        "nauc_ndcg_at_20_diff1": 0.872027,
        "nauc_ndcg_at_100_max": 0.770081,
        "nauc_ndcg_at_100_std": -0.179056,
        "nauc_ndcg_at_100_diff1": 0.873665,
        "nauc_ndcg_at_1000_max": 0.768514,
        "nauc_ndcg_at_1000_std": -0.182396,
        "nauc_ndcg_at_1000_diff1": 0.873994,
        "nauc_map_at_1_max": 0.742165,
        "nauc_map_at_1_std": -0.253007,