{
  "dataset_revision": "d243889a3eb6654029dbd7e7f9319ae31d58f97c",
  "evaluation_time": 223.86375641822815,
  "kg_co2_emissions": null,
  "mteb_version": "1.19.4",
  "scores": {
    "dev": [
      {
        "hf_subset": "default",
        "languages": [
          "kor-Hang"
        ],
        "main_score": 0.79807,
        "map_at_1": 0.49486,
        "map_at_10": 0.7529,
        "map_at_100": 0.75814,
        "map_at_1000": 0.75847,
        "map_at_20": 0.7557,
        "map_at_3": 0.71293,
        "map_at_5": 0.74013,
        "mrr_at_1": 0.7567567567567568,
        "mrr_at_10": 0.8125087140712136,
        "mrr_at_100": 0.8138507914768789,
        "mrr_at_1000": 0.8140220957363901,
        "mrr_at_20": 0.8129562972490598,
        "mrr_at_3": 0.8051801801801798,
        "mrr_at_5": 0.8092342342342338,
        "nauc_map_at_1000_diff1": 0.5254239984606249,
        "nauc_map_at_1000_max": 0.6076357258092393,
        "nauc_map_at_1000_std": 0.16831170782698113,
        "nauc_map_at_100_diff1": 0.5256160280279527,
        "nauc_map_at_100_max": 0.6081500700165519,
        "nauc_map_at_100_std": 0.16879223667707566,
        "nauc_map_at_10_diff1": 0.5255581538726148,
        "nauc_map_at_10_max": 0.6060662610276891,
        "nauc_map_at_10_std": 0.15876076676111253,
        "nauc_map_at_1_diff1": 0.5677261561403673,
        "nauc_map_at_1_max": 0.28508354972378114,
        "nauc_map_at_1_std": 0.007280734732612492,
        "nauc_map_at_20_diff1": 0.5238966366214702,
        "nauc_map_at_20_max": 0.6066736461021203,
        "nauc_map_at_20_std": 0.16629182338592297,
        "nauc_map_at_3_diff1": 0.5256290575169561,
        "nauc_map_at_3_max": 0.5526053340090126,
        "nauc_map_at_3_std": 0.10745590181814504,
        "nauc_map_at_5_diff1": 0.5239196813503921,
        "nauc_map_at_5_max": 0.5879505989347982,
        "nauc_map_at_5_std": 0.12928009325744128,
        "nauc_mrr_at_1000_diff1": 0.6045317079492099,
        "nauc_mrr_at_1000_max": 0.6818506916734917,
        "nauc_mrr_at_1000_std": 0.24684168932238623,
        "nauc_mrr_at_100_diff1": 0.6044974400624296,
        "nauc_mrr_at_100_max": 0.6821498379087556,
        "nauc_mrr_at_100_std": 0.2473342205845724,
        "nauc_mrr_at_10_diff1": 0.6052759747606176,
        "nauc_mrr_at_10_max": 0.6836968268951451,
        "nauc_mrr_at_10_std": 0.24698918584519347,
        "nauc_mrr_at_1_diff1": 0.6255977425590653,
        "nauc_mrr_at_1_max": 0.6085394560621038,
        "nauc_mrr_at_1_std": 0.1886186491267808,
        "nauc_mrr_at_20_diff1": 0.6048472825511458,
        "nauc_mrr_at_20_max": 0.6833297533840166,
        "nauc_mrr_at_20_std": 0.24723589434904442,
        "nauc_mrr_at_3_diff1": 0.6053260554638301,
        "nauc_mrr_at_3_max": 0.6787525540078904,
        "nauc_mrr_at_3_std": 0.22958233180443266,
        "nauc_mrr_at_5_diff1": 0.6068903852966356,
        "nauc_mrr_at_5_max": 0.6817668951172293,
        "nauc_mrr_at_5_std": 0.23765401001481948,
        "nauc_ndcg_at_1000_diff1": 0.5341293298685438,
        "nauc_ndcg_at_1000_max": 0.6606052848336096,
        "nauc_ndcg_at_1000_std": 0.24354374496497427,
        "nauc_ndcg_at_100_diff1": 0.538109131538343,
        "nauc_ndcg_at_100_max": 0.6738354047774087,
        "nauc_ndcg_at_100_std": 0.2607595035941354,
        "nauc_ndcg_at_10_diff1": 0.5371973679564122,
        "nauc_ndcg_at_10_max": 0.6675617107893623,
        "nauc_ndcg_at_10_std": 0.2275146878229136,
        "nauc_ndcg_at_1_diff1": 0.6255977425590653,
        "nauc_ndcg_at_1_max": 0.6085394560621038,
        "nauc_ndcg_at_1_std": 0.1886186491267808,
        "nauc_ndcg_at_20_diff1": 0.5329460641472812,
        "nauc_ndcg_at_20_max": 0.6703160563440603,
        "nauc_ndcg_at_20_std": 0.24665172910639852,
        "nauc_ndcg_at_3_diff1": 0.5339934869900126,
        "nauc_ndcg_at_3_max": 0.6016187617062881,
        "nauc_ndcg_at_3_std": 0.14319284440610835,
        "nauc_ndcg_at_5_diff1": 0.5349249568810696,
        "nauc_ndcg_at_5_max": 0.6360683663995738,
        "nauc_ndcg_at_5_std": 0.17195232578453204,
        "nauc_precision_at_1000_diff1": -0.3601704644023477,
        "nauc_precision_at_1000_max": 0.006183725884216995,
        "nauc_precision_at_1000_std": 0.1607732772589181,
        "nauc_precision_at_100_diff1": -0.24363085502433576,
        "nauc_precision_at_100_max": 0.15825274923442087,
        "nauc_precision_at_100_std": 0.2571706793459895,
        "nauc_precision_at_10_diff1": -0.15330981722695072,
        "nauc_precision_at_10_max": 0.2705490424818717,
        "nauc_precision_at_10_std": 0.2420369043349826,
        "nauc_precision_at_1_diff1": 0.6255977425590653,
        "nauc_precision_at_1_max": 0.6085394560621038,
        "nauc_precision_at_1_std": 0.1886186491267808,
        "nauc_precision_at_20_diff1": -0.1818736784887125,
        "nauc_precision_at_20_max": 0.23765136032825976,
        "nauc_precision_at_20_std": 0.26033290546867716,
        "nauc_precision_at_3_diff1": -0.018528841312410074,
        "nauc_precision_at_3_max": 0.37026854207409304,
        "nauc_precision_at_3_std": 0.18878760818610282,
        "nauc_precision_at_5_diff1": -0.09487222809490398,
        "nauc_precision_at_5_max": 0.30644126690762064,
        "nauc_precision_at_5_std": 0.186628279906234,
        "nauc_recall_at_1000_diff1": 0.269619819244052,
        "nauc_recall_at_1000_max": 0.9169502263402253,
        "nauc_recall_at_1000_std": 0.9105457073478973,
        "nauc_recall_at_100_diff1": 0.4796192580516074,
        "nauc_recall_at_100_max": 0.9314620341130307,
        "nauc_recall_at_100_std": 0.736430564541567,
        "nauc_recall_at_10_diff1": 0.49088061271022754,
        "nauc_recall_at_10_max": 0.7916733282343257,
        "nauc_recall_at_10_std": 0.3813267309899073,
        "nauc_recall_at_1_diff1": 0.5677261561403673,
        "nauc_recall_at_1_max": 0.28508354972378114,
        "nauc_recall_at_1_std": 0.007280734732612492,
        "nauc_recall_at_20_diff1": 0.4703645522060505,
        "nauc_recall_at_20_max": 0.8261306027221935,
        "nauc_recall_at_20_std": 0.4863410668980038,
        "nauc_recall_at_3_diff1": 0.4974352305750985,
        "nauc_recall_at_3_max": 0.6019940531052395,
        "nauc_recall_at_3_std": 0.1376677180157724,
        "nauc_recall_at_5_diff1": 0.49113118706864095,
        "nauc_recall_at_5_max": 0.6838318771771169,
        "nauc_recall_at_5_std": 0.2000724466684479,
        "ndcg_at_1": 0.75676,
        "ndcg_at_10": 0.79807,
        "ndcg_at_100": 0.81503,
        "ndcg_at_1000": 0.82257,
        "ndcg_at_20": 0.80396,
        "ndcg_at_3": 0.75288,
        "ndcg_at_5": 0.77926,
        "precision_at_1": 0.75676,
        "precision_at_10": 0.15912,
        "precision_at_100": 0.01738,
        "precision_at_1000": 0.00185,
        "precision_at_20": 0.08176,
        "precision_at_3": 0.4482,
        "precision_at_5": 0.29662,
        "recall_at_1": 0.49486,
        "recall_at_10": 0.85983,
        "recall_at_100": 0.92379,
        "recall_at_1000": 0.97179,
        "recall_at_20": 0.87769,
        "recall_at_3": 0.76166,
        "recall_at_5": 0.81523
      }
    ]
  },
  "task_name": "Ko-StrategyQA"
}