{
  "dataset_revision": "d243889a3eb6654029dbd7e7f9319ae31d58f97c",
  "task_name": "Ko-StrategyQA",
  "mteb_version": "1.31.1",
  "scores": {
    "dev": [
      {
        "ndcg_at_1": 0.75507,
        "ndcg_at_3": 0.7521,
        "ndcg_at_5": 0.77917,
        "ndcg_at_10": 0.79775,
        "ndcg_at_20": 0.80363,
        "ndcg_at_100": 0.81471,
        "ndcg_at_1000": 0.82224,
        "map_at_1": 0.49402,
        "map_at_3": 0.71227,
        "map_at_5": 0.74,
        "map_at_10": 0.75256,
        "map_at_20": 0.75536,
        "map_at_100": 0.7578,
        "map_at_1000": 0.75814,
        "recall_at_1": 0.49402,
        "recall_at_3": 0.7611,
        "recall_at_5": 0.81566,
        "recall_at_10": 0.85983,
        "recall_at_20": 0.87769,
        "recall_at_100": 0.92379,
        "recall_at_1000": 0.97179,
        "precision_at_1": 0.75507,
        "precision_at_3": 0.44764,
        "precision_at_5": 0.29696,
        "precision_at_10": 0.15912,
        "precision_at_20": 0.08176,
        "precision_at_100": 0.01738,
        "precision_at_1000": 0.00185,
        "mrr_at_1": 0.755068,
        "mrr_at_3": 0.804054,
        "mrr_at_5": 0.80853,
        "mrr_at_10": 0.811775,
        "mrr_at_20": 0.812207,
        "mrr_at_100": 0.813113,
        "mrr_at_1000": 0.813285,
        "nauc_ndcg_at_1_max": 0.622881,
        "nauc_ndcg_at_1_std": 0.199024,
        "nauc_ndcg_at_1_diff1": 0.624925,
        "nauc_ndcg_at_3_max": 0.605461,
        "nauc_ndcg_at_3_std": 0.152935,
        "nauc_ndcg_at_3_diff1": 0.528266,
        "nauc_ndcg_at_5_max": 0.638891,
        "nauc_ndcg_at_5_std": 0.176159,
        "nauc_ndcg_at_5_diff1": 0.530527,
        "nauc_ndcg_at_10_max": 0.671563,
        "nauc_ndcg_at_10_std": 0.233204,
        "nauc_ndcg_at_10_diff1": 0.533661,
        "nauc_ndcg_at_20_max": 0.674449,
        "nauc_ndcg_at_20_std": 0.252568,
        "nauc_ndcg_at_20_diff1": 0.52918,
        "nauc_ndcg_at_100_max": 0.678363,
        "nauc_ndcg_at_100_std": 0.267022,
        "nauc_ndcg_at_100_diff1": 0.534783,
        "nauc_ndcg_at_1000_max": 0.665365,
        "nauc_ndcg_at_1000_std": 0.249721,
        "nauc_ndcg_at_1000_diff1": 0.53075,
        "nauc_map_at_1_max": 0.293464,
        "nauc_map_at_1_std": 0.013404,
        "nauc_map_at_1_diff1": 0.564589,
        "nauc_map_at_3_max": 0.555691,
        "nauc_map_at_3_std": 0.11673,
        "nauc_map_at_3_diff1": 0.519107,
        "nauc_map_at_5_max": 0.590835,
        "nauc_map_at_5_std": 0.134236,
        "nauc_map_at_5_diff1": 0.518887,
        "nauc_map_at_10_max": 0.609977,
        "nauc_map_at_10_std": 0.165029,
        "nauc_map_at_10_diff1": 0.521211,
        "nauc_map_at_20_max": 0.610667,
        "nauc_map_at_20_std": 0.17274,
        "nauc_map_at_20_diff1": 0.51947,
        "nauc_map_at_100_max": 0.61222,
        "nauc_map_at_100_std": 0.175291,
        "nauc_map_at_100_diff1": 0.521228,
        "nauc_map_at_1000_max": 0.611714,
        "nauc_map_at_1000_std": 0.174811,
        "nauc_map_at_1000_diff1": 0.521039,
        "nauc_recall_at_1_max": 0.293464,
        "nauc_recall_at_1_std": 0.013404,
        "nauc_recall_at_1_diff1": 0.564589,
        "nauc_recall_at_3_max": 0.602917,
        "nauc_recall_at_3_std": 0.148623,
        "nauc_recall_at_3_diff1": 0.491083,
        "nauc_recall_at_5_max": 0.682018,
        "nauc_recall_at_5_std": 0.20061,
        "nauc_recall_at_5_diff1": 0.486599,
        "nauc_recall_at_10_max": 0.79097,
        "nauc_recall_at_10_std": 0.384279,
        "nauc_recall_at_10_diff1": 0.488236,
        "nauc_recall_at_20_max": 0.825334,
        "nauc_recall_at_20_std": 0.489685,
        "nauc_recall_at_20_diff1": 0.466672,
        "nauc_recall_at_100_max": 0.931462,
        "nauc_recall_at_100_std": 0.741651,
        "nauc_recall_at_100_diff1": 0.480516,
        "nauc_recall_at_1000_max": 0.91695,
        "nauc_recall_at_1000_std": 0.910546,
        "nauc_recall_at_1000_diff1": 0.273732,
        "nauc_precision_at_1_max": 0.622881,
        "nauc_precision_at_1_std": 0.199024,
        "nauc_precision_at_1_diff1": 0.624925,
        "nauc_precision_at_3_max": 0.369178,
        "nauc_precision_at_3_std": 0.194077,
        "nauc_precision_at_3_diff1": -0.019415,
        "nauc_precision_at_5_max": 0.300372,
        "nauc_precision_at_5_std": 0.18283,
        "nauc_precision_at_5_diff1": -0.095762,
        "nauc_precision_at_10_max": 0.267956,
        "nauc_precision_at_10_std": 0.24099,
        "nauc_precision_at_10_diff1": -0.151369,
        "nauc_precision_at_20_max": 0.235117,
        "nauc_precision_at_20_std": 0.259309,
        "nauc_precision_at_20_diff1": -0.180325,
        "nauc_precision_at_100_max": 0.156095,
        "nauc_precision_at_100_std": 0.256137,
        "nauc_precision_at_100_diff1": -0.240831,
        "nauc_precision_at_1000_max": 0.003931,
        "nauc_precision_at_1000_std": 0.158519,
        "nauc_precision_at_1000_diff1": -0.356722,
        "nauc_mrr_at_1_max": 0.622881,
        "nauc_mrr_at_1_std": 0.199024,
        "nauc_mrr_at_1_diff1": 0.624925,
        "nauc_mrr_at_3_max": 0.68789,
        "nauc_mrr_at_3_std": 0.237932,
        "nauc_mrr_at_3_diff1": 0.604101,
        "nauc_mrr_at_5_max": 0.690115,
        "nauc_mrr_at_5_std": 0.24456,
        "nauc_mrr_at_5_diff1": 0.60465,
        "nauc_mrr_at_10_max": 0.692228,
        "nauc_mrr_at_10_std": 0.253918,
        "nauc_mrr_at_10_diff1": 0.603063,
        "nauc_mrr_at_20_max": 0.691911,
        "nauc_mrr_at_20_std": 0.254235,
        "nauc_mrr_at_20_diff1": 0.60264,
        "nauc_mrr_at_100_max": 0.69077,
        "nauc_mrr_at_100_std": 0.25441,
        "nauc_mrr_at_100_diff1": 0.602369,
        "nauc_mrr_at_1000_max": 0.690479,
        "nauc_mrr_at_1000_std": 0.253906,
        "nauc_mrr_at_1000_diff1": 0.602399,
        "main_score": 0.79775,
        "hf_subset": "default",
        "languages": [
          "kor-Hang"
        ]
      }
    ]
  },
  "evaluation_time": 94.06872296333313,
  "kg_co2_emissions": null
}