{
  "dataset_revision": "main",
  "evaluation_time": 25491.57020497322,
  "kg_co2_emissions": null,
  "mteb_version": "1.20.0",
  "scores": {
    "dev": [
      {
        "hf_subset": "ko",
        "languages": [
          "kor-Kore"
        ],
        "main_score": 0.63716,
        "map_at_1": 0.35427,
        "map_at_10": 0.53931,
        "map_at_100": 0.56379,
        "map_at_1000": 0.56456,
        "map_at_20": 0.55514,
        "map_at_3": 0.47065,
        "map_at_5": 0.50777,
        "mrr_at_1": 0.5868544600938967,
        "mrr_at_10": 0.7000670690811536,
        "mrr_at_100": 0.7034974166221164,
        "mrr_at_1000": 0.7035448268034526,
        "mrr_at_20": 0.7023941629575432,
        "mrr_at_3": 0.6776212832550861,
        "mrr_at_5": 0.6907668231611894,
        "nauc_map_at_1000_diff1": 0.3538606032876468,
        "nauc_map_at_1000_max": 0.30569293033048445,
        "nauc_map_at_1000_std": 0.05336084598734498,
        "nauc_map_at_100_diff1": 0.3539638864548362,
        "nauc_map_at_100_max": 0.3052910650189014,
        "nauc_map_at_100_std": 0.053094415110458495,
        "nauc_map_at_10_diff1": 0.36670236809047213,
        "nauc_map_at_10_max": 0.29209555278562255,
        "nauc_map_at_10_std": 0.027150365173378658,
        "nauc_map_at_1_diff1": 0.5002958094670257,
        "nauc_map_at_1_max": 0.23186362968659052,
        "nauc_map_at_1_std": -0.07863597756490925,
        "nauc_map_at_20_diff1": 0.35482695302369316,
        "nauc_map_at_20_max": 0.29979355976346383,
        "nauc_map_at_20_std": 0.045918334252931396,
        "nauc_map_at_3_diff1": 0.3936843797578524,
        "nauc_map_at_3_max": 0.25104131301314014,
        "nauc_map_at_3_std": -0.042697716050571405,
        "nauc_map_at_5_diff1": 0.3886516261861197,
        "nauc_map_at_5_max": 0.2791491859907928,
        "nauc_map_at_5_std": -0.006220989761089889,
        "nauc_mrr_at_1000_diff1": 0.26291894061688476,
        "nauc_mrr_at_1000_max": 0.4391066247779524,
        "nauc_mrr_at_1000_std": 0.16581006216156477,
        "nauc_mrr_at_100_diff1": 0.26288711136494536,
        "nauc_mrr_at_100_max": 0.4391620469458485,
        "nauc_mrr_at_100_std": 0.1658715626685403,
        "nauc_mrr_at_10_diff1": 0.26327333945185516,
        "nauc_mrr_at_10_max": 0.44341102883000105,
        "nauc_mrr_at_10_std": 0.16561645302869527,
        "nauc_mrr_at_1_diff1": 0.32704171564870577,
        "nauc_mrr_at_1_max": 0.3808335590314431,
        "nauc_mrr_at_1_std": 0.09589191598803506,
        "nauc_mrr_at_20_diff1": 0.26233626230983836,
        "nauc_mrr_at_20_max": 0.43936074098385325,
        "nauc_mrr_at_20_std": 0.16439843164683948,
        "nauc_mrr_at_3_diff1": 0.24495062088317518,
        "nauc_mrr_at_3_max": 0.43702373111006576,
        "nauc_mrr_at_3_std": 0.17206049009398258,
        "nauc_mrr_at_5_diff1": 0.25894678361787016,
        "nauc_mrr_at_5_max": 0.4448638903301484,
        "nauc_mrr_at_5_std": 0.1670169640451593,
        "nauc_ndcg_at_1000_diff1": 0.31157890959803164,
        "nauc_ndcg_at_1000_max": 0.3787818528153347,
        "nauc_ndcg_at_1000_std": 0.1378188447932894,
        "nauc_ndcg_at_100_diff1": 0.31408540427491544,
        "nauc_ndcg_at_100_max": 0.3798291424552418,
        "nauc_ndcg_at_100_std": 0.14054899933149664,
        "nauc_ndcg_at_10_diff1": 0.3340133128816092,
        "nauc_ndcg_at_10_max": 0.3530631227422352,
        "nauc_ndcg_at_10_std": 0.08413970348393185,
        "nauc_ndcg_at_1_diff1": 0.32704171564870577,
        "nauc_ndcg_at_1_max": 0.3808335590314431,
        "nauc_ndcg_at_1_std": 0.09589191598803506,
        "nauc_ndcg_at_20_diff1": 0.31345342246852975,
        "nauc_ndcg_at_20_max": 0.3609002826111666,
        "nauc_ndcg_at_20_std": 0.11523614914186356,
        "nauc_ndcg_at_3_diff1": 0.3049869785748296,
        "nauc_ndcg_at_3_max": 0.31520128443479706,
        "nauc_ndcg_at_3_std": 0.05417152725470993,
        "nauc_ndcg_at_5_diff1": 0.34478365245075243,
        "nauc_ndcg_at_5_max": 0.338438239943765,
        "nauc_ndcg_at_5_std": 0.05851861662259562,
        "nauc_precision_at_1000_diff1": -0.26629851978468416,
        "nauc_precision_at_1000_max": 0.11562956098174823,
        "nauc_precision_at_1000_std": 0.27421924351585414,
        "nauc_precision_at_100_diff1": -0.2527735638671963,
        "nauc_precision_at_100_max": 0.1365209282494595,
        "nauc_precision_at_100_std": 0.2957988594298787,
        "nauc_precision_at_10_diff1": -0.22643208215831126,
        "nauc_precision_at_10_max": 0.20607697750630086,
        "nauc_precision_at_10_std": 0.32229173147305973,
        "nauc_precision_at_1_diff1": 0.32704171564870577,
        "nauc_precision_at_1_max": 0.3808335590314431,
        "nauc_precision_at_1_std": 0.09589191598803506,
        "nauc_precision_at_20_diff1": -0.2662570792892436,
        "nauc_precision_at_20_max": 0.16827088690376713,
        "nauc_precision_at_20_std": 0.32503195274576097,
        "nauc_precision_at_3_diff1": -0.13026666909692144,
        "nauc_precision_at_3_max": 0.2600232366878702,
        "nauc_precision_at_3_std": 0.22074812382745637,
        "nauc_precision_at_5_diff1": -0.16903010461344328,
        "nauc_precision_at_5_max": 0.258303257695209,
        "nauc_precision_at_5_std": 0.2947510670253368,
        "nauc_recall_at_1000_diff1": 0.2964611316607367,
        "nauc_recall_at_1000_max": 0.6546561478690773,
        "nauc_recall_at_1000_std": 0.649403837651015,
        "nauc_recall_at_100_diff1": 0.28004258527111986,
        "nauc_recall_at_100_max": 0.45743295110839927,
        "nauc_recall_at_100_std": 0.35274895339401297,
        "nauc_recall_at_10_diff1": 0.2994792481317373,
        "nauc_recall_at_10_max": 0.3025812872802068,
        "nauc_recall_at_10_std": 0.04293106237441407,
        "nauc_recall_at_1_diff1": 0.5002958094670257,
        "nauc_recall_at_1_max": 0.23186362968659052,
        "nauc_recall_at_1_std": -0.07863597756490925,
        "nauc_recall_at_20_diff1": 0.2364476758056192,
        "nauc_recall_at_20_max": 0.30283747367825137,
        "nauc_recall_at_20_std": 0.13645724497263667,
        "nauc_recall_at_3_diff1": 0.33947285515212827,
        "nauc_recall_at_3_max": 0.22402624108514535,
        "nauc_recall_at_3_std": -0.058609048229718526,
        "nauc_recall_at_5_diff1": 0.3510054602379324,
        "nauc_recall_at_5_max": 0.27941319302455747,
        "nauc_recall_at_5_std": -0.005699858068950503,
        "ndcg_at_1": 0.58685,
        "ndcg_at_10": 0.63716,
        "ndcg_at_100": 0.6936,
        "ndcg_at_1000": 0.70286,
        "ndcg_at_20": 0.66546,
        "ndcg_at_3": 0.5878,
        "ndcg_at_5": 0.60371,
        "precision_at_1": 0.58685,
        "precision_at_10": 0.16761,
        "precision_at_100": 0.02352,
        "precision_at_1000": 0.00252,
        "precision_at_20": 0.09765,
        "precision_at_3": 0.35681,
        "precision_at_5": 0.26479,
        "recall_at_1": 0.35427,
        "recall_at_10": 0.7454,
        "recall_at_100": 0.9241,
        "recall_at_1000": 0.97746,
        "recall_at_20": 0.82278,
        "recall_at_3": 0.54536,
        "recall_at_5": 0.64111
      }
    ]
  },
  "task_name": "MIRACLRetrieval"
}