{
  "dataset_revision": "fc24a3ce8f09746410daee3d5cd823ff7a0675b7",
  "evaluation_time": 25669.12554335594,
  "kg_co2_emissions": null,
  "mteb_version": "1.20.0",
  "scores": {
    "test": [
      {
        "hf_subset": "korean",
        "languages": [
          "kor-Kore"
        ],
        "main_score": 0.55759,
        "map_at_1": 0.39509,
        "map_at_10": 0.50117,
        "map_at_100": 0.50963,
        "map_at_1000": 0.51001,
        "map_at_20": 0.50643,
        "map_at_3": 0.47037,
        "map_at_5": 0.48954,
        "mrr_at_1": 0.4251781472684085,
        "mrr_at_10": 0.5239405421709459,
        "mrr_at_100": 0.5305428352926489,
        "mrr_at_1000": 0.5308327496755653,
        "mrr_at_20": 0.5283895013787722,
        "mrr_at_3": 0.49683293745051477,
        "mrr_at_5": 0.5141726049089469,
        "nauc_map_at_1000_diff1": 0.35768639217367965,
        "nauc_map_at_1000_max": 0.3127376629580209,
        "nauc_map_at_1000_std": 0.043092776426519014,
        "nauc_map_at_100_diff1": 0.35758257680060296,
        "nauc_map_at_100_max": 0.31288275659144477,
        "nauc_map_at_100_std": 0.04331621897398727,
        "nauc_map_at_10_diff1": 0.358366707566828,
        "nauc_map_at_10_max": 0.3115301607781894,
        "nauc_map_at_10_std": 0.04119729223137315,
        "nauc_map_at_1_diff1": 0.3949573880581667,
        "nauc_map_at_1_max": 0.2941296103717735,
        "nauc_map_at_1_std": 0.01596221803523446,
        "nauc_map_at_20_diff1": 0.3565999350909673,
        "nauc_map_at_20_max": 0.31171024526967717,
        "nauc_map_at_20_std": 0.04207850136539487,
        "nauc_map_at_3_diff1": 0.37185946319709634,
        "nauc_map_at_3_max": 0.31504489843931266,
        "nauc_map_at_3_std": 0.026970161911460212,
        "nauc_map_at_5_diff1": 0.3578279526186646,
        "nauc_map_at_5_max": 0.3132459007812547,
        "nauc_map_at_5_std": 0.03693394458808769,
        "nauc_mrr_at_1000_diff1": 0.37550702514920065,
        "nauc_mrr_at_1000_max": 0.32978063926834633,
        "nauc_mrr_at_1000_std": 0.05199455641912942,
        "nauc_mrr_at_100_diff1": 0.37550262283237407,
        "nauc_mrr_at_100_max": 0.329873044791498,
        "nauc_mrr_at_100_std": 0.0521235638902929,
        "nauc_mrr_at_10_diff1": 0.37424020131037755,
        "nauc_mrr_at_10_max": 0.3286138818338544,
        "nauc_mrr_at_10_std": 0.051066433093199644,
        "nauc_mrr_at_1_diff1": 0.4192345581167409,
        "nauc_mrr_at_1_max": 0.3231101367860559,
        "nauc_mrr_at_1_std": 0.021685405644284943,
        "nauc_mrr_at_20_diff1": 0.3743936968494584,
        "nauc_mrr_at_20_max": 0.32916353278399135,
        "nauc_mrr_at_20_std": 0.05203860723902159,
        "nauc_mrr_at_3_diff1": 0.3847302816551476,
        "nauc_mrr_at_3_max": 0.3347963090797576,
        "nauc_mrr_at_3_std": 0.04498844178608618,
        "nauc_mrr_at_5_diff1": 0.3718607744339898,
        "nauc_mrr_at_5_max": 0.32809428903031135,
        "nauc_mrr_at_5_std": 0.05023093673209267,
        "nauc_ndcg_at_1000_diff1": 0.35232958746898174,
        "nauc_ndcg_at_1000_max": 0.3267938788741968,
        "nauc_ndcg_at_1000_std": 0.07049668808261762,
        "nauc_ndcg_at_100_diff1": 0.34657357607202904,
        "nauc_ndcg_at_100_max": 0.3262411105412631,
        "nauc_ndcg_at_100_std": 0.07721461181768907,
        "nauc_ndcg_at_10_diff1": 0.3420391143687474,
        "nauc_ndcg_at_10_max": 0.3163522985059599,
        "nauc_ndcg_at_10_std": 0.06318839209229431,
        "nauc_ndcg_at_1_diff1": 0.4192345581167409,
        "nauc_ndcg_at_1_max": 0.3231101367860559,
        "nauc_ndcg_at_1_std": 0.021685405644284943,
        "nauc_ndcg_at_20_diff1": 0.3385432035839586,
        "nauc_ndcg_at_20_max": 0.3184889703424418,
        "nauc_ndcg_at_20_std": 0.06815622662433982,
        "nauc_ndcg_at_3_diff1": 0.36622986860695933,
        "nauc_ndcg_at_3_max": 0.32554490444430517,
        "nauc_ndcg_at_3_std": 0.040110507562312735,
        "nauc_ndcg_at_5_diff1": 0.3398974842672672,
        "nauc_ndcg_at_5_max": 0.31829697901112036,
        "nauc_ndcg_at_5_std": 0.05499807904087406,
        "nauc_precision_at_1000_diff1": 0.026143237232001355,
        "nauc_precision_at_1000_max": 0.11022017814202459,
        "nauc_precision_at_1000_std": 0.12788466185750233,
        "nauc_precision_at_100_diff1": 0.05807266851074599,
        "nauc_precision_at_100_max": 0.17341475160832712,
        "nauc_precision_at_100_std": 0.19119373356730543,
        "nauc_precision_at_10_diff1": 0.18924741747564552,
        "nauc_precision_at_10_max": 0.25807631150353,
        "nauc_precision_at_10_std": 0.13675581065614384,
        "nauc_precision_at_1_diff1": 0.4192345581167409,
        "nauc_precision_at_1_max": 0.3231101367860559,
        "nauc_precision_at_1_std": 0.021685405644284943,
        "nauc_precision_at_20_diff1": 0.11656462987214906,
        "nauc_precision_at_20_max": 0.22302218143130395,
        "nauc_precision_at_20_std": 0.14814699825400385,
        "nauc_precision_at_3_diff1": 0.32207915108527485,
        "nauc_precision_at_3_max": 0.34216083411170406,
        "nauc_precision_at_3_std": 0.06928379184934734,
        "nauc_precision_at_5_diff1": 0.22531763594715176,
        "nauc_precision_at_5_max": 0.3100051074487403,
        "nauc_precision_at_5_std": 0.10760600326457498,
        "nauc_recall_at_1000_diff1": 0.3934047833765424,
        "nauc_recall_at_1000_max": 0.6125500319319205,
        "nauc_recall_at_1000_std": 0.4713280539660798,
        "nauc_recall_at_100_diff1": 0.25321522083323295,
        "nauc_recall_at_100_max": 0.4060827868852693,
        "nauc_recall_at_100_std": 0.34986498161422214,
        "nauc_recall_at_10_diff1": 0.25080737050315377,
        "nauc_recall_at_10_max": 0.3019992812742259,
        "nauc_recall_at_10_std": 0.13096854230053764,
        "nauc_recall_at_1_diff1": 0.3949573880581667,
        "nauc_recall_at_1_max": 0.2941296103717735,
        "nauc_recall_at_1_std": 0.01596221803523446,
        "nauc_recall_at_20_diff1": 0.22151949169256163,
        "nauc_recall_at_20_max": 0.31584000828616215,
        "nauc_recall_at_20_std": 0.17824486465526673,
        "nauc_recall_at_3_diff1": 0.3333329644687242,
        "nauc_recall_at_3_max": 0.33303649355475684,
        "nauc_recall_at_3_std": 0.060408299659899106,
        "nauc_recall_at_5_diff1": 0.2568414426238719,
        "nauc_recall_at_5_max": 0.3069180984271601,
        "nauc_recall_at_5_std": 0.09745113228464206,
        "ndcg_at_1": 0.42518,
        "ndcg_at_10": 0.55759,
        "ndcg_at_100": 0.59498,
        "ndcg_at_1000": 0.60508,
        "ndcg_at_20": 0.57564,
        "ndcg_at_3": 0.49833,
        "ndcg_at_5": 0.53163,
        "precision_at_1": 0.42518,
        "precision_at_10": 0.08005,
        "precision_at_100": 0.01017,
        "precision_at_1000": 0.00111,
        "precision_at_20": 0.04454,
        "precision_at_3": 0.20348,
        "precision_at_5": 0.14109,
        "recall_at_1": 0.39509,
        "recall_at_10": 0.70823,
        "recall_at_100": 0.87173,
        "recall_at_1000": 0.95012,
        "recall_at_20": 0.77553,
        "recall_at_3": 0.55384,
        "recall_at_5": 0.63222
      }
    ]
  },
  "task_name": "MrTidyRetrieval"
}