{
  "dataset_revision": "d67138e705d963e346253a80e59676ddb418810a",
  "task_name": "MultiLongDocRetrieval",
  "mteb_version": "1.31.1",
  "scores": {
    "dev": [
      {
        "ndcg_at_1": 0.19,
        "ndcg_at_3": 0.27625,
        "ndcg_at_5": 0.29044,
        "ndcg_at_10": 0.30183,
        "ndcg_at_20": 0.32443,
        "ndcg_at_100": 0.35985,
        "ndcg_at_1000": 0.38364,
        "map_at_1": 0.19,
        "map_at_3": 0.25583,
        "map_at_5": 0.26358,
        "map_at_10": 0.26831,
        "map_at_20": 0.27445,
        "map_at_100": 0.27945,
        "map_at_1000": 0.28021,
        "recall_at_1": 0.19,
        "recall_at_3": 0.335,
        "recall_at_5": 0.37,
        "recall_at_10": 0.405,
        "recall_at_20": 0.495,
        "recall_at_100": 0.685,
        "recall_at_1000": 0.88,
        "precision_at_1": 0.19,
        "precision_at_3": 0.11167,
        "precision_at_5": 0.074,
        "precision_at_10": 0.0405,
        "precision_at_20": 0.02475,
        "precision_at_100": 0.00685,
        "precision_at_1000": 0.00088,
        "mrr_at_1": 0.19,
        "mrr_at_3": 0.255833,
        "mrr_at_5": 0.263583,
        "mrr_at_10": 0.26831,
        "mrr_at_20": 0.274447,
        "mrr_at_100": 0.279451,
        "mrr_at_1000": 0.280214,
        "nauc_ndcg_at_1_max": 0.356557,
        "nauc_ndcg_at_1_std": -0.140055,
        "nauc_ndcg_at_1_diff1": 0.521194,
        "nauc_ndcg_at_3_max": 0.34846,
        "nauc_ndcg_at_3_std": -0.111252,
        "nauc_ndcg_at_3_diff1": 0.390912,
        "nauc_ndcg_at_5_max": 0.370947,
        "nauc_ndcg_at_5_std": -0.089792,
        "nauc_ndcg_at_5_diff1": 0.406344,
        "nauc_ndcg_at_10_max": 0.369419,
        "nauc_ndcg_at_10_std": -0.071354,
        "nauc_ndcg_at_10_diff1": 0.388545,
        "nauc_ndcg_at_20_max": 0.360387,
        "nauc_ndcg_at_20_std": -0.048515,
        "nauc_ndcg_at_20_diff1": 0.374643,
        "nauc_ndcg_at_100_max": 0.354017,
        "nauc_ndcg_at_100_std": -0.034716,
        "nauc_ndcg_at_100_diff1": 0.366085,
        "nauc_ndcg_at_1000_max": 0.35988,
        "nauc_ndcg_at_1000_std": -0.034971,
        "nauc_ndcg_at_1000_diff1": 0.374575,
        "nauc_map_at_1_max": 0.356557,
        "nauc_map_at_1_std": -0.140055,
        "nauc_map_at_1_diff1": 0.521194,
        "nauc_map_at_3_max": 0.349261,
        "nauc_map_at_3_std": -0.118134,
        "nauc_map_at_3_diff1": 0.414835,
        "nauc_map_at_5_max": 0.362037,
        "nauc_map_at_5_std": -0.106372,
        "nauc_map_at_5_diff1": 0.424105,
        "nauc_map_at_10_max": 0.361281,
        "nauc_map_at_10_std": -0.097962,
        "nauc_map_at_10_diff1": 0.416321,
        "nauc_map_at_20_max": 0.358963,
        "nauc_map_at_20_std": -0.091448,
        "nauc_map_at_20_diff1": 0.413271,
        "nauc_map_at_100_max": 0.358612,
        "nauc_map_at_100_std": -0.089486,
        "nauc_map_at_100_diff1": 0.413128,
        "nauc_map_at_1000_max": 0.358615,
        "nauc_map_at_1000_std": -0.089617,
        "nauc_map_at_1000_diff1": 0.413575,
        "nauc_recall_at_1_max": 0.356557,
        "nauc_recall_at_1_std": -0.140055,
        "nauc_recall_at_1_diff1": 0.521194,
        "nauc_recall_at_3_max": 0.346745,
        "nauc_recall_at_3_std": -0.093294,
        "nauc_recall_at_3_diff1": 0.330867,
        "nauc_recall_at_5_max": 0.396989,
        "nauc_recall_at_5_std": -0.043987,
        "nauc_recall_at_5_diff1": 0.364147,
        "nauc_recall_at_10_max": 0.392883,
        "nauc_recall_at_10_std": 0.004539,
        "nauc_recall_at_10_diff1": 0.315486,
        "nauc_recall_at_20_max": 0.358945,
        "nauc_recall_at_20_std": 0.08969,
        "nauc_recall_at_20_diff1": 0.256666,
        "nauc_recall_at_100_max": 0.311971,
        "nauc_recall_at_100_std": 0.215935,
        "nauc_recall_at_100_diff1": 0.155043,
        "nauc_recall_at_1000_max": 0.398147,
        "nauc_recall_at_1000_std": 0.525135,
        "nauc_recall_at_1000_diff1": 0.040228,
        "nauc_precision_at_1_max": 0.356557,
        "nauc_precision_at_1_std": -0.140055,
        "nauc_precision_at_1_diff1": 0.521194,
        "nauc_precision_at_3_max": 0.346745,
        "nauc_precision_at_3_std": -0.093294,
        "nauc_precision_at_3_diff1": 0.330867,
        "nauc_precision_at_5_max": 0.396989,
        "nauc_precision_at_5_std": -0.043987,
        "nauc_precision_at_5_diff1": 0.364147,
        "nauc_precision_at_10_max": 0.392883,
        "nauc_precision_at_10_std": 0.004539,
        "nauc_precision_at_10_diff1": 0.315486,
        "nauc_precision_at_20_max": 0.358945,
        "nauc_precision_at_20_std": 0.08969,
        "nauc_precision_at_20_diff1": 0.256666,
        "nauc_precision_at_100_max": 0.311971,
        "nauc_precision_at_100_std": 0.215935,
        "nauc_precision_at_100_diff1": 0.155043,
        "nauc_precision_at_1000_max": 0.398147,
        "nauc_precision_at_1000_std": 0.525135,
        "nauc_precision_at_1000_diff1": 0.040228,
        "nauc_mrr_at_1_max": 0.356557,
        "nauc_mrr_at_1_std": -0.140055,
        "nauc_mrr_at_1_diff1": 0.521194,
        "nauc_mrr_at_3_max": 0.349261,
        "nauc_mrr_at_3_std": -0.118134,
        "nauc_mrr_at_3_diff1": 0.414835,
        "nauc_mrr_at_5_max": 0.362037,
        "nauc_mrr_at_5_std": -0.106372,
        "nauc_mrr_at_5_diff1": 0.424105,
        "nauc_mrr_at_10_max": 0.361281,
        "nauc_mrr_at_10_std": -0.097962,
        "nauc_mrr_at_10_diff1": 0.416321,
        "nauc_mrr_at_20_max": 0.358963,
        "nauc_mrr_at_20_std": -0.091448,
        "nauc_mrr_at_20_diff1": 0.413271,
        "nauc_mrr_at_100_max": 0.358612,
        "nauc_mrr_at_100_std": -0.089486,
        "nauc_mrr_at_100_diff1": 0.413128,
        "nauc_mrr_at_1000_max": 0.358615,
        "nauc_mrr_at_1000_std": -0.089617,
        "nauc_mrr_at_1000_diff1": 0.413575,
        "main_score": 0.30183,
        "hf_subset": "ko",
        "languages": [
          "kor-Hang"
        ]
      }
    ],
    "test": [
      {
        "ndcg_at_1": 0.235,
        "ndcg_at_3": 0.28339,
        "ndcg_at_5": 0.30576,
        "ndcg_at_10": 0.32148,
        "ndcg_at_20": 0.3317,
        "ndcg_at_100": 0.36217,
        "ndcg_at_1000": 0.38921,
        "map_at_1": 0.235,
        "map_at_3": 0.27083,
        "map_at_5": 0.28308,
        "map_at_10": 0.28932,
        "map_at_20": 0.29218,
        "map_at_100": 0.29632,
        "map_at_1000": 0.29713,
        "recall_at_1": 0.235,
        "recall_at_3": 0.32,
        "recall_at_5": 0.375,
        "recall_at_10": 0.425,
        "recall_at_20": 0.465,
        "recall_at_100": 0.63,
        "recall_at_1000": 0.855,
        "precision_at_1": 0.235,
        "precision_at_3": 0.10667,
        "precision_at_5": 0.075,
        "precision_at_10": 0.0425,
        "precision_at_20": 0.02325,
        "precision_at_100": 0.0063,
        "precision_at_1000": 0.00086,
        "mrr_at_1": 0.235,
        "mrr_at_3": 0.270833,
        "mrr_at_5": 0.283083,
        "mrr_at_10": 0.289319,
        "mrr_at_20": 0.292177,
        "mrr_at_100": 0.296321,
        "mrr_at_1000": 0.297129,
        "nauc_ndcg_at_1_max": 0.399572,
        "nauc_ndcg_at_1_std": -0.04751,
        "nauc_ndcg_at_1_diff1": 0.571296,
        "nauc_ndcg_at_3_max": 0.348689,
        "nauc_ndcg_at_3_std": -0.049278,
        "nauc_ndcg_at_3_diff1": 0.495924,
        "nauc_ndcg_at_5_max": 0.361066,
        "nauc_ndcg_at_5_std": -0.013,
        "nauc_ndcg_at_5_diff1": 0.488505,
        "nauc_ndcg_at_10_max": 0.351691,
        "nauc_ndcg_at_10_std": -0.012677,
        "nauc_ndcg_at_10_diff1": 0.46794,
        "nauc_ndcg_at_20_max": 0.366897,
        "nauc_ndcg_at_20_std": 0.004533,
        "nauc_ndcg_at_20_diff1": 0.480619,
        "nauc_ndcg_at_100_max": 0.368354,
        "nauc_ndcg_at_100_std": 0.030455,
        "nauc_ndcg_at_100_diff1": 0.469376,
        "nauc_ndcg_at_1000_max": 0.377323,
        "nauc_ndcg_at_1000_std": 0.034406,
        "nauc_ndcg_at_1000_diff1": 0.479802,
        "nauc_map_at_1_max": 0.399572,
        "nauc_map_at_1_std": -0.04751,