{
  "dataset_revision": "d67138e705d963e346253a80e59676ddb418810a",
  "evaluation_time": 18277.223182439804,
  "kg_co2_emissions": null,
  "mteb_version": "1.20.0",
  "scores": {
    "dev": [
      {
        "hf_subset": "ko",
        "languages": [
          "kor-Hang"
        ],
        "main_score": 0.30512,
        "map_at_1": 0.195,
        "map_at_10": 0.27131,
        "map_at_100": 0.28206,
        "map_at_1000": 0.28283,
        "map_at_20": 0.27705,
        "map_at_3": 0.25833,
        "map_at_5": 0.26608,
        "mrr_at_1": 0.195,
        "mrr_at_10": 0.2713095238095238,
        "mrr_at_100": 0.2820597065294532,
        "mrr_at_1000": 0.282825812851299,
        "mrr_at_20": 0.27705249274289523,
        "mrr_at_3": 0.2583333333333333,
        "mrr_at_5": 0.2660833333333333,
        "nauc_map_at_1000_diff1": 0.3987585414361193,
        "nauc_map_at_1000_max": 0.3473662893880687,
        "nauc_map_at_1000_std": -0.09380515261794065,
        "nauc_map_at_100_diff1": 0.3982652612420423,
        "nauc_map_at_100_max": 0.34728774894924935,
        "nauc_map_at_100_std": -0.09367496734064513,
        "nauc_map_at_10_diff1": 0.4012067329787962,
        "nauc_map_at_10_max": 0.35114595841736845,
        "nauc_map_at_10_std": -0.09965138320034828,
        "nauc_map_at_1_diff1": 0.4858458319949265,
        "nauc_map_at_1_max": 0.3316695905710263,
        "nauc_map_at_1_std": -0.15254544406282694,
        "nauc_map_at_20_diff1": 0.3985792389914664,
        "nauc_map_at_20_max": 0.34785847989247876,
        "nauc_map_at_20_std": -0.09555232301049926,
        "nauc_map_at_3_diff1": 0.3993831796412346,
        "nauc_map_at_3_max": 0.33816652918508316,
        "nauc_map_at_3_std": -0.12238405377787065,
        "nauc_map_at_5_diff1": 0.4093754976901047,
        "nauc_map_at_5_max": 0.3508738074287637,
        "nauc_map_at_5_std": -0.11071043205048879,
        "nauc_mrr_at_1000_diff1": 0.3987585414361193,
        "nauc_mrr_at_1000_max": 0.3473662893880687,
        "nauc_mrr_at_1000_std": -0.09380515261794065,
        "nauc_mrr_at_100_diff1": 0.3982652612420423,
        "nauc_mrr_at_100_max": 0.34728774894924935,
        "nauc_mrr_at_100_std": -0.09367496734064513,
        "nauc_mrr_at_10_diff1": 0.4012067329787962,
        "nauc_mrr_at_10_max": 0.35114595841736845,
        "nauc_mrr_at_10_std": -0.09965138320034828,
        "nauc_mrr_at_1_diff1": 0.4858458319949265,
        "nauc_mrr_at_1_max": 0.3316695905710263,
        "nauc_mrr_at_1_std": -0.15254544406282694,
        "nauc_mrr_at_20_diff1": 0.3985792389914664,
        "nauc_mrr_at_20_max": 0.34785847989247876,
        "nauc_mrr_at_20_std": -0.09555232301049926,
        "nauc_mrr_at_3_diff1": 0.3993831796412346,
        "nauc_mrr_at_3_max": 0.33816652918508316,
        "nauc_mrr_at_3_std": -0.12238405377787065,
        "nauc_mrr_at_5_diff1": 0.4093754976901047,
        "nauc_mrr_at_5_max": 0.3508738074287637,
        "nauc_mrr_at_5_std": -0.11071043205048879,
        "nauc_ndcg_at_1000_diff1": 0.36310659576315085,
        "nauc_ndcg_at_1000_max": 0.35153095780592464,
        "nauc_ndcg_at_1000_std": -0.037921327018792604,
        "nauc_ndcg_at_100_diff1": 0.35398837871625544,
        "nauc_ndcg_at_100_max": 0.3444722430366631,
        "nauc_ndcg_at_100_std": -0.03749615779295948,
        "nauc_ndcg_at_10_diff1": 0.3775534480968359,
        "nauc_ndcg_at_10_max": 0.36469609198907116,
        "nauc_ndcg_at_10_std": -0.06592871290792952,
        "nauc_ndcg_at_1_diff1": 0.4858458319949265,
        "nauc_ndcg_at_1_max": 0.3316695905710263,
        "nauc_ndcg_at_1_std": -0.15254544406282694,
        "nauc_ndcg_at_20_diff1": 0.3644847342354063,
        "nauc_ndcg_at_20_max": 0.3530827407169127,
        "nauc_ndcg_at_20_std": -0.05043897349253442,
        "nauc_ndcg_at_3_diff1": 0.3797573603059863,
        "nauc_ndcg_at_3_max": 0.3405088627197903,
        "nauc_ndcg_at_3_std": -0.11319623713123547,
        "nauc_ndcg_at_5_diff1": 0.39656109885163643,
        "nauc_ndcg_at_5_max": 0.3629088460780966,
        "nauc_ndcg_at_5_std": -0.09186138574375118,
        "nauc_precision_at_1000_diff1": 0.03953229398663588,
        "nauc_precision_at_1000_max": 0.4081689468660505,
        "nauc_precision_at_1000_std": 0.5251352211263127,
        "nauc_precision_at_100_diff1": 0.14331346383780955,
        "nauc_precision_at_100_max": 0.3019261483142932,
        "nauc_precision_at_100_std": 0.21624003979717482,
        "nauc_precision_at_10_diff1": 0.3135551623028535,
        "nauc_precision_at_10_max": 0.4040585401139285,
        "nauc_precision_at_10_std": 0.032686619218001235,
        "nauc_precision_at_1_diff1": 0.4858458319949265,
        "nauc_precision_at_1_max": 0.3316695905710263,
        "nauc_precision_at_1_std": -0.15254544406282694,
        "nauc_precision_at_20_diff1": 0.25659903034656145,
        "nauc_precision_at_20_max": 0.3622965756203322,
        "nauc_precision_at_20_std": 0.09387947832911026,
        "nauc_precision_at_3_diff1": 0.330077230076566,
        "nauc_precision_at_3_max": 0.34674511418496706,
        "nauc_precision_at_3_std": -0.08911009436280216,
        "nauc_precision_at_5_diff1": 0.3666605727418748,
        "nauc_precision_at_5_max": 0.3969887305919381,
        "nauc_precision_at_5_std": -0.039873855756800025,
        "nauc_recall_at_1000_diff1": 0.03953229398663671,
        "nauc_recall_at_1000_max": 0.4081689468660511,
        "nauc_recall_at_1000_std": 0.5251352211263131,
        "nauc_recall_at_100_diff1": 0.1433134638378088,
        "nauc_recall_at_100_max": 0.3019261483142927,
        "nauc_recall_at_100_std": 0.2162400397971738,
        "nauc_recall_at_10_diff1": 0.31355516230285324,
        "nauc_recall_at_10_max": 0.40405854011392833,
        "nauc_recall_at_10_std": 0.03268661921800123,
        "nauc_recall_at_1_diff1": 0.4858458319949265,
        "nauc_recall_at_1_max": 0.3316695905710263,
        "nauc_recall_at_1_std": -0.15254544406282694,
        "nauc_recall_at_20_diff1": 0.2565990303465613,
        "nauc_recall_at_20_max": 0.36229657562033213,
        "nauc_recall_at_20_std": 0.09387947832911028,
        "nauc_recall_at_3_diff1": 0.330077230076566,
        "nauc_recall_at_3_max": 0.34674511418496695,
        "nauc_recall_at_3_std": -0.0891100943628021,
        "nauc_recall_at_5_diff1": 0.36666057274187436,
        "nauc_recall_at_5_max": 0.39698873059193784,
        "nauc_recall_at_5_std": -0.03987385575680014,
        "ndcg_at_1": 0.195,
        "ndcg_at_10": 0.30512,
        "ndcg_at_100": 0.36182,
        "ndcg_at_1000": 0.38562,
        "ndcg_at_20": 0.3264,
        "ndcg_at_3": 0.27809,
        "ndcg_at_5": 0.29229,
        "precision_at_1": 0.195,
        "precision_at_10": 0.041,
        "precision_at_100": 0.00685,
        "precision_at_1000": 0.00088,
        "precision_at_20": 0.02475,
        "precision_at_3": 0.11167,
        "precision_at_5": 0.074,
        "recall_at_1": 0.195,
        "recall_at_10": 0.41,
        "recall_at_100": 0.685,
        "recall_at_1000": 0.88,
        "recall_at_20": 0.495,
        "recall_at_3": 0.335,
        "recall_at_5": 0.37
      }
    ],
    "test": [
      {
        "hf_subset": "ko",
        "languages": [
          "kor-Hang"
        ],
        "main_score": 0.32286,
        "map_at_1": 0.235,
        "map_at_10": 0.28976,
        "map_at_100": 0.29636,
        "map_at_1000": 0.29717,
        "map_at_20": 0.29224,
        "map_at_3": 0.27083,
        "map_at_5": 0.28308,
        "mrr_at_1": 0.235,
        "mrr_at_10": 0.289763888888889,
        "mrr_at_100": 0.29636360098283915,
        "mrr_at_1000": 0.29716967927805255,
        "mrr_at_20": 0.2922370448179273,
        "mrr_at_3": 0.27083333333333337,
        "mrr_at_5": 0.28308333333333335,
        "nauc_map_at_1000_diff1": 0.49987230321102,
        "nauc_map_at_1000_max": 0.37241054403503265,
        "nauc_map_at_1000_std": -0.014615828090165943,
        "nauc_map_at_100_diff1": 0.4999165899809139,
        "nauc_map_at_100_max": 0.37225331598738776,