{
  "dataset_revision": "main",
  "evaluation_time": 2.920142412185669,
  "kg_co2_emissions": null,
  "mteb_version": "1.20.0",
  "scores": {
    "test": [
      {
        "hf_subset": "korean",
        "languages": [
          "kor-Hang"
        ],
        "main_score": 0.83059,
        "map_at_1": 0.72727,
        "map_at_10": 0.79388,
        "map_at_100": 0.79692,
        "map_at_1000": 0.79692,
        "map_at_20": 0.79649,
        "map_at_3": 0.77273,
        "map_at_5": 0.78571,
        "mrr_at_1": 0.7272727272727273,
        "mrr_at_10": 0.7938775510204082,
        "mrr_at_100": 0.7969205864163847,
        "mrr_at_1000": 0.7969205864163847,
        "mrr_at_20": 0.7964876859834844,
        "mrr_at_3": 0.7727272727272728,
        "mrr_at_5": 0.7857142857142858,
        "nauc_map_at_1000_diff1": 0.7711878770997442,
        "nauc_map_at_1000_max": 0.4194451984915928,
        "nauc_map_at_1000_std": -0.12084263394274973,
        "nauc_map_at_100_diff1": 0.7711878770997442,
        "nauc_map_at_100_max": 0.4194451984915928,
        "nauc_map_at_100_std": -0.12084263394274973,
        "nauc_map_at_10_diff1": 0.7731327921140855,
        "nauc_map_at_10_max": 0.4149630080279758,
        "nauc_map_at_10_std": -0.11395438175046349,
        "nauc_map_at_1_diff1": 0.7684401693767324,
        "nauc_map_at_1_max": 0.41777799933942383,
        "nauc_map_at_1_std": -0.11502937969975355,
        "nauc_map_at_20_diff1": 0.7706768155924971,
        "nauc_map_at_20_max": 0.42081663944031555,
        "nauc_map_at_20_std": -0.11924645739568039,
        "nauc_map_at_3_diff1": 0.7705914898088022,
        "nauc_map_at_3_max": 0.4117800788620658,
        "nauc_map_at_3_std": -0.14835870908303095,
        "nauc_map_at_5_diff1": 0.7784917987924511,
        "nauc_map_at_5_max": 0.4193041458114639,
        "nauc_map_at_5_std": -0.14401255779763072,
        "nauc_mrr_at_1000_diff1": 0.7711878770997442,
        "nauc_mrr_at_1000_max": 0.4194451984915928,
        "nauc_mrr_at_1000_std": -0.12084263394274973,
        "nauc_mrr_at_100_diff1": 0.7711878770997442,
        "nauc_mrr_at_100_max": 0.4194451984915928,
        "nauc_mrr_at_100_std": -0.12084263394274973,
        "nauc_mrr_at_10_diff1": 0.7731327921140855,
        "nauc_mrr_at_10_max": 0.4149630080279758,
        "nauc_mrr_at_10_std": -0.11395438175046349,
        "nauc_mrr_at_1_diff1": 0.7684401693767324,
        "nauc_mrr_at_1_max": 0.41777799933942383,
        "nauc_mrr_at_1_std": -0.11502937969975355,
        "nauc_mrr_at_20_diff1": 0.7706768155924971,
        "nauc_mrr_at_20_max": 0.42081663944031555,
        "nauc_mrr_at_20_std": -0.11924645739568039,
        "nauc_mrr_at_3_diff1": 0.7705914898088022,
        "nauc_mrr_at_3_max": 0.4117800788620658,
        "nauc_mrr_at_3_std": -0.14835870908303095,
        "nauc_mrr_at_5_diff1": 0.7784917987924511,
        "nauc_mrr_at_5_max": 0.4193041458114639,
        "nauc_mrr_at_5_std": -0.14401255779763072,
        "nauc_ndcg_at_1000_diff1": 0.77360058189681,
        "nauc_ndcg_at_1000_max": 0.4194356326749995,
        "nauc_ndcg_at_1000_std": -0.11839678586793939,
        "nauc_ndcg_at_100_diff1": 0.77360058189681,
        "nauc_ndcg_at_100_max": 0.4194356326749995,
        "nauc_ndcg_at_100_std": -0.11839678586793939,
        "nauc_ndcg_at_10_diff1": 0.7811901296021619,
        "nauc_ndcg_at_10_max": 0.40235956792512756,
        "nauc_ndcg_at_10_std": -0.08244172952345144,
        "nauc_ndcg_at_1_diff1": 0.7684401693767324,
        "nauc_ndcg_at_1_max": 0.41777799933942383,
        "nauc_ndcg_at_1_std": -0.11502937969975355,
        "nauc_ndcg_at_20_diff1": 0.7696320195793978,
        "nauc_ndcg_at_20_max": 0.4299680418339879,
        "nauc_ndcg_at_20_std": -0.10618302323604849,
        "nauc_ndcg_at_3_diff1": 0.7798864907322665,
        "nauc_ndcg_at_3_max": 0.40461393835085435,
        "nauc_ndcg_at_3_std": -0.17216329739386393,
        "nauc_ndcg_at_5_diff1": 0.7960670192269287,
        "nauc_ndcg_at_5_max": 0.4182363168980118,
        "nauc_ndcg_at_5_std": -0.16648908400791346,
        "nauc_precision_at_1000_diff1": NaN,
        "nauc_precision_at_1000_max": NaN,
        "nauc_precision_at_1000_std": NaN,
        "nauc_precision_at_100_diff1": 1.0,
        "nauc_precision_at_100_max": 1.0,
        "nauc_precision_at_100_std": 1.0,
        "nauc_precision_at_10_diff1": 0.8558898391832962,
        "nauc_precision_at_10_max": 0.24031819702144644,
        "nauc_precision_at_10_std": 0.3456539015073844,
        "nauc_precision_at_1_diff1": 0.7684401693767324,
        "nauc_precision_at_1_max": 0.41777799933942383,
        "nauc_precision_at_1_std": -0.11502937969975355,
        "nauc_precision_at_20_diff1": 0.5548466542608996,
        "nauc_precision_at_20_max": 1.0,
        "nauc_precision_at_20_std": 0.5548466542608996,
        "nauc_precision_at_3_diff1": 0.8174093269102958,
        "nauc_precision_at_3_max": 0.3763299073053593,
        "nauc_precision_at_3_std": -0.2641254997849845,
        "nauc_precision_at_5_diff1": 0.8889212754660993,
        "nauc_precision_at_5_max": 0.4130763535290174,
        "nauc_precision_at_5_std": -0.2802349509686518,
        "nauc_recall_at_1000_diff1": NaN,
        "nauc_recall_at_1000_max": NaN,
        "nauc_recall_at_1000_std": NaN,
        "nauc_recall_at_100_diff1": NaN,
        "nauc_recall_at_100_max": NaN,
        "nauc_recall_at_100_std": NaN,
        "nauc_recall_at_10_diff1": 0.855889839183298,
        "nauc_recall_at_10_max": 0.24031819702144214,
        "nauc_recall_at_10_std": 0.3456539015073782,
        "nauc_recall_at_1_diff1": 0.7684401693767324,
        "nauc_recall_at_1_max": 0.41777799933942383,
        "nauc_recall_at_1_std": -0.11502937969975355,
        "nauc_recall_at_20_diff1": 0.5548466542608921,
        "nauc_recall_at_20_max": 1.0,
        "nauc_recall_at_20_std": 0.5548466542608921,
        "nauc_recall_at_3_diff1": 0.8174093269102954,
        "nauc_recall_at_3_max": 0.3763299073053579,
        "nauc_recall_at_3_std": -0.264125499784987,
        "nauc_recall_at_5_diff1": 0.8889212754660999,
        "nauc_recall_at_5_max": 0.4130763535290157,
        "nauc_recall_at_5_std": -0.28023495096865575,
        "ndcg_at_1": 0.72727,
        "ndcg_at_10": 0.83059,
        "ndcg_at_100": 0.84295,
        "ndcg_at_1000": 0.84295,
        "ndcg_at_20": 0.84033,
        "ndcg_at_3": 0.78772,
        "ndcg_at_5": 0.8101,
        "precision_at_1": 0.72727,
        "precision_at_10": 0.09481,
        "precision_at_100": 0.01,
        "precision_at_1000": 0.001,
        "precision_at_20": 0.04935,
        "precision_at_3": 0.27706,
        "precision_at_5": 0.17662,
        "recall_at_1": 0.72727,
        "recall_at_10": 0.94805,
        "recall_at_100": 1.0,
        "recall_at_1000": 1.0,
        "recall_at_20": 0.98701,
        "recall_at_3": 0.83117,
        "recall_at_5": 0.88312
      }
    ]
  },
  "task_name": "PublicHealthQA"
}