{
  "dataset_revision": "main",
  "task_name": "PublicHealthQA",
  "mteb_version": "1.31.1",
  "scores": {
    "test": [
      {
        "ndcg_at_1": 0.72727,
        "ndcg_at_3": 0.78772,
        "ndcg_at_5": 0.8101,
        "ndcg_at_10": 0.83051,
        "ndcg_at_20": 0.84025,
        "ndcg_at_100": 0.8429,
        "ndcg_at_1000": 0.8429,
        "map_at_1": 0.72727,
        "map_at_3": 0.77273,
        "map_at_5": 0.78571,
        "map_at_10": 0.79379,
        "map_at_20": 0.7964,
        "map_at_100": 0.79685,
        "map_at_1000": 0.79685,
        "recall_at_1": 0.72727,
        "recall_at_3": 0.83117,
        "recall_at_5": 0.88312,
        "recall_at_10": 0.94805,
        "recall_at_20": 0.98701,
        "recall_at_100": 1.0,
        "recall_at_1000": 1.0,
        "precision_at_1": 0.72727,
        "precision_at_3": 0.27706,
        "precision_at_5": 0.17662,
        "precision_at_10": 0.09481,
        "precision_at_20": 0.04935,
        "precision_at_100": 0.01,
        "precision_at_1000": 0.001,
        "mrr_at_1": 0.727273,
        "mrr_at_3": 0.772727,
        "mrr_at_5": 0.785714,
        "mrr_at_10": 0.79379,
        "mrr_at_20": 0.7964,
        "mrr_at_100": 0.796848,
        "mrr_at_1000": 0.796848,
        "nauc_ndcg_at_1_max": 0.417778,
        "nauc_ndcg_at_1_std": -0.115029,
        "nauc_ndcg_at_1_diff1": 0.757747,
        "nauc_ndcg_at_3_max": 0.404614,
        "nauc_ndcg_at_3_std": -0.172163,
        "nauc_ndcg_at_3_diff1": 0.775011,
        "nauc_ndcg_at_5_max": 0.418236,
        "nauc_ndcg_at_5_std": -0.166489,
        "nauc_ndcg_at_5_diff1": 0.790647,
        "nauc_ndcg_at_10_max": 0.402519,
        "nauc_ndcg_at_10_std": -0.083831,
        "nauc_ndcg_at_10_diff1": 0.774984,
        "nauc_ndcg_at_20_max": 0.430123,
        "nauc_ndcg_at_20_std": -0.107653,
        "nauc_ndcg_at_20_diff1": 0.763015,
        "nauc_ndcg_at_100_max": 0.419496,
        "nauc_ndcg_at_100_std": -0.120007,
        "nauc_ndcg_at_100_diff1": 0.766896,
        "nauc_ndcg_at_1000_max": 0.419496,
        "nauc_ndcg_at_1000_std": -0.120007,
        "nauc_ndcg_at_1000_diff1": 0.766896,
        "nauc_map_at_1_max": 0.417778,
        "nauc_map_at_1_std": -0.115029,
        "nauc_map_at_1_diff1": 0.757747,
        "nauc_map_at_3_max": 0.41178,
        "nauc_map_at_3_std": -0.148359,
        "nauc_map_at_3_diff1": 0.764356,
        "nauc_map_at_5_max": 0.419304,
        "nauc_map_at_5_std": -0.144013,
        "nauc_map_at_5_diff1": 0.771893,
        "nauc_map_at_10_max": 0.415108,
        "nauc_map_at_10_std": -0.115155,
        "nauc_map_at_10_diff1": 0.766199,
        "nauc_map_at_20_max": 0.420961,
        "nauc_map_at_20_std": -0.120462,
        "nauc_map_at_20_diff1": 0.763646,
        "nauc_map_at_100_max": 0.419543,
        "nauc_map_at_100_std": -0.122116,
        "nauc_map_at_100_diff1": 0.764157,
        "nauc_map_at_1000_max": 0.419543,
        "nauc_map_at_1000_std": -0.122116,
        "nauc_map_at_1000_diff1": 0.764157,
        "nauc_recall_at_1_max": 0.417778,
        "nauc_recall_at_1_std": -0.115029,
        "nauc_recall_at_1_diff1": 0.757747,
        "nauc_recall_at_3_max": 0.37633,
        "nauc_recall_at_3_std": -0.264125,
        "nauc_recall_at_3_diff1": 0.817409,
        "nauc_recall_at_5_max": 0.413076,
        "nauc_recall_at_5_std": -0.280235,
        "nauc_recall_at_5_diff1": 0.888921,
        "nauc_recall_at_10_max": 0.240318,
        "nauc_recall_at_10_std": 0.345654,
        "nauc_recall_at_10_diff1": 0.85589,
        "nauc_recall_at_20_max": 1.0,
        "nauc_recall_at_20_std": 0.554847,
        "nauc_recall_at_20_diff1": 0.554847,
        "nauc_recall_at_100_max": NaN,
        "nauc_recall_at_100_std": NaN,
        "nauc_recall_at_100_diff1": NaN,
        "nauc_recall_at_1000_max": NaN,
        "nauc_recall_at_1000_std": NaN,
        "nauc_recall_at_1000_diff1": NaN,
        "nauc_precision_at_1_max": 0.417778,
        "nauc_precision_at_1_std": -0.115029,
        "nauc_precision_at_1_diff1": 0.757747,
        "nauc_precision_at_3_max": 0.37633,
        "nauc_precision_at_3_std": -0.264125,
        "nauc_precision_at_3_diff1": 0.817409,
        "nauc_precision_at_5_max": 0.413076,
        "nauc_precision_at_5_std": -0.280235,
        "nauc_precision_at_5_diff1": 0.888921,
        "nauc_precision_at_10_max": 0.240318,
        "nauc_precision_at_10_std": 0.345654,
        "nauc_precision_at_10_diff1": 0.85589,
        "nauc_precision_at_20_max": 1.0,
        "nauc_precision_at_20_std": 0.554847,
        "nauc_precision_at_20_diff1": 0.554847,
        "nauc_precision_at_100_max": 1.0,
        "nauc_precision_at_100_std": 1.0,
        "nauc_precision_at_100_diff1": 1.0,
        "nauc_precision_at_1000_max": NaN,
        "nauc_precision_at_1000_std": NaN,
        "nauc_precision_at_1000_diff1": NaN,
        "nauc_mrr_at_1_max": 0.417778,
        "nauc_mrr_at_1_std": -0.115029,
        "nauc_mrr_at_1_diff1": 0.757747,
        "nauc_mrr_at_3_max": 0.41178,
        "nauc_mrr_at_3_std": -0.148359,
        "nauc_mrr_at_3_diff1": 0.764356,
        "nauc_mrr_at_5_max": 0.419304,
        "nauc_mrr_at_5_std": -0.144013,
        "nauc_mrr_at_5_diff1": 0.771893,
        "nauc_mrr_at_10_max": 0.415108,
        "nauc_mrr_at_10_std": -0.115155,
        "nauc_mrr_at_10_diff1": 0.766199,
        "nauc_mrr_at_20_max": 0.420961,
        "nauc_mrr_at_20_std": -0.120462,
        "nauc_mrr_at_20_diff1": 0.763646,
        "nauc_mrr_at_100_max": 0.419543,
        "nauc_mrr_at_100_std": -0.122116,
        "nauc_mrr_at_100_diff1": 0.764157,
        "nauc_mrr_at_1000_max": 0.419543,
        "nauc_mrr_at_1000_std": -0.122116,
        "nauc_mrr_at_1000_diff1": 0.764157,
        "main_score": 0.83051,
        "hf_subset": "korean",
        "languages": [
          "kor-Hang"
        ]
      }
    ]
  },
  "evaluation_time": 1.6672017574310303,
  "kg_co2_emissions": null
}