{
  "dataset_revision": "c99d599f0a6ab9b85b065da6f9d94f9cf731679f",
  "task_name": "XPQARetrieval",
  "mteb_version": "1.31.1",
  "scores": {
    "test": [
      {
        "ndcg_at_1": 0.32569,
        "ndcg_at_3": 0.34891,
        "ndcg_at_5": 0.37795,
        "ndcg_at_10": 0.41174,
        "ndcg_at_20": 0.44258,
        "ndcg_at_100": 0.48508,
        "ndcg_at_1000": 0.50643,
        "map_at_1": 0.22678,
        "map_at_3": 0.3187,
        "map_at_5": 0.3432,
        "map_at_10": 0.35987,
        "map_at_20": 0.36982,
        "map_at_100": 0.37645,
        "map_at_1000": 0.37751,
        "recall_at_1": 0.22678,
        "recall_at_3": 0.36646,
        "recall_at_5": 0.43774,
        "recall_at_10": 0.53035,
        "recall_at_20": 0.63922,
        "recall_at_100": 0.84697,
        "recall_at_1000": 1.0,
        "precision_at_1": 0.32569,
        "precision_at_3": 0.19725,
        "precision_at_5": 0.14404,
        "precision_at_10": 0.0867,
        "precision_at_20": 0.05176,
        "precision_at_100": 0.0137,
        "precision_at_1000": 0.00156,
        "mrr_at_1": 0.325688,
        "mrr_at_3": 0.370285,
        "mrr_at_5": 0.384353,
        "mrr_at_10": 0.396357,
        "mrr_at_20": 0.403487,
        "mrr_at_100": 0.408119,
        "mrr_at_1000": 0.408828,
        "nauc_ndcg_at_1_max": 0.293077,
        "nauc_ndcg_at_1_std": -0.312169,
        "nauc_ndcg_at_1_diff1": 0.468925,
        "nauc_ndcg_at_3_max": 0.275752,
        "nauc_ndcg_at_3_std": -0.307682,
        "nauc_ndcg_at_3_diff1": 0.417649,
        "nauc_ndcg_at_5_max": 0.2696,
        "nauc_ndcg_at_5_std": -0.310154,
        "nauc_ndcg_at_5_diff1": 0.391882,
        "nauc_ndcg_at_10_max": 0.269991,
        "nauc_ndcg_at_10_std": -0.30196,
        "nauc_ndcg_at_10_diff1": 0.383421,
        "nauc_ndcg_at_20_max": 0.261004,
        "nauc_ndcg_at_20_std": -0.286455,
        "nauc_ndcg_at_20_diff1": 0.371038,
        "nauc_ndcg_at_100_max": 0.278828,
        "nauc_ndcg_at_100_std": -0.269949,
        "nauc_ndcg_at_100_diff1": 0.382533,
        "nauc_ndcg_at_1000_max": 0.278973,
        "nauc_ndcg_at_1000_std": -0.282139,
        "nauc_ndcg_at_1000_diff1": 0.390593,
        "nauc_map_at_1_max": 0.238992,
        "nauc_map_at_1_std": -0.282325,
        "nauc_map_at_1_diff1": 0.557587,
        "nauc_map_at_3_max": 0.28126,
        "nauc_map_at_3_std": -0.29881,
        "nauc_map_at_3_diff1": 0.43858,
        "nauc_map_at_5_max": 0.273028,
        "nauc_map_at_5_std": -0.307667,
        "nauc_map_at_5_diff1": 0.408669,
        "nauc_map_at_10_max": 0.271379,
        "nauc_map_at_10_std": -0.306743,
        "nauc_map_at_10_diff1": 0.405227,
        "nauc_map_at_20_max": 0.267881,
        "nauc_map_at_20_std": -0.302286,
        "nauc_map_at_20_diff1": 0.401428,
        "nauc_map_at_100_max": 0.270909,
        "nauc_map_at_100_std": -0.298632,
        "nauc_map_at_100_diff1": 0.402078,
        "nauc_map_at_1000_max": 0.271162,
        "nauc_map_at_1000_std": -0.298995,
        "nauc_map_at_1000_diff1": 0.402597,
        "nauc_recall_at_1_max": 0.238992,
        "nauc_recall_at_1_std": -0.282325,
        "nauc_recall_at_1_diff1": 0.557587,
        "nauc_recall_at_3_max": 0.263879,
        "nauc_recall_at_3_std": -0.291041,
        "nauc_recall_at_3_diff1": 0.388235,
        "nauc_recall_at_5_max": 0.247322,
        "nauc_recall_at_5_std": -0.304005,
        "nauc_recall_at_5_diff1": 0.323545,
        "nauc_recall_at_10_max": 0.243872,
        "nauc_recall_at_10_std": -0.276293,
        "nauc_recall_at_10_diff1": 0.292746,
        "nauc_recall_at_20_max": 0.206292,
        "nauc_recall_at_20_std": -0.213255,
        "nauc_recall_at_20_diff1": 0.235794,
        "nauc_recall_at_100_max": 0.295038,
        "nauc_recall_at_100_std": -0.061158,
        "nauc_recall_at_100_diff1": 0.263092,
        "nauc_recall_at_1000_max": NaN,
        "nauc_recall_at_1000_std": NaN,
        "nauc_recall_at_1000_diff1": NaN,
        "nauc_precision_at_1_max": 0.293077,
        "nauc_precision_at_1_std": -0.312169,
        "nauc_precision_at_1_diff1": 0.468925,
        "nauc_precision_at_3_max": 0.267604,
        "nauc_precision_at_3_std": -0.255522,
        "nauc_precision_at_3_diff1": 0.184089,
        "nauc_precision_at_5_max": 0.225514,
        "nauc_precision_at_5_std": -0.243044,
        "nauc_precision_at_5_diff1": 0.102376,
        "nauc_precision_at_10_max": 0.201418,
        "nauc_precision_at_10_std": -0.209575,
        "nauc_precision_at_10_diff1": 0.068391,
        "nauc_precision_at_20_max": 0.156444,
        "nauc_precision_at_20_std": -0.14652,
        "nauc_precision_at_20_diff1": -0.003438,
        "nauc_precision_at_100_max": 0.184724,
        "nauc_precision_at_100_std": 0.028957,
        "nauc_precision_at_100_diff1": -0.079775,
        "nauc_precision_at_1000_max": 0.163946,
        "nauc_precision_at_1000_std": 0.063483,
        "nauc_precision_at_1000_diff1": -0.143141,
        "nauc_mrr_at_1_max": 0.295312,
        "nauc_mrr_at_1_std": -0.312169,
        "nauc_mrr_at_1_diff1": 0.468925,
        "nauc_mrr_at_3_max": 0.281824,
        "nauc_mrr_at_3_std": -0.313868,
        "nauc_mrr_at_3_diff1": 0.432418,
        "nauc_mrr_at_5_max": 0.280879,
        "nauc_mrr_at_5_std": -0.311175,
        "nauc_mrr_at_5_diff1": 0.422577,
        "nauc_mrr_at_10_max": 0.284651,
        "nauc_mrr_at_10_std": -0.305135,
        "nauc_mrr_at_10_diff1": 0.419114,
        "nauc_mrr_at_20_max": 0.283271,
        "nauc_mrr_at_20_std": -0.301233,
        "nauc_mrr_at_20_diff1": 0.417594,
        "nauc_mrr_at_100_max": 0.28468,
        "nauc_mrr_at_100_std": -0.300865,
        "nauc_mrr_at_100_diff1": 0.419604,
        "nauc_mrr_at_1000_max": 0.284528,
        "nauc_mrr_at_1000_std": -0.301332,
        "nauc_mrr_at_1000_diff1": 0.419806,
        "main_score": 0.41174,
        "hf_subset": "kor-kor",
        "languages": [
          "kor-Hang",
          "kor-Hang"
        ]
      },
      {
        "ndcg_at_1": 0.31193,
        "ndcg_at_3": 0.32149,
        "ndcg_at_5": 0.34225,
        "ndcg_at_10": 0.37776,
        "ndcg_at_20": 0.40167,
        "ndcg_at_100": 0.45608,
        "ndcg_at_1000": 0.48297,
        "map_at_1": 0.18096,
        "map_at_3": 0.2701,
        "map_at_5": 0.30154,
        "map_at_10": 0.32089,
        "map_at_20": 0.32991,
        "map_at_100": 0.33871,
        "map_at_1000": 0.34022,
        "recall_at_1": 0.18096,
        "recall_at_3": 0.31223,
        "recall_at_5": 0.38405,
        "recall_at_10": 0.47396,
        "recall_at_20": 0.5498,
        "recall_at_100": 0.8105,
        "recall_at_1000": 0.99541,
        "precision_at_1": 0.31193,
        "precision_at_3": 0.21203,
        "precision_at_5": 0.16147,
        "precision_at_10": 0.10046,
        "precision_at_20": 0.05894,
        "precision_at_100": 0.01653,
        "precision_at_1000": 0.00195,
        "mrr_at_1": 0.311927,
        "mrr_at_3": 0.360092,
        "mrr_at_5": 0.372324,
        "mrr_at_10": 0.384214,
        "mrr_at_20": 0.388632,
        "mrr_at_100": 0.393853,
        "mrr_at_1000": 0.394565,
        "nauc_ndcg_at_1_max": 0.187055,
        "nauc_ndcg_at_1_std": -0.365059,
        "nauc_ndcg_at_1_diff1": 0.39115,
        "nauc_ndcg_at_3_max": 0.169558,
        "nauc_ndcg_at_3_std": -0.367209,
        "nauc_ndcg_at_3_diff1": 0.344119,
        "nauc_ndcg_at_5_max": 0.177745,
        "nauc_ndcg_at_5_std": -0.369549,
        "nauc_ndcg_at_5_diff1": 0.340109,
        "nauc_ndcg_at_10_max": 0.171372,
        "nauc_ndcg_at_10_std": -0.373163,
        "nauc_ndcg_at_10_diff1": 0.324575,
        "nauc_ndcg_at_20_max": 0.176987,
        "nauc_ndcg_at_20_std": -0.367632,
        "nauc_ndcg_at_20_diff1": 0.327914,
        "nauc_ndcg_at_100_max": 0.185809,
        "nauc_ndcg_at_100_std": -0.337333,
        "nauc_ndcg_at_100_diff1": 0.325976,
        "nauc_ndcg_at_1000_max": 0.191498,
        "nauc_ndcg_at_1000_std": -0.340148,
        "nauc_ndcg_at_1000_diff1": 0.324396,
        "nauc_map_at_1_max": 0.134748,