{
  "dataset_revision": "fd7df84ac089bbec763b1c6bb1b56e985df5cc5c",
  "task_name": "AutoRAGRetrieval",
  "mteb_version": "1.31.1",
  "scores": {
    "test": [
      {
        "ndcg_at_1": 0.08772,
        "ndcg_at_3": 0.12302,
        "ndcg_at_5": 0.15208,
        "ndcg_at_10": 0.18328,
        "ndcg_at_20": 0.2141,
        "ndcg_at_100": 0.2732,
        "ndcg_at_1000": 0.30416,
        "map_at_1": 0.08772,
        "map_at_3": 0.11404,
        "map_at_5": 0.13026,
        "map_at_10": 0.14312,
        "map_at_20": 0.15147,
        "map_at_100": 0.15922,
        "map_at_1000": 0.1605,
        "recall_at_1": 0.08772,
        "recall_at_3": 0.14912,
        "recall_at_5": 0.2193,
        "recall_at_10": 0.31579,
        "recall_at_20": 0.4386,
        "recall_at_100": 0.76316,
        "recall_at_1000": 1.0,
        "precision_at_1": 0.08772,
        "precision_at_3": 0.04971,
        "precision_at_5": 0.04386,
        "precision_at_10": 0.03158,
        "precision_at_20": 0.02193,
        "precision_at_100": 0.00763,
        "precision_at_1000": 0.001,
        "mrr_at_1": 0.087719,
        "mrr_at_3": 0.114035,
        "mrr_at_5": 0.130263,
        "mrr_at_10": 0.143122,
        "mrr_at_20": 0.151468,
        "mrr_at_100": 0.159224,
        "mrr_at_1000": 0.160502,
        "nauc_ndcg_at_1_max": -0.032809,
        "nauc_ndcg_at_1_std": 0.13197,
        "nauc_ndcg_at_1_diff1": 0.220098,
        "nauc_ndcg_at_3_max": -0.036173,
        "nauc_ndcg_at_3_std": 0.150436,
        "nauc_ndcg_at_3_diff1": 0.143634,
        "nauc_ndcg_at_5_max": -0.003612,
        "nauc_ndcg_at_5_std": 0.174385,
        "nauc_ndcg_at_5_diff1": 0.075586,
        "nauc_ndcg_at_10_max": 0.050329,
        "nauc_ndcg_at_10_std": 0.212861,
        "nauc_ndcg_at_10_diff1": 0.016939,
        "nauc_ndcg_at_20_max": 0.034354,
        "nauc_ndcg_at_20_std": 0.168795,
        "nauc_ndcg_at_20_diff1": 0.015542,
        "nauc_ndcg_at_100_max": 0.046786,
        "nauc_ndcg_at_100_std": 0.188331,
        "nauc_ndcg_at_100_diff1": 0.009057,
        "nauc_ndcg_at_1000_max": 0.01983,
        "nauc_ndcg_at_1000_std": 0.178031,
        "nauc_ndcg_at_1000_diff1": 0.03469,
        "nauc_map_at_1_max": -0.032809,
        "nauc_map_at_1_std": 0.13197,
        "nauc_map_at_1_diff1": 0.220098,
        "nauc_map_at_3_max": -0.035631,
        "nauc_map_at_3_std": 0.153441,
        "nauc_map_at_3_diff1": 0.160984,
        "nauc_map_at_5_max": -0.013803,
        "nauc_map_at_5_std": 0.171183,
        "nauc_map_at_5_diff1": 0.115621,
        "nauc_map_at_10_max": 0.010145,
        "nauc_map_at_10_std": 0.187161,
        "nauc_map_at_10_diff1": 0.085239,
        "nauc_map_at_20_max": 0.006568,
        "nauc_map_at_20_std": 0.174896,
        "nauc_map_at_20_diff1": 0.081756,
        "nauc_map_at_100_max": 0.006914,
        "nauc_map_at_100_std": 0.177074,
        "nauc_map_at_100_diff1": 0.080445,
        "nauc_map_at_1000_max": 0.004997,
        "nauc_map_at_1000_std": 0.176178,
        "nauc_map_at_1000_diff1": 0.080967,
        "nauc_recall_at_1_max": -0.032809,
        "nauc_recall_at_1_std": 0.13197,
        "nauc_recall_at_1_diff1": 0.220098,
        "nauc_recall_at_3_max": -0.037402,
        "nauc_recall_at_3_std": 0.141142,
        "nauc_recall_at_3_diff1": 0.10219,
        "nauc_recall_at_5_max": 0.018019,
        "nauc_recall_at_5_std": 0.178535,
        "nauc_recall_at_5_diff1": -0.008271,
        "nauc_recall_at_10_max": 0.13824,
        "nauc_recall_at_10_std": 0.268882,
        "nauc_recall_at_10_diff1": -0.119647,
        "nauc_recall_at_20_max": 0.086043,
        "nauc_recall_at_20_std": 0.139974,
        "nauc_recall_at_20_diff1": -0.10695,
        "nauc_recall_at_100_max": 0.203643,
        "nauc_recall_at_100_std": 0.239895,
        "nauc_recall_at_100_diff1": -0.206009,
        "nauc_recall_at_1000_max": NaN,
        "nauc_recall_at_1000_std": NaN,
        "nauc_recall_at_1000_diff1": NaN,
        "nauc_precision_at_1_max": -0.032809,
        "nauc_precision_at_1_std": 0.13197,
        "nauc_precision_at_1_diff1": 0.220098,
        "nauc_precision_at_3_max": -0.037402,
        "nauc_precision_at_3_std": 0.141142,
        "nauc_precision_at_3_diff1": 0.10219,
        "nauc_precision_at_5_max": 0.018019,
        "nauc_precision_at_5_std": 0.178535,
        "nauc_precision_at_5_diff1": -0.008271,
        "nauc_precision_at_10_max": 0.13824,
        "nauc_precision_at_10_std": 0.268882,
        "nauc_precision_at_10_diff1": -0.119647,
        "nauc_precision_at_20_max": 0.086043,
        "nauc_precision_at_20_std": 0.139974,
        "nauc_precision_at_20_diff1": -0.10695,
        "nauc_precision_at_100_max": 0.203643,
        "nauc_precision_at_100_std": 0.239895,
        "nauc_precision_at_100_diff1": -0.206009,
        "nauc_precision_at_1000_max": 1.0,
        "nauc_precision_at_1000_std": 1.0,
        "nauc_precision_at_1000_diff1": 1.0,
        "nauc_mrr_at_1_max": -0.032809,
        "nauc_mrr_at_1_std": 0.13197,
        "nauc_mrr_at_1_diff1": 0.220098,
        "nauc_mrr_at_3_max": -0.035631,
        "nauc_mrr_at_3_std": 0.153441,
        "nauc_mrr_at_3_diff1": 0.160984,
        "nauc_mrr_at_5_max": -0.013803,
        "nauc_mrr_at_5_std": 0.171183,
        "nauc_mrr_at_5_diff1": 0.115621,
        "nauc_mrr_at_10_max": 0.010145,
        "nauc_mrr_at_10_std": 0.187161,
        "nauc_mrr_at_10_diff1": 0.085239,
        "nauc_mrr_at_20_max": 0.006568,
        "nauc_mrr_at_20_std": 0.174896,
        "nauc_mrr_at_20_diff1": 0.081756,
        "nauc_mrr_at_100_max": 0.006914,
        "nauc_mrr_at_100_std": 0.177074,
        "nauc_mrr_at_100_diff1": 0.080445,
        "nauc_mrr_at_1000_max": 0.004998,
        "nauc_mrr_at_1000_std": 0.176178,
        "nauc_mrr_at_1000_diff1": 0.080966,
        "main_score": 0.18328,
        "hf_subset": "default",
        "languages": [
          "kor-Hang"
        ]
      }
    ]
  },
  "evaluation_time": 2.250286817550659,
  "kg_co2_emissions": null
}