{
  "dataset_revision": "75b399394a9803252cfec289d103de462763db7c",
  "task_name": "BelebeleRetrieval",
  "mteb_version": "1.31.1",
  "scores": {
    "test": [
      {
        "ndcg_at_1": 0.12,
        "ndcg_at_3": 0.15898,
        "ndcg_at_5": 0.17548,
        "ndcg_at_10": 0.20243,
        "ndcg_at_20": 0.2235,
        "ndcg_at_100": 0.27266,
        "ndcg_at_1000": 0.31594,
        "map_at_1": 0.12,
        "map_at_3": 0.14907,
        "map_at_5": 0.15824,
        "map_at_10": 0.16957,
        "map_at_20": 0.17536,
        "map_at_100": 0.18185,
        "map_at_1000": 0.1835,
        "recall_at_1": 0.12,
        "recall_at_3": 0.18778,
        "recall_at_5": 0.22778,
        "recall_at_10": 0.31,
        "recall_at_20": 0.39333,
        "recall_at_100": 0.66333,
        "recall_at_1000": 1.0,
        "precision_at_1": 0.12,
        "precision_at_3": 0.06259,
        "precision_at_5": 0.04556,
        "precision_at_10": 0.031,
        "precision_at_20": 0.01967,
        "precision_at_100": 0.00663,
        "precision_at_1000": 0.001,
        "mrr_at_1": 0.12,
        "mrr_at_3": 0.149074,
        "mrr_at_5": 0.158241,
        "mrr_at_10": 0.169573,
        "mrr_at_20": 0.175362,
        "mrr_at_100": 0.181849,
        "mrr_at_1000": 0.183503,
        "nauc_ndcg_at_1_max": 0.215812,
        "nauc_ndcg_at_1_std": -0.026335,
        "nauc_ndcg_at_1_diff1": 0.376628,
        "nauc_ndcg_at_3_max": 0.208097,
        "nauc_ndcg_at_3_std": -0.003691,
        "nauc_ndcg_at_3_diff1": 0.285337,
        "nauc_ndcg_at_5_max": 0.208157,
        "nauc_ndcg_at_5_std": 0.002534,
        "nauc_ndcg_at_5_diff1": 0.260771,
        "nauc_ndcg_at_10_max": 0.2114,
        "nauc_ndcg_at_10_std": 4e-06,
        "nauc_ndcg_at_10_diff1": 0.243204,
        "nauc_ndcg_at_20_max": 0.196034,
        "nauc_ndcg_at_20_std": -0.007603,
        "nauc_ndcg_at_20_diff1": 0.232116,
        "nauc_ndcg_at_100_max": 0.173284,
        "nauc_ndcg_at_100_std": 0.004664,
        "nauc_ndcg_at_100_diff1": 0.225307,
        "nauc_ndcg_at_1000_max": 0.19247,
        "nauc_ndcg_at_1000_std": -0.002094,
        "nauc_ndcg_at_1000_diff1": 0.249118,
        "nauc_map_at_1_max": 0.215812,
        "nauc_map_at_1_std": -0.026335,
        "nauc_map_at_1_diff1": 0.376628,
        "nauc_map_at_3_max": 0.209705,
        "nauc_map_at_3_std": -0.00953,
        "nauc_map_at_3_diff1": 0.304187,
        "nauc_map_at_5_max": 0.210106,
        "nauc_map_at_5_std": -0.00587,
        "nauc_map_at_5_diff1": 0.288617,
        "nauc_map_at_10_max": 0.210899,
        "nauc_map_at_10_std": -0.007482,
        "nauc_map_at_10_diff1": 0.279767,
        "nauc_map_at_20_max": 0.206038,
        "nauc_map_at_20_std": -0.009862,
        "nauc_map_at_20_diff1": 0.275868,
        "nauc_map_at_100_max": 0.202165,
        "nauc_map_at_100_std": -0.007976,
        "nauc_map_at_100_diff1": 0.27491,
        "nauc_map_at_1000_max": 0.202989,
        "nauc_map_at_1000_std": -0.008074,
        "nauc_map_at_1000_diff1": 0.275947,
        "nauc_recall_at_1_max": 0.215812,
        "nauc_recall_at_1_std": -0.026335,
        "nauc_recall_at_1_diff1": 0.376628,
        "nauc_recall_at_3_max": 0.204204,
        "nauc_recall_at_3_std": 0.010833,
        "nauc_recall_at_3_diff1": 0.239743,
        "nauc_recall_at_5_max": 0.203371,
        "nauc_recall_at_5_std": 0.022708,
        "nauc_recall_at_5_diff1": 0.195781,
        "nauc_recall_at_10_max": 0.214116,
        "nauc_recall_at_10_std": 0.016614,
        "nauc_recall_at_10_diff1": 0.162381,
        "nauc_recall_at_20_max": 0.169097,
        "nauc_recall_at_20_std": -0.006176,
        "nauc_recall_at_20_diff1": 0.134495,
        "nauc_recall_at_100_max": 0.05532,
        "nauc_recall_at_100_std": 0.05503,
        "nauc_recall_at_100_diff1": 0.076459,
        "nauc_recall_at_1000_max": NaN,
        "nauc_recall_at_1000_std": NaN,
        "nauc_recall_at_1000_diff1": NaN,
        "nauc_precision_at_1_max": 0.215812,
        "nauc_precision_at_1_std": -0.026335,
        "nauc_precision_at_1_diff1": 0.376628,
        "nauc_precision_at_3_max": 0.204204,
        "nauc_precision_at_3_std": 0.010833,
        "nauc_precision_at_3_diff1": 0.239743,
        "nauc_precision_at_5_max": 0.203371,
        "nauc_precision_at_5_std": 0.022708,
        "nauc_precision_at_5_diff1": 0.195781,
        "nauc_precision_at_10_max": 0.214116,
        "nauc_precision_at_10_std": 0.016614,
        "nauc_precision_at_10_diff1": 0.162381,
        "nauc_precision_at_20_max": 0.169097,
        "nauc_precision_at_20_std": -0.006176,
        "nauc_precision_at_20_diff1": 0.134495,
        "nauc_precision_at_100_max": 0.05532,
        "nauc_precision_at_100_std": 0.05503,
        "nauc_precision_at_100_diff1": 0.076459,
        "nauc_precision_at_1000_max": NaN,
        "nauc_precision_at_1000_std": NaN,
        "nauc_precision_at_1000_diff1": NaN,
        "nauc_mrr_at_1_max": 0.215812,
        "nauc_mrr_at_1_std": -0.026335,
        "nauc_mrr_at_1_diff1": 0.376628,
        "nauc_mrr_at_3_max": 0.209705,
        "nauc_mrr_at_3_std": -0.00953,
        "nauc_mrr_at_3_diff1": 0.304187,
        "nauc_mrr_at_5_max": 0.210106,
        "nauc_mrr_at_5_std": -0.00587,
        "nauc_mrr_at_5_diff1": 0.288617,
        "nauc_mrr_at_10_max": 0.210899,
        "nauc_mrr_at_10_std": -0.007482,
        "nauc_mrr_at_10_diff1": 0.279767,
        "nauc_mrr_at_20_max": 0.206038,
        "nauc_mrr_at_20_std": -0.009862,
        "nauc_mrr_at_20_diff1": 0.275868,
        "nauc_mrr_at_100_max": 0.202165,
        "nauc_mrr_at_100_std": -0.007976,
        "nauc_mrr_at_100_diff1": 0.27491,
        "nauc_mrr_at_1000_max": 0.202989,
        "nauc_mrr_at_1000_std": -0.008074,
        "nauc_mrr_at_1000_diff1": 0.275947,
        "main_score": 0.20243,
        "hf_subset": "kor_Hang-kor_Hang",
        "languages": [
          "kor-Hang",
          "kor-Hang"
        ]
      },
      {
        "ndcg_at_1": 0.00111,
        "ndcg_at_3": 0.00433,
        "ndcg_at_5": 0.00614,
        "ndcg_at_10": 0.00927,
        "ndcg_at_20": 0.01511,
        "ndcg_at_100": 0.04417,
        "ndcg_at_1000": 0.14268,
        "map_at_1": 0.00111,
        "map_at_3": 0.00352,
        "map_at_5": 0.00452,
        "map_at_10": 0.00575,
        "map_at_20": 0.00731,
        "map_at_100": 0.01082,
        "map_at_1000": 0.01407,
        "recall_at_1": 0.00111,
        "recall_at_3": 0.00667,
        "recall_at_5": 0.01111,
        "recall_at_10": 0.02111,
        "recall_at_20": 0.04444,
        "recall_at_100": 0.20889,
        "recall_at_1000": 1.0,
        "precision_at_1": 0.00111,
        "precision_at_3": 0.00222,
        "precision_at_5": 0.00222,
        "precision_at_10": 0.00211,
        "precision_at_20": 0.00222,
        "precision_at_100": 0.00209,
        "precision_at_1000": 0.001,
        "mrr_at_1": 0.001111,
        "mrr_at_3": 0.003519,
        "mrr_at_5": 0.004519,
        "mrr_at_10": 0.005746,
        "mrr_at_20": 0.007314,
        "mrr_at_100": 0.010825,
        "mrr_at_1000": 0.014074,
        "nauc_ndcg_at_1_max": 1.0,
        "nauc_ndcg_at_1_std": 0.323853,
        "nauc_ndcg_at_1_diff1": -0.070566,
        "nauc_ndcg_at_3_max": 0.355735,
        "nauc_ndcg_at_3_std": 0.060908,
        "nauc_ndcg_at_3_diff1": -0.052017,
        "nauc_ndcg_at_5_max": 0.250862,
        "nauc_ndcg_at_5_std": 0.02054,
        "nauc_ndcg_at_5_diff1": 0.012156,
        "nauc_ndcg_at_10_max": 0.212246,
        "nauc_ndcg_at_10_std": 0.008706,
        "nauc_ndcg_at_10_diff1": 0.014741,
        "nauc_ndcg_at_20_max": 0.131171,
        "nauc_ndcg_at_20_std": 0.022873,
        "nauc_ndcg_at_20_diff1": -0.009338,
        "nauc_ndcg_at_100_max": 0.036151,
        "nauc_ndcg_at_100_std": -0.003503,
        "nauc_ndcg_at_100_diff1": 0.002112,
        "nauc_ndcg_at_1000_max": 0.079746,
        "nauc_ndcg_at_1000_std": -0.0092,
        "nauc_ndcg_at_1000_diff1": -0.003362,
        "nauc_map_at_1_max": 1.0,
        "nauc_map_at_1_std": 0.323853,
        "nauc_map_at_1_diff1": -0.070566,