{
  "dataset_revision": "d243889a3eb6654029dbd7e7f9319ae31d58f97c",
  "task_name": "Ko-StrategyQA",
  "mteb_version": "1.31.1",
  "scores": {
    "dev": [
      {
        "ndcg_at_1": 0.04223,
        "ndcg_at_3": 0.0435,
        "ndcg_at_5": 0.05094,
        "ndcg_at_10": 0.05747,
        "ndcg_at_20": 0.06534,
        "ndcg_at_100": 0.0908,
        "ndcg_at_1000": 0.13319,
        "map_at_1": 0.02252,
        "map_at_3": 0.03435,
        "map_at_5": 0.03818,
        "map_at_10": 0.0406,
        "map_at_20": 0.04265,
        "map_at_100": 0.04591,
        "map_at_1000": 0.04723,
        "recall_at_1": 0.02252,
        "recall_at_3": 0.04842,
        "recall_at_5": 0.06475,
        "recall_at_10": 0.08226,
        "recall_at_20": 0.10831,
        "recall_at_100": 0.23007,
        "recall_at_1000": 0.53297,
        "precision_at_1": 0.04223,
        "precision_at_3": 0.02928,
        "precision_at_5": 0.02264,
        "precision_at_10": 0.01453,
        "precision_at_20": 0.0098,
        "precision_at_100": 0.0041,
        "precision_at_1000": 0.00097,
        "mrr_at_1": 0.04223,
        "mrr_at_3": 0.057432,
        "mrr_at_5": 0.062669,
        "mrr_at_10": 0.066333,
        "mrr_at_20": 0.069208,
        "mrr_at_100": 0.072983,
        "mrr_at_1000": 0.074195,
        "nauc_ndcg_at_1_max": 0.178598,
        "nauc_ndcg_at_1_std": -0.102042,
        "nauc_ndcg_at_1_diff1": 0.342986,
        "nauc_ndcg_at_3_max": 0.087097,
        "nauc_ndcg_at_3_std": -0.070239,
        "nauc_ndcg_at_3_diff1": 0.226011,
        "nauc_ndcg_at_5_max": 0.070738,
        "nauc_ndcg_at_5_std": -0.06911,
        "nauc_ndcg_at_5_diff1": 0.201792,
        "nauc_ndcg_at_10_max": 0.056425,
        "nauc_ndcg_at_10_std": -0.069048,
        "nauc_ndcg_at_10_diff1": 0.193222,
        "nauc_ndcg_at_20_max": 0.061473,
        "nauc_ndcg_at_20_std": -0.081024,
        "nauc_ndcg_at_20_diff1": 0.173066,
        "nauc_ndcg_at_100_max": 0.05636,
        "nauc_ndcg_at_100_std": -0.085454,
        "nauc_ndcg_at_100_diff1": 0.124778,
        "nauc_ndcg_at_1000_max": 0.068942,
        "nauc_ndcg_at_1000_std": -0.057529,
        "nauc_ndcg_at_1000_diff1": 0.107302,
        "nauc_map_at_1_max": 0.176552,
        "nauc_map_at_1_std": -0.057771,
        "nauc_map_at_1_diff1": 0.355359,
        "nauc_map_at_3_max": 0.091355,
        "nauc_map_at_3_std": -0.061751,
        "nauc_map_at_3_diff1": 0.267484,
        "nauc_map_at_5_max": 0.079563,
        "nauc_map_at_5_std": -0.058761,
        "nauc_map_at_5_diff1": 0.249813,
        "nauc_map_at_10_max": 0.074172,
        "nauc_map_at_10_std": -0.059358,
        "nauc_map_at_10_diff1": 0.242581,
        "nauc_map_at_20_max": 0.07604,
        "nauc_map_at_20_std": -0.064126,
        "nauc_map_at_20_diff1": 0.234675,
        "nauc_map_at_100_max": 0.07522,
        "nauc_map_at_100_std": -0.0673,
        "nauc_map_at_100_diff1": 0.221629,
        "nauc_map_at_1000_max": 0.075931,
        "nauc_map_at_1000_std": -0.065014,
        "nauc_map_at_1000_diff1": 0.219111,
        "nauc_recall_at_1_max": 0.176552,
        "nauc_recall_at_1_std": -0.057771,
        "nauc_recall_at_1_diff1": 0.355359,
        "nauc_recall_at_3_max": 0.053354,
        "nauc_recall_at_3_std": -0.066538,
        "nauc_recall_at_3_diff1": 0.167568,
        "nauc_recall_at_5_max": 0.02899,
        "nauc_recall_at_5_std": -0.063679,
        "nauc_recall_at_5_diff1": 0.143224,
        "nauc_recall_at_10_max": 0.004367,
        "nauc_recall_at_10_std": -0.059088,
        "nauc_recall_at_10_diff1": 0.138489,
        "nauc_recall_at_20_max": 0.022188,
        "nauc_recall_at_20_std": -0.086407,
        "nauc_recall_at_20_diff1": 0.104931,
        "nauc_recall_at_100_max": 0.015596,
        "nauc_recall_at_100_std": -0.084552,
        "nauc_recall_at_100_diff1": 0.007071,
        "nauc_recall_at_1000_max": 0.040361,
        "nauc_recall_at_1000_std": 0.002568,
        "nauc_recall_at_1000_diff1": -0.035679,
        "nauc_precision_at_1_max": 0.178598,
        "nauc_precision_at_1_std": -0.102042,
        "nauc_precision_at_1_diff1": 0.342986,
        "nauc_precision_at_3_max": 0.06806,
        "nauc_precision_at_3_std": -0.085142,
        "nauc_precision_at_3_diff1": 0.18712,
        "nauc_precision_at_5_max": 0.056477,
        "nauc_precision_at_5_std": -0.088481,
        "nauc_precision_at_5_diff1": 0.150829,
        "nauc_precision_at_10_max": 0.042658,
        "nauc_precision_at_10_std": -0.097215,
        "nauc_precision_at_10_diff1": 0.140238,
        "nauc_precision_at_20_max": 0.060212,
        "nauc_precision_at_20_std": -0.116637,
        "nauc_precision_at_20_diff1": 0.108473,
        "nauc_precision_at_100_max": 0.0527,
        "nauc_precision_at_100_std": -0.11221,
        "nauc_precision_at_100_diff1": 0.041731,
        "nauc_precision_at_1000_max": 0.100347,
        "nauc_precision_at_1000_std": -0.039787,
        "nauc_precision_at_1000_diff1": 0.005259,
        "nauc_mrr_at_1_max": 0.178598,
        "nauc_mrr_at_1_std": -0.102042,
        "nauc_mrr_at_1_diff1": 0.342986,
        "nauc_mrr_at_3_max": 0.122718,
        "nauc_mrr_at_3_std": -0.089053,
        "nauc_mrr_at_3_diff1": 0.233349,
        "nauc_mrr_at_5_max": 0.111531,
        "nauc_mrr_at_5_std": -0.090983,
        "nauc_mrr_at_5_diff1": 0.213678,
        "nauc_mrr_at_10_max": 0.099571,
        "nauc_mrr_at_10_std": -0.089877,
        "nauc_mrr_at_10_diff1": 0.208147,
        "nauc_mrr_at_20_max": 0.099077,
        "nauc_mrr_at_20_std": -0.093065,
        "nauc_mrr_at_20_diff1": 0.199526,
        "nauc_mrr_at_100_max": 0.098972,
        "nauc_mrr_at_100_std": -0.091977,
        "nauc_mrr_at_100_diff1": 0.192885,
        "nauc_mrr_at_1000_max": 0.099577,
        "nauc_mrr_at_1000_std": -0.091045,
        "nauc_mrr_at_1000_diff1": 0.192607,
        "main_score": 0.05747,
        "hf_subset": "default",
        "languages": [
          "kor-Hang"
        ]
      }
    ]
  },
  "evaluation_time": 10.584764242172241,
  "kg_co2_emissions": null
}