{
  "dataset_revision": "fc24a3ce8f09746410daee3d5cd823ff7a0675b7",
  "task_name": "MrTidyRetrieval",
  "mteb_version": "1.31.1",
  "scores": {
    "test": [
      {
        "ndcg_at_1": 0.03325,
        "ndcg_at_3": 0.03713,
        "ndcg_at_5": 0.03805,
        "ndcg_at_10": 0.03958,
        "ndcg_at_20": 0.03994,
        "ndcg_at_100": 0.04268,
        "ndcg_at_1000": 0.04657,
        "map_at_1": 0.03325,
        "map_at_3": 0.03603,
        "map_at_5": 0.0365,
        "map_at_10": 0.03713,
        "map_at_20": 0.03721,
        "map_at_100": 0.03758,
        "map_at_1000": 0.03768,
        "recall_at_1": 0.03325,
        "recall_at_3": 0.04038,
        "recall_at_5": 0.04276,
        "recall_at_10": 0.04751,
        "recall_at_20": 0.04869,
        "recall_at_100": 0.06295,
        "recall_at_1000": 0.09501,
        "precision_at_1": 0.03325,
        "precision_at_3": 0.01346,
        "precision_at_5": 0.00855,
        "precision_at_10": 0.00475,
        "precision_at_20": 0.00249,
        "precision_at_100": 0.00067,
        "precision_at_1000": 0.0001,
        "mrr_at_1": 0.033254,
        "mrr_at_3": 0.036025,
        "mrr_at_5": 0.0365,
        "mrr_at_10": 0.037134,
        "mrr_at_20": 0.037292,
        "mrr_at_100": 0.037715,
        "mrr_at_1000": 0.037835,
        "nauc_ndcg_at_1_max": 0.95168,
        "nauc_ndcg_at_1_std": -0.506116,
        "nauc_ndcg_at_1_diff1": 0.514084,
        "nauc_ndcg_at_3_max": 0.898675,
        "nauc_ndcg_at_3_std": -0.49467,
        "nauc_ndcg_at_3_diff1": 0.422933,
        "nauc_ndcg_at_5_max": 0.875253,
        "nauc_ndcg_at_5_std": -0.487692,
        "nauc_ndcg_at_5_diff1": 0.402711,
        "nauc_ndcg_at_10_max": 0.866986,
        "nauc_ndcg_at_10_std": -0.485557,
        "nauc_ndcg_at_10_diff1": 0.404923,
        "nauc_ndcg_at_20_max": 0.859976,
        "nauc_ndcg_at_20_std": -0.48403,
        "nauc_ndcg_at_20_diff1": 0.396687,
        "nauc_ndcg_at_100_max": 0.829951,
        "nauc_ndcg_at_100_std": -0.475262,
        "nauc_ndcg_at_100_diff1": 0.369939,
        "nauc_ndcg_at_1000_max": 0.772116,
        "nauc_ndcg_at_1000_std": -0.447755,
        "nauc_ndcg_at_1000_diff1": 0.340912,
        "nauc_map_at_1_max": 0.95168,
        "nauc_map_at_1_std": -0.506116,
        "nauc_map_at_1_diff1": 0.514084,
        "nauc_map_at_3_max": 0.910793,
        "nauc_map_at_3_std": -0.497268,
        "nauc_map_at_3_diff1": 0.447689,
        "nauc_map_at_5_max": 0.898014,
        "nauc_map_at_5_std": -0.493474,
        "nauc_map_at_5_diff1": 0.436469,
        "nauc_map_at_10_max": 0.893984,
        "nauc_map_at_10_std": -0.492116,
        "nauc_map_at_10_diff1": 0.438369,
        "nauc_map_at_20_max": 0.89229,
        "nauc_map_at_20_std": -0.491746,
        "nauc_map_at_20_diff1": 0.436375,
        "nauc_map_at_100_max": 0.886427,
        "nauc_map_at_100_std": -0.489818,
        "nauc_map_at_100_diff1": 0.432099,
        "nauc_map_at_1000_max": 0.8845,
        "nauc_map_at_1000_std": -0.488717,
        "nauc_map_at_1000_diff1": 0.430684,
        "nauc_recall_at_1_max": 0.95168,
        "nauc_recall_at_1_std": -0.506116,
        "nauc_recall_at_1_diff1": 0.514084,
        "nauc_recall_at_3_max": 0.867356,
        "nauc_recall_at_3_std": -0.487964,
        "nauc_recall_at_3_diff1": 0.357551,
        "nauc_recall_at_5_max": 0.81522,
        "nauc_recall_at_5_std": -0.472286,
        "nauc_recall_at_5_diff1": 0.314667,
        "nauc_recall_at_10_max": 0.799874,
        "nauc_recall_at_10_std": -0.469642,
        "nauc_recall_at_10_diff1": 0.322912,
        "nauc_recall_at_20_max": 0.782755,
        "nauc_recall_at_20_std": -0.465945,
        "nauc_recall_at_20_diff1": 0.302873,
        "nauc_recall_at_100_max": 0.70005,
        "nauc_recall_at_100_std": -0.44561,
        "nauc_recall_at_100_diff1": 0.220629,
        "nauc_recall_at_1000_max": 0.499432,
        "nauc_recall_at_1000_std": -0.346135,
        "nauc_recall_at_1000_diff1": 0.159699,
        "nauc_precision_at_1_max": 0.95168,
        "nauc_precision_at_1_std": -0.506116,
        "nauc_precision_at_1_diff1": 0.514084,
        "nauc_precision_at_3_max": 0.867356,
        "nauc_precision_at_3_std": -0.487964,
        "nauc_precision_at_3_diff1": 0.357551,
        "nauc_precision_at_5_max": 0.81522,
        "nauc_precision_at_5_std": -0.472286,
        "nauc_precision_at_5_diff1": 0.314667,
        "nauc_precision_at_10_max": 0.799874,
        "nauc_precision_at_10_std": -0.469642,
        "nauc_precision_at_10_diff1": 0.322912,
        "nauc_precision_at_20_max": 0.766452,
        "nauc_precision_at_20_std": -0.462424,
        "nauc_precision_at_20_diff1": 0.283789,
        "nauc_precision_at_100_max": 0.687932,
        "nauc_precision_at_100_std": -0.434572,
        "nauc_precision_at_100_diff1": 0.219512,
        "nauc_precision_at_1000_max": 0.500548,
        "nauc_precision_at_1000_std": -0.339378,
        "nauc_precision_at_1000_diff1": 0.155298,
        "nauc_mrr_at_1_max": 0.95168,
        "nauc_mrr_at_1_std": -0.506116,
        "nauc_mrr_at_1_diff1": 0.514084,
        "nauc_mrr_at_3_max": 0.910793,
        "nauc_mrr_at_3_std": -0.497268,
        "nauc_mrr_at_3_diff1": 0.447689,
        "nauc_mrr_at_5_max": 0.898014,
        "nauc_mrr_at_5_std": -0.493474,
        "nauc_mrr_at_5_diff1": 0.436469,
        "nauc_mrr_at_10_max": 0.893984,
        "nauc_mrr_at_10_std": -0.492116,
        "nauc_mrr_at_10_diff1": 0.438369,
        "nauc_mrr_at_20_max": 0.890604,
        "nauc_mrr_at_20_std": -0.491377,
        "nauc_mrr_at_20_diff1": 0.43439,
        "nauc_mrr_at_100_max": 0.884429,
        "nauc_mrr_at_100_std": -0.488775,
        "nauc_mrr_at_100_diff1": 0.430688,
        "nauc_mrr_at_1000_max": 0.882435,
        "nauc_mrr_at_1000_std": -0.487603,
        "nauc_mrr_at_1000_diff1": 0.429016,
        "main_score": 0.03958,
        "hf_subset": "korean",
        "languages": [
          "kor-Kore"
        ]
      }
    ]
  },
  "evaluation_time": 343.16177892684937,
  "kg_co2_emissions": null
}