{
  "dataset_revision": "d67138e705d963e346253a80e59676ddb418810a",
  "task_name": "MultiLongDocRetrieval",
  "mteb_version": "1.31.1",
  "scores": {
    "dev": [
      {
        "ndcg_at_1": 0.0,
        "ndcg_at_3": 0.0,
        "ndcg_at_5": 0.00431,
        "ndcg_at_10": 0.00575,
        "ndcg_at_20": 0.00946,
        "ndcg_at_100": 0.0222,
        "ndcg_at_1000": 0.05504,
        "map_at_1": 0.0,
        "map_at_3": 0.0,
        "map_at_5": 0.0025,
        "map_at_10": 0.003,
        "map_at_20": 0.00397,
        "map_at_100": 0.00566,
        "map_at_1000": 0.00671,
        "recall_at_1": 0.0,
        "recall_at_3": 0.0,
        "recall_at_5": 0.01,
        "recall_at_10": 0.015,
        "recall_at_20": 0.03,
        "recall_at_100": 0.1,
        "recall_at_1000": 0.37,
        "precision_at_1": 0.0,
        "precision_at_3": 0.0,
        "precision_at_5": 0.002,
        "precision_at_10": 0.0015,
        "precision_at_20": 0.0015,
        "precision_at_100": 0.001,
        "precision_at_1000": 0.00037,
        "mrr_at_1": 0.0,
        "mrr_at_3": 0.0,
        "mrr_at_5": 0.0025,
        "mrr_at_10": 0.003,
        "mrr_at_20": 0.003974,
        "mrr_at_100": 0.005662,
        "mrr_at_1000": 0.006712,
        "nauc_ndcg_at_1_max": NaN,
        "nauc_ndcg_at_1_std": NaN,
        "nauc_ndcg_at_1_diff1": NaN,
        "nauc_ndcg_at_3_max": NaN,
        "nauc_ndcg_at_3_std": NaN,
        "nauc_ndcg_at_3_diff1": NaN,
        "nauc_ndcg_at_5_max": 0.549235,
        "nauc_ndcg_at_5_std": 0.043601,
        "nauc_ndcg_at_5_diff1": -0.200563,
        "nauc_ndcg_at_10_max": 0.662499,
        "nauc_ndcg_at_10_std": -0.111766,
        "nauc_ndcg_at_10_diff1": 0.016154,
        "nauc_ndcg_at_20_max": 0.278131,
        "nauc_ndcg_at_20_std": 0.000971,
        "nauc_ndcg_at_20_diff1": -0.017047,
        "nauc_ndcg_at_100_max": 0.135123,
        "nauc_ndcg_at_100_std": -0.104483,
        "nauc_ndcg_at_100_diff1": -0.025298,
        "nauc_ndcg_at_1000_max": 0.07979,
        "nauc_ndcg_at_1000_std": -0.047129,
        "nauc_ndcg_at_1000_diff1": 0.054293,
        "nauc_map_at_1_max": NaN,
        "nauc_map_at_1_std": NaN,
        "nauc_map_at_1_diff1": NaN,
        "nauc_map_at_3_max": NaN,
        "nauc_map_at_3_std": NaN,
        "nauc_map_at_3_diff1": NaN,
        "nauc_map_at_5_max": 0.549235,
        "nauc_map_at_5_std": 0.043601,
        "nauc_map_at_5_diff1": -0.200563,
        "nauc_map_at_10_max": 0.624363,
        "nauc_map_at_10_std": -0.059454,
        "nauc_map_at_10_diff1": -0.056815,
        "nauc_map_at_20_max": 0.394668,
        "nauc_map_at_20_std": -0.005956,
        "nauc_map_at_20_diff1": -0.067116,
        "nauc_map_at_100_max": 0.27783,
        "nauc_map_at_100_std": -0.053658,
        "nauc_map_at_100_diff1": -0.058054,
        "nauc_map_at_1000_max": 0.253718,
        "nauc_map_at_1000_std": -0.04371,
        "nauc_map_at_1000_diff1": -0.034256,
        "nauc_recall_at_1_max": NaN,
        "nauc_recall_at_1_std": NaN,
        "nauc_recall_at_1_diff1": NaN,
        "nauc_recall_at_3_max": NaN,
        "nauc_recall_at_3_std": NaN,
        "nauc_recall_at_3_diff1": NaN,
        "nauc_recall_at_5_max": 0.549235,
        "nauc_recall_at_5_std": 0.043601,
        "nauc_recall_at_5_diff1": -0.200563,
        "nauc_recall_at_10_max": 0.69949,
        "nauc_recall_at_10_std": -0.162508,
        "nauc_recall_at_10_diff1": 0.086933,
        "nauc_recall_at_20_max": 0.189115,
        "nauc_recall_at_20_std": 0.01118,
        "nauc_recall_at_20_diff1": 0.016501,
        "nauc_recall_at_100_max": 0.083284,
        "nauc_recall_at_100_std": -0.129769,
        "nauc_recall_at_100_diff1": -0.019117,
        "nauc_recall_at_1000_max": 0.030459,
        "nauc_recall_at_1000_std": -0.038823,
        "nauc_recall_at_1000_diff1": 0.084397,
        "nauc_precision_at_1_max": NaN,
        "nauc_precision_at_1_std": NaN,
        "nauc_precision_at_1_diff1": NaN,
        "nauc_precision_at_3_max": NaN,
        "nauc_precision_at_3_std": NaN,
        "nauc_precision_at_3_diff1": NaN,
        "nauc_precision_at_5_max": 0.549235,
        "nauc_precision_at_5_std": 0.043601,
        "nauc_precision_at_5_diff1": -0.200563,
        "nauc_precision_at_10_max": 0.69949,
        "nauc_precision_at_10_std": -0.162508,
        "nauc_precision_at_10_diff1": 0.086933,
        "nauc_precision_at_20_max": 0.189115,
        "nauc_precision_at_20_std": 0.01118,
        "nauc_precision_at_20_diff1": 0.016501,
        "nauc_precision_at_100_max": 0.083284,
        "nauc_precision_at_100_std": -0.129769,
        "nauc_precision_at_100_diff1": -0.019117,
        "nauc_precision_at_1000_max": 0.030459,
        "nauc_precision_at_1000_std": -0.038823,
        "nauc_precision_at_1000_diff1": 0.084397,
        "nauc_mrr_at_1_max": NaN,
        "nauc_mrr_at_1_std": NaN,
        "nauc_mrr_at_1_diff1": NaN,
        "nauc_mrr_at_3_max": NaN,
        "nauc_mrr_at_3_std": NaN,
        "nauc_mrr_at_3_diff1": NaN,
        "nauc_mrr_at_5_max": 0.549235,
        "nauc_mrr_at_5_std": 0.043601,
        "nauc_mrr_at_5_diff1": -0.200563,
        "nauc_mrr_at_10_max": 0.624363,
        "nauc_mrr_at_10_std": -0.059454,
        "nauc_mrr_at_10_diff1": -0.056815,
        "nauc_mrr_at_20_max": 0.394668,
        "nauc_mrr_at_20_std": -0.005956,
        "nauc_mrr_at_20_diff1": -0.067116,
        "nauc_mrr_at_100_max": 0.27783,
        "nauc_mrr_at_100_std": -0.053658,
        "nauc_mrr_at_100_diff1": -0.058054,
        "nauc_mrr_at_1000_max": 0.253715,
        "nauc_mrr_at_1000_std": -0.043707,
        "nauc_mrr_at_1000_diff1": -0.034253,
        "main_score": 0.00575,
        "hf_subset": "ko",
        "languages": [
          "kor-Hang"
        ]
      }
    ],
    "test": [
      {
        "ndcg_at_1": 0.015,
        "ndcg_at_3": 0.0175,
        "ndcg_at_5": 0.01965,
        "ndcg_at_10": 0.02123,
        "ndcg_at_20": 0.02248,
        "ndcg_at_100": 0.03563,
        "ndcg_at_1000": 0.06479,
        "map_at_1": 0.015,
        "map_at_3": 0.01667,
        "map_at_5": 0.01792,
        "map_at_10": 0.01854,
        "map_at_20": 0.01887,
        "map_at_100": 0.02045,
        "map_at_1000": 0.0212,
        "recall_at_1": 0.015,
        "recall_at_3": 0.02,
        "recall_at_5": 0.025,
        "recall_at_10": 0.03,
        "recall_at_20": 0.035,
        "recall_at_100": 0.11,
        "recall_at_1000": 0.36,
        "precision_at_1": 0.015,
        "precision_at_3": 0.00667,
        "precision_at_5": 0.005,
        "precision_at_10": 0.003,
        "precision_at_20": 0.00175,
        "precision_at_100": 0.0011,
        "precision_at_1000": 0.00036,
        "mrr_at_1": 0.015,
        "mrr_at_3": 0.016667,
        "mrr_at_5": 0.017917,
        "mrr_at_10": 0.018542,
        "mrr_at_20": 0.018875,
        "mrr_at_100": 0.020446,
        "mrr_at_1000": 0.021199,
        "nauc_ndcg_at_1_max": -0.211698,
        "nauc_ndcg_at_1_std": 0.143279,
        "nauc_ndcg_at_1_diff1": 0.474108,
        "nauc_ndcg_at_3_max": -0.038599,
        "nauc_ndcg_at_3_std": 0.040707,
        "nauc_ndcg_at_3_diff1": 0.36088,
        "nauc_ndcg_at_5_max": 0.001114,
        "nauc_ndcg_at_5_std": -0.009233,
        "nauc_ndcg_at_5_diff1": 0.286443,
        "nauc_ndcg_at_10_max": 0.075326,
        "nauc_ndcg_at_10_std": -0.051246,
        "nauc_ndcg_at_10_diff1": 0.2415,
        "nauc_ndcg_at_20_max": 0.126741,
        "nauc_ndcg_at_20_std": 0.007207,
        "nauc_ndcg_at_20_diff1": 0.246079,
        "nauc_ndcg_at_100_max": 0.091027,
        "nauc_ndcg_at_100_std": -0.004864,
        "nauc_ndcg_at_100_diff1": 0.181144,
        "nauc_ndcg_at_1000_max": 0.061982,
        "nauc_ndcg_at_1000_std": -0.07273,
        "nauc_ndcg_at_1000_diff1": 0.122178,
        "nauc_map_at_1_max": -0.211698,
        "nauc_map_at_1_std": 0.143279,
        "nauc_map_at_1_diff1": 0.474108,
        "nauc_map_at_3_max": -0.090529,
        "nauc_map_at_3_std": 0.071478,
        "nauc_map_at_3_diff1": 0.394848,
        "nauc_map_at_5_max": -0.061618,