{
  "dataset_revision": "main",
  "task_name": "PublicHealthQA",
  "mteb_version": "1.31.1",
  "scores": {
    "test": [
      {
        "ndcg_at_1": 0.15584,
        "ndcg_at_3": 0.2064,
        "ndcg_at_5": 0.24384,
        "ndcg_at_10": 0.29936,
        "ndcg_at_20": 0.35024,
        "ndcg_at_100": 0.40591,
        "ndcg_at_1000": 0.40591,
        "map_at_1": 0.15584,
        "map_at_3": 0.19264,
        "map_at_5": 0.21342,
        "map_at_10": 0.23684,
        "map_at_20": 0.25169,
        "map_at_100": 0.25938,
        "map_at_1000": 0.25938,
        "recall_at_1": 0.15584,
        "recall_at_3": 0.24675,
        "recall_at_5": 0.33766,
        "recall_at_10": 0.50649,
        "recall_at_20": 0.7013,
        "recall_at_100": 1.0,
        "recall_at_1000": 1.0,
        "precision_at_1": 0.15584,
        "precision_at_3": 0.08225,
        "precision_at_5": 0.06753,
        "precision_at_10": 0.05065,
        "precision_at_20": 0.03506,
        "precision_at_100": 0.01,
        "precision_at_1000": 0.001,
        "mrr_at_1": 0.155844,
        "mrr_at_3": 0.192641,
        "mrr_at_5": 0.21342,
        "mrr_at_10": 0.236843,
        "mrr_at_20": 0.25169,
        "mrr_at_100": 0.259384,
        "mrr_at_1000": 0.259384,
        "nauc_ndcg_at_1_max": -0.026241,
        "nauc_ndcg_at_1_std": 0.256145,
        "nauc_ndcg_at_1_diff1": 0.580803,
        "nauc_ndcg_at_3_max": -0.033749,
        "nauc_ndcg_at_3_std": 0.261505,
        "nauc_ndcg_at_3_diff1": 0.495833,
        "nauc_ndcg_at_5_max": -0.022591,
        "nauc_ndcg_at_5_std": 0.203356,
        "nauc_ndcg_at_5_diff1": 0.443204,
        "nauc_ndcg_at_10_max": -0.015466,
        "nauc_ndcg_at_10_std": 0.21573,
        "nauc_ndcg_at_10_diff1": 0.439673,
        "nauc_ndcg_at_20_max": 0.061135,
        "nauc_ndcg_at_20_std": 0.214982,
        "nauc_ndcg_at_20_diff1": 0.458672,
        "nauc_ndcg_at_100_max": 0.012389,
        "nauc_ndcg_at_100_std": 0.22238,
        "nauc_ndcg_at_100_diff1": 0.485586,
        "nauc_ndcg_at_1000_max": 0.012389,
        "nauc_ndcg_at_1000_std": 0.22238,
        "nauc_ndcg_at_1000_diff1": 0.485586,
        "nauc_map_at_1_max": -0.026241,
        "nauc_map_at_1_std": 0.256145,
        "nauc_map_at_1_diff1": 0.580803,
        "nauc_map_at_3_max": -0.027261,
        "nauc_map_at_3_std": 0.261552,
        "nauc_map_at_3_diff1": 0.517923,
        "nauc_map_at_5_max": -0.021294,
        "nauc_map_at_5_std": 0.227488,
        "nauc_map_at_5_diff1": 0.488358,
        "nauc_map_at_10_max": -0.020773,
        "nauc_map_at_10_std": 0.235401,
        "nauc_map_at_10_diff1": 0.487733,
        "nauc_map_at_20_max": 0.002206,
        "nauc_map_at_20_std": 0.234286,
        "nauc_map_at_20_diff1": 0.494385,
        "nauc_map_at_100_max": -0.002988,
        "nauc_map_at_100_std": 0.233752,
        "nauc_map_at_100_diff1": 0.499898,
        "nauc_map_at_1000_max": -0.002988,
        "nauc_map_at_1000_std": 0.233752,
        "nauc_map_at_1000_diff1": 0.499898,
        "nauc_recall_at_1_max": -0.026241,
        "nauc_recall_at_1_std": 0.256145,
        "nauc_recall_at_1_diff1": 0.580803,
        "nauc_recall_at_3_max": -0.051717,
        "nauc_recall_at_3_std": 0.260964,
        "nauc_recall_at_3_diff1": 0.439169,
        "nauc_recall_at_5_max": -0.025461,
        "nauc_recall_at_5_std": 0.140117,
        "nauc_recall_at_5_diff1": 0.329058,
        "nauc_recall_at_10_max": 0.003867,
        "nauc_recall_at_10_std": 0.162315,
        "nauc_recall_at_10_diff1": 0.314925,
        "nauc_recall_at_20_max": 0.317072,
        "nauc_recall_at_20_std": 0.151342,
        "nauc_recall_at_20_diff1": 0.34948,
        "nauc_recall_at_100_max": NaN,
        "nauc_recall_at_100_std": NaN,
        "nauc_recall_at_100_diff1": NaN,
        "nauc_recall_at_1000_max": NaN,
        "nauc_recall_at_1000_std": NaN,
        "nauc_recall_at_1000_diff1": NaN,
        "nauc_precision_at_1_max": -0.026241,
        "nauc_precision_at_1_std": 0.256145,
        "nauc_precision_at_1_diff1": 0.580803,
        "nauc_precision_at_3_max": -0.051717,
        "nauc_precision_at_3_std": 0.260964,
        "nauc_precision_at_3_diff1": 0.439169,
        "nauc_precision_at_5_max": -0.025461,
        "nauc_precision_at_5_std": 0.140117,
        "nauc_precision_at_5_diff1": 0.329058,
        "nauc_precision_at_10_max": 0.003867,
        "nauc_precision_at_10_std": 0.162315,
        "nauc_precision_at_10_diff1": 0.314925,
        "nauc_precision_at_20_max": 0.317072,
        "nauc_precision_at_20_std": 0.151342,
        "nauc_precision_at_20_diff1": 0.34948,
        "nauc_precision_at_100_max": 1.0,
        "nauc_precision_at_100_std": 1.0,
        "nauc_precision_at_100_diff1": 1.0,
        "nauc_precision_at_1000_max": NaN,
        "nauc_precision_at_1000_std": NaN,
        "nauc_precision_at_1000_diff1": NaN,
        "nauc_mrr_at_1_max": -0.026241,
        "nauc_mrr_at_1_std": 0.256145,
        "nauc_mrr_at_1_diff1": 0.580803,
        "nauc_mrr_at_3_max": -0.027261,
        "nauc_mrr_at_3_std": 0.261552,
        "nauc_mrr_at_3_diff1": 0.517923,
        "nauc_mrr_at_5_max": -0.021294,
        "nauc_mrr_at_5_std": 0.227488,
        "nauc_mrr_at_5_diff1": 0.488358,
        "nauc_mrr_at_10_max": -0.020773,
        "nauc_mrr_at_10_std": 0.235401,
        "nauc_mrr_at_10_diff1": 0.487733,
        "nauc_mrr_at_20_max": 0.002206,
        "nauc_mrr_at_20_std": 0.234286,
        "nauc_mrr_at_20_diff1": 0.494385,
        "nauc_mrr_at_100_max": -0.002988,
        "nauc_mrr_at_100_std": 0.233752,
        "nauc_mrr_at_100_diff1": 0.499898,
        "nauc_mrr_at_1000_max": -0.002988,
        "nauc_mrr_at_1000_std": 0.233752,
        "nauc_mrr_at_1000_diff1": 0.499898,
        "main_score": 0.29936,
        "hf_subset": "korean",
        "languages": [
          "kor-Hang"
        ]
      }
    ]
  },
  "evaluation_time": 0.39307332038879395,
  "kg_co2_emissions": null
}