{
  "dataset_revision": "c99d599f0a6ab9b85b065da6f9d94f9cf731679f",
  "task_name": "XPQARetrieval",
  "mteb_version": "1.31.1",
  "scores": {
    "test": [
      {
        "ndcg_at_1": 0.07645,
        "ndcg_at_3": 0.07782,
        "ndcg_at_5": 0.08476,
        "ndcg_at_10": 0.09667,
        "ndcg_at_20": 0.10591,
        "ndcg_at_100": 0.13802,
        "ndcg_at_1000": 0.2249,
        "map_at_1": 0.04954,
        "map_at_3": 0.06682,
        "map_at_5": 0.07111,
        "map_at_10": 0.07629,
        "map_at_20": 0.07882,
        "map_at_100": 0.08293,
        "map_at_1000": 0.0855,
        "recall_at_1": 0.04954,
        "recall_at_3": 0.0829,
        "recall_at_5": 0.1013,
        "recall_at_10": 0.13486,
        "recall_at_20": 0.16784,
        "recall_at_100": 0.32979,
        "recall_at_1000": 1.0,
        "precision_at_1": 0.07645,
        "precision_at_3": 0.04434,
        "precision_at_5": 0.0315,
        "precision_at_10": 0.02064,
        "precision_at_20": 0.01292,
        "precision_at_100": 0.00517,
        "precision_at_1000": 0.00156,
        "mrr_at_1": 0.077982,
        "mrr_at_3": 0.092762,
        "mrr_at_5": 0.097426,
        "mrr_at_10": 0.102818,
        "mrr_at_20": 0.105432,
        "mrr_at_100": 0.109438,
        "mrr_at_1000": 0.111346,
        "nauc_ndcg_at_1_max": 0.26449,
        "nauc_ndcg_at_1_std": -0.075755,
        "nauc_ndcg_at_1_diff1": 0.540169,
        "nauc_ndcg_at_3_max": 0.254613,
        "nauc_ndcg_at_3_std": -0.048332,
        "nauc_ndcg_at_3_diff1": 0.448101,
        "nauc_ndcg_at_5_max": 0.234316,
        "nauc_ndcg_at_5_std": -0.04241,
        "nauc_ndcg_at_5_diff1": 0.41395,
        "nauc_ndcg_at_10_max": 0.216457,
        "nauc_ndcg_at_10_std": -0.04408,
        "nauc_ndcg_at_10_diff1": 0.377489,
        "nauc_ndcg_at_20_max": 0.19048,
        "nauc_ndcg_at_20_std": -0.043009,
        "nauc_ndcg_at_20_diff1": 0.353751,
        "nauc_ndcg_at_100_max": 0.128659,
        "nauc_ndcg_at_100_std": -0.07792,
        "nauc_ndcg_at_100_diff1": 0.327226,
        "nauc_ndcg_at_1000_max": 0.157862,
        "nauc_ndcg_at_1000_std": -0.078132,
        "nauc_ndcg_at_1000_diff1": 0.361275,
        "nauc_map_at_1_max": 0.288621,
        "nauc_map_at_1_std": -0.082166,
        "nauc_map_at_1_diff1": 0.605401,
        "nauc_map_at_3_max": 0.280013,
        "nauc_map_at_3_std": -0.048608,
        "nauc_map_at_3_diff1": 0.481403,
        "nauc_map_at_5_max": 0.267271,
        "nauc_map_at_5_std": -0.045047,
        "nauc_map_at_5_diff1": 0.456397,
        "nauc_map_at_10_max": 0.259629,
        "nauc_map_at_10_std": -0.046231,
        "nauc_map_at_10_diff1": 0.439391,
        "nauc_map_at_20_max": 0.249287,
        "nauc_map_at_20_std": -0.046023,
        "nauc_map_at_20_diff1": 0.430477,
        "nauc_map_at_100_max": 0.235834,
        "nauc_map_at_100_std": -0.053136,
        "nauc_map_at_100_diff1": 0.424554,
        "nauc_map_at_1000_max": 0.235382,
        "nauc_map_at_1000_std": -0.054451,
        "nauc_map_at_1000_diff1": 0.425347,
        "nauc_recall_at_1_max": 0.288621,
        "nauc_recall_at_1_std": -0.082166,
        "nauc_recall_at_1_diff1": 0.605401,
        "nauc_recall_at_3_max": 0.229969,
        "nauc_recall_at_3_std": -0.038387,
        "nauc_recall_at_3_diff1": 0.391008,
        "nauc_recall_at_5_max": 0.19228,
        "nauc_recall_at_5_std": -0.021848,
        "nauc_recall_at_5_diff1": 0.313961,
        "nauc_recall_at_10_max": 0.164281,
        "nauc_recall_at_10_std": -0.02334,
        "nauc_recall_at_10_diff1": 0.248798,
        "nauc_recall_at_20_max": 0.108457,
        "nauc_recall_at_20_std": -0.023691,
        "nauc_recall_at_20_diff1": 0.209961,
        "nauc_recall_at_100_max": -0.033684,
        "nauc_recall_at_100_std": -0.110502,
        "nauc_recall_at_100_diff1": 0.168947,
        "nauc_recall_at_1000_max": NaN,
        "nauc_recall_at_1000_std": NaN,
        "nauc_recall_at_1000_diff1": NaN,
        "nauc_precision_at_1_max": 0.26449,
        "nauc_precision_at_1_std": -0.075755,
        "nauc_precision_at_1_diff1": 0.540169,
        "nauc_precision_at_3_max": 0.253082,
        "nauc_precision_at_3_std": -0.03171,
        "nauc_precision_at_3_diff1": 0.383944,
        "nauc_precision_at_5_max": 0.217047,
        "nauc_precision_at_5_std": -0.026092,
        "nauc_precision_at_5_diff1": 0.32809,
        "nauc_precision_at_10_max": 0.174432,
        "nauc_precision_at_10_std": -0.039498,
        "nauc_precision_at_10_diff1": 0.276433,
        "nauc_precision_at_20_max": 0.111379,
        "nauc_precision_at_20_std": -0.043282,
        "nauc_precision_at_20_diff1": 0.227184,
        "nauc_precision_at_100_max": -0.035007,
        "nauc_precision_at_100_std": -0.133031,
        "nauc_precision_at_100_diff1": 0.162616,
        "nauc_precision_at_1000_max": -0.073137,
        "nauc_precision_at_1000_std": -0.113786,
        "nauc_precision_at_1000_diff1": 0.052445,
        "nauc_mrr_at_1_max": 0.251177,
        "nauc_mrr_at_1_std": -0.084051,
        "nauc_mrr_at_1_diff1": 0.518326,
        "nauc_mrr_at_3_max": 0.225317,
        "nauc_mrr_at_3_std": -0.063303,
        "nauc_mrr_at_3_diff1": 0.453982,
        "nauc_mrr_at_5_max": 0.212489,
        "nauc_mrr_at_5_std": -0.062198,
        "nauc_mrr_at_5_diff1": 0.435671,
        "nauc_mrr_at_10_max": 0.199296,
        "nauc_mrr_at_10_std": -0.064702,
        "nauc_mrr_at_10_diff1": 0.415566,
        "nauc_mrr_at_20_max": 0.193922,
        "nauc_mrr_at_20_std": -0.062493,
        "nauc_mrr_at_20_diff1": 0.407408,
        "nauc_mrr_at_100_max": 0.185096,
        "nauc_mrr_at_100_std": -0.068815,
        "nauc_mrr_at_100_diff1": 0.402573,
        "nauc_mrr_at_1000_max": 0.185881,
        "nauc_mrr_at_1000_std": -0.069146,
        "nauc_mrr_at_1000_diff1": 0.404125,
        "main_score": 0.09667,
        "hf_subset": "kor-kor",
        "languages": [
          "kor-Hang",
          "kor-Hang"
        ]
      },
      {
        "ndcg_at_1": 0.00765,
        "ndcg_at_3": 0.01062,
        "ndcg_at_5": 0.01461,
        "ndcg_at_10": 0.01702,
        "ndcg_at_20": 0.02069,
        "ndcg_at_100": 0.03899,
        "ndcg_at_1000": 0.13466,
        "map_at_1": 0.00612,
        "map_at_3": 0.00896,
        "map_at_5": 0.01101,
        "map_at_10": 0.01176,
        "map_at_20": 0.01263,
        "map_at_100": 0.01468,
        "map_at_1000": 0.01736,
        "recall_at_1": 0.00612,
        "recall_at_3": 0.01198,
        "recall_at_5": 0.02128,
        "recall_at_10": 0.02661,
        "recall_at_20": 0.03863,
        "recall_at_100": 0.12635,
        "recall_at_1000": 0.821,
        "precision_at_1": 0.00765,
        "precision_at_3": 0.00561,
        "precision_at_5": 0.00612,
        "precision_at_10": 0.00459,
        "precision_at_20": 0.00367,
        "precision_at_100": 0.00248,
        "precision_at_1000": 0.00166,
        "mrr_at_1": 0.007645,
        "mrr_at_3": 0.011978,
        "mrr_at_5": 0.014959,
        "mrr_at_10": 0.017072,
        "mrr_at_20": 0.018336,
        "mrr_at_100": 0.021287,
        "mrr_at_1000": 0.023375,
        "nauc_ndcg_at_1_max": 0.154618,
        "nauc_ndcg_at_1_std": 0.035117,
        "nauc_ndcg_at_1_diff1": 0.729346,
        "nauc_ndcg_at_3_max": 0.202386,
        "nauc_ndcg_at_3_std": 0.093197,
        "nauc_ndcg_at_3_diff1": 0.301637,
        "nauc_ndcg_at_5_max": 0.194467,
        "nauc_ndcg_at_5_std": 0.115136,
        "nauc_ndcg_at_5_diff1": 0.221453,
        "nauc_ndcg_at_10_max": 0.191327,
        "nauc_ndcg_at_10_std": 0.099942,
        "nauc_ndcg_at_10_diff1": 0.170883,
        "nauc_ndcg_at_20_max": 0.146354,
        "nauc_ndcg_at_20_std": 0.149334,
        "nauc_ndcg_at_20_diff1": 0.113144,
        "nauc_ndcg_at_100_max": 0.084018,
        "nauc_ndcg_at_100_std": 0.099649,
        "nauc_ndcg_at_100_diff1": 0.056181,
        "nauc_ndcg_at_1000_max": 0.024096,
        "nauc_ndcg_at_1000_std": 0.089326,
        "nauc_ndcg_at_1000_diff1": 0.069632,
        "nauc_map_at_1_max": 0.108027,