{
  "dataset_revision": "fd7df84ac089bbec763b1c6bb1b56e985df5cc5c",
  "task_name": "AutoRAGRetrieval",
  "mteb_version": "1.31.1",
  "scores": {
    "test": [
      {
        "ndcg_at_1": 0.59649,
        "ndcg_at_3": 0.72452,
        "ndcg_at_5": 0.7468,
        "ndcg_at_10": 0.77108,
        "ndcg_at_20": 0.77556,
        "ndcg_at_100": 0.78411,
        "ndcg_at_1000": 0.78411,
        "map_at_1": 0.59649,
        "map_at_3": 0.69298,
        "map_at_5": 0.7057,
        "map_at_10": 0.71667,
        "map_at_20": 0.71793,
        "map_at_100": 0.71923,
        "map_at_1000": 0.71923,
        "recall_at_1": 0.59649,
        "recall_at_3": 0.81579,
        "recall_at_5": 0.86842,
        "recall_at_10": 0.9386,
        "recall_at_20": 0.95614,
        "recall_at_100": 1.0,
        "recall_at_1000": 1.0,
        "precision_at_1": 0.59649,
        "precision_at_3": 0.27193,
        "precision_at_5": 0.17368,
        "precision_at_10": 0.09386,
        "precision_at_20": 0.04781,
        "precision_at_100": 0.01,
        "precision_at_1000": 0.001,
        "mrr_at_1": 0.596491,
        "mrr_at_3": 0.692982,
        "mrr_at_5": 0.705702,
        "mrr_at_10": 0.716667,
        "mrr_at_20": 0.717926,
        "mrr_at_100": 0.71923,
        "mrr_at_1000": 0.71923,
        "nauc_ndcg_at_1_max": 0.190829,
        "nauc_ndcg_at_1_std": -0.35315,
        "nauc_ndcg_at_1_diff1": 0.611083,
        "nauc_ndcg_at_3_max": 0.243924,
        "nauc_ndcg_at_3_std": -0.466949,
        "nauc_ndcg_at_3_diff1": 0.589644,
        "nauc_ndcg_at_5_max": 0.250977,
        "nauc_ndcg_at_5_std": -0.508664,
        "nauc_ndcg_at_5_diff1": 0.581688,
        "nauc_ndcg_at_10_max": 0.242037,
        "nauc_ndcg_at_10_std": -0.511818,
        "nauc_ndcg_at_10_diff1": 0.580009,
        "nauc_ndcg_at_20_max": 0.259962,
        "nauc_ndcg_at_20_std": -0.502943,
        "nauc_ndcg_at_20_diff1": 0.598048,
        "nauc_ndcg_at_100_max": 0.238163,
        "nauc_ndcg_at_100_std": -0.467474,
        "nauc_ndcg_at_100_diff1": 0.592572,
        "nauc_ndcg_at_1000_max": 0.238163,
        "nauc_ndcg_at_1000_std": -0.467474,
        "nauc_ndcg_at_1000_diff1": 0.592572,
        "nauc_map_at_1_max": 0.190829,
        "nauc_map_at_1_std": -0.35315,
        "nauc_map_at_1_diff1": 0.611083,
        "nauc_map_at_3_max": 0.231644,
        "nauc_map_at_3_std": -0.435649,
        "nauc_map_at_3_diff1": 0.593838,
        "nauc_map_at_5_max": 0.232944,
        "nauc_map_at_5_std": -0.455672,
        "nauc_map_at_5_diff1": 0.590002,
        "nauc_map_at_10_max": 0.22765,
        "nauc_map_at_10_std": -0.455155,
        "nauc_map_at_10_diff1": 0.589327,
        "nauc_map_at_20_max": 0.232936,
        "nauc_map_at_20_std": -0.452559,
        "nauc_map_at_20_diff1": 0.594481,
        "nauc_map_at_100_max": 0.230258,
        "nauc_map_at_100_std": -0.448309,
        "nauc_map_at_100_diff1": 0.593652,
        "nauc_map_at_1000_max": 0.230258,
        "nauc_map_at_1000_std": -0.448309,
        "nauc_map_at_1000_diff1": 0.593652,
        "nauc_recall_at_1_max": 0.190829,
        "nauc_recall_at_1_std": -0.35315,
        "nauc_recall_at_1_diff1": 0.611083,
        "nauc_recall_at_3_max": 0.293896,
        "nauc_recall_at_3_std": -0.598238,
        "nauc_recall_at_3_diff1": 0.573181,
        "nauc_recall_at_5_max": 0.353348,
        "nauc_recall_at_5_std": -0.807743,
        "nauc_recall_at_5_diff1": 0.53581,
        "nauc_recall_at_10_max": 0.405033,
        "nauc_recall_at_10_std": -1.143569,
        "nauc_recall_at_10_diff1": 0.479653,
        "nauc_recall_at_20_max": 0.718354,
        "nauc_recall_at_20_std": -1.258857,
        "nauc_recall_at_20_diff1": 0.700897,
        "nauc_recall_at_100_max": NaN,
        "nauc_recall_at_100_std": NaN,
        "nauc_recall_at_100_diff1": NaN,
        "nauc_recall_at_1000_max": NaN,
        "nauc_recall_at_1000_std": NaN,
        "nauc_recall_at_1000_diff1": NaN,
        "nauc_precision_at_1_max": 0.190829,
        "nauc_precision_at_1_std": -0.35315,
        "nauc_precision_at_1_diff1": 0.611083,
        "nauc_precision_at_3_max": 0.293896,
        "nauc_precision_at_3_std": -0.598238,
        "nauc_precision_at_3_diff1": 0.573181,
        "nauc_precision_at_5_max": 0.353348,
        "nauc_precision_at_5_std": -0.807743,
        "nauc_precision_at_5_diff1": 0.53581,
        "nauc_precision_at_10_max": 0.405033,
        "nauc_precision_at_10_std": -1.143569,
        "nauc_precision_at_10_diff1": 0.479653,
        "nauc_precision_at_20_max": 0.718354,
        "nauc_precision_at_20_std": -1.258857,
        "nauc_precision_at_20_diff1": 0.700897,
        "nauc_precision_at_100_max": 1.0,
        "nauc_precision_at_100_std": 1.0,
        "nauc_precision_at_100_diff1": 1.0,
        "nauc_precision_at_1000_max": 1.0,
        "nauc_precision_at_1000_std": 1.0,
        "nauc_precision_at_1000_diff1": 1.0,
        "nauc_mrr_at_1_max": 0.190829,
        "nauc_mrr_at_1_std": -0.35315,
        "nauc_mrr_at_1_diff1": 0.611083,
        "nauc_mrr_at_3_max": 0.231644,
        "nauc_mrr_at_3_std": -0.435649,
        "nauc_mrr_at_3_diff1": 0.593838,
        "nauc_mrr_at_5_max": 0.232944,
        "nauc_mrr_at_5_std": -0.455672,
        "nauc_mrr_at_5_diff1": 0.590002,
        "nauc_mrr_at_10_max": 0.22765,
        "nauc_mrr_at_10_std": -0.455155,
        "nauc_mrr_at_10_diff1": 0.589327,
        "nauc_mrr_at_20_max": 0.232936,
        "nauc_mrr_at_20_std": -0.452559,
        "nauc_mrr_at_20_diff1": 0.594481,
        "nauc_mrr_at_100_max": 0.230258,
        "nauc_mrr_at_100_std": -0.448309,
        "nauc_mrr_at_100_diff1": 0.593652,
        "nauc_mrr_at_1000_max": 0.230258,
        "nauc_mrr_at_1000_std": -0.448309,
        "nauc_mrr_at_1000_diff1": 0.593652,
        "main_score": 0.77108,
        "hf_subset": "default",
        "languages": [
          "kor-Hang"
        ]
      }
    ]
  },
  "evaluation_time": 7.8863303661346436,
  "kg_co2_emissions": null
}