{
  "dataset_revision": "75b399394a9803252cfec289d103de462763db7c",
  "task_name": "BelebeleRetrieval",
  "mteb_version": "1.31.1",
  "scores": {
    "test": [
      {
        "ndcg_at_1": 0.80333,
        "ndcg_at_3": 0.86465,
        "ndcg_at_5": 0.87532,
        "ndcg_at_10": 0.8796,
        "ndcg_at_20": 0.88409,
        "ndcg_at_100": 0.88994,
        "ndcg_at_1000": 0.89097,
        "map_at_1": 0.80333,
        "map_at_3": 0.85074,
        "map_at_5": 0.85674,
        "map_at_10": 0.85849,
        "map_at_20": 0.85972,
        "map_at_100": 0.86055,
        "map_at_1000": 0.86059,
        "recall_at_1": 0.80333,
        "recall_at_3": 0.90444,
        "recall_at_5": 0.93,
        "recall_at_10": 0.94333,
        "recall_at_20": 0.96111,
        "recall_at_100": 0.99222,
        "recall_at_1000": 1.0,
        "precision_at_1": 0.80333,
        "precision_at_3": 0.30148,
        "precision_at_5": 0.186,
        "precision_at_10": 0.09433,
        "precision_at_20": 0.04806,
        "precision_at_100": 0.00992,
        "precision_at_1000": 0.001,
        "mrr_at_1": 0.803333,
        "mrr_at_3": 0.850741,
        "mrr_at_5": 0.856741,
        "mrr_at_10": 0.858487,
        "mrr_at_20": 0.859719,
        "mrr_at_100": 0.86055,
        "mrr_at_1000": 0.860594,
        "nauc_ndcg_at_1_max": 0.71446,
        "nauc_ndcg_at_1_std": -0.030755,
        "nauc_ndcg_at_1_diff1": 0.878385,
        "nauc_ndcg_at_3_max": 0.746075,
        "nauc_ndcg_at_3_std": 0.014316,
        "nauc_ndcg_at_3_diff1": 0.851873,
        "nauc_ndcg_at_5_max": 0.758843,
        "nauc_ndcg_at_5_std": 0.046603,
        "nauc_ndcg_at_5_diff1": 0.860082,
        "nauc_ndcg_at_10_max": 0.753731,
        "nauc_ndcg_at_10_std": 0.027439,
        "nauc_ndcg_at_10_diff1": 0.860146,
        "nauc_ndcg_at_20_max": 0.756589,
        "nauc_ndcg_at_20_std": 0.034726,
        "nauc_ndcg_at_20_diff1": 0.866068,
        "nauc_ndcg_at_100_max": 0.749727,
        "nauc_ndcg_at_100_std": 0.030462,
        "nauc_ndcg_at_100_diff1": 0.864671,
        "nauc_ndcg_at_1000_max": 0.747619,
        "nauc_ndcg_at_1000_std": 0.023165,
        "nauc_ndcg_at_1000_diff1": 0.864074,
        "nauc_map_at_1_max": 0.71446,
        "nauc_map_at_1_std": -0.030755,
        "nauc_map_at_1_diff1": 0.878385,
        "nauc_map_at_3_max": 0.738041,
        "nauc_map_at_3_std": 0.003769,
        "nauc_map_at_3_diff1": 0.85956,
        "nauc_map_at_5_max": 0.744165,
        "nauc_map_at_5_std": 0.019814,
        "nauc_map_at_5_diff1": 0.863991,
        "nauc_map_at_10_max": 0.742302,
        "nauc_map_at_10_std": 0.013078,
        "nauc_map_at_10_diff1": 0.864213,
        "nauc_map_at_20_max": 0.742786,
        "nauc_map_at_20_std": 0.015016,
        "nauc_map_at_20_diff1": 0.865381,
        "nauc_map_at_100_max": 0.74193,
        "nauc_map_at_100_std": 0.013971,
        "nauc_map_at_100_diff1": 0.865156,
        "nauc_map_at_1000_max": 0.741859,
        "nauc_map_at_1000_std": 0.013735,
        "nauc_map_at_1000_diff1": 0.865136,
        "nauc_recall_at_1_max": 0.71446,
        "nauc_recall_at_1_std": -0.030755,
        "nauc_recall_at_1_diff1": 0.878385,
        "nauc_recall_at_3_max": 0.779569,
        "nauc_recall_at_3_std": 0.057602,
        "nauc_recall_at_3_diff1": 0.819111,
        "nauc_recall_at_5_max": 0.842685,
        "nauc_recall_at_5_std": 0.201043,
        "nauc_recall_at_5_diff1": 0.840432,
        "nauc_recall_at_10_max": 0.828509,
        "nauc_recall_at_10_std": 0.111624,
        "nauc_recall_at_10_diff1": 0.834377,
        "nauc_recall_at_20_max": 0.896759,
        "nauc_recall_at_20_std": 0.222329,
        "nauc_recall_at_20_diff1": 0.895158,
        "nauc_recall_at_100_max": 0.962652,
        "nauc_recall_at_100_std": 0.773643,
        "nauc_recall_at_100_diff1": 0.925303,
        "nauc_recall_at_1000_max": NaN,
        "nauc_recall_at_1000_std": NaN,
        "nauc_recall_at_1000_diff1": NaN,
        "nauc_precision_at_1_max": 0.71446,
        "nauc_precision_at_1_std": -0.030755,
        "nauc_precision_at_1_diff1": 0.878385,
        "nauc_precision_at_3_max": 0.779569,
        "nauc_precision_at_3_std": 0.057602,
        "nauc_precision_at_3_diff1": 0.819111,
        "nauc_precision_at_5_max": 0.842685,
        "nauc_precision_at_5_std": 0.201043,
        "nauc_precision_at_5_diff1": 0.840432,
        "nauc_precision_at_10_max": 0.828509,
        "nauc_precision_at_10_std": 0.111624,
        "nauc_precision_at_10_diff1": 0.834377,
        "nauc_precision_at_20_max": 0.896759,
        "nauc_precision_at_20_std": 0.222329,
        "nauc_precision_at_20_diff1": 0.895158,
        "nauc_precision_at_100_max": 0.962652,
        "nauc_precision_at_100_std": 0.773643,
        "nauc_precision_at_100_diff1": 0.925303,
        "nauc_precision_at_1000_max": NaN,
        "nauc_precision_at_1000_std": NaN,
        "nauc_precision_at_1000_diff1": NaN,
        "nauc_mrr_at_1_max": 0.71446,
        "nauc_mrr_at_1_std": -0.030755,
        "nauc_mrr_at_1_diff1": 0.878385,
        "nauc_mrr_at_3_max": 0.738041,
        "nauc_mrr_at_3_std": 0.003769,
        "nauc_mrr_at_3_diff1": 0.85956,
        "nauc_mrr_at_5_max": 0.744165,
        "nauc_mrr_at_5_std": 0.019814,
        "nauc_mrr_at_5_diff1": 0.863991,
        "nauc_mrr_at_10_max": 0.742302,
        "nauc_mrr_at_10_std": 0.013078,
        "nauc_mrr_at_10_diff1": 0.864213,
        "nauc_mrr_at_20_max": 0.742786,
        "nauc_mrr_at_20_std": 0.015016,
        "nauc_mrr_at_20_diff1": 0.865381,
        "nauc_mrr_at_100_max": 0.74193,
        "nauc_mrr_at_100_std": 0.013971,
        "nauc_mrr_at_100_diff1": 0.865156,
        "nauc_mrr_at_1000_max": 0.741859,
        "nauc_mrr_at_1000_std": 0.013735,
        "nauc_mrr_at_1000_diff1": 0.865136,
        "main_score": 0.8796,
        "hf_subset": "kor_Hang-kor_Hang",
        "languages": [
          "kor-Hang",
          "kor-Hang"
        ]
      },
      {
        "ndcg_at_1": 0.79778,
        "ndcg_at_3": 0.86407,
        "ndcg_at_5": 0.8734,
        "ndcg_at_10": 0.88062,
        "ndcg_at_20": 0.88536,
        "ndcg_at_100": 0.88921,
        "ndcg_at_1000": 0.88998,
        "map_at_1": 0.79778,
        "map_at_3": 0.84815,
        "map_at_5": 0.85343,
        "map_at_10": 0.85643,
        "map_at_20": 0.85771,
        "map_at_100": 0.85821,
        "map_at_1000": 0.85825,
        "recall_at_1": 0.79778,
        "recall_at_3": 0.91,
        "recall_at_5": 0.93222,
        "recall_at_10": 0.95444,
        "recall_at_20": 0.97333,
        "recall_at_100": 0.99444,
        "recall_at_1000": 1.0,
        "precision_at_1": 0.79778,
        "precision_at_3": 0.30333,
        "precision_at_5": 0.18644,
        "precision_at_10": 0.09544,
        "precision_at_20": 0.04867,
        "precision_at_100": 0.00994,
        "precision_at_1000": 0.001,
        "mrr_at_1": 0.797778,
        "mrr_at_3": 0.848148,
        "mrr_at_5": 0.853426,
        "mrr_at_10": 0.856428,
        "mrr_at_20": 0.857707,
        "mrr_at_100": 0.858215,
        "mrr_at_1000": 0.858251,
        "nauc_ndcg_at_1_max": 0.613607,
        "nauc_ndcg_at_1_std": -0.108311,
        "nauc_ndcg_at_1_diff1": 0.84691,
        "nauc_ndcg_at_3_max": 0.639635,
        "nauc_ndcg_at_3_std": -0.079097,
        "nauc_ndcg_at_3_diff1": 0.819603,
        "nauc_ndcg_at_5_max": 0.639538,
        "nauc_ndcg_at_5_std": -0.062512,
        "nauc_ndcg_at_5_diff1": 0.818156,
        "nauc_ndcg_at_10_max": 0.643211,
        "nauc_ndcg_at_10_std": -0.068273,
        "nauc_ndcg_at_10_diff1": 0.82367,
        "nauc_ndcg_at_20_max": 0.642556,
        "nauc_ndcg_at_20_std": -0.077715,
        "nauc_ndcg_at_20_diff1": 0.824333,
        "nauc_ndcg_at_100_max": 0.639449,
        "nauc_ndcg_at_100_std": -0.072529,
        "nauc_ndcg_at_100_diff1": 0.827514,
        "nauc_ndcg_at_1000_max": 0.636822,
        "nauc_ndcg_at_1000_std": -0.079569,
        "nauc_ndcg_at_1000_diff1": 0.827275,
        "nauc_map_at_1_max": 0.613607,
        "nauc_map_at_1_std": -0.108311,