{
  "dataset_revision": "d67138e705d963e346253a80e59676ddb418810a",
  "task_name": "MultiLongDocRetrieval",
  "mteb_version": "1.31.1",
  "scores": {
    "dev": [
      {
        "ndcg_at_1": 0.36,
        "ndcg_at_3": 0.44178,
        "ndcg_at_5": 0.4562,
        "ndcg_at_10": 0.48402,
        "ndcg_at_20": 0.50135,
        "ndcg_at_100": 0.53127,
        "ndcg_at_1000": 0.54818,
        "map_at_1": 0.36,
        "map_at_3": 0.42167,
        "map_at_5": 0.42967,
        "map_at_10": 0.44135,
        "map_at_20": 0.44591,
        "map_at_100": 0.45013,
        "map_at_1000": 0.45073,
        "recall_at_1": 0.36,
        "recall_at_3": 0.5,
        "recall_at_5": 0.535,
        "recall_at_10": 0.62,
        "recall_at_20": 0.69,
        "recall_at_100": 0.85,
        "recall_at_1000": 0.985,
        "precision_at_1": 0.36,
        "precision_at_3": 0.16667,
        "precision_at_5": 0.107,
        "precision_at_10": 0.062,
        "precision_at_20": 0.0345,
        "precision_at_100": 0.0085,
        "precision_at_1000": 0.00099,
        "mrr_at_1": 0.36,
        "mrr_at_3": 0.421667,
        "mrr_at_5": 0.429667,
        "mrr_at_10": 0.441351,
        "mrr_at_20": 0.445908,
        "mrr_at_100": 0.45013,
        "mrr_at_1000": 0.450733,
        "nauc_ndcg_at_1_max": 0.584042,
        "nauc_ndcg_at_1_std": -0.021834,
        "nauc_ndcg_at_1_diff1": 0.712644,
        "nauc_ndcg_at_3_max": 0.600454,
        "nauc_ndcg_at_3_std": 0.047788,
        "nauc_ndcg_at_3_diff1": 0.65066,
        "nauc_ndcg_at_5_max": 0.6006,
        "nauc_ndcg_at_5_std": 0.07005,
        "nauc_ndcg_at_5_diff1": 0.628775,
        "nauc_ndcg_at_10_max": 0.598249,
        "nauc_ndcg_at_10_std": 0.060066,
        "nauc_ndcg_at_10_diff1": 0.62932,
        "nauc_ndcg_at_20_max": 0.597058,
        "nauc_ndcg_at_20_std": 0.076225,
        "nauc_ndcg_at_20_diff1": 0.626181,
        "nauc_ndcg_at_100_max": 0.603734,
        "nauc_ndcg_at_100_std": 0.097858,
        "nauc_ndcg_at_100_diff1": 0.636059,
        "nauc_ndcg_at_1000_max": 0.599847,
        "nauc_ndcg_at_1000_std": 0.074107,
        "nauc_ndcg_at_1000_diff1": 0.643257,
        "nauc_map_at_1_max": 0.584042,
        "nauc_map_at_1_std": -0.021834,
        "nauc_map_at_1_diff1": 0.712644,
        "nauc_map_at_3_max": 0.591838,
        "nauc_map_at_3_std": 0.027993,
        "nauc_map_at_3_diff1": 0.664069,
        "nauc_map_at_5_max": 0.591985,
        "nauc_map_at_5_std": 0.040402,
        "nauc_map_at_5_diff1": 0.65224,
        "nauc_map_at_10_max": 0.590925,
        "nauc_map_at_10_std": 0.036022,
        "nauc_map_at_10_diff1": 0.652369,
        "nauc_map_at_20_max": 0.590853,
        "nauc_map_at_20_std": 0.040206,
        "nauc_map_at_20_diff1": 0.65203,
        "nauc_map_at_100_max": 0.591719,
        "nauc_map_at_100_std": 0.042691,
        "nauc_map_at_100_diff1": 0.653738,
        "nauc_map_at_1000_max": 0.591598,
        "nauc_map_at_1000_std": 0.042047,
        "nauc_map_at_1000_diff1": 0.654,
        "nauc_recall_at_1_max": 0.584042,
        "nauc_recall_at_1_std": -0.021834,
        "nauc_recall_at_1_diff1": 0.712644,
        "nauc_recall_at_3_max": 0.627522,
        "nauc_recall_at_3_std": 0.106742,
        "nauc_recall_at_3_diff1": 0.612225,
        "nauc_recall_at_5_max": 0.628297,
        "nauc_recall_at_5_std": 0.163185,
        "nauc_recall_at_5_diff1": 0.555658,
        "nauc_recall_at_10_max": 0.623442,
        "nauc_recall_at_10_std": 0.139187,
        "nauc_recall_at_10_diff1": 0.551872,
        "nauc_recall_at_20_max": 0.618437,
        "nauc_recall_at_20_std": 0.228434,
        "nauc_recall_at_20_diff1": 0.522082,
        "nauc_recall_at_100_max": 0.711699,
        "nauc_recall_at_100_std": 0.598715,
        "nauc_recall_at_100_diff1": 0.541279,
        "nauc_recall_at_1000_max": 1.0,
        "nauc_recall_at_1000_std": 1.0,
        "nauc_recall_at_1000_diff1": 0.807812,
        "nauc_precision_at_1_max": 0.584042,
        "nauc_precision_at_1_std": -0.021834,
        "nauc_precision_at_1_diff1": 0.712644,
        "nauc_precision_at_3_max": 0.627522,
        "nauc_precision_at_3_std": 0.106742,
        "nauc_precision_at_3_diff1": 0.612225,
        "nauc_precision_at_5_max": 0.628297,
        "nauc_precision_at_5_std": 0.163185,
        "nauc_precision_at_5_diff1": 0.555658,
        "nauc_precision_at_10_max": 0.623442,
        "nauc_precision_at_10_std": 0.139187,
        "nauc_precision_at_10_diff1": 0.551872,
        "nauc_precision_at_20_max": 0.618437,
        "nauc_precision_at_20_std": 0.228434,
        "nauc_precision_at_20_diff1": 0.522082,
        "nauc_precision_at_100_max": 0.711699,
        "nauc_precision_at_100_std": 0.598715,
        "nauc_precision_at_100_diff1": 0.541279,
        "nauc_precision_at_1000_max": 1.0,
        "nauc_precision_at_1000_std": 1.0,
        "nauc_precision_at_1000_diff1": 0.807812,
        "nauc_mrr_at_1_max": 0.584042,
        "nauc_mrr_at_1_std": -0.021834,
        "nauc_mrr_at_1_diff1": 0.712644,
        "nauc_mrr_at_3_max": 0.591838,
        "nauc_mrr_at_3_std": 0.027993,
        "nauc_mrr_at_3_diff1": 0.664069,
        "nauc_mrr_at_5_max": 0.591985,
        "nauc_mrr_at_5_std": 0.040402,
        "nauc_mrr_at_5_diff1": 0.65224,
        "nauc_mrr_at_10_max": 0.590925,
        "nauc_mrr_at_10_std": 0.036022,
        "nauc_mrr_at_10_diff1": 0.652369,
        "nauc_mrr_at_20_max": 0.590853,
        "nauc_mrr_at_20_std": 0.040206,
        "nauc_mrr_at_20_diff1": 0.65203,
        "nauc_mrr_at_100_max": 0.591719,
        "nauc_mrr_at_100_std": 0.042691,
        "nauc_mrr_at_100_diff1": 0.653738,
        "nauc_mrr_at_1000_max": 0.591598,
        "nauc_mrr_at_1000_std": 0.042047,
        "nauc_mrr_at_1000_diff1": 0.654,
        "main_score": 0.48402,
        "hf_subset": "ko",
        "languages": [
          "kor-Hang"
        ]
      }
    ],
    "test": [
      {
        "ndcg_at_1": 0.33,
        "ndcg_at_3": 0.4269,
        "ndcg_at_5": 0.44971,
        "ndcg_at_10": 0.46733,
        "ndcg_at_20": 0.48667,
        "ndcg_at_100": 0.51055,
        "ndcg_at_1000": 0.53145,
        "map_at_1": 0.33,
        "map_at_3": 0.40333,
        "map_at_5": 0.41608,
        "map_at_10": 0.42326,
        "map_at_20": 0.42878,
        "map_at_100": 0.43228,
        "map_at_1000": 0.43308,
        "recall_at_1": 0.33,
        "recall_at_3": 0.495,
        "recall_at_5": 0.55,
        "recall_at_10": 0.605,
        "recall_at_20": 0.68,
        "recall_at_100": 0.805,
        "recall_at_1000": 0.97,
        "precision_at_1": 0.33,
        "precision_at_3": 0.165,
        "precision_at_5": 0.11,
        "precision_at_10": 0.0605,
        "precision_at_20": 0.034,
        "precision_at_100": 0.00805,
        "precision_at_1000": 0.00097,
        "mrr_at_1": 0.33,
        "mrr_at_3": 0.403333,
        "mrr_at_5": 0.416083,
        "mrr_at_10": 0.423262,
        "mrr_at_20": 0.428776,
        "mrr_at_100": 0.432279,
        "mrr_at_1000": 0.433076,
        "nauc_ndcg_at_1_max": 0.615496,
        "nauc_ndcg_at_1_std": 0.014006,
        "nauc_ndcg_at_1_diff1": 0.709111,
        "nauc_ndcg_at_3_max": 0.572215,
        "nauc_ndcg_at_3_std": 0.007985,
        "nauc_ndcg_at_3_diff1": 0.616497,
        "nauc_ndcg_at_5_max": 0.581571,
        "nauc_ndcg_at_5_std": 0.032086,
        "nauc_ndcg_at_5_diff1": 0.614751,
        "nauc_ndcg_at_10_max": 0.594256,
        "nauc_ndcg_at_10_std": 0.054601,
        "nauc_ndcg_at_10_diff1": 0.623354,
        "nauc_ndcg_at_20_max": 0.596714,
        "nauc_ndcg_at_20_std": 0.0583,
        "nauc_ndcg_at_20_diff1": 0.613571,
        "nauc_ndcg_at_100_max": 0.603928,
        "nauc_ndcg_at_100_std": 0.08347,
        "nauc_ndcg_at_100_diff1": 0.608033,
        "nauc_ndcg_at_1000_max": 0.599282,
        "nauc_ndcg_at_1000_std": 0.067193,
        "nauc_ndcg_at_1000_diff1": 0.622557,
        "nauc_map_at_1_max": 0.615496,
        "nauc_map_at_1_std": 0.014006,
        "nauc_map_at_1_diff1": 0.709111,
        "nauc_map_at_3_max": 0.582781,