{
  "dataset_revision": "main",
  "task_name": "PublicHealthQA",
  "mteb_version": "1.31.1",
  "scores": {
    "test": [
      {
        "ndcg_at_1": 0.58442,
        "ndcg_at_3": 0.69063,
        "ndcg_at_5": 0.72864,
        "ndcg_at_10": 0.74584,
        "ndcg_at_20": 0.74935,
        "ndcg_at_100": 0.76531,
        "ndcg_at_1000": 0.76531,
        "map_at_1": 0.58442,
        "map_at_3": 0.6645,
        "map_at_5": 0.68593,
        "map_at_10": 0.69325,
        "map_at_20": 0.69433,
        "map_at_100": 0.6971,
        "map_at_1000": 0.6971,
        "recall_at_1": 0.58442,
        "recall_at_3": 0.76623,
        "recall_at_5": 0.85714,
        "recall_at_10": 0.90909,
        "recall_at_20": 0.92208,
        "recall_at_100": 1.0,
        "recall_at_1000": 1.0,
        "precision_at_1": 0.58442,
        "precision_at_3": 0.25541,
        "precision_at_5": 0.17143,
        "precision_at_10": 0.09091,
        "precision_at_20": 0.0461,
        "precision_at_100": 0.01,
        "precision_at_1000": 0.001,
        "mrr_at_1": 0.584416,
        "mrr_at_3": 0.664502,
        "mrr_at_5": 0.685931,
        "mrr_at_10": 0.693249,
        "mrr_at_20": 0.694331,
        "mrr_at_100": 0.697097,
        "mrr_at_1000": 0.697097,
        "nauc_ndcg_at_1_max": 0.388866,
        "nauc_ndcg_at_1_std": 0.182954,
        "nauc_ndcg_at_1_diff1": 0.817382,
        "nauc_ndcg_at_3_max": 0.333354,
        "nauc_ndcg_at_3_std": 0.099148,
        "nauc_ndcg_at_3_diff1": 0.707524,
        "nauc_ndcg_at_5_max": 0.30345,
        "nauc_ndcg_at_5_std": 0.035924,
        "nauc_ndcg_at_5_diff1": 0.718635,
        "nauc_ndcg_at_10_max": 0.286794,
        "nauc_ndcg_at_10_std": 0.070271,
        "nauc_ndcg_at_10_diff1": 0.72453,
        "nauc_ndcg_at_20_max": 0.311286,
        "nauc_ndcg_at_20_std": 0.091108,
        "nauc_ndcg_at_20_diff1": 0.724563,
        "nauc_ndcg_at_100_max": 0.329404,
        "nauc_ndcg_at_100_std": 0.10641,
        "nauc_ndcg_at_100_diff1": 0.741294,
        "nauc_ndcg_at_1000_max": 0.329404,
        "nauc_ndcg_at_1000_std": 0.10641,
        "nauc_ndcg_at_1000_diff1": 0.741294,
        "nauc_map_at_1_max": 0.388866,
        "nauc_map_at_1_std": 0.182954,
        "nauc_map_at_1_diff1": 0.817382,
        "nauc_map_at_3_max": 0.346451,
        "nauc_map_at_3_std": 0.126061,
        "nauc_map_at_3_diff1": 0.73882,
        "nauc_map_at_5_max": 0.33264,
        "nauc_map_at_5_std": 0.095848,
        "nauc_map_at_5_diff1": 0.745049,
        "nauc_map_at_10_max": 0.327851,
        "nauc_map_at_10_std": 0.108383,
        "nauc_map_at_10_diff1": 0.748385,
        "nauc_map_at_20_max": 0.334347,
        "nauc_map_at_20_std": 0.113923,
        "nauc_map_at_20_diff1": 0.748497,
        "nauc_map_at_100_max": 0.33772,
        "nauc_map_at_100_std": 0.117253,
        "nauc_map_at_100_diff1": 0.750849,
        "nauc_map_at_1000_max": 0.33772,
        "nauc_map_at_1000_std": 0.117253,
        "nauc_map_at_1000_diff1": 0.750849,
        "nauc_recall_at_1_max": 0.388866,
        "nauc_recall_at_1_std": 0.182954,
        "nauc_recall_at_1_diff1": 0.817382,
        "nauc_recall_at_3_max": 0.285758,
        "nauc_recall_at_3_std": -0.00323,
        "nauc_recall_at_3_diff1": 0.590345,
        "nauc_recall_at_5_max": 0.140814,
        "nauc_recall_at_5_std": -0.303208,
        "nauc_recall_at_5_diff1": 0.58269,
        "nauc_recall_at_10_max": -0.066349,
        "nauc_recall_at_10_std": -0.215725,
        "nauc_recall_at_10_diff1": 0.546832,
        "nauc_recall_at_20_max": 0.116654,
        "nauc_recall_at_20_std": -0.057618,
        "nauc_recall_at_20_diff1": 0.517536,
        "nauc_recall_at_100_max": NaN,
        "nauc_recall_at_100_std": NaN,
        "nauc_recall_at_100_diff1": NaN,
        "nauc_recall_at_1000_max": NaN,
        "nauc_recall_at_1000_std": NaN,
        "nauc_recall_at_1000_diff1": NaN,
        "nauc_precision_at_1_max": 0.388866,
        "nauc_precision_at_1_std": 0.182954,
        "nauc_precision_at_1_diff1": 0.817382,
        "nauc_precision_at_3_max": 0.285758,
        "nauc_precision_at_3_std": -0.00323,
        "nauc_precision_at_3_diff1": 0.590345,
        "nauc_precision_at_5_max": 0.140814,
        "nauc_precision_at_5_std": -0.303208,
        "nauc_precision_at_5_diff1": 0.58269,
        "nauc_precision_at_10_max": -0.066349,
        "nauc_precision_at_10_std": -0.215725,
        "nauc_precision_at_10_diff1": 0.546832,
        "nauc_precision_at_20_max": 0.116654,
        "nauc_precision_at_20_std": -0.057618,
        "nauc_precision_at_20_diff1": 0.517536,
        "nauc_precision_at_100_max": 1.0,
        "nauc_precision_at_100_std": 1.0,
        "nauc_precision_at_100_diff1": 1.0,
        "nauc_precision_at_1000_max": NaN,
        "nauc_precision_at_1000_std": NaN,
        "nauc_precision_at_1000_diff1": NaN,
        "nauc_mrr_at_1_max": 0.388866,
        "nauc_mrr_at_1_std": 0.182954,
        "nauc_mrr_at_1_diff1": 0.817382,
        "nauc_mrr_at_3_max": 0.346451,
        "nauc_mrr_at_3_std": 0.126061,
        "nauc_mrr_at_3_diff1": 0.73882,
        "nauc_mrr_at_5_max": 0.33264,
        "nauc_mrr_at_5_std": 0.095848,
        "nauc_mrr_at_5_diff1": 0.745049,
        "nauc_mrr_at_10_max": 0.327851,
        "nauc_mrr_at_10_std": 0.108383,
        "nauc_mrr_at_10_diff1": 0.748385,
        "nauc_mrr_at_20_max": 0.334347,
        "nauc_mrr_at_20_std": 0.113923,
        "nauc_mrr_at_20_diff1": 0.748497,
        "nauc_mrr_at_100_max": 0.33772,
        "nauc_mrr_at_100_std": 0.117253,
        "nauc_mrr_at_100_diff1": 0.750849,
        "nauc_mrr_at_1000_max": 0.33772,
        "nauc_mrr_at_1000_std": 0.117253,
        "nauc_mrr_at_1000_diff1": 0.750849,
        "main_score": 0.74584,
        "hf_subset": "korean",
        "languages": [
          "kor-Hang"
        ]
      }
    ]
  },
  "evaluation_time": 1.0092604160308838,
  "kg_co2_emissions": null
}