{
  "dataset_revision": "c99d599f0a6ab9b85b065da6f9d94f9cf731679f",
  "task_name": "XPQARetrieval",
  "mteb_version": "1.31.1",
  "scores": {
    "test": [
      {
        "ndcg_at_1": 0.23853,
        "ndcg_at_3": 0.25869,
        "ndcg_at_5": 0.27568,
        "ndcg_at_10": 0.30724,
        "ndcg_at_20": 0.32478,
        "ndcg_at_100": 0.37295,
        "ndcg_at_1000": 0.41312,
        "map_at_1": 0.16654,
        "map_at_3": 0.23243,
        "map_at_5": 0.24625,
        "map_at_10": 0.26179,
        "map_at_20": 0.26735,
        "map_at_100": 0.27442,
        "map_at_1000": 0.27604,
        "recall_at_1": 0.16654,
        "recall_at_3": 0.27859,
        "recall_at_5": 0.31873,
        "recall_at_10": 0.40482,
        "recall_at_20": 0.46774,
        "recall_at_100": 0.70308,
        "recall_at_1000": 1.0,
        "precision_at_1": 0.23853,
        "precision_at_3": 0.14526,
        "precision_at_5": 0.10336,
        "precision_at_10": 0.06575,
        "precision_at_20": 0.03754,
        "precision_at_100": 0.01139,
        "precision_at_1000": 0.00156,
        "mrr_at_1": 0.238532,
        "mrr_at_3": 0.278797,
        "mrr_at_5": 0.288354,
        "mrr_at_10": 0.299427,
        "mrr_at_20": 0.303781,
        "mrr_at_100": 0.309248,
        "mrr_at_1000": 0.310368,
        "nauc_ndcg_at_1_max": 0.171033,
        "nauc_ndcg_at_1_std": -0.200487,
        "nauc_ndcg_at_1_diff1": 0.501138,
        "nauc_ndcg_at_3_max": 0.166344,
        "nauc_ndcg_at_3_std": -0.177932,
        "nauc_ndcg_at_3_diff1": 0.461916,
        "nauc_ndcg_at_5_max": 0.168882,
        "nauc_ndcg_at_5_std": -0.169926,
        "nauc_ndcg_at_5_diff1": 0.45334,
        "nauc_ndcg_at_10_max": 0.169544,
        "nauc_ndcg_at_10_std": -0.17789,
        "nauc_ndcg_at_10_diff1": 0.460731,
        "nauc_ndcg_at_20_max": 0.181505,
        "nauc_ndcg_at_20_std": -0.167004,
        "nauc_ndcg_at_20_diff1": 0.461137,
        "nauc_ndcg_at_100_max": 0.206365,
        "nauc_ndcg_at_100_std": -0.124631,
        "nauc_ndcg_at_100_diff1": 0.439019,
        "nauc_ndcg_at_1000_max": 0.186944,
        "nauc_ndcg_at_1000_std": -0.15414,
        "nauc_ndcg_at_1000_diff1": 0.450744,
        "nauc_map_at_1_max": 0.141509,
        "nauc_map_at_1_std": -0.159053,
        "nauc_map_at_1_diff1": 0.53479,
        "nauc_map_at_3_max": 0.168692,
        "nauc_map_at_3_std": -0.172879,
        "nauc_map_at_3_diff1": 0.463646,
        "nauc_map_at_5_max": 0.168803,
        "nauc_map_at_5_std": -0.172827,
        "nauc_map_at_5_diff1": 0.457451,
        "nauc_map_at_10_max": 0.169438,
        "nauc_map_at_10_std": -0.179101,
        "nauc_map_at_10_diff1": 0.463898,
        "nauc_map_at_20_max": 0.17224,
        "nauc_map_at_20_std": -0.177013,
        "nauc_map_at_20_diff1": 0.464238,
        "nauc_map_at_100_max": 0.176029,
        "nauc_map_at_100_std": -0.170649,
        "nauc_map_at_100_diff1": 0.460224,
        "nauc_map_at_1000_max": 0.175161,
        "nauc_map_at_1000_std": -0.171861,
        "nauc_map_at_1000_diff1": 0.46047,
        "nauc_recall_at_1_max": 0.141509,
        "nauc_recall_at_1_std": -0.159053,
        "nauc_recall_at_1_diff1": 0.53479,
        "nauc_recall_at_3_max": 0.161206,
        "nauc_recall_at_3_std": -0.152323,
        "nauc_recall_at_3_diff1": 0.425384,
        "nauc_recall_at_5_max": 0.162419,
        "nauc_recall_at_5_std": -0.145933,
        "nauc_recall_at_5_diff1": 0.412067,
        "nauc_recall_at_10_max": 0.160524,
        "nauc_recall_at_10_std": -0.165479,
        "nauc_recall_at_10_diff1": 0.425127,
        "nauc_recall_at_20_max": 0.201185,
        "nauc_recall_at_20_std": -0.127736,
        "nauc_recall_at_20_diff1": 0.426797,
        "nauc_recall_at_100_max": 0.343083,
        "nauc_recall_at_100_std": 0.122124,
        "nauc_recall_at_100_diff1": 0.304275,
        "nauc_recall_at_1000_max": NaN,
        "nauc_recall_at_1000_std": NaN,
        "nauc_recall_at_1000_diff1": NaN,
        "nauc_precision_at_1_max": 0.171033,
        "nauc_precision_at_1_std": -0.200487,
        "nauc_precision_at_1_diff1": 0.501138,
        "nauc_precision_at_3_max": 0.177143,
        "nauc_precision_at_3_std": -0.1927,
        "nauc_precision_at_3_diff1": 0.336761,
        "nauc_precision_at_5_max": 0.164027,
        "nauc_precision_at_5_std": -0.177508,
        "nauc_precision_at_5_diff1": 0.308201,
        "nauc_precision_at_10_max": 0.156021,
        "nauc_precision_at_10_std": -0.177548,
        "nauc_precision_at_10_diff1": 0.309054,
        "nauc_precision_at_20_max": 0.174996,
        "nauc_precision_at_20_std": -0.141582,
        "nauc_precision_at_20_diff1": 0.290845,
        "nauc_precision_at_100_max": 0.21804,
        "nauc_precision_at_100_std": 0.056389,
        "nauc_precision_at_100_diff1": 0.098149,
        "nauc_precision_at_1000_max": 0.097039,
        "nauc_precision_at_1000_std": 0.007738,
        "nauc_precision_at_1000_diff1": -0.030349,
        "nauc_mrr_at_1_max": 0.171033,
        "nauc_mrr_at_1_std": -0.200487,
        "nauc_mrr_at_1_diff1": 0.501138,
        "nauc_mrr_at_3_max": 0.168025,
        "nauc_mrr_at_3_std": -0.188463,
        "nauc_mrr_at_3_diff1": 0.480731,
        "nauc_mrr_at_5_max": 0.168302,
        "nauc_mrr_at_5_std": -0.183972,
        "nauc_mrr_at_5_diff1": 0.475783,
        "nauc_mrr_at_10_max": 0.169804,
        "nauc_mrr_at_10_std": -0.18516,
        "nauc_mrr_at_10_diff1": 0.477375,
        "nauc_mrr_at_20_max": 0.173947,
        "nauc_mrr_at_20_std": -0.180787,
        "nauc_mrr_at_20_diff1": 0.476704,
        "nauc_mrr_at_100_max": 0.176406,
        "nauc_mrr_at_100_std": -0.177157,
        "nauc_mrr_at_100_diff1": 0.474439,
        "nauc_mrr_at_1000_max": 0.175529,
        "nauc_mrr_at_1000_std": -0.178227,
        "nauc_mrr_at_1000_diff1": 0.474688,
        "main_score": 0.30724,
        "hf_subset": "kor-kor",
        "languages": [
          "kor-Hang",
          "kor-Hang"
        ]
      },
      {
        "ndcg_at_1": 0.28287,
        "ndcg_at_3": 0.27816,
        "ndcg_at_5": 0.2897,
        "ndcg_at_10": 0.31766,
        "ndcg_at_20": 0.34667,
        "ndcg_at_100": 0.40368,
        "ndcg_at_1000": 0.43972,
        "map_at_1": 0.15966,
        "map_at_3": 0.23239,
        "map_at_5": 0.25223,
        "map_at_10": 0.26846,
        "map_at_20": 0.27774,
        "map_at_100": 0.28676,
        "map_at_1000": 0.28869,
        "recall_at_1": 0.15966,
        "recall_at_3": 0.26937,
        "recall_at_5": 0.31955,
        "recall_at_10": 0.39006,
        "recall_at_20": 0.48675,
        "recall_at_100": 0.75754,
        "recall_at_1000": 0.99791,
        "precision_at_1": 0.28287,
        "precision_at_3": 0.18094,
        "precision_at_5": 0.1315,
        "precision_at_10": 0.08073,
        "precision_at_20": 0.04992,
        "precision_at_100": 0.01489,
        "precision_at_1000": 0.00194,
        "mrr_at_1": 0.282875,
        "mrr_at_3": 0.321611,
        "mrr_at_5": 0.330861,
        "mrr_at_10": 0.339249,
        "mrr_at_20": 0.346509,
        "mrr_at_100": 0.352774,
        "mrr_at_1000": 0.353603,
        "nauc_ndcg_at_1_max": 0.170288,
        "nauc_ndcg_at_1_std": -0.19022,
        "nauc_ndcg_at_1_diff1": 0.430784,
        "nauc_ndcg_at_3_max": 0.19473,
        "nauc_ndcg_at_3_std": -0.194759,
        "nauc_ndcg_at_3_diff1": 0.422294,
        "nauc_ndcg_at_5_max": 0.192737,
        "nauc_ndcg_at_5_std": -0.194167,
        "nauc_ndcg_at_5_diff1": 0.4215,
        "nauc_ndcg_at_10_max": 0.186671,
        "nauc_ndcg_at_10_std": -0.193536,
        "nauc_ndcg_at_10_diff1": 0.409086,
        "nauc_ndcg_at_20_max": 0.188707,
        "nauc_ndcg_at_20_std": -0.181824,
        "nauc_ndcg_at_20_diff1": 0.397529,
        "nauc_ndcg_at_100_max": 0.204496,
        "nauc_ndcg_at_100_std": -0.155786,
        "nauc_ndcg_at_100_diff1": 0.396388,
        "nauc_ndcg_at_1000_max": 0.200625,
        "nauc_ndcg_at_1000_std": -0.165978,
        "nauc_ndcg_at_1000_diff1": 0.397374,
        "nauc_map_at_1_max": 0.202214,