{
  "dataset_revision": "fd7df84ac089bbec763b1c6bb1b56e985df5cc5c",
  "task_name": "AutoRAGRetrieval",
  "mteb_version": "1.31.1",
  "scores": {
    "test": [
      {
        "ndcg_at_1": 0.68421,
        "ndcg_at_3": 0.79354,
        "ndcg_at_5": 0.83356,
        "ndcg_at_10": 0.83863,
        "ndcg_at_20": 0.84288,
        "ndcg_at_100": 0.84288,
        "ndcg_at_1000": 0.84288,
        "map_at_1": 0.68421,
        "map_at_3": 0.76754,
        "map_at_5": 0.78991,
        "map_at_10": 0.79167,
        "map_at_20": 0.79273,
        "map_at_100": 0.79273,
        "map_at_1000": 0.79273,
        "recall_at_1": 0.68421,
        "recall_at_3": 0.86842,
        "recall_at_5": 0.96491,
        "recall_at_10": 0.98246,
        "recall_at_20": 1.0,
        "recall_at_100": 1.0,
        "recall_at_1000": 1.0,
        "precision_at_1": 0.68421,
        "precision_at_3": 0.28947,
        "precision_at_5": 0.19298,
        "precision_at_10": 0.09825,
        "precision_at_20": 0.05,
        "precision_at_100": 0.01,
        "precision_at_1000": 0.001,
        "mrr_at_1": 0.684211,
        "mrr_at_3": 0.767544,
        "mrr_at_5": 0.789912,
        "mrr_at_10": 0.791667,
        "mrr_at_20": 0.792731,
        "mrr_at_100": 0.792731,
        "mrr_at_1000": 0.792731,
        "nauc_ndcg_at_1_max": 0.089373,
        "nauc_ndcg_at_1_std": -0.409446,
        "nauc_ndcg_at_1_diff1": 0.731574,
        "nauc_ndcg_at_3_max": 0.24842,
        "nauc_ndcg_at_3_std": -0.431082,
        "nauc_ndcg_at_3_diff1": 0.701366,
        "nauc_ndcg_at_5_max": 0.215152,
        "nauc_ndcg_at_5_std": -0.476746,
        "nauc_ndcg_at_5_diff1": 0.705081,
        "nauc_ndcg_at_10_max": 0.206529,
        "nauc_ndcg_at_10_std": -0.441859,
        "nauc_ndcg_at_10_diff1": 0.717517,
        "nauc_ndcg_at_20_max": 0.194023,
        "nauc_ndcg_at_20_std": -0.429968,
        "nauc_ndcg_at_20_diff1": 0.715736,
        "nauc_ndcg_at_100_max": 0.194023,
        "nauc_ndcg_at_100_std": -0.429968,
        "nauc_ndcg_at_100_diff1": 0.715736,
        "nauc_ndcg_at_1000_max": 0.194023,
        "nauc_ndcg_at_1000_std": -0.429968,
        "nauc_ndcg_at_1000_diff1": 0.715736,
        "nauc_map_at_1_max": 0.089373,
        "nauc_map_at_1_std": -0.409446,
        "nauc_map_at_1_diff1": 0.731574,
        "nauc_map_at_3_max": 0.207744,
        "nauc_map_at_3_std": -0.421012,
        "nauc_map_at_3_diff1": 0.712041,
        "nauc_map_at_5_max": 0.190054,
        "nauc_map_at_5_std": -0.437245,
        "nauc_map_at_5_diff1": 0.714414,
        "nauc_map_at_10_max": 0.187487,
        "nauc_map_at_10_std": -0.42746,
        "nauc_map_at_10_diff1": 0.717856,
        "nauc_map_at_20_max": 0.185025,
        "nauc_map_at_20_std": -0.424999,
        "nauc_map_at_20_diff1": 0.717545,
        "nauc_map_at_100_max": 0.185025,
        "nauc_map_at_100_std": -0.424999,
        "nauc_map_at_100_diff1": 0.717545,
        "nauc_map_at_1000_max": 0.185025,
        "nauc_map_at_1000_std": -0.424999,
        "nauc_map_at_1000_diff1": 0.717545,
        "nauc_recall_at_1_max": 0.089373,
        "nauc_recall_at_1_std": -0.409446,
        "nauc_recall_at_1_diff1": 0.731574,
        "nauc_recall_at_3_max": 0.431506,
        "nauc_recall_at_3_std": -0.480129,
        "nauc_recall_at_3_diff1": 0.6509,
        "nauc_recall_at_5_max": 0.534901,
        "nauc_recall_at_5_std": -1.134437,
        "nauc_recall_at_5_diff1": 0.567454,
        "nauc_recall_at_10_max": 0.613658,
        "nauc_recall_at_10_std": -0.817151,
        "nauc_recall_at_10_diff1": 0.77738,
        "nauc_recall_at_20_max": NaN,
        "nauc_recall_at_20_std": NaN,
        "nauc_recall_at_20_diff1": NaN,
        "nauc_recall_at_100_max": NaN,
        "nauc_recall_at_100_std": NaN,
        "nauc_recall_at_100_diff1": NaN,
        "nauc_recall_at_1000_max": NaN,
        "nauc_recall_at_1000_std": NaN,
        "nauc_recall_at_1000_diff1": NaN,
        "nauc_precision_at_1_max": 0.089373,
        "nauc_precision_at_1_std": -0.409446,
        "nauc_precision_at_1_diff1": 0.731574,
        "nauc_precision_at_3_max": 0.431506,
        "nauc_precision_at_3_std": -0.480129,
        "nauc_precision_at_3_diff1": 0.6509,
        "nauc_precision_at_5_max": 0.534901,
        "nauc_precision_at_5_std": -1.134437,
        "nauc_precision_at_5_diff1": 0.567454,
        "nauc_precision_at_10_max": 0.613658,
        "nauc_precision_at_10_std": -0.817151,
        "nauc_precision_at_10_diff1": 0.77738,
        "nauc_precision_at_20_max": 1.0,
        "nauc_precision_at_20_std": 1.0,
        "nauc_precision_at_20_diff1": 1.0,
        "nauc_precision_at_100_max": 1.0,
        "nauc_precision_at_100_std": 1.0,
        "nauc_precision_at_100_diff1": 1.0,
        "nauc_precision_at_1000_max": 1.0,
        "nauc_precision_at_1000_std": 1.0,
        "nauc_precision_at_1000_diff1": 1.0,
        "nauc_mrr_at_1_max": 0.089373,
        "nauc_mrr_at_1_std": -0.409446,
        "nauc_mrr_at_1_diff1": 0.731574,
        "nauc_mrr_at_3_max": 0.207744,
        "nauc_mrr_at_3_std": -0.421012,
        "nauc_mrr_at_3_diff1": 0.712041,
        "nauc_mrr_at_5_max": 0.190054,
        "nauc_mrr_at_5_std": -0.437245,
        "nauc_mrr_at_5_diff1": 0.714414,
        "nauc_mrr_at_10_max": 0.187487,
        "nauc_mrr_at_10_std": -0.42746,
        "nauc_mrr_at_10_diff1": 0.717856,
        "nauc_mrr_at_20_max": 0.185025,
        "nauc_mrr_at_20_std": -0.424999,
        "nauc_mrr_at_20_diff1": 0.717545,
        "nauc_mrr_at_100_max": 0.185025,
        "nauc_mrr_at_100_std": -0.424999,
        "nauc_mrr_at_100_diff1": 0.717545,
        "nauc_mrr_at_1000_max": 0.185025,
        "nauc_mrr_at_1000_std": -0.424999,
        "nauc_mrr_at_1000_diff1": 0.717545,
        "main_score": 0.83863,
        "hf_subset": "default",
        "languages": [
          "kor-Hang"
        ]
      }
    ]
  },
  "evaluation_time": 17.77715277671814,
  "kg_co2_emissions": null
}