{
  "dataset_revision": "75b399394a9803252cfec289d103de462763db7c",
  "task_name": "BelebeleRetrieval",
  "mteb_version": "1.21.6",
  "scores": {
    "test": [
      {
        "ndcg_at_1": 0.88222,
        "ndcg_at_3": 0.91395,
        "ndcg_at_5": 0.92314,
        "ndcg_at_10": 0.9271,
        "ndcg_at_20": 0.92943,
        "ndcg_at_100": 0.93212,
        "ndcg_at_1000": 0.93287,
        "map_at_1": 0.88222,
        "map_at_3": 0.90611,
        "map_at_5": 0.91122,
        "map_at_10": 0.91286,
        "map_at_20": 0.91355,
        "map_at_100": 0.91392,
        "map_at_1000": 0.91395,
        "recall_at_1": 0.88222,
        "recall_at_3": 0.93667,
        "recall_at_5": 0.95889,
        "recall_at_10": 0.97111,
        "recall_at_20": 0.98,
        "recall_at_100": 0.99444,
        "recall_at_1000": 1.0,
        "precision_at_1": 0.88222,
        "precision_at_3": 0.31222,
        "precision_at_5": 0.19178,
        "precision_at_10": 0.09711,
        "precision_at_20": 0.049,
        "precision_at_100": 0.00994,
        "precision_at_1000": 0.001,
        "mrr_at_1": 0.882222,
        "mrr_at_3": 0.906111,
        "mrr_at_5": 0.911222,
        "mrr_at_10": 0.91286,
        "mrr_at_20": 0.913546,
        "mrr_at_100": 0.91392,
        "mrr_at_1000": 0.913953,
        "nauc_ndcg_at_1_max": 0.871794,
        "nauc_ndcg_at_1_std": 0.087549,
        "nauc_ndcg_at_1_diff1": 0.929623,
        "nauc_ndcg_at_3_max": 0.894372,
        "nauc_ndcg_at_3_std": 0.155473,
        "nauc_ndcg_at_3_diff1": 0.930714,
        "nauc_ndcg_at_5_max": 0.897519,
        "nauc_ndcg_at_5_std": 0.187537,
        "nauc_ndcg_at_5_diff1": 0.931269,
        "nauc_ndcg_at_10_max": 0.893185,
        "nauc_ndcg_at_10_std": 0.177046,
        "nauc_ndcg_at_10_diff1": 0.93079,
        "nauc_ndcg_at_20_max": 0.891259,
        "nauc_ndcg_at_20_std": 0.163212,
        "nauc_ndcg_at_20_diff1": 0.931353,
        "nauc_ndcg_at_100_max": 0.888519,
        "nauc_ndcg_at_100_std": 0.153497,
        "nauc_ndcg_at_100_diff1": 0.929808,
        "nauc_ndcg_at_1000_max": 0.887597,
        "nauc_ndcg_at_1000_std": 0.147442,
        "nauc_ndcg_at_1000_diff1": 0.929651,
        "nauc_map_at_1_max": 0.871794,
        "nauc_map_at_1_std": 0.087549,
        "nauc_map_at_1_diff1": 0.929623,
        "nauc_map_at_3_max": 0.886618,
        "nauc_map_at_3_std": 0.132461,
        "nauc_map_at_3_diff1": 0.929284,
        "nauc_map_at_5_max": 0.887467,
        "nauc_map_at_5_std": 0.145346,
        "nauc_map_at_5_diff1": 0.929489,
        "nauc_map_at_10_max": 0.885774,
        "nauc_map_at_10_std": 0.140933,
        "nauc_map_at_10_diff1": 0.92927,
        "nauc_map_at_20_max": 0.885161,
        "nauc_map_at_20_std": 0.137009,
        "nauc_map_at_20_diff1": 0.929247,
        "nauc_map_at_100_max": 0.88479,
        "nauc_map_at_100_std": 0.135555,
        "nauc_map_at_100_diff1": 0.929069,
        "nauc_map_at_1000_max": 0.884762,
        "nauc_map_at_1000_std": 0.135323,
        "nauc_map_at_1000_diff1": 0.929069,
        "nauc_recall_at_1_max": 0.871794,
        "nauc_recall_at_1_std": 0.087549,
        "nauc_recall_at_1_diff1": 0.929623,
        "nauc_recall_at_3_max": 0.92772,
        "nauc_recall_at_3_std": 0.254279,
        "nauc_recall_at_3_diff1": 0.937425,
        "nauc_recall_at_5_max": 0.961768,
        "nauc_recall_at_5_std": 0.462286,
        "nauc_recall_at_5_diff1": 0.943347,
        "nauc_recall_at_10_max": 0.955649,
        "nauc_recall_at_10_std": 0.497684,
        "nauc_recall_at_10_diff1": 0.945145,
        "nauc_recall_at_20_max": 0.960707,
        "nauc_recall_at_20_std": 0.466205,
        "nauc_recall_at_20_diff1": 0.963689,
        "nauc_recall_at_100_max": 0.973856,
        "nauc_recall_at_100_std": 0.679832,
        "nauc_recall_at_100_diff1": 0.947712,
        "nauc_recall_at_1000_max": NaN,
        "nauc_recall_at_1000_std": NaN,
        "nauc_recall_at_1000_diff1": NaN,
        "nauc_precision_at_1_max": 0.871794,
        "nauc_precision_at_1_std": 0.087549,
        "nauc_precision_at_1_diff1": 0.929623,
        "nauc_precision_at_3_max": 0.92772,
        "nauc_precision_at_3_std": 0.254279,
        "nauc_precision_at_3_diff1": 0.937425,
        "nauc_precision_at_5_max": 0.961768,
        "nauc_precision_at_5_std": 0.462286,
        "nauc_precision_at_5_diff1": 0.943347,
        "nauc_precision_at_10_max": 0.955649,
        "nauc_precision_at_10_std": 0.497684,
        "nauc_precision_at_10_diff1": 0.945145,
        "nauc_precision_at_20_max": 0.960707,
        "nauc_precision_at_20_std": 0.466205,
        "nauc_precision_at_20_diff1": 0.963689,
        "nauc_precision_at_100_max": 0.973856,
        "nauc_precision_at_100_std": 0.679832,
        "nauc_precision_at_100_diff1": 0.947712,
        "nauc_precision_at_1000_max": NaN,
        "nauc_precision_at_1000_std": NaN,
        "nauc_precision_at_1000_diff1": NaN,
        "nauc_mrr_at_1_max": 0.871794,
        "nauc_mrr_at_1_std": 0.087549,
        "nauc_mrr_at_1_diff1": 0.929623,
        "nauc_mrr_at_3_max": 0.886618,
        "nauc_mrr_at_3_std": 0.132461,
        "nauc_mrr_at_3_diff1": 0.929284,
        "nauc_mrr_at_5_max": 0.887467,
        "nauc_mrr_at_5_std": 0.145346,
        "nauc_mrr_at_5_diff1": 0.929489,
        "nauc_mrr_at_10_max": 0.885774,
        "nauc_mrr_at_10_std": 0.140933,
        "nauc_mrr_at_10_diff1": 0.92927,
        "nauc_mrr_at_20_max": 0.885161,
        "nauc_mrr_at_20_std": 0.137009,
        "nauc_mrr_at_20_diff1": 0.929247,
        "nauc_mrr_at_100_max": 0.88479,
        "nauc_mrr_at_100_std": 0.135555,
        "nauc_mrr_at_100_diff1": 0.929069,
        "nauc_mrr_at_1000_max": 0.884762,
        "nauc_mrr_at_1000_std": 0.135323,
        "nauc_mrr_at_1000_diff1": 0.929069,
        "main_score": 0.9271,
        "hf_subset": "kor_Hang-kor_Hang",
        "languages": [
          "kor-Hang",
          "kor-Hang"
        ]
      },
      {
        "ndcg_at_1": 0.82111,
        "ndcg_at_3": 0.87551,
        "ndcg_at_5": 0.88427,
        "ndcg_at_10": 0.89361,
        "ndcg_at_20": 0.89785,
        "ndcg_at_100": 0.90122,
        "ndcg_at_1000": 0.9015,
        "map_at_1": 0.82111,
        "map_at_3": 0.86241,
        "map_at_5": 0.8673,
        "map_at_10": 0.87116,
        "map_at_20": 0.87233,
        "map_at_100": 0.87283,
        "map_at_1000": 0.87284,
        "recall_at_1": 0.82111,
        "recall_at_3": 0.91333,
        "recall_at_5": 0.93444,
        "recall_at_10": 0.96333,
        "recall_at_20": 0.98,
        "recall_at_100": 0.99778,
        "recall_at_1000": 1.0,
        "precision_at_1": 0.82111,
        "precision_at_3": 0.30444,
        "precision_at_5": 0.18689,
        "precision_at_10": 0.09633,
        "precision_at_20": 0.049,
        "precision_at_100": 0.00998,
        "precision_at_1000": 0.001,
        "mrr_at_1": 0.821111,
        "mrr_at_3": 0.862407,
        "mrr_at_5": 0.867296,
        "mrr_at_10": 0.871156,
        "mrr_at_20": 0.872332,
        "mrr_at_100": 0.872827,
        "mrr_at_1000": 0.872837,
        "nauc_ndcg_at_1_max": 0.802669,
        "nauc_ndcg_at_1_std": -0.00893,
        "nauc_ndcg_at_1_diff1": 0.884766,
        "nauc_ndcg_at_3_max": 0.827755,
        "nauc_ndcg_at_3_std": 0.013666,
        "nauc_ndcg_at_3_diff1": 0.854555,
        "nauc_ndcg_at_5_max": 0.832537,
        "nauc_ndcg_at_5_std": 0.045388,
        "nauc_ndcg_at_5_diff1": 0.858638,
        "nauc_ndcg_at_10_max": 0.832546,
        "nauc_ndcg_at_10_std": 0.049355,
        "nauc_ndcg_at_10_diff1": 0.861864,
        "nauc_ndcg_at_20_max": 0.82833,
        "nauc_ndcg_at_20_std": 0.037394,
        "nauc_ndcg_at_20_diff1": 0.864736,
        "nauc_ndcg_at_100_max": 0.823982,
        "nauc_ndcg_at_100_std": 0.026893,
        "nauc_ndcg_at_100_diff1": 0.866592,
        "nauc_ndcg_at_1000_max": 0.823846,
        "nauc_ndcg_at_1000_std": 0.026387,
        "nauc_ndcg_at_1000_diff1": 0.866377,
        "nauc_map_at_1_max": 0.802669,
        "nauc_map_at_1_std": -0.00893,
        "nauc_map_at_1_diff1": 0.884766,