{
  "dataset_revision": "main",
  "task_name": "MIRACLRetrieval",
  "mteb_version": "1.21.6",
  "scores": {
    "dev": [
      {
        "ndcg_at_1": 0.6338,
        "ndcg_at_3": 0.62186,
        "ndcg_at_5": 0.63188,
        "ndcg_at_10": 0.66077,
        "ndcg_at_20": 0.6872,
        "ndcg_at_100": 0.71572,
        "ndcg_at_1000": 0.72622,
        "map_at_1": 0.39586,
        "map_at_3": 0.50791,
        "map_at_5": 0.54136,
        "map_at_10": 0.56835,
        "map_at_20": 0.58173,
        "map_at_100": 0.58996,
        "map_at_1000": 0.59094,
        "recall_at_1": 0.39586,
        "recall_at_3": 0.57785,
        "recall_at_5": 0.65636,
        "recall_at_10": 0.74806,
        "recall_at_20": 0.82219,
        "recall_at_100": 0.92769,
        "recall_at_1000": 0.98419,
        "precision_at_1": 0.6338,
        "precision_at_3": 0.3662,
        "precision_at_5": 0.26667,
        "precision_at_10": 0.16479,
        "precision_at_20": 0.09577,
        "precision_at_100": 0.02319,
        "precision_at_1000": 0.00254,
        "mrr_at_1": 0.633803,
        "mrr_at_3": 0.720657,
        "mrr_at_5": 0.732394,
        "mrr_at_10": 0.737898,
        "mrr_at_20": 0.739605,
        "mrr_at_100": 0.740413,
        "mrr_at_1000": 0.740491,
        "nauc_ndcg_at_1_max": 0.36433,
        "nauc_ndcg_at_1_std": 0.057948,
        "nauc_ndcg_at_1_diff1": 0.317296,
        "nauc_ndcg_at_3_max": 0.291245,
        "nauc_ndcg_at_3_std": 0.012819,
        "nauc_ndcg_at_3_diff1": 0.229384,
        "nauc_ndcg_at_5_max": 0.301409,
        "nauc_ndcg_at_5_std": -0.00086,
        "nauc_ndcg_at_5_diff1": 0.225941,
        "nauc_ndcg_at_10_max": 0.327252,
        "nauc_ndcg_at_10_std": 0.018858,
        "nauc_ndcg_at_10_diff1": 0.222747,
        "nauc_ndcg_at_20_max": 0.372009,
        "nauc_ndcg_at_20_std": 0.083221,
        "nauc_ndcg_at_20_diff1": 0.229619,
        "nauc_ndcg_at_100_max": 0.364411,
        "nauc_ndcg_at_100_std": 0.077404,
        "nauc_ndcg_at_100_diff1": 0.214304,
        "nauc_ndcg_at_1000_max": 0.357641,
        "nauc_ndcg_at_1000_std": 0.079982,
        "nauc_ndcg_at_1000_diff1": 0.219213,
        "nauc_map_at_1_max": 0.225558,
        "nauc_map_at_1_std": -0.154759,
        "nauc_map_at_1_diff1": 0.35403,
        "nauc_map_at_3_max": 0.253169,
        "nauc_map_at_3_std": -0.091057,
        "nauc_map_at_3_diff1": 0.275777,
        "nauc_map_at_5_max": 0.280381,
        "nauc_map_at_5_std": -0.048579,
        "nauc_map_at_5_diff1": 0.256842,
        "nauc_map_at_10_max": 0.297772,
        "nauc_map_at_10_std": -0.02757,
        "nauc_map_at_10_diff1": 0.25329,
        "nauc_map_at_20_max": 0.315153,
        "nauc_map_at_20_std": -0.002361,
        "nauc_map_at_20_diff1": 0.254841,
        "nauc_map_at_100_max": 0.314783,
        "nauc_map_at_100_std": -0.002325,
        "nauc_map_at_100_diff1": 0.25129,
        "nauc_map_at_1000_max": 0.314298,
        "nauc_map_at_1000_std": -0.001981,
        "nauc_map_at_1000_diff1": 0.251598,
        "nauc_recall_at_1_max": 0.225558,
        "nauc_recall_at_1_std": -0.154759,
        "nauc_recall_at_1_diff1": 0.35403,
        "nauc_recall_at_3_max": 0.200469,
        "nauc_recall_at_3_std": -0.121722,
        "nauc_recall_at_3_diff1": 0.212938,
        "nauc_recall_at_5_max": 0.2192,
        "nauc_recall_at_5_std": -0.077641,
        "nauc_recall_at_5_diff1": 0.161298,
        "nauc_recall_at_10_max": 0.25392,
        "nauc_recall_at_10_std": -0.032093,
        "nauc_recall_at_10_diff1": 0.125612,
        "nauc_recall_at_20_max": 0.398226,
        "nauc_recall_at_20_std": 0.190764,
        "nauc_recall_at_20_diff1": 0.140787,
        "nauc_recall_at_100_max": 0.400267,
        "nauc_recall_at_100_std": 0.142762,
        "nauc_recall_at_100_diff1": -0.043031,
        "nauc_recall_at_1000_max": 0.373517,
        "nauc_recall_at_1000_std": 0.503357,
        "nauc_recall_at_1000_diff1": -0.317952,
        "nauc_precision_at_1_max": 0.36433,
        "nauc_precision_at_1_std": 0.057948,
        "nauc_precision_at_1_diff1": 0.317296,
        "nauc_precision_at_3_max": 0.204832,
        "nauc_precision_at_3_std": 0.293384,
        "nauc_precision_at_3_diff1": -0.116665,
        "nauc_precision_at_5_max": 0.188669,
        "nauc_precision_at_5_std": 0.332137,
        "nauc_precision_at_5_diff1": -0.147681,
        "nauc_precision_at_10_max": 0.161853,
        "nauc_precision_at_10_std": 0.332841,
        "nauc_precision_at_10_diff1": -0.173471,
        "nauc_precision_at_20_max": 0.16721,
        "nauc_precision_at_20_std": 0.396508,
        "nauc_precision_at_20_diff1": -0.184459,
        "nauc_precision_at_100_max": 0.063707,
        "nauc_precision_at_100_std": 0.323576,
        "nauc_precision_at_100_diff1": -0.227542,
        "nauc_precision_at_1000_max": 0.01149,
        "nauc_precision_at_1000_std": 0.295511,
        "nauc_precision_at_1000_diff1": -0.213489,
        "nauc_mrr_at_1_max": 0.36433,
        "nauc_mrr_at_1_std": 0.057948,
        "nauc_mrr_at_1_diff1": 0.317296,
        "nauc_mrr_at_3_max": 0.401771,
        "nauc_mrr_at_3_std": 0.120315,
        "nauc_mrr_at_3_diff1": 0.236438,
        "nauc_mrr_at_5_max": 0.404058,
        "nauc_mrr_at_5_std": 0.113415,
        "nauc_mrr_at_5_diff1": 0.24794,
        "nauc_mrr_at_10_max": 0.402361,
        "nauc_mrr_at_10_std": 0.120171,
        "nauc_mrr_at_10_diff1": 0.240421,
        "nauc_mrr_at_20_max": 0.403472,
        "nauc_mrr_at_20_std": 0.12475,
        "nauc_mrr_at_20_diff1": 0.241169,
        "nauc_mrr_at_100_max": 0.403146,
        "nauc_mrr_at_100_std": 0.122353,
        "nauc_mrr_at_100_diff1": 0.243043,
        "nauc_mrr_at_1000_max": 0.403191,
        "nauc_mrr_at_1000_std": 0.122326,
        "nauc_mrr_at_1000_diff1": 0.243267,
        "main_score": 0.66077,
        "hf_subset": "ko",
        "languages": [
          "kor-Kore"
        ]
      }
    ]
  },
  "evaluation_time": 10909.090243339539,
  "kg_co2_emissions": null
}