{
  "dataset_revision": "fc24a3ce8f09746410daee3d5cd823ff7a0675b7",
  "task_name": "MrTidyRetrieval",
  "mteb_version": "1.21.6",
  "scores": {
    "test": [
      {
        "ndcg_at_1": 0.46793,
        "ndcg_at_3": 0.5442,
        "ndcg_at_5": 0.56769,
        "ndcg_at_10": 0.59071,
        "ndcg_at_20": 0.61105,
        "ndcg_at_100": 0.63034,
        "ndcg_at_1000": 0.63913,
        "map_at_1": 0.42953,
        "map_at_3": 0.51326,
        "map_at_5": 0.52803,
        "map_at_10": 0.53806,
        "map_at_20": 0.54429,
        "map_at_100": 0.54752,
        "map_at_1000": 0.5478,
        "recall_at_1": 0.42953,
        "recall_at_3": 0.60333,
        "recall_at_5": 0.65717,
        "recall_at_10": 0.72328,
        "recall_at_20": 0.7981,
        "recall_at_100": 0.89509,
        "recall_at_1000": 0.96556,
        "precision_at_1": 0.46793,
        "precision_at_3": 0.22169,
        "precision_at_5": 0.14679,
        "precision_at_10": 0.08242,
        "precision_at_20": 0.0462,
        "precision_at_100": 0.01045,
        "precision_at_1000": 0.00113,
        "mrr_at_1": 0.467933,
        "mrr_at_3": 0.545527,
        "mrr_at_5": 0.556215,
        "mrr_at_10": 0.565528,
        "mrr_at_20": 0.570359,
        "mrr_at_100": 0.572393,
        "mrr_at_1000": 0.572636,
        "nauc_ndcg_at_1_max": 0.347778,
        "nauc_ndcg_at_1_std": -0.058339,
        "nauc_ndcg_at_1_diff1": 0.501989,
        "nauc_ndcg_at_3_max": 0.321743,
        "nauc_ndcg_at_3_std": -0.021783,
        "nauc_ndcg_at_3_diff1": 0.431511,
        "nauc_ndcg_at_5_max": 0.332574,
        "nauc_ndcg_at_5_std": -0.004894,
        "nauc_ndcg_at_5_diff1": 0.424748,
        "nauc_ndcg_at_10_max": 0.340703,
        "nauc_ndcg_at_10_std": -0.012762,
        "nauc_ndcg_at_10_diff1": 0.427041,
        "nauc_ndcg_at_20_max": 0.3389,
        "nauc_ndcg_at_20_std": -0.003515,
        "nauc_ndcg_at_20_diff1": 0.424289,
        "nauc_ndcg_at_100_max": 0.343308,
        "nauc_ndcg_at_100_std": 0.007776,
        "nauc_ndcg_at_100_diff1": 0.43105,
        "nauc_ndcg_at_1000_max": 0.342666,
        "nauc_ndcg_at_1000_std": -2.3e-05,
        "nauc_ndcg_at_1000_diff1": 0.432686,
        "nauc_map_at_1_max": 0.322004,
        "nauc_map_at_1_std": -0.060647,
        "nauc_map_at_1_diff1": 0.479496,
        "nauc_map_at_3_max": 0.315617,
        "nauc_map_at_3_std": -0.032644,
        "nauc_map_at_3_diff1": 0.440521,
        "nauc_map_at_5_max": 0.323492,
        "nauc_map_at_5_std": -0.022745,
        "nauc_map_at_5_diff1": 0.436075,
        "nauc_map_at_10_max": 0.326869,
        "nauc_map_at_10_std": -0.027004,
        "nauc_map_at_10_diff1": 0.437014,
        "nauc_map_at_20_max": 0.326,
        "nauc_map_at_20_std": -0.024601,
        "nauc_map_at_20_diff1": 0.436045,
        "nauc_map_at_100_max": 0.326345,
        "nauc_map_at_100_std": -0.023394,
        "nauc_map_at_100_diff1": 0.437366,
        "nauc_map_at_1000_max": 0.326387,
        "nauc_map_at_1000_std": -0.023538,
        "nauc_map_at_1000_diff1": 0.437423,
        "nauc_recall_at_1_max": 0.322004,
        "nauc_recall_at_1_std": -0.060647,
        "nauc_recall_at_1_diff1": 0.479496,
        "nauc_recall_at_3_max": 0.307551,
        "nauc_recall_at_3_std": 0.011178,
        "nauc_recall_at_3_diff1": 0.380203,
        "nauc_recall_at_5_max": 0.330094,
        "nauc_recall_at_5_std": 0.054829,
        "nauc_recall_at_5_diff1": 0.359187,
        "nauc_recall_at_10_max": 0.356746,
        "nauc_recall_at_10_std": 0.039576,
        "nauc_recall_at_10_diff1": 0.356908,
        "nauc_recall_at_20_max": 0.359008,
        "nauc_recall_at_20_std": 0.103216,
        "nauc_recall_at_20_diff1": 0.330975,
        "nauc_recall_at_100_max": 0.448561,
        "nauc_recall_at_100_std": 0.339303,
        "nauc_recall_at_100_diff1": 0.34747,
        "nauc_recall_at_1000_max": 0.604003,
        "nauc_recall_at_1000_std": 0.505597,
        "nauc_recall_at_1000_diff1": 0.291852,
        "nauc_precision_at_1_max": 0.347778,
        "nauc_precision_at_1_std": -0.058339,
        "nauc_precision_at_1_diff1": 0.501989,
        "nauc_precision_at_3_max": 0.293071,
        "nauc_precision_at_3_std": 0.002078,
        "nauc_precision_at_3_diff1": 0.346977,
        "nauc_precision_at_5_max": 0.288524,
        "nauc_precision_at_5_std": 0.054756,
        "nauc_precision_at_5_diff1": 0.273477,
        "nauc_precision_at_10_max": 0.260607,
        "nauc_precision_at_10_std": 0.032127,
        "nauc_precision_at_10_diff1": 0.206793,
        "nauc_precision_at_20_max": 0.202122,
        "nauc_precision_at_20_std": 0.091149,
        "nauc_precision_at_20_diff1": 0.111556,
        "nauc_precision_at_100_max": 0.138927,
        "nauc_precision_at_100_std": 0.151481,
        "nauc_precision_at_100_diff1": 0.039547,
        "nauc_precision_at_1000_max": 0.053952,
        "nauc_precision_at_1000_std": 0.100944,
        "nauc_precision_at_1000_diff1": -0.064182,
        "nauc_mrr_at_1_max": 0.347778,
        "nauc_mrr_at_1_std": -0.058339,
        "nauc_mrr_at_1_diff1": 0.501989,
        "nauc_mrr_at_3_max": 0.343049,
        "nauc_mrr_at_3_std": -0.030596,
        "nauc_mrr_at_3_diff1": 0.456467,
        "nauc_mrr_at_5_max": 0.346555,
        "nauc_mrr_at_5_std": -0.022801,
        "nauc_mrr_at_5_diff1": 0.45453,
        "nauc_mrr_at_10_max": 0.350391,
        "nauc_mrr_at_10_std": -0.026001,
        "nauc_mrr_at_10_diff1": 0.456921,
        "nauc_mrr_at_20_max": 0.349081,
        "nauc_mrr_at_20_std": -0.024796,
        "nauc_mrr_at_20_diff1": 0.456687,
        "nauc_mrr_at_100_max": 0.3492,
        "nauc_mrr_at_100_std": -0.023745,
        "nauc_mrr_at_100_diff1": 0.457028,
        "nauc_mrr_at_1000_max": 0.349218,
        "nauc_mrr_at_1000_std": -0.023931,
        "nauc_mrr_at_1000_diff1": 0.45708,
        "main_score": 0.59071,
        "hf_subset": "korean",
        "languages": [
          "kor-Kore"
        ]
      }
    ]
  },
  "evaluation_time": 11037.680595874786,
  "kg_co2_emissions": null
}