{
  "dataset_revision": "d67138e705d963e346253a80e59676ddb418810a",
  "task_name": "MultiLongDocRetrieval",
  "mteb_version": "1.21.6",
  "scores": {
    "dev": [
      {
        "ndcg_at_1": 0.29,
        "ndcg_at_3": 0.35917,
        "ndcg_at_5": 0.38176,
        "ndcg_at_10": 0.40401,
        "ndcg_at_20": 0.42135,
        "ndcg_at_100": 0.4465,
        "ndcg_at_1000": 0.4683,
        "map_at_1": 0.29,
        "map_at_3": 0.34167,
        "map_at_5": 0.35417,
        "map_at_10": 0.3631,
        "map_at_20": 0.36767,
        "map_at_100": 0.37114,
        "map_at_1000": 0.3719,
        "recall_at_1": 0.29,
        "recall_at_3": 0.41,
        "recall_at_5": 0.465,
        "recall_at_10": 0.535,
        "recall_at_20": 0.605,
        "recall_at_100": 0.74,
        "recall_at_1000": 0.915,
        "precision_at_1": 0.29,
        "precision_at_3": 0.13667,
        "precision_at_5": 0.093,
        "precision_at_10": 0.0535,
        "precision_at_20": 0.03025,
        "precision_at_100": 0.0074,
        "precision_at_1000": 0.00092,
        "mrr_at_1": 0.29,
        "mrr_at_3": 0.341667,
        "mrr_at_5": 0.354167,
        "mrr_at_10": 0.363099,
        "mrr_at_20": 0.367668,
        "mrr_at_100": 0.371138,
        "mrr_at_1000": 0.371897,
        "nauc_ndcg_at_1_max": 0.39918,
        "nauc_ndcg_at_1_std": 0.027622,
        "nauc_ndcg_at_1_diff1": 0.482817,
        "nauc_ndcg_at_3_max": 0.419841,
        "nauc_ndcg_at_3_std": 0.065095,
        "nauc_ndcg_at_3_diff1": 0.454577,
        "nauc_ndcg_at_5_max": 0.433728,
        "nauc_ndcg_at_5_std": 0.085569,
        "nauc_ndcg_at_5_diff1": 0.456413,
        "nauc_ndcg_at_10_max": 0.43599,
        "nauc_ndcg_at_10_std": 0.086145,
        "nauc_ndcg_at_10_diff1": 0.446462,
        "nauc_ndcg_at_20_max": 0.447888,
        "nauc_ndcg_at_20_std": 0.111184,
        "nauc_ndcg_at_20_diff1": 0.436923,
        "nauc_ndcg_at_100_max": 0.445429,
        "nauc_ndcg_at_100_std": 0.125808,
        "nauc_ndcg_at_100_diff1": 0.428585,
        "nauc_ndcg_at_1000_max": 0.449401,
        "nauc_ndcg_at_1000_std": 0.123922,
        "nauc_ndcg_at_1000_diff1": 0.434085,
        "nauc_map_at_1_max": 0.39918,
        "nauc_map_at_1_std": 0.027622,
        "nauc_map_at_1_diff1": 0.482817,
        "nauc_map_at_3_max": 0.419223,
        "nauc_map_at_3_std": 0.058823,
        "nauc_map_at_3_diff1": 0.464053,
        "nauc_map_at_5_max": 0.426188,
        "nauc_map_at_5_std": 0.069444,
        "nauc_map_at_5_diff1": 0.465167,
        "nauc_map_at_10_max": 0.427027,
        "nauc_map_at_10_std": 0.069249,
        "nauc_map_at_10_diff1": 0.461081,
        "nauc_map_at_20_max": 0.430036,
        "nauc_map_at_20_std": 0.075798,
        "nauc_map_at_20_diff1": 0.458386,
        "nauc_map_at_100_max": 0.429814,
        "nauc_map_at_100_std": 0.077453,
        "nauc_map_at_100_diff1": 0.457465,
        "nauc_map_at_1000_max": 0.429917,
        "nauc_map_at_1000_std": 0.077293,
        "nauc_map_at_1000_diff1": 0.457679,
        "nauc_recall_at_1_max": 0.39918,
        "nauc_recall_at_1_std": 0.027622,
        "nauc_recall_at_1_diff1": 0.482817,
        "nauc_recall_at_3_max": 0.419875,
        "nauc_recall_at_3_std": 0.081604,
        "nauc_recall_at_3_diff1": 0.426973,
        "nauc_recall_at_5_max": 0.456315,
        "nauc_recall_at_5_std": 0.134105,
        "nauc_recall_at_5_diff1": 0.430654,
        "nauc_recall_at_10_max": 0.464821,
        "nauc_recall_at_10_std": 0.140302,
        "nauc_recall_at_10_diff1": 0.39827,
        "nauc_recall_at_20_max": 0.519446,
        "nauc_recall_at_20_std": 0.253255,
        "nauc_recall_at_20_diff1": 0.3549,
        "nauc_recall_at_100_max": 0.521197,
        "nauc_recall_at_100_std": 0.413396,
        "nauc_recall_at_100_diff1": 0.261415,
        "nauc_recall_at_1000_max": 0.766601,
        "nauc_recall_at_1000_std": 0.843741,
        "nauc_recall_at_1000_diff1": 0.137502,
        "nauc_precision_at_1_max": 0.39918,
        "nauc_precision_at_1_std": 0.027622,
        "nauc_precision_at_1_diff1": 0.482817,
        "nauc_precision_at_3_max": 0.419875,
        "nauc_precision_at_3_std": 0.081604,
        "nauc_precision_at_3_diff1": 0.426973,
        "nauc_precision_at_5_max": 0.456315,
        "nauc_precision_at_5_std": 0.134105,
        "nauc_precision_at_5_diff1": 0.430654,
        "nauc_precision_at_10_max": 0.464821,
        "nauc_precision_at_10_std": 0.140302,
        "nauc_precision_at_10_diff1": 0.39827,
        "nauc_precision_at_20_max": 0.519446,
        "nauc_precision_at_20_std": 0.253255,
        "nauc_precision_at_20_diff1": 0.3549,
        "nauc_precision_at_100_max": 0.521197,
        "nauc_precision_at_100_std": 0.413396,
        "nauc_precision_at_100_diff1": 0.261415,
        "nauc_precision_at_1000_max": 0.766601,
        "nauc_precision_at_1000_std": 0.843741,
        "nauc_precision_at_1000_diff1": 0.137502,
        "nauc_mrr_at_1_max": 0.39918,
        "nauc_mrr_at_1_std": 0.027622,
        "nauc_mrr_at_1_diff1": 0.482817,
        "nauc_mrr_at_3_max": 0.419223,
        "nauc_mrr_at_3_std": 0.058823,
        "nauc_mrr_at_3_diff1": 0.464053,
        "nauc_mrr_at_5_max": 0.426188,
        "nauc_mrr_at_5_std": 0.069444,
        "nauc_mrr_at_5_diff1": 0.465167,
        "nauc_mrr_at_10_max": 0.427027,
        "nauc_mrr_at_10_std": 0.069249,
        "nauc_mrr_at_10_diff1": 0.461081,
        "nauc_mrr_at_20_max": 0.430036,
        "nauc_mrr_at_20_std": 0.075798,
        "nauc_mrr_at_20_diff1": 0.458386,
        "nauc_mrr_at_100_max": 0.429814,
        "nauc_mrr_at_100_std": 0.077453,
        "nauc_mrr_at_100_diff1": 0.457465,
        "nauc_mrr_at_1000_max": 0.429917,
        "nauc_mrr_at_1000_std": 0.077293,
        "nauc_mrr_at_1000_diff1": 0.457679,
        "main_score": 0.40401,
        "hf_subset": "ko",
        "languages": [
          "kor-Hang"
        ]
      }
    ],
    "test": [
      {
        "ndcg_at_1": 0.275,
        "ndcg_at_3": 0.31958,
        "ndcg_at_5": 0.34024,
        "ndcg_at_10": 0.36877,
        "ndcg_at_20": 0.38634,
        "ndcg_at_100": 0.41038,
        "ndcg_at_1000": 0.43478,
        "map_at_1": 0.275,
        "map_at_3": 0.3075,
        "map_at_5": 0.319,
        "map_at_10": 0.33044,
        "map_at_20": 0.33519,
        "map_at_100": 0.33817,
        "map_at_1000": 0.33902,
        "recall_at_1": 0.275,
        "recall_at_3": 0.355,
        "recall_at_5": 0.405,
        "recall_at_10": 0.495,
        "recall_at_20": 0.565,
        "recall_at_100": 0.7,
        "recall_at_1000": 0.895,
        "precision_at_1": 0.275,
        "precision_at_3": 0.11833,
        "precision_at_5": 0.081,
        "precision_at_10": 0.0495,
        "precision_at_20": 0.02825,
        "precision_at_100": 0.007,
        "precision_at_1000": 0.0009,
        "mrr_at_1": 0.275,
        "mrr_at_3": 0.3075,
        "mrr_at_5": 0.319,
        "mrr_at_10": 0.330438,
        "mrr_at_20": 0.335192,
        "mrr_at_100": 0.338168,
        "mrr_at_1000": 0.339015,
        "nauc_ndcg_at_1_max": 0.59183,
        "nauc_ndcg_at_1_std": 0.147642,
        "nauc_ndcg_at_1_diff1": 0.599303,
        "nauc_ndcg_at_3_max": 0.598075,
        "nauc_ndcg_at_3_std": 0.151217,
        "nauc_ndcg_at_3_diff1": 0.555373,
        "nauc_ndcg_at_5_max": 0.60373,
        "nauc_ndcg_at_5_std": 0.156529,
        "nauc_ndcg_at_5_diff1": 0.575234,
        "nauc_ndcg_at_10_max": 0.610056,
        "nauc_ndcg_at_10_std": 0.179175,
        "nauc_ndcg_at_10_diff1": 0.542187,
        "nauc_ndcg_at_20_max": 0.61707,
        "nauc_ndcg_at_20_std": 0.201235,
        "nauc_ndcg_at_20_diff1": 0.542073,
        "nauc_ndcg_at_100_max": 0.622019,
        "nauc_ndcg_at_100_std": 0.204358,
        "nauc_ndcg_at_100_diff1": 0.542194,
        "nauc_ndcg_at_1000_max": 0.619199,
        "nauc_ndcg_at_1000_std": 0.201103,
        "nauc_ndcg_at_1000_diff1": 0.547707,
        "nauc_map_at_1_max": 0.59183,
        "nauc_map_at_1_std": 0.147642,
        "nauc_map_at_1_diff1": 0.599303,
        "nauc_map_at_3_max": 0.595925,