{
  "dataset_revision": "main",
  "task_name": "PublicHealthQA",
  "mteb_version": "1.31.1",
  "scores": {
    "test": [
      {
        "ndcg_at_1": 0.67532,
        "ndcg_at_3": 0.78324,
        "ndcg_at_5": 0.79888,
        "ndcg_at_10": 0.81679,
        "ndcg_at_20": 0.82679,
        "ndcg_at_100": 0.82963,
        "ndcg_at_1000": 0.82963,
        "map_at_1": 0.67532,
        "map_at_3": 0.75758,
        "map_at_5": 0.76602,
        "map_at_10": 0.77406,
        "map_at_20": 0.77689,
        "map_at_100": 0.77745,
        "map_at_1000": 0.77745,
        "recall_at_1": 0.67532,
        "recall_at_3": 0.85714,
        "recall_at_5": 0.8961,
        "recall_at_10": 0.94805,
        "recall_at_20": 0.98701,
        "recall_at_100": 1.0,
        "recall_at_1000": 1.0,
        "precision_at_1": 0.67532,
        "precision_at_3": 0.28571,
        "precision_at_5": 0.17922,
        "precision_at_10": 0.09481,
        "precision_at_20": 0.04935,
        "precision_at_100": 0.01,
        "precision_at_1000": 0.001,
        "mrr_at_1": 0.675325,
        "mrr_at_3": 0.757576,
        "mrr_at_5": 0.766017,
        "mrr_at_10": 0.774057,
        "mrr_at_20": 0.776887,
        "mrr_at_100": 0.777451,
        "mrr_at_1000": 0.777451,
        "nauc_ndcg_at_1_max": 0.275234,
        "nauc_ndcg_at_1_std": -0.024039,
        "nauc_ndcg_at_1_diff1": 0.7852,
        "nauc_ndcg_at_3_max": 0.238945,
        "nauc_ndcg_at_3_std": -0.129105,
        "nauc_ndcg_at_3_diff1": 0.725551,
        "nauc_ndcg_at_5_max": 0.260064,
        "nauc_ndcg_at_5_std": -0.14163,
        "nauc_ndcg_at_5_diff1": 0.764278,
        "nauc_ndcg_at_10_max": 0.229219,
        "nauc_ndcg_at_10_std": -0.138331,
        "nauc_ndcg_at_10_diff1": 0.766539,
        "nauc_ndcg_at_20_max": 0.221126,
        "nauc_ndcg_at_20_std": -0.109715,
        "nauc_ndcg_at_20_diff1": 0.756675,
        "nauc_ndcg_at_100_max": 0.247464,
        "nauc_ndcg_at_100_std": -0.101146,
        "nauc_ndcg_at_100_diff1": 0.757323,
        "nauc_ndcg_at_1000_max": 0.247464,
        "nauc_ndcg_at_1000_std": -0.101146,
        "nauc_ndcg_at_1000_diff1": 0.757323,
        "nauc_map_at_1_max": 0.275234,
        "nauc_map_at_1_std": -0.024039,
        "nauc_map_at_1_diff1": 0.7852,
        "nauc_map_at_3_max": 0.253713,
        "nauc_map_at_3_std": -0.099555,
        "nauc_map_at_3_diff1": 0.742159,
        "nauc_map_at_5_max": 0.263202,
        "nauc_map_at_5_std": -0.104581,
        "nauc_map_at_5_diff1": 0.760417,
        "nauc_map_at_10_max": 0.251371,
        "nauc_map_at_10_std": -0.102456,
        "nauc_map_at_10_diff1": 0.760742,
        "nauc_map_at_20_max": 0.249733,
        "nauc_map_at_20_std": -0.093969,
        "nauc_map_at_20_diff1": 0.758372,
        "nauc_map_at_100_max": 0.253853,
        "nauc_map_at_100_std": -0.09261,
        "nauc_map_at_100_diff1": 0.758476,
        "nauc_map_at_1000_max": 0.253853,
        "nauc_map_at_1000_std": -0.09261,
        "nauc_map_at_1000_diff1": 0.758476,
        "nauc_recall_at_1_max": 0.275234,
        "nauc_recall_at_1_std": -0.024039,
        "nauc_recall_at_1_diff1": 0.7852,
        "nauc_recall_at_3_max": 0.170913,
        "nauc_recall_at_3_std": -0.258852,
        "nauc_recall_at_3_diff1": 0.652751,
        "nauc_recall_at_5_max": 0.248113,
        "nauc_recall_at_5_std": -0.353764,
        "nauc_recall_at_5_diff1": 0.801157,
        "nauc_recall_at_10_max": -0.031491,
        "nauc_recall_at_10_std": -0.524913,
        "nauc_recall_at_10_diff1": 0.865007,
        "nauc_recall_at_20_max": -1.164365,
        "nauc_recall_at_20_std": -0.560444,
        "nauc_recall_at_20_diff1": 0.722603,
        "nauc_recall_at_100_max": NaN,
        "nauc_recall_at_100_std": NaN,
        "nauc_recall_at_100_diff1": NaN,
        "nauc_recall_at_1000_max": NaN,
        "nauc_recall_at_1000_std": NaN,
        "nauc_recall_at_1000_diff1": NaN,
        "nauc_precision_at_1_max": 0.275234,
        "nauc_precision_at_1_std": -0.024039,
        "nauc_precision_at_1_diff1": 0.7852,
        "nauc_precision_at_3_max": 0.170913,
        "nauc_precision_at_3_std": -0.258852,
        "nauc_precision_at_3_diff1": 0.652751,
        "nauc_precision_at_5_max": 0.248113,
        "nauc_precision_at_5_std": -0.353764,
        "nauc_precision_at_5_diff1": 0.801157,
        "nauc_precision_at_10_max": -0.031491,
        "nauc_precision_at_10_std": -0.524913,
        "nauc_precision_at_10_diff1": 0.865007,
        "nauc_precision_at_20_max": -1.164365,
        "nauc_precision_at_20_std": -0.560444,
        "nauc_precision_at_20_diff1": 0.722603,
        "nauc_precision_at_100_max": 1.0,
        "nauc_precision_at_100_std": 1.0,
        "nauc_precision_at_100_diff1": 1.0,
        "nauc_precision_at_1000_max": NaN,
        "nauc_precision_at_1000_std": NaN,
        "nauc_precision_at_1000_diff1": NaN,
        "nauc_mrr_at_1_max": 0.275234,
        "nauc_mrr_at_1_std": -0.024039,
        "nauc_mrr_at_1_diff1": 0.7852,
        "nauc_mrr_at_3_max": 0.253713,
        "nauc_mrr_at_3_std": -0.099555,
        "nauc_mrr_at_3_diff1": 0.742159,
        "nauc_mrr_at_5_max": 0.263202,
        "nauc_mrr_at_5_std": -0.104581,
        "nauc_mrr_at_5_diff1": 0.760417,
        "nauc_mrr_at_10_max": 0.251371,
        "nauc_mrr_at_10_std": -0.102456,
        "nauc_mrr_at_10_diff1": 0.760742,
        "nauc_mrr_at_20_max": 0.249733,
        "nauc_mrr_at_20_std": -0.093969,
        "nauc_mrr_at_20_diff1": 0.758372,
        "nauc_mrr_at_100_max": 0.253853,
        "nauc_mrr_at_100_std": -0.09261,
        "nauc_mrr_at_100_diff1": 0.758476,
        "nauc_mrr_at_1000_max": 0.253853,
        "nauc_mrr_at_1000_std": -0.09261,
        "nauc_mrr_at_1000_diff1": 0.758476,
        "main_score": 0.81679,
        "hf_subset": "korean",
        "languages": [
          "kor-Hang"
        ]
      }
    ]
  },
  "evaluation_time": 1.4873905181884766,
  "kg_co2_emissions": null
}