{
  "dataset_revision": "c99d599f0a6ab9b85b065da6f9d94f9cf731679f",
  "task_name": "XPQARetrieval",
  "mteb_version": "1.31.1",
  "scores": {
    "test": [
      {
        "ndcg_at_1": 0.34098,
        "ndcg_at_3": 0.36993,
        "ndcg_at_5": 0.39574,
        "ndcg_at_10": 0.43009,
        "ndcg_at_20": 0.45708,
        "ndcg_at_100": 0.49827,
        "ndcg_at_1000": 0.51972,
        "map_at_1": 0.24093,
        "map_at_3": 0.33978,
        "map_at_5": 0.36288,
        "map_at_10": 0.37917,
        "map_at_20": 0.38755,
        "map_at_100": 0.39458,
        "map_at_1000": 0.39551,
        "recall_at_1": 0.24093,
        "recall_at_3": 0.38856,
        "recall_at_5": 0.45178,
        "recall_at_10": 0.54684,
        "recall_at_20": 0.64126,
        "recall_at_100": 0.83856,
        "recall_at_1000": 1.0,
        "precision_at_1": 0.34098,
        "precision_at_3": 0.20897,
        "precision_at_5": 0.14893,
        "precision_at_10": 0.08945,
        "precision_at_20": 0.05252,
        "precision_at_100": 0.01373,
        "precision_at_1000": 0.00156,
        "mrr_at_1": 0.340979,
        "mrr_at_3": 0.390418,
        "mrr_at_5": 0.402039,
        "mrr_at_10": 0.414362,
        "mrr_at_20": 0.420995,
        "mrr_at_100": 0.425077,
        "mrr_at_1000": 0.425732,
        "nauc_ndcg_at_1_max": 0.371938,
        "nauc_ndcg_at_1_std": -0.220913,
        "nauc_ndcg_at_1_diff1": 0.498818,
        "nauc_ndcg_at_3_max": 0.342752,
        "nauc_ndcg_at_3_std": -0.223497,
        "nauc_ndcg_at_3_diff1": 0.441327,
        "nauc_ndcg_at_5_max": 0.323528,
        "nauc_ndcg_at_5_std": -0.235865,
        "nauc_ndcg_at_5_diff1": 0.432079,
        "nauc_ndcg_at_10_max": 0.311974,
        "nauc_ndcg_at_10_std": -0.234055,
        "nauc_ndcg_at_10_diff1": 0.422913,
        "nauc_ndcg_at_20_max": 0.308263,
        "nauc_ndcg_at_20_std": -0.235009,
        "nauc_ndcg_at_20_diff1": 0.414187,
        "nauc_ndcg_at_100_max": 0.322048,
        "nauc_ndcg_at_100_std": -0.212636,
        "nauc_ndcg_at_100_diff1": 0.412488,
        "nauc_ndcg_at_1000_max": 0.327885,
        "nauc_ndcg_at_1000_std": -0.218744,
        "nauc_ndcg_at_1000_diff1": 0.423518,
        "nauc_map_at_1_max": 0.286225,
        "nauc_map_at_1_std": -0.214318,
        "nauc_map_at_1_diff1": 0.55308,
        "nauc_map_at_3_max": 0.340854,
        "nauc_map_at_3_std": -0.214701,
        "nauc_map_at_3_diff1": 0.450289,
        "nauc_map_at_5_max": 0.332503,
        "nauc_map_at_5_std": -0.227466,
        "nauc_map_at_5_diff1": 0.442144,
        "nauc_map_at_10_max": 0.326758,
        "nauc_map_at_10_std": -0.228555,
        "nauc_map_at_10_diff1": 0.437562,
        "nauc_map_at_20_max": 0.326124,
        "nauc_map_at_20_std": -0.22896,
        "nauc_map_at_20_diff1": 0.43519,
        "nauc_map_at_100_max": 0.327435,
        "nauc_map_at_100_std": -0.226021,
        "nauc_map_at_100_diff1": 0.434327,
        "nauc_map_at_1000_max": 0.327936,
        "nauc_map_at_1000_std": -0.225934,
        "nauc_map_at_1000_diff1": 0.434809,
        "nauc_recall_at_1_max": 0.286225,
        "nauc_recall_at_1_std": -0.214318,
        "nauc_recall_at_1_diff1": 0.55308,
        "nauc_recall_at_3_max": 0.32072,
        "nauc_recall_at_3_std": -0.221916,
        "nauc_recall_at_3_diff1": 0.412067,
        "nauc_recall_at_5_max": 0.280654,
        "nauc_recall_at_5_std": -0.246186,
        "nauc_recall_at_5_diff1": 0.381538,
        "nauc_recall_at_10_max": 0.244628,
        "nauc_recall_at_10_std": -0.233764,
        "nauc_recall_at_10_diff1": 0.352702,
        "nauc_recall_at_20_max": 0.214972,
        "nauc_recall_at_20_std": -0.240123,
        "nauc_recall_at_20_diff1": 0.30565,
        "nauc_recall_at_100_max": 0.260948,
        "nauc_recall_at_100_std": -0.082979,
        "nauc_recall_at_100_diff1": 0.243887,
        "nauc_recall_at_1000_max": NaN,
        "nauc_recall_at_1000_std": NaN,
        "nauc_recall_at_1000_diff1": NaN,
        "nauc_precision_at_1_max": 0.371938,
        "nauc_precision_at_1_std": -0.220913,
        "nauc_precision_at_1_diff1": 0.498818,
        "nauc_precision_at_3_max": 0.337407,
        "nauc_precision_at_3_std": -0.162082,
        "nauc_precision_at_3_diff1": 0.218464,
        "nauc_precision_at_5_max": 0.280191,
        "nauc_precision_at_5_std": -0.174784,
        "nauc_precision_at_5_diff1": 0.178532,
        "nauc_precision_at_10_max": 0.225539,
        "nauc_precision_at_10_std": -0.159273,
        "nauc_precision_at_10_diff1": 0.125716,
        "nauc_precision_at_20_max": 0.193822,
        "nauc_precision_at_20_std": -0.139024,
        "nauc_precision_at_20_diff1": 0.068406,
        "nauc_precision_at_100_max": 0.194409,
        "nauc_precision_at_100_std": 0.026692,
        "nauc_precision_at_100_diff1": -0.049554,
        "nauc_precision_at_1000_max": 0.183445,
        "nauc_precision_at_1000_std": 0.077361,
        "nauc_precision_at_1000_diff1": -0.123717,
        "nauc_mrr_at_1_max": 0.371938,
        "nauc_mrr_at_1_std": -0.223132,
        "nauc_mrr_at_1_diff1": 0.498818,
        "nauc_mrr_at_3_max": 0.352857,
        "nauc_mrr_at_3_std": -0.233647,
        "nauc_mrr_at_3_diff1": 0.466722,
        "nauc_mrr_at_5_max": 0.341737,
        "nauc_mrr_at_5_std": -0.234706,
        "nauc_mrr_at_5_diff1": 0.456885,
        "nauc_mrr_at_10_max": 0.33908,
        "nauc_mrr_at_10_std": -0.232323,
        "nauc_mrr_at_10_diff1": 0.453574,
        "nauc_mrr_at_20_max": 0.339037,
        "nauc_mrr_at_20_std": -0.231274,
        "nauc_mrr_at_20_diff1": 0.452234,
        "nauc_mrr_at_100_max": 0.34055,
        "nauc_mrr_at_100_std": -0.229377,
        "nauc_mrr_at_100_diff1": 0.452309,
        "nauc_mrr_at_1000_max": 0.340616,
        "nauc_mrr_at_1000_std": -0.229648,
        "nauc_mrr_at_1000_diff1": 0.452734,
        "main_score": 0.43009,
        "hf_subset": "kor-kor",
        "languages": [
          "kor-Hang",
          "kor-Hang"
        ]
      },
      {
        "ndcg_at_1": 0.3211,
        "ndcg_at_3": 0.32729,
        "ndcg_at_5": 0.34032,
        "ndcg_at_10": 0.37783,
        "ndcg_at_20": 0.40662,
        "ndcg_at_100": 0.45834,
        "ndcg_at_1000": 0.48616,
        "map_at_1": 0.18524,
        "map_at_3": 0.27607,
        "map_at_5": 0.30003,
        "map_at_10": 0.32097,
        "map_at_20": 0.33112,
        "map_at_100": 0.33984,
        "map_at_1000": 0.34145,
        "recall_at_1": 0.18524,
        "recall_at_3": 0.32011,
        "recall_at_5": 0.37513,
        "recall_at_10": 0.47146,
        "recall_at_20": 0.56577,
        "recall_at_100": 0.80892,
        "recall_at_1000": 0.99796,
        "precision_at_1": 0.3211,
        "precision_at_3": 0.21458,
        "precision_at_5": 0.15841,
        "precision_at_10": 0.09924,
        "precision_at_20": 0.05917,
        "precision_at_100": 0.01633,
        "precision_at_1000": 0.00195,
        "mrr_at_1": 0.321101,
        "mrr_at_3": 0.364934,
        "mrr_at_5": 0.378313,
        "mrr_at_10": 0.389488,
        "mrr_at_20": 0.395808,
        "mrr_at_100": 0.400854,
        "mrr_at_1000": 0.401528,
        "nauc_ndcg_at_1_max": 0.274415,
        "nauc_ndcg_at_1_std": -0.192429,
        "nauc_ndcg_at_1_diff1": 0.498666,
        "nauc_ndcg_at_3_max": 0.2414,
        "nauc_ndcg_at_3_std": -0.216653,
        "nauc_ndcg_at_3_diff1": 0.459131,
        "nauc_ndcg_at_5_max": 0.228722,
        "nauc_ndcg_at_5_std": -0.223779,
        "nauc_ndcg_at_5_diff1": 0.447031,
        "nauc_ndcg_at_10_max": 0.214371,
        "nauc_ndcg_at_10_std": -0.238081,
        "nauc_ndcg_at_10_diff1": 0.437757,
        "nauc_ndcg_at_20_max": 0.200516,
        "nauc_ndcg_at_20_std": -0.243786,
        "nauc_ndcg_at_20_diff1": 0.433649,
        "nauc_ndcg_at_100_max": 0.219774,
        "nauc_ndcg_at_100_std": -0.211152,
        "nauc_ndcg_at_100_diff1": 0.440395,
        "nauc_ndcg_at_1000_max": 0.231401,
        "nauc_ndcg_at_1000_std": -0.207592,
        "nauc_ndcg_at_1000_diff1": 0.439766,
        "nauc_map_at_1_max": 0.194908,