{
  "dataset_revision": "c99d599f0a6ab9b85b065da6f9d94f9cf731679f",
  "task_name": "XPQARetrieval",
  "mteb_version": "1.21.6",
  "scores": {
    "test": [
      {
        "ndcg_at_1": 0.34098,
        "ndcg_at_3": 0.37001,
        "ndcg_at_5": 0.39582,
        "ndcg_at_10": 0.43018,
        "ndcg_at_20": 0.45717,
        "ndcg_at_100": 0.49835,
        "ndcg_at_1000": 0.5198,
        "map_at_1": 0.24118,
        "map_at_3": 0.3399,
        "map_at_5": 0.36301,
        "map_at_10": 0.3793,
        "map_at_20": 0.38769,
        "map_at_100": 0.39471,
        "map_at_1000": 0.39563,
        "recall_at_1": 0.24118,
        "recall_at_3": 0.38856,
        "recall_at_5": 0.45178,
        "recall_at_10": 0.54684,
        "recall_at_20": 0.64126,
        "recall_at_100": 0.83856,
        "recall_at_1000": 1.0,
        "precision_at_1": 0.34098,
        "precision_at_3": 0.20897,
        "precision_at_5": 0.14893,
        "precision_at_10": 0.08945,
        "precision_at_20": 0.05252,
        "precision_at_100": 0.01373,
        "precision_at_1000": 0.00156,
        "mrr_at_1": 0.340979,
        "mrr_at_3": 0.390163,
        "mrr_at_5": 0.401784,
        "mrr_at_10": 0.414107,
        "mrr_at_20": 0.420741,
        "mrr_at_100": 0.424817,
        "mrr_at_1000": 0.425472,
        "nauc_ndcg_at_1_max": 0.371938,
        "nauc_ndcg_at_1_std": -0.223132,
        "nauc_ndcg_at_1_diff1": 0.498818,
        "nauc_ndcg_at_3_max": 0.342361,
        "nauc_ndcg_at_3_std": -0.223941,
        "nauc_ndcg_at_3_diff1": 0.440807,
        "nauc_ndcg_at_5_max": 0.323188,
        "nauc_ndcg_at_5_std": -0.236331,
        "nauc_ndcg_at_5_diff1": 0.431617,
        "nauc_ndcg_at_10_max": 0.31163,
        "nauc_ndcg_at_10_std": -0.234533,
        "nauc_ndcg_at_10_diff1": 0.422442,
        "nauc_ndcg_at_20_max": 0.307969,
        "nauc_ndcg_at_20_std": -0.23559,
        "nauc_ndcg_at_20_diff1": 0.413812,
        "nauc_ndcg_at_100_max": 0.321761,
        "nauc_ndcg_at_100_std": -0.213297,
        "nauc_ndcg_at_100_diff1": 0.412137,
        "nauc_ndcg_at_1000_max": 0.327573,
        "nauc_ndcg_at_1000_std": -0.21945,
        "nauc_ndcg_at_1000_diff1": 0.42314,
        "nauc_map_at_1_max": 0.285472,
        "nauc_map_at_1_std": -0.215826,
        "nauc_map_at_1_diff1": 0.551963,
        "nauc_map_at_3_max": 0.34034,
        "nauc_map_at_3_std": -0.21525,
        "nauc_map_at_3_diff1": 0.449593,
        "nauc_map_at_5_max": 0.332048,
        "nauc_map_at_5_std": -0.228033,
        "nauc_map_at_5_diff1": 0.441525,
        "nauc_map_at_10_max": 0.326302,
        "nauc_map_at_10_std": -0.229127,
        "nauc_map_at_10_diff1": 0.43694,
        "nauc_map_at_20_max": 0.325678,
        "nauc_map_at_20_std": -0.229578,
        "nauc_map_at_20_diff1": 0.434603,
        "nauc_map_at_100_max": 0.327011,
        "nauc_map_at_100_std": -0.226667,
        "nauc_map_at_100_diff1": 0.433772,
        "nauc_map_at_1000_max": 0.327509,
        "nauc_map_at_1000_std": -0.226583,
        "nauc_map_at_1000_diff1": 0.434253,
        "nauc_recall_at_1_max": 0.285472,
        "nauc_recall_at_1_std": -0.215826,
        "nauc_recall_at_1_diff1": 0.551963,
        "nauc_recall_at_3_max": 0.32072,
        "nauc_recall_at_3_std": -0.221916,
        "nauc_recall_at_3_diff1": 0.412067,
        "nauc_recall_at_5_max": 0.280654,
        "nauc_recall_at_5_std": -0.246186,
        "nauc_recall_at_5_diff1": 0.381538,
        "nauc_recall_at_10_max": 0.244628,
        "nauc_recall_at_10_std": -0.233764,
        "nauc_recall_at_10_diff1": 0.352702,
        "nauc_recall_at_20_max": 0.214972,
        "nauc_recall_at_20_std": -0.240123,
        "nauc_recall_at_20_diff1": 0.30565,
        "nauc_recall_at_100_max": 0.260948,
        "nauc_recall_at_100_std": -0.082979,
        "nauc_recall_at_100_diff1": 0.243887,
        "nauc_recall_at_1000_max": NaN,
        "nauc_recall_at_1000_std": NaN,
        "nauc_recall_at_1000_diff1": NaN,
        "nauc_precision_at_1_max": 0.371938,
        "nauc_precision_at_1_std": -0.223132,
        "nauc_precision_at_1_diff1": 0.498818,
        "nauc_precision_at_3_max": 0.337407,
        "nauc_precision_at_3_std": -0.162082,
        "nauc_precision_at_3_diff1": 0.218464,
        "nauc_precision_at_5_max": 0.280191,
        "nauc_precision_at_5_std": -0.174784,
        "nauc_precision_at_5_diff1": 0.178532,
        "nauc_precision_at_10_max": 0.225539,
        "nauc_precision_at_10_std": -0.159273,
        "nauc_precision_at_10_diff1": 0.125716,
        "nauc_precision_at_20_max": 0.193822,
        "nauc_precision_at_20_std": -0.139024,
        "nauc_precision_at_20_diff1": 0.068406,
        "nauc_precision_at_100_max": 0.194409,
        "nauc_precision_at_100_std": 0.026692,
        "nauc_precision_at_100_diff1": -0.049554,
        "nauc_precision_at_1000_max": 0.183445,
        "nauc_precision_at_1000_std": 0.077361,
        "nauc_precision_at_1000_diff1": -0.123717,
        "nauc_mrr_at_1_max": 0.371938,
        "nauc_mrr_at_1_std": -0.223132,
        "nauc_mrr_at_1_diff1": 0.498818,
        "nauc_mrr_at_3_max": 0.353543,
        "nauc_mrr_at_3_std": -0.233109,
        "nauc_mrr_at_3_diff1": 0.467199,
        "nauc_mrr_at_5_max": 0.343539,
        "nauc_mrr_at_5_std": -0.232805,
        "nauc_mrr_at_5_diff1": 0.45681,
        "nauc_mrr_at_10_max": 0.339967,
        "nauc_mrr_at_10_std": -0.231545,
        "nauc_mrr_at_10_diff1": 0.453967,
        "nauc_mrr_at_20_max": 0.339934,
        "nauc_mrr_at_20_std": -0.230488,
        "nauc_mrr_at_20_diff1": 0.452631,
        "nauc_mrr_at_100_max": 0.341445,
        "nauc_mrr_at_100_std": -0.228595,
        "nauc_mrr_at_100_diff1": 0.45271,
        "nauc_mrr_at_1000_max": 0.341512,
        "nauc_mrr_at_1000_std": -0.228865,
        "nauc_mrr_at_1000_diff1": 0.453134,
        "main_score": 0.43018,
        "hf_subset": "kor-kor",
        "languages": [
          "kor-Hang",
          "kor-Hang"
        ]
      },
      {
        "ndcg_at_1": 0.3211,
        "ndcg_at_3": 0.32729,
        "ndcg_at_5": 0.34032,
        "ndcg_at_10": 0.37783,
        "ndcg_at_20": 0.40662,
        "ndcg_at_100": 0.45834,
        "ndcg_at_1000": 0.48616,
        "map_at_1": 0.18524,
        "map_at_3": 0.27607,
        "map_at_5": 0.30003,
        "map_at_10": 0.32097,
        "map_at_20": 0.33112,
        "map_at_100": 0.33984,
        "map_at_1000": 0.34145,
        "recall_at_1": 0.18524,
        "recall_at_3": 0.32011,
        "recall_at_5": 0.37513,
        "recall_at_10": 0.47146,
        "recall_at_20": 0.56577,
        "recall_at_100": 0.80892,
        "recall_at_1000": 0.99796,
        "precision_at_1": 0.3211,
        "precision_at_3": 0.21458,
        "precision_at_5": 0.15841,
        "precision_at_10": 0.09924,
        "precision_at_20": 0.05917,
        "precision_at_100": 0.01633,
        "precision_at_1000": 0.00195,
        "mrr_at_1": 0.321101,
        "mrr_at_3": 0.364934,
        "mrr_at_5": 0.378313,
        "mrr_at_10": 0.389471,
        "mrr_at_20": 0.395791,
        "mrr_at_100": 0.400832,
        "mrr_at_1000": 0.401506,
        "nauc_ndcg_at_1_max": 0.274415,
        "nauc_ndcg_at_1_std": -0.192429,
        "nauc_ndcg_at_1_diff1": 0.498666,
        "nauc_ndcg_at_3_max": 0.2414,
        "nauc_ndcg_at_3_std": -0.216653,
        "nauc_ndcg_at_3_diff1": 0.459131,
        "nauc_ndcg_at_5_max": 0.228722,
        "nauc_ndcg_at_5_std": -0.223779,
        "nauc_ndcg_at_5_diff1": 0.447031,
        "nauc_ndcg_at_10_max": 0.214371,
        "nauc_ndcg_at_10_std": -0.238081,
        "nauc_ndcg_at_10_diff1": 0.437757,
        "nauc_ndcg_at_20_max": 0.200516,
        "nauc_ndcg_at_20_std": -0.243786,
        "nauc_ndcg_at_20_diff1": 0.433649,
        "nauc_ndcg_at_100_max": 0.219774,
        "nauc_ndcg_at_100_std": -0.211152,
        "nauc_ndcg_at_100_diff1": 0.440395,
        "nauc_ndcg_at_1000_max": 0.231401,
        "nauc_ndcg_at_1000_std": -0.207592,
        "nauc_ndcg_at_1000_diff1": 0.439766,
        "nauc_map_at_1_max": 0.194908,