{
  "dataset_revision": "fd7df84ac089bbec763b1c6bb1b56e985df5cc5c",
  "task_name": "AutoRAGRetrieval",
  "mteb_version": "1.31.1",
  "scores": {
    "test": [
      {
        "ndcg_at_1": 0.50877,
        "ndcg_at_3": 0.62343,
        "ndcg_at_5": 0.64872,
        "ndcg_at_10": 0.67829,
        "ndcg_at_20": 0.68706,
        "ndcg_at_100": 0.70302,
        "ndcg_at_1000": 0.70674,
        "map_at_1": 0.50877,
        "map_at_3": 0.59357,
        "map_at_5": 0.6076,
        "map_at_10": 0.62052,
        "map_at_20": 0.62289,
        "map_at_100": 0.62562,
        "map_at_1000": 0.62581,
        "recall_at_1": 0.50877,
        "recall_at_3": 0.71053,
        "recall_at_5": 0.77193,
        "recall_at_10": 0.85965,
        "recall_at_20": 0.89474,
        "recall_at_100": 0.97368,
        "recall_at_1000": 1.0,
        "precision_at_1": 0.50877,
        "precision_at_3": 0.23684,
        "precision_at_5": 0.15439,
        "precision_at_10": 0.08596,
        "precision_at_20": 0.04474,
        "precision_at_100": 0.00974,
        "precision_at_1000": 0.001,
        "mrr_at_1": 0.508772,
        "mrr_at_3": 0.593567,
        "mrr_at_5": 0.607602,
        "mrr_at_10": 0.620524,
        "mrr_at_20": 0.622886,
        "mrr_at_100": 0.625617,
        "mrr_at_1000": 0.625813,
        "nauc_ndcg_at_1_max": 0.212482,
        "nauc_ndcg_at_1_std": -0.359032,
        "nauc_ndcg_at_1_diff1": 0.609073,
        "nauc_ndcg_at_3_max": 0.236757,
        "nauc_ndcg_at_3_std": -0.403019,
        "nauc_ndcg_at_3_diff1": 0.543881,
        "nauc_ndcg_at_5_max": 0.250285,
        "nauc_ndcg_at_5_std": -0.398552,
        "nauc_ndcg_at_5_diff1": 0.566861,
        "nauc_ndcg_at_10_max": 0.240557,
        "nauc_ndcg_at_10_std": -0.445151,
        "nauc_ndcg_at_10_diff1": 0.575474,
        "nauc_ndcg_at_20_max": 0.222384,
        "nauc_ndcg_at_20_std": -0.447235,
        "nauc_ndcg_at_20_diff1": 0.565609,
        "nauc_ndcg_at_100_max": 0.231124,
        "nauc_ndcg_at_100_std": -0.426067,
        "nauc_ndcg_at_100_diff1": 0.561553,
        "nauc_ndcg_at_1000_max": 0.230885,
        "nauc_ndcg_at_1000_std": -0.424515,
        "nauc_ndcg_at_1000_diff1": 0.573373,
        "nauc_map_at_1_max": 0.212482,
        "nauc_map_at_1_std": -0.359032,
        "nauc_map_at_1_diff1": 0.609073,
        "nauc_map_at_3_max": 0.231427,
        "nauc_map_at_3_std": -0.39674,
        "nauc_map_at_3_diff1": 0.567112,
        "nauc_map_at_5_max": 0.23882,
        "nauc_map_at_5_std": -0.393729,
        "nauc_map_at_5_diff1": 0.579471,
        "nauc_map_at_10_max": 0.234502,
        "nauc_map_at_10_std": -0.413895,
        "nauc_map_at_10_diff1": 0.584718,
        "nauc_map_at_20_max": 0.229978,
        "nauc_map_at_20_std": -0.414339,
        "nauc_map_at_20_diff1": 0.582705,
        "nauc_map_at_100_max": 0.23096,
        "nauc_map_at_100_std": -0.412014,
        "nauc_map_at_100_diff1": 0.581828,
        "nauc_map_at_1000_max": 0.230938,
        "nauc_map_at_1000_std": -0.411948,
        "nauc_map_at_1000_diff1": 0.582324,
        "nauc_recall_at_1_max": 0.212482,
        "nauc_recall_at_1_std": -0.359032,
        "nauc_recall_at_1_diff1": 0.609073,
        "nauc_recall_at_3_max": 0.254996,
        "nauc_recall_at_3_std": -0.422389,
        "nauc_recall_at_3_diff1": 0.458781,
        "nauc_recall_at_5_max": 0.298848,
        "nauc_recall_at_5_std": -0.415126,
        "nauc_recall_at_5_diff1": 0.516146,
        "nauc_recall_at_10_max": 0.273425,
        "nauc_recall_at_10_std": -0.653098,
        "nauc_recall_at_10_diff1": 0.520048,
        "nauc_recall_at_20_max": 0.119185,
        "nauc_recall_at_20_std": -0.72967,
        "nauc_recall_at_20_diff1": 0.407356,
        "nauc_recall_at_100_max": 0.240959,
        "nauc_recall_at_100_std": -0.522778,
        "nauc_recall_at_100_diff1": -0.156639,
        "nauc_recall_at_1000_max": NaN,
        "nauc_recall_at_1000_std": NaN,
        "nauc_recall_at_1000_diff1": NaN,
        "nauc_precision_at_1_max": 0.212482,
        "nauc_precision_at_1_std": -0.359032,
        "nauc_precision_at_1_diff1": 0.609073,
        "nauc_precision_at_3_max": 0.254996,
        "nauc_precision_at_3_std": -0.422389,
        "nauc_precision_at_3_diff1": 0.458781,
        "nauc_precision_at_5_max": 0.298848,
        "nauc_precision_at_5_std": -0.415126,
        "nauc_precision_at_5_diff1": 0.516146,
        "nauc_precision_at_10_max": 0.273425,
        "nauc_precision_at_10_std": -0.653098,
        "nauc_precision_at_10_diff1": 0.520048,
        "nauc_precision_at_20_max": 0.119185,
        "nauc_precision_at_20_std": -0.72967,
        "nauc_precision_at_20_diff1": 0.407356,
        "nauc_precision_at_100_max": 0.240959,
        "nauc_precision_at_100_std": -0.522778,
        "nauc_precision_at_100_diff1": -0.156639,
        "nauc_precision_at_1000_max": 1.0,
        "nauc_precision_at_1000_std": 1.0,
        "nauc_precision_at_1000_diff1": 1.0,
        "nauc_mrr_at_1_max": 0.212482,
        "nauc_mrr_at_1_std": -0.359032,
        "nauc_mrr_at_1_diff1": 0.609073,
        "nauc_mrr_at_3_max": 0.231427,
        "nauc_mrr_at_3_std": -0.39674,
        "nauc_mrr_at_3_diff1": 0.567112,
        "nauc_mrr_at_5_max": 0.23882,
        "nauc_mrr_at_5_std": -0.393729,
        "nauc_mrr_at_5_diff1": 0.579471,
        "nauc_mrr_at_10_max": 0.234502,
        "nauc_mrr_at_10_std": -0.413895,
        "nauc_mrr_at_10_diff1": 0.584718,
        "nauc_mrr_at_20_max": 0.229978,
        "nauc_mrr_at_20_std": -0.414339,
        "nauc_mrr_at_20_diff1": 0.582705,
        "nauc_mrr_at_100_max": 0.23096,
        "nauc_mrr_at_100_std": -0.412014,
        "nauc_mrr_at_100_diff1": 0.581828,
        "nauc_mrr_at_1000_max": 0.230938,
        "nauc_mrr_at_1000_std": -0.411948,
        "nauc_mrr_at_1000_diff1": 0.582324,
        "main_score": 0.67829,
        "hf_subset": "default",
        "languages": [
          "kor-Hang"
        ]
      }
    ]
  },
  "evaluation_time": 63.929476737976074,
  "kg_co2_emissions": null
}