{
  "dataset_revision": "fd7df84ac089bbec763b1c6bb1b56e985df5cc5c",
  "evaluation_time": 151.6671278476715,
  "kg_co2_emissions": null,
  "mteb_version": "1.19.4",
  "scores": {
    "test": [
      {
        "hf_subset": "default",
        "languages": [
          "kor-Hang"
        ],
        "main_score": 0.67849,
        "map_at_1": 0.50877,
        "map_at_10": 0.62073,
        "map_at_100": 0.62583,
        "map_at_1000": 0.62602,
        "map_at_20": 0.62309,
        "map_at_3": 0.59357,
        "map_at_5": 0.6076,
        "mrr_at_1": 0.5087719298245614,
        "mrr_at_10": 0.6207323865218602,
        "mrr_at_100": 0.6258257568399235,
        "mrr_at_1000": 0.6260219632471632,
        "mrr_at_20": 0.623094651834264,
        "mrr_at_3": 0.5935672514619883,
        "mrr_at_5": 0.6076023391812866,
        "nauc_map_at_1000_diff1": 0.582288233790788,
        "nauc_map_at_1000_max": 0.23044371638953698,
        "nauc_map_at_1000_std": -0.41208734259159496,
        "nauc_map_at_100_diff1": 0.5817918027086326,
        "nauc_map_at_100_max": 0.2304667287527998,
        "nauc_map_at_100_std": -0.41215377561858174,
        "nauc_map_at_10_diff1": 0.5846846399924914,
        "nauc_map_at_10_max": 0.23401910272999615,
        "nauc_map_at_10_std": -0.4140334389430552,
        "nauc_map_at_1_diff1": 0.6090728823575914,
        "nauc_map_at_1_max": 0.21248155213502273,
        "nauc_map_at_1_std": -0.35903170112785254,
        "nauc_map_at_20_diff1": 0.5826702654390756,
        "nauc_map_at_20_max": 0.22948806438882577,
        "nauc_map_at_20_std": -0.4144789094616613,
        "nauc_map_at_3_diff1": 0.5671123042755822,
        "nauc_map_at_3_max": 0.23142735508369172,
        "nauc_map_at_3_std": -0.39674000031475426,
        "nauc_map_at_5_diff1": 0.5794706593498045,
        "nauc_map_at_5_max": 0.23881979426157995,
        "nauc_map_at_5_std": -0.39372881376091706,
        "nauc_mrr_at_1000_diff1": 0.582288233790788,
        "nauc_mrr_at_1000_max": 0.23044371638953698,
        "nauc_mrr_at_1000_std": -0.41208734259159496,
        "nauc_mrr_at_100_diff1": 0.5817918027086326,
        "nauc_mrr_at_100_max": 0.2304667287527998,
        "nauc_mrr_at_100_std": -0.41215377561858174,
        "nauc_mrr_at_10_diff1": 0.5846846399924914,
        "nauc_mrr_at_10_max": 0.23401910272999615,
        "nauc_mrr_at_10_std": -0.4140334389430552,
        "nauc_mrr_at_1_diff1": 0.6090728823575914,
        "nauc_mrr_at_1_max": 0.21248155213502273,
        "nauc_mrr_at_1_std": -0.35903170112785254,
        "nauc_mrr_at_20_diff1": 0.5826702654390756,
        "nauc_mrr_at_20_max": 0.22948806438882577,
        "nauc_mrr_at_20_std": -0.4144789094616613,
        "nauc_mrr_at_3_diff1": 0.5671123042755822,
        "nauc_mrr_at_3_max": 0.23142735508369172,
        "nauc_mrr_at_3_std": -0.39674000031475426,
        "nauc_mrr_at_5_diff1": 0.5794706593498045,
        "nauc_mrr_at_5_max": 0.23881979426157995,
        "nauc_mrr_at_5_std": -0.39372881376091706,
        "nauc_ndcg_at_1000_diff1": 0.5733224625227847,
        "nauc_ndcg_at_1000_max": 0.23028659532099577,
        "nauc_ndcg_at_1000_std": -0.4246935854927388,
        "nauc_ndcg_at_100_diff1": 0.5614942543371718,
        "nauc_ndcg_at_100_max": 0.2305352837673783,
        "nauc_ndcg_at_100_std": -0.42624394933307364,
        "nauc_ndcg_at_10_diff1": 0.57543116454026,
        "nauc_ndcg_at_10_max": 0.24002962690822346,
        "nauc_ndcg_at_10_std": -0.4453247064049292,
        "nauc_ndcg_at_1_diff1": 0.6090728823575914,
        "nauc_ndcg_at_1_max": 0.21248155213502273,
        "nauc_ndcg_at_1_std": -0.35903170112785254,
        "nauc_ndcg_at_20_diff1": 0.565557539829234,
        "nauc_ndcg_at_20_max": 0.2218272444517468,
        "nauc_ndcg_at_20_std": -0.4474161022413809,
        "nauc_ndcg_at_3_diff1": 0.5438811101297,
        "nauc_ndcg_at_3_max": 0.23675676717529345,
        "nauc_ndcg_at_3_std": -0.40301874051380876,
        "nauc_ndcg_at_5_diff1": 0.5668612106583857,
        "nauc_ndcg_at_5_max": 0.2502845900216014,
        "nauc_ndcg_at_5_std": -0.3985522286869084,
        "nauc_precision_at_1000_diff1": 1.0,
        "nauc_precision_at_1000_max": 1.0,
        "nauc_precision_at_1000_std": 1.0,
        "nauc_precision_at_100_diff1": -0.15663902232913457,
        "nauc_precision_at_100_max": 0.24095945650359982,
        "nauc_precision_at_100_std": -0.5227782238828026,
        "nauc_precision_at_10_diff1": 0.5200476725127159,
        "nauc_precision_at_10_max": 0.2734245435140121,
        "nauc_precision_at_10_std": -0.6530978486978932,
        "nauc_precision_at_1_diff1": 0.6090728823575914,
        "nauc_precision_at_1_max": 0.21248155213502273,
        "nauc_precision_at_1_std": -0.35903170112785254,
        "nauc_precision_at_20_diff1": 0.4073558080534852,
        "nauc_precision_at_20_max": 0.11918508664313493,
        "nauc_precision_at_20_std": -0.7296703090179871,
        "nauc_precision_at_3_diff1": 0.45878133440822105,
        "nauc_precision_at_3_max": 0.25499625716929286,
        "nauc_precision_at_3_std": -0.42238881381557775,
        "nauc_precision_at_5_diff1": 0.5161458610560639,
        "nauc_precision_at_5_max": 0.2988483896664812,
        "nauc_precision_at_5_std": -0.41512583759679444,
        "nauc_recall_at_1000_diff1": NaN,
        "nauc_recall_at_1000_max": NaN,
        "nauc_recall_at_1000_std": NaN,
        "nauc_recall_at_100_diff1": -0.1566390223291421,
        "nauc_recall_at_100_max": 0.24095945650358844,
        "nauc_recall_at_100_std": -0.5227782238828191,
        "nauc_recall_at_10_diff1": 0.520047672512716,
        "nauc_recall_at_10_max": 0.2734245435140122,
        "nauc_recall_at_10_std": -0.6530978486978949,
        "nauc_recall_at_1_diff1": 0.6090728823575914,
        "nauc_recall_at_1_max": 0.21248155213502273,
        "nauc_recall_at_1_std": -0.35903170112785254,
        "nauc_recall_at_20_diff1": 0.40735580805348587,
        "nauc_recall_at_20_max": 0.11918508664313392,
        "nauc_recall_at_20_std": -0.729670309017987,
        "nauc_recall_at_3_diff1": 0.45878133440822066,
        "nauc_recall_at_3_max": 0.2549962571692935,
        "nauc_recall_at_3_std": -0.4223888138155778,
        "nauc_recall_at_5_diff1": 0.5161458610560639,
        "nauc_recall_at_5_max": 0.29884838966647986,
        "nauc_recall_at_5_std": -0.4151258375967945,
        "ndcg_at_1": 0.50877,
        "ndcg_at_10": 0.67849,
        "ndcg_at_100": 0.70322,
        "ndcg_at_1000": 0.70694,
        "ndcg_at_20": 0.68726,
        "ndcg_at_3": 0.62343,
        "ndcg_at_5": 0.64872,
        "precision_at_1": 0.50877,
        "precision_at_10": 0.08596,
        "precision_at_100": 0.00974,
        "precision_at_1000": 0.001,
        "precision_at_20": 0.04474,
        "precision_at_3": 0.23684,
        "precision_at_5": 0.15439,
        "recall_at_1": 0.50877,
        "recall_at_10": 0.85965,
        "recall_at_100": 0.97368,
        "recall_at_1000": 1.0,
        "recall_at_20": 0.89474,
        "recall_at_3": 0.71053,
        "recall_at_5": 0.77193
      }
    ]
  },
  "task_name": "AutoRAGRetrieval"
}