{
  "dataset_revision": "75b399394a9803252cfec289d103de462763db7c",
  "task_name": "BelebeleRetrieval",
  "mteb_version": "1.31.1",
  "scores": {
    "test": [
      {
        "ndcg_at_1": 0.87,
        "ndcg_at_3": 0.91213,
        "ndcg_at_5": 0.91901,
        "ndcg_at_10": 0.92401,
        "ndcg_at_20": 0.92714,
        "ndcg_at_100": 0.92917,
        "ndcg_at_1000": 0.92977,
        "map_at_1": 0.87,
        "map_at_3": 0.90241,
        "map_at_5": 0.90624,
        "map_at_10": 0.90828,
        "map_at_20": 0.90916,
        "map_at_100": 0.90943,
        "map_at_1000": 0.90945,
        "recall_at_1": 0.87,
        "recall_at_3": 0.94,
        "recall_at_5": 0.95667,
        "recall_at_10": 0.97222,
        "recall_at_20": 0.98444,
        "recall_at_100": 0.99556,
        "recall_at_1000": 1.0,
        "precision_at_1": 0.87,
        "precision_at_3": 0.31333,
        "precision_at_5": 0.19133,
        "precision_at_10": 0.09722,
        "precision_at_20": 0.04922,
        "precision_at_100": 0.00996,
        "precision_at_1000": 0.001,
        "mrr_at_1": 0.87,
        "mrr_at_3": 0.902407,
        "mrr_at_5": 0.906241,
        "mrr_at_10": 0.908283,
        "mrr_at_20": 0.909162,
        "mrr_at_100": 0.909427,
        "mrr_at_1000": 0.909454,
        "nauc_ndcg_at_1_max": 0.757696,
        "nauc_ndcg_at_1_std": -0.150411,
        "nauc_ndcg_at_1_diff1": 0.912015,
        "nauc_ndcg_at_3_max": 0.763319,
        "nauc_ndcg_at_3_std": -0.191857,
        "nauc_ndcg_at_3_diff1": 0.901349,
        "nauc_ndcg_at_5_max": 0.766589,
        "nauc_ndcg_at_5_std": -0.194728,
        "nauc_ndcg_at_5_diff1": 0.909287,
        "nauc_ndcg_at_10_max": 0.769433,
        "nauc_ndcg_at_10_std": -0.163917,
        "nauc_ndcg_at_10_diff1": 0.908499,
        "nauc_ndcg_at_20_max": 0.772381,
        "nauc_ndcg_at_20_std": -0.155388,
        "nauc_ndcg_at_20_diff1": 0.910263,
        "nauc_ndcg_at_100_max": 0.770452,
        "nauc_ndcg_at_100_std": -0.160863,
        "nauc_ndcg_at_100_diff1": 0.909492,
        "nauc_ndcg_at_1000_max": 0.768463,
        "nauc_ndcg_at_1000_std": -0.163429,
        "nauc_ndcg_at_1000_diff1": 0.909009,
        "nauc_map_at_1_max": 0.757696,
        "nauc_map_at_1_std": -0.150411,
        "nauc_map_at_1_diff1": 0.912015,
        "nauc_map_at_3_max": 0.763025,
        "nauc_map_at_3_std": -0.17703,
        "nauc_map_at_3_diff1": 0.904584,
        "nauc_map_at_5_max": 0.764787,
        "nauc_map_at_5_std": -0.177322,
        "nauc_map_at_5_diff1": 0.908556,
        "nauc_map_at_10_max": 0.765781,
        "nauc_map_at_10_std": -0.166082,
        "nauc_map_at_10_diff1": 0.908372,
        "nauc_map_at_20_max": 0.76645,
        "nauc_map_at_20_std": -0.164379,
        "nauc_map_at_20_diff1": 0.908864,
        "nauc_map_at_100_max": 0.766234,
        "nauc_map_at_100_std": -0.164819,
        "nauc_map_at_100_diff1": 0.908736,
        "nauc_map_at_1000_max": 0.766164,
        "nauc_map_at_1000_std": -0.164853,
        "nauc_map_at_1000_diff1": 0.908721,
        "nauc_recall_at_1_max": 0.757696,
        "nauc_recall_at_1_std": -0.150411,
        "nauc_recall_at_1_diff1": 0.912015,
        "nauc_recall_at_3_max": 0.763686,
        "nauc_recall_at_3_std": -0.261144,
        "nauc_recall_at_3_diff1": 0.886572,
        "nauc_recall_at_5_max": 0.776629,
        "nauc_recall_at_5_std": -0.3047,
        "nauc_recall_at_5_diff1": 0.916086,
        "nauc_recall_at_10_max": 0.804762,
        "nauc_recall_at_10_std": -0.11591,
        "nauc_recall_at_10_diff1": 0.911578,
        "nauc_recall_at_20_max": 0.883787,
        "nauc_recall_at_20_std": 0.083467,
        "nauc_recall_at_20_diff1": 0.941643,
        "nauc_recall_at_100_max": 1.0,
        "nauc_recall_at_100_std": 0.185574,
        "nauc_recall_at_100_diff1": 0.96732,
        "nauc_recall_at_1000_max": NaN,
        "nauc_recall_at_1000_std": NaN,
        "nauc_recall_at_1000_diff1": NaN,
        "nauc_precision_at_1_max": 0.757696,
        "nauc_precision_at_1_std": -0.150411,
        "nauc_precision_at_1_diff1": 0.912015,
        "nauc_precision_at_3_max": 0.763686,
        "nauc_precision_at_3_std": -0.261144,
        "nauc_precision_at_3_diff1": 0.886572,
        "nauc_precision_at_5_max": 0.776629,
        "nauc_precision_at_5_std": -0.3047,
        "nauc_precision_at_5_diff1": 0.916086,
        "nauc_precision_at_10_max": 0.804762,
        "nauc_precision_at_10_std": -0.11591,
        "nauc_precision_at_10_diff1": 0.911578,
        "nauc_precision_at_20_max": 0.883787,
        "nauc_precision_at_20_std": 0.083467,
        "nauc_precision_at_20_diff1": 0.941643,
        "nauc_precision_at_100_max": 1.0,
        "nauc_precision_at_100_std": 0.185574,
        "nauc_precision_at_100_diff1": 0.96732,
        "nauc_precision_at_1000_max": NaN,
        "nauc_precision_at_1000_std": NaN,
        "nauc_precision_at_1000_diff1": NaN,
        "nauc_mrr_at_1_max": 0.757696,
        "nauc_mrr_at_1_std": -0.150411,
        "nauc_mrr_at_1_diff1": 0.912015,
        "nauc_mrr_at_3_max": 0.763025,
        "nauc_mrr_at_3_std": -0.17703,
        "nauc_mrr_at_3_diff1": 0.904584,
        "nauc_mrr_at_5_max": 0.764787,
        "nauc_mrr_at_5_std": -0.177322,
        "nauc_mrr_at_5_diff1": 0.908556,
        "nauc_mrr_at_10_max": 0.765781,
        "nauc_mrr_at_10_std": -0.166082,
        "nauc_mrr_at_10_diff1": 0.908372,
        "nauc_mrr_at_20_max": 0.76645,
        "nauc_mrr_at_20_std": -0.164379,
        "nauc_mrr_at_20_diff1": 0.908864,
        "nauc_mrr_at_100_max": 0.766234,
        "nauc_mrr_at_100_std": -0.164819,
        "nauc_mrr_at_100_diff1": 0.908736,
        "nauc_mrr_at_1000_max": 0.766164,
        "nauc_mrr_at_1000_std": -0.164853,
        "nauc_mrr_at_1000_diff1": 0.908721,
        "main_score": 0.92401,
        "hf_subset": "kor_Hang-kor_Hang",
        "languages": [
          "kor-Hang",
          "kor-Hang"
        ]
      },
      {
        "ndcg_at_1": 0.86556,
        "ndcg_at_3": 0.91245,
        "ndcg_at_5": 0.91976,
        "ndcg_at_10": 0.92483,
        "ndcg_at_20": 0.92773,
        "ndcg_at_100": 0.92956,
        "ndcg_at_1000": 0.92984,
        "map_at_1": 0.86556,
        "map_at_3": 0.90167,
        "map_at_5": 0.90572,
        "map_at_10": 0.90783,
        "map_at_20": 0.90868,
        "map_at_100": 0.90891,
        "map_at_1000": 0.90892,
        "recall_at_1": 0.86556,
        "recall_at_3": 0.94333,
        "recall_at_5": 0.96111,
        "recall_at_10": 0.97667,
        "recall_at_20": 0.98778,
        "recall_at_100": 0.99778,
        "recall_at_1000": 1.0,
        "precision_at_1": 0.86556,
        "precision_at_3": 0.31444,
        "precision_at_5": 0.19222,
        "precision_at_10": 0.09767,
        "precision_at_20": 0.04939,
        "precision_at_100": 0.00998,
        "precision_at_1000": 0.001,
        "mrr_at_1": 0.865556,
        "mrr_at_3": 0.901667,
        "mrr_at_5": 0.905722,
        "mrr_at_10": 0.907829,
        "mrr_at_20": 0.908679,
        "mrr_at_100": 0.908915,
        "mrr_at_1000": 0.908925,
        "nauc_ndcg_at_1_max": 0.626698,
        "nauc_ndcg_at_1_std": -0.363905,
        "nauc_ndcg_at_1_diff1": 0.8942,
        "nauc_ndcg_at_3_max": 0.697005,
        "nauc_ndcg_at_3_std": -0.271158,
        "nauc_ndcg_at_3_diff1": 0.893395,
        "nauc_ndcg_at_5_max": 0.687659,
        "nauc_ndcg_at_5_std": -0.286647,
        "nauc_ndcg_at_5_diff1": 0.891247,
        "nauc_ndcg_at_10_max": 0.675778,
        "nauc_ndcg_at_10_std": -0.297769,
        "nauc_ndcg_at_10_diff1": 0.888173,
        "nauc_ndcg_at_20_max": 0.670551,
        "nauc_ndcg_at_20_std": -0.309931,
        "nauc_ndcg_at_20_diff1": 0.889444,
        "nauc_ndcg_at_100_max": 0.669397,
        "nauc_ndcg_at_100_std": -0.304061,
        "nauc_ndcg_at_100_diff1": 0.890574,
        "nauc_ndcg_at_1000_max": 0.668032,
        "nauc_ndcg_at_1000_std": -0.30891,
        "nauc_ndcg_at_1000_diff1": 0.890375,
        "nauc_map_at_1_max": 0.626698,
        "nauc_map_at_1_std": -0.363905,