{
  "dataset_revision": "d243889a3eb6654029dbd7e7f9319ae31d58f97c",
  "evaluation_time": 1837.136996269226,
  "kg_co2_emissions": null,
  "mteb_version": "1.19.4",
  "scores": {
    "dev": [
      {
        "hf_subset": "default",
        "languages": [
          "kor-Hang"
        ],
        "main_score": 0.79317,
        "map_at_1": 0.49126,
        "map_at_10": 0.7495,
        "map_at_100": 0.75455,
        "map_at_1000": 0.75486,
        "map_at_20": 0.7525,
        "map_at_3": 0.70867,
        "map_at_5": 0.73638,
        "mrr_at_1": 0.7584459459459459,
        "mrr_at_10": 0.8100875429000428,
        "mrr_at_100": 0.8117765496291576,
        "mrr_at_1000": 0.8119327347214493,
        "mrr_at_20": 0.8106196684321683,
        "mrr_at_3": 0.8037725225225222,
        "mrr_at_5": 0.8077421171171169,
        "nauc_map_at_1000_diff1": 0.5812617698951515,
        "nauc_map_at_1000_max": 0.6610692477766553,
        "nauc_map_at_1000_std": 0.27404270545327336,
        "nauc_map_at_100_diff1": 0.5811909048005637,
        "nauc_map_at_100_max": 0.6613587030835343,
        "nauc_map_at_100_std": 0.27427743469134663,
        "nauc_map_at_10_diff1": 0.5789105274892585,
        "nauc_map_at_10_max": 0.6596737849213944,
        "nauc_map_at_10_std": 0.2680503647538944,
        "nauc_map_at_1_diff1": 0.579615004172223,
        "nauc_map_at_1_max": 0.2908252007229241,
        "nauc_map_at_1_std": 0.034824910006952516,
        "nauc_map_at_20_diff1": 0.5815683585596179,
        "nauc_map_at_20_max": 0.6629871010695796,
        "nauc_map_at_20_std": 0.2750654700270136,
        "nauc_map_at_3_diff1": 0.5702846943143143,
        "nauc_map_at_3_max": 0.6094753352459681,
        "nauc_map_at_3_std": 0.2032967213655951,
        "nauc_map_at_5_diff1": 0.5800945455348301,
        "nauc_map_at_5_max": 0.6508414550197733,
        "nauc_map_at_5_std": 0.23763912270562051,
        "nauc_mrr_at_1000_diff1": 0.6731537330578673,
        "nauc_mrr_at_1000_max": 0.7153241852891469,
        "nauc_mrr_at_1000_std": 0.3516402936461557,
        "nauc_mrr_at_100_diff1": 0.6731642004771984,
        "nauc_mrr_at_100_max": 0.7155000144086914,
        "nauc_mrr_at_100_std": 0.35196033305591073,
        "nauc_mrr_at_10_diff1": 0.6734370672138152,
        "nauc_mrr_at_10_max": 0.7169363494428644,
        "nauc_mrr_at_10_std": 0.35223055736252545,
        "nauc_mrr_at_1_diff1": 0.66972023486555,
        "nauc_mrr_at_1_max": 0.6301506150713375,
        "nauc_mrr_at_1_std": 0.2455626983258168,
        "nauc_mrr_at_20_diff1": 0.6736684272381803,
        "nauc_mrr_at_20_max": 0.716476673430364,
        "nauc_mrr_at_20_std": 0.35288033831367044,
        "nauc_mrr_at_3_diff1": 0.6743708966504051,
        "nauc_mrr_at_3_max": 0.7240735657936037,
        "nauc_mrr_at_3_std": 0.35119546746688735,
        "nauc_mrr_at_5_diff1": 0.6745833502417148,
        "nauc_mrr_at_5_max": 0.720000059937184,
        "nauc_mrr_at_5_std": 0.3557423062678047,
        "nauc_ndcg_at_1000_diff1": 0.6070344828856682,
        "nauc_ndcg_at_1000_max": 0.706969512634442,
        "nauc_ndcg_at_1000_std": 0.34814483086269804,
        "nauc_ndcg_at_100_diff1": 0.6041752800901181,
        "nauc_ndcg_at_100_max": 0.713810430485531,
        "nauc_ndcg_at_100_std": 0.3561084263782227,
        "nauc_ndcg_at_10_diff1": 0.6002180308546468,
        "nauc_ndcg_at_10_max": 0.7147996091069331,
        "nauc_ndcg_at_10_std": 0.34075062854849214,
        "nauc_ndcg_at_1_diff1": 0.66972023486555,
        "nauc_ndcg_at_1_max": 0.6301506150713375,
        "nauc_ndcg_at_1_std": 0.2455626983258168,
        "nauc_ndcg_at_20_diff1": 0.6065870330170832,
        "nauc_ndcg_at_20_max": 0.7221616714472898,
        "nauc_ndcg_at_20_std": 0.35960801191696007,
        "nauc_ndcg_at_3_diff1": 0.5893874932024313,
        "nauc_ndcg_at_3_max": 0.6636957047260216,
        "nauc_ndcg_at_3_std": 0.2543432449264493,
        "nauc_ndcg_at_5_diff1": 0.6028280570221642,
        "nauc_ndcg_at_5_max": 0.7012799112010517,
        "nauc_ndcg_at_5_std": 0.2939975776821263,
        "nauc_precision_at_1000_diff1": -0.2810181647289382,
        "nauc_precision_at_1000_max": 0.04148207954816594,
        "nauc_precision_at_1000_std": 0.19379188361125566,
        "nauc_precision_at_100_diff1": -0.196651209135289,
        "nauc_precision_at_100_max": 0.17030537047692557,
        "nauc_precision_at_100_std": 0.271797207506889,
        "nauc_precision_at_10_diff1": -0.08287152921145098,
        "nauc_precision_at_10_max": 0.3031368102620088,
        "nauc_precision_at_10_std": 0.30266327719783204,
        "nauc_precision_at_1_diff1": 0.66972023486555,
        "nauc_precision_at_1_max": 0.6301506150713375,
        "nauc_precision_at_1_std": 0.2455626983258168,
        "nauc_precision_at_20_diff1": -0.10296139278278182,
        "nauc_precision_at_20_max": 0.27403214258088565,
        "nauc_precision_at_20_std": 0.3105317173548736,
        "nauc_precision_at_3_diff1": 0.05444938356841716,
        "nauc_precision_at_3_max": 0.43831031607539994,
        "nauc_precision_at_3_std": 0.2764742828725262,
        "nauc_precision_at_5_diff1": -0.01105899214358065,
        "nauc_precision_at_5_max": 0.38274325037052775,
        "nauc_precision_at_5_std": 0.28187720011150214,
        "nauc_recall_at_1000_diff1": 0.632396735941214,
        "nauc_recall_at_1000_max": 0.9304343829172986,
        "nauc_recall_at_1000_std": 0.8702336162445697,
        "nauc_recall_at_100_diff1": 0.5680963222825306,
        "nauc_recall_at_100_max": 0.8878032034318802,
        "nauc_recall_at_100_std": 0.6909240094984084,
        "nauc_recall_at_10_diff1": 0.5688992428586632,
        "nauc_recall_at_10_max": 0.8248338917311779,
        "nauc_recall_at_10_std": 0.4849807476605251,
        "nauc_recall_at_1_diff1": 0.579615004172223,
        "nauc_recall_at_1_max": 0.2908252007229241,
        "nauc_recall_at_1_std": 0.034824910006952516,
        "nauc_recall_at_20_diff1": 0.5974109466534318,
        "nauc_recall_at_20_max": 0.87467624395276,
        "nauc_recall_at_20_std": 0.5901505366736927,
        "nauc_recall_at_3_diff1": 0.5567183508386466,
        "nauc_recall_at_3_max": 0.6738919858737272,
        "nauc_recall_at_3_std": 0.25640288050963517,
        "nauc_recall_at_5_diff1": 0.5761474687351439,
        "nauc_recall_at_5_max": 0.7635092315346151,
        "nauc_recall_at_5_std": 0.3351164969852482,
        "ndcg_at_1": 0.75845,
        "ndcg_at_10": 0.79317,
        "ndcg_at_100": 0.81138,
        "ndcg_at_1000": 0.81813,
        "ndcg_at_20": 0.79982,
        "ndcg_at_3": 0.74868,
        "ndcg_at_5": 0.77519,
        "precision_at_1": 0.75845,
        "precision_at_10": 0.15828,
        "precision_at_100": 0.0174,
        "precision_at_1000": 0.00185,
        "precision_at_20": 0.08167,
        "precision_at_3": 0.44764,
        "precision_at_5": 0.29493,
        "recall_at_1": 0.49126,
        "recall_at_10": 0.85157,
        "recall_at_100": 0.92359,
        "recall_at_1000": 0.96523,
        "recall_at_20": 0.87176,
        "recall_at_3": 0.7543,
        "recall_at_5": 0.81055
      }
    ]
  },
  "task_name": "Ko-StrategyQA"
}