{
  "dataset_revision": "d243889a3eb6654029dbd7e7f9319ae31d58f97c",
  "task_name": "Ko-StrategyQA",
  "mteb_version": "1.31.1",
  "scores": {
    "dev": [
      {
        "ndcg_at_1": 0.75845,
        "ndcg_at_3": 0.74868,
        "ndcg_at_5": 0.77519,
        "ndcg_at_10": 0.79317,
        "ndcg_at_20": 0.79982,
        "ndcg_at_100": 0.81137,
        "ndcg_at_1000": 0.81813,
        "map_at_1": 0.49126,
        "map_at_3": 0.70867,
        "map_at_5": 0.73638,
        "map_at_10": 0.7495,
        "map_at_20": 0.7525,
        "map_at_100": 0.75455,
        "map_at_1000": 0.75486,
        "recall_at_1": 0.49126,
        "recall_at_3": 0.7543,
        "recall_at_5": 0.81055,
        "recall_at_10": 0.85157,
        "recall_at_20": 0.87176,
        "recall_at_100": 0.92359,
        "recall_at_1000": 0.96523,
        "precision_at_1": 0.75845,
        "precision_at_3": 0.44764,
        "precision_at_5": 0.29493,
        "precision_at_10": 0.15828,
        "precision_at_20": 0.08167,
        "precision_at_100": 0.0174,
        "precision_at_1000": 0.00185,
        "mrr_at_1": 0.758446,
        "mrr_at_3": 0.803773,
        "mrr_at_5": 0.807742,
        "mrr_at_10": 0.810088,
        "mrr_at_20": 0.81062,
        "mrr_at_100": 0.811774,
        "mrr_at_1000": 0.811931,
        "nauc_ndcg_at_1_max": 0.630151,
        "nauc_ndcg_at_1_std": 0.245563,
        "nauc_ndcg_at_1_diff1": 0.66972,
        "nauc_ndcg_at_3_max": 0.664151,
        "nauc_ndcg_at_3_std": 0.254343,
        "nauc_ndcg_at_3_diff1": 0.589773,
        "nauc_ndcg_at_5_max": 0.701438,
        "nauc_ndcg_at_5_std": 0.293998,
        "nauc_ndcg_at_5_diff1": 0.602944,
        "nauc_ndcg_at_10_max": 0.71497,
        "nauc_ndcg_at_10_std": 0.340751,
        "nauc_ndcg_at_10_diff1": 0.600343,
        "nauc_ndcg_at_20_max": 0.722337,
        "nauc_ndcg_at_20_std": 0.359608,
        "nauc_ndcg_at_20_diff1": 0.606716,
        "nauc_ndcg_at_100_max": 0.713994,
        "nauc_ndcg_at_100_std": 0.356116,
        "nauc_ndcg_at_100_diff1": 0.604309,
        "nauc_ndcg_at_1000_max": 0.707158,
        "nauc_ndcg_at_1000_std": 0.348145,
        "nauc_ndcg_at_1000_diff1": 0.607166,
        "nauc_map_at_1_max": 0.292696,
        "nauc_map_at_1_std": 0.034825,
        "nauc_map_at_1_diff1": 0.579913,
        "nauc_map_at_3_max": 0.610085,
        "nauc_map_at_3_std": 0.203297,
        "nauc_map_at_3_diff1": 0.570788,
        "nauc_map_at_5_max": 0.65113,
        "nauc_map_at_5_std": 0.237639,
        "nauc_map_at_5_diff1": 0.580342,
        "nauc_map_at_10_max": 0.659975,
        "nauc_map_at_10_std": 0.26805,
        "nauc_map_at_10_diff1": 0.579169,
        "nauc_map_at_20_max": 0.663292,
        "nauc_map_at_20_std": 0.275065,
        "nauc_map_at_20_diff1": 0.581829,
        "nauc_map_at_100_max": 0.661668,
        "nauc_map_at_100_std": 0.274286,
        "nauc_map_at_100_diff1": 0.581455,
        "nauc_map_at_1000_max": 0.661378,
        "nauc_map_at_1000_std": 0.27405,
        "nauc_map_at_1000_diff1": 0.581524,
        "nauc_recall_at_1_max": 0.292696,
        "nauc_recall_at_1_std": 0.034825,
        "nauc_recall_at_1_diff1": 0.579913,
        "nauc_recall_at_3_max": 0.67441,
        "nauc_recall_at_3_std": 0.256403,
        "nauc_recall_at_3_diff1": 0.557237,
        "nauc_recall_at_5_max": 0.763509,
        "nauc_recall_at_5_std": 0.335116,
        "nauc_recall_at_5_diff1": 0.576147,
        "nauc_recall_at_10_max": 0.824834,
        "nauc_recall_at_10_std": 0.484981,
        "nauc_recall_at_10_diff1": 0.568899,
        "nauc_recall_at_20_max": 0.874676,
        "nauc_recall_at_20_std": 0.590151,
        "nauc_recall_at_20_diff1": 0.597411,
        "nauc_recall_at_100_max": 0.887803,
        "nauc_recall_at_100_std": 0.690924,
        "nauc_recall_at_100_diff1": 0.568096,
        "nauc_recall_at_1000_max": 0.930434,
        "nauc_recall_at_1000_std": 0.870234,
        "nauc_recall_at_1000_diff1": 0.632397,
        "nauc_precision_at_1_max": 0.630151,
        "nauc_precision_at_1_std": 0.245563,
        "nauc_precision_at_1_diff1": 0.66972,
        "nauc_precision_at_3_max": 0.436717,
        "nauc_precision_at_3_std": 0.276474,
        "nauc_precision_at_3_diff1": 0.055412,
        "nauc_precision_at_5_max": 0.380805,
        "nauc_precision_at_5_std": 0.281877,
        "nauc_precision_at_5_diff1": -0.010666,
        "nauc_precision_at_10_max": 0.301311,
        "nauc_precision_at_10_std": 0.302663,
        "nauc_precision_at_10_diff1": -0.082502,
        "nauc_precision_at_20_max": 0.272242,
        "nauc_precision_at_20_std": 0.310532,
        "nauc_precision_at_20_diff1": -0.102599,
        "nauc_precision_at_100_max": 0.168431,
        "nauc_precision_at_100_std": 0.271797,
        "nauc_precision_at_100_diff1": -0.196271,
        "nauc_precision_at_1000_max": 0.039556,
        "nauc_precision_at_1000_std": 0.193792,
        "nauc_precision_at_1000_diff1": -0.280628,
        "nauc_mrr_at_1_max": 0.630151,
        "nauc_mrr_at_1_std": 0.245563,
        "nauc_mrr_at_1_diff1": 0.66972,
        "nauc_mrr_at_3_max": 0.724074,
        "nauc_mrr_at_3_std": 0.351195,
        "nauc_mrr_at_3_diff1": 0.674371,
        "nauc_mrr_at_5_max": 0.72,
        "nauc_mrr_at_5_std": 0.355742,
        "nauc_mrr_at_5_diff1": 0.674583,
        "nauc_mrr_at_10_max": 0.716936,
        "nauc_mrr_at_10_std": 0.352231,
        "nauc_mrr_at_10_diff1": 0.673437,
        "nauc_mrr_at_20_max": 0.716477,
        "nauc_mrr_at_20_std": 0.35288,
        "nauc_mrr_at_20_diff1": 0.673668,
        "nauc_mrr_at_100_max": 0.715499,
        "nauc_mrr_at_100_std": 0.351961,
        "nauc_mrr_at_100_diff1": 0.673169,
        "nauc_mrr_at_1000_max": 0.715322,
        "nauc_mrr_at_1000_std": 0.351639,
        "nauc_mrr_at_1000_diff1": 0.673158,
        "main_score": 0.79317,
        "hf_subset": "default",
        "languages": [
          "kor-Hang"
        ]
      }
    ]
  },
  "evaluation_time": 785.3009753227234,
  "kg_co2_emissions": null
}