{
  "dataset_revision": "main",
  "evaluation_time": 133762.75083470345,
  "kg_co2_emissions": null,
  "mteb_version": "1.19.4",
  "scores": {
    "dev": [
      {
        "hf_subset": "ko",
        "languages": [
          "kor-Kore"
        ],
        "main_score": 0.58709,
        "map_at_1": 0.3504,
        "map_at_10": 0.49741,
        "map_at_100": 0.5241,
        "map_at_1000": 0.52528,
        "map_at_20": 0.51372,
        "map_at_3": 0.4474,
        "map_at_5": 0.47131,
        "mrr_at_1": 0.5774647887323944,
        "mrr_at_10": 0.6715887920113273,
        "mrr_at_100": 0.6762726144876823,
        "mrr_at_1000": 0.6764729104287056,
        "mrr_at_20": 0.6755270044236817,
        "mrr_at_3": 0.6494522691705791,
        "mrr_at_5": 0.6621283255086072,
        "nauc_map_at_1000_diff1": 0.34120094391499245,
        "nauc_map_at_1000_max": 0.366838210001104,
        "nauc_map_at_1000_std": 0.04078157589429166,
        "nauc_map_at_100_diff1": 0.34052366255683186,
        "nauc_map_at_100_max": 0.36606971433584523,
        "nauc_map_at_100_std": 0.039985295949039344,
        "nauc_map_at_10_diff1": 0.33104969057528355,
        "nauc_map_at_10_max": 0.35793214492098313,
        "nauc_map_at_10_std": 0.007120775723603169,
        "nauc_map_at_1_diff1": 0.36372917871224114,
        "nauc_map_at_1_max": 0.31168079591945574,
        "nauc_map_at_1_std": -0.11011005080540842,
        "nauc_map_at_20_diff1": 0.33556661225722967,
        "nauc_map_at_20_max": 0.3674680413455777,
        "nauc_map_at_20_std": 0.026355815955895336,
        "nauc_map_at_3_diff1": 0.34184935253502124,
        "nauc_map_at_3_max": 0.3434521708155092,
        "nauc_map_at_3_std": -0.010455588172976739,
        "nauc_map_at_5_diff1": 0.3254317733853242,
        "nauc_map_at_5_max": 0.34801016273643837,
        "nauc_map_at_5_std": -0.004311953264131259,
        "nauc_mrr_at_1000_diff1": 0.40435244338557286,
        "nauc_mrr_at_1000_max": 0.4287767488366848,
        "nauc_mrr_at_1000_std": 0.1619679098837795,
        "nauc_mrr_at_100_diff1": 0.404405312972269,
        "nauc_mrr_at_100_max": 0.42907346032870647,
        "nauc_mrr_at_100_std": 0.16233412877435102,
        "nauc_mrr_at_10_diff1": 0.4065372557651823,
        "nauc_mrr_at_10_max": 0.42877016983432525,
        "nauc_mrr_at_10_std": 0.16253075319632765,
        "nauc_mrr_at_1_diff1": 0.3828166786427259,
        "nauc_mrr_at_1_max": 0.3845585131308482,
        "nauc_mrr_at_1_std": 0.0617774532017859,
        "nauc_mrr_at_20_diff1": 0.4048662753915902,
        "nauc_mrr_at_20_max": 0.42937621763492295,
        "nauc_mrr_at_20_std": 0.1618932534605349,
        "nauc_mrr_at_3_diff1": 0.413269450193848,
        "nauc_mrr_at_3_max": 0.4276309165768991,
        "nauc_mrr_at_3_std": 0.16769288191570964,
        "nauc_mrr_at_5_diff1": 0.403247052594961,
        "nauc_mrr_at_5_max": 0.41734670566846804,
        "nauc_mrr_at_5_std": 0.1576369649565576,
        "nauc_ndcg_at_1000_diff1": 0.3572118952727939,
        "nauc_ndcg_at_1000_max": 0.4075069870231915,
        "nauc_ndcg_at_1000_std": 0.14022543880428157,
        "nauc_ndcg_at_100_diff1": 0.348312083182717,
        "nauc_ndcg_at_100_max": 0.4025977066232255,
        "nauc_ndcg_at_100_std": 0.13916190476906262,
        "nauc_ndcg_at_10_diff1": 0.33986492065971163,
        "nauc_ndcg_at_10_max": 0.3850661195073111,
        "nauc_ndcg_at_10_std": 0.0635710202558746,
        "nauc_ndcg_at_1_diff1": 0.3828166786427259,
        "nauc_ndcg_at_1_max": 0.3845585131308482,
        "nauc_ndcg_at_1_std": 0.0617774532017859,
        "nauc_ndcg_at_20_diff1": 0.3414557704155679,
        "nauc_ndcg_at_20_max": 0.40553747002915236,
        "nauc_ndcg_at_20_std": 0.09985925201518564,
        "nauc_ndcg_at_3_diff1": 0.3870890812358928,
        "nauc_ndcg_at_3_max": 0.3846874567549218,
        "nauc_ndcg_at_3_std": 0.12185414238392578,
        "nauc_ndcg_at_5_diff1": 0.3490173675040339,
        "nauc_ndcg_at_5_max": 0.3654450194590964,
        "nauc_ndcg_at_5_std": 0.07813419411057466,
        "nauc_precision_at_1000_diff1": -0.0032435172501387873,
        "nauc_precision_at_1000_max": 0.0007242613045474486,
        "nauc_precision_at_1000_std": 0.35043717667409324,
        "nauc_precision_at_100_diff1": 0.0016471763775988892,
        "nauc_precision_at_100_max": 0.01804901150100379,
        "nauc_precision_at_100_std": 0.36596154349162197,
        "nauc_precision_at_10_diff1": 0.05358186698251174,
        "nauc_precision_at_10_max": 0.15257889925441642,
        "nauc_precision_at_10_std": 0.3143054303042554,
        "nauc_precision_at_1_diff1": 0.3828166786427259,
        "nauc_precision_at_1_max": 0.3845585131308482,
        "nauc_precision_at_1_std": 0.0617774532017859,
        "nauc_precision_at_20_diff1": 0.02615997482157888,
        "nauc_precision_at_20_max": 0.11229379876131261,
        "nauc_precision_at_20_std": 0.3518356666804108,
        "nauc_precision_at_3_diff1": 0.18578823830575417,
        "nauc_precision_at_3_max": 0.2644100183947296,
        "nauc_precision_at_3_std": 0.3200450616684121,
        "nauc_precision_at_5_diff1": 0.06648526125065941,
        "nauc_precision_at_5_max": 0.19948594661617416,
        "nauc_precision_at_5_std": 0.30423437963537375,
        "nauc_recall_at_1000_diff1": 0.1751491317505002,
        "nauc_recall_at_1000_max": 0.6245630358343841,
        "nauc_recall_at_1000_std": 0.6668652808132978,
        "nauc_recall_at_100_diff1": 0.16490824289546413,
        "nauc_recall_at_100_max": 0.41167715005311006,
        "nauc_recall_at_100_std": 0.3490494435460939,
        "nauc_recall_at_10_diff1": 0.24803168616915408,
        "nauc_recall_at_10_max": 0.3346639265012337,
        "nauc_recall_at_10_std": 0.04329675173685037,
        "nauc_recall_at_1_diff1": 0.36372917871224114,
        "nauc_recall_at_1_max": 0.31168079591945574,
        "nauc_recall_at_1_std": -0.11011005080540842,
        "nauc_recall_at_20_diff1": 0.2127800805100239,
        "nauc_recall_at_20_max": 0.3910800445068547,
        "nauc_recall_at_20_std": 0.13021536861777655,
        "nauc_recall_at_3_diff1": 0.3307505105858759,
        "nauc_recall_at_3_max": 0.3423307880427305,
        "nauc_recall_at_3_std": 0.0678675786450557,
        "nauc_recall_at_5_diff1": 0.2785049573246195,
        "nauc_recall_at_5_max": 0.3273306187782061,
        "nauc_recall_at_5_std": 0.0512487582690908,
        "ndcg_at_1": 0.57746,
        "ndcg_at_10": 0.58709,
        "ndcg_at_100": 0.65388,
        "ndcg_at_1000": 0.66799,
        "ndcg_at_20": 0.62054,
        "ndcg_at_3": 0.55051,
        "ndcg_at_5": 0.5543,
        "precision_at_1": 0.57746,
        "precision_at_10": 0.14695,
        "precision_at_100": 0.02258,
        "precision_at_1000": 0.00251,
        "precision_at_20": 0.0892,
        "precision_at_3": 0.32394,
        "precision_at_5": 0.23474,
        "recall_at_1": 0.3504,
        "recall_at_10": 0.6752,
        "recall_at_100": 0.88583,
        "recall_at_1000": 0.96565,
        "recall_at_20": 0.76951,
        "recall_at_3": 0.50691,
        "recall_at_5": 0.56791
      }
    ]
  },
  "task_name": "MIRACLRetrieval"
}