{
  "dataset_revision": "fc24a3ce8f09746410daee3d5cd823ff7a0675b7",
  "evaluation_time": 132131.55453968048,
  "kg_co2_emissions": null,
  "mteb_version": "1.19.4",
  "scores": {
    "test": [
      {
        "hf_subset": "korean",
        "languages": [
          "kor-Kore"
        ],
        "main_score": 0.52444,
        "map_at_1": 0.33729,
        "map_at_10": 0.45818,
        "map_at_100": 0.46723,
        "map_at_1000": 0.46768,
        "map_at_20": 0.46381,
        "map_at_3": 0.42214,
        "map_at_5": 0.44596,
        "mrr_at_1": 0.3657957244655582,
        "mrr_at_10": 0.4820891301888926,
        "mrr_at_100": 0.48851420018324104,
        "mrr_at_1000": 0.48892493071547677,
        "mrr_at_20": 0.48601855229071494,
        "mrr_at_3": 0.4481393507521775,
        "mrr_at_5": 0.4705859065716547,
        "nauc_map_at_1000_diff1": 0.3747847738730098,
        "nauc_map_at_1000_max": 0.29507132501507005,
        "nauc_map_at_1000_std": 0.14692325040190168,
        "nauc_map_at_100_diff1": 0.3742629999508797,
        "nauc_map_at_100_max": 0.2947400320768413,
        "nauc_map_at_100_std": 0.14693435991367468,
        "nauc_map_at_10_diff1": 0.37386694267676973,
        "nauc_map_at_10_max": 0.293258808567027,
        "nauc_map_at_10_std": 0.14830624087068858,
        "nauc_map_at_1_diff1": 0.4420587257474029,
        "nauc_map_at_1_max": 0.2554211294897347,
        "nauc_map_at_1_std": 0.056532912085557045,
        "nauc_map_at_20_diff1": 0.3739942760636949,
        "nauc_map_at_20_max": 0.2951675912011361,
        "nauc_map_at_20_std": 0.14714098733319284,
        "nauc_map_at_3_diff1": 0.38800093134948943,
        "nauc_map_at_3_max": 0.3045256019708319,
        "nauc_map_at_3_std": 0.1320177261065248,
        "nauc_map_at_5_diff1": 0.3751952574138427,
        "nauc_map_at_5_max": 0.29712628643646033,
        "nauc_map_at_5_std": 0.15608824289829076,
        "nauc_mrr_at_1000_diff1": 0.3822359923443872,
        "nauc_mrr_at_1000_max": 0.30608038572405405,
        "nauc_mrr_at_1000_std": 0.14555736544858575,
        "nauc_mrr_at_100_diff1": 0.38178414099765895,
        "nauc_mrr_at_100_max": 0.30585503793768143,
        "nauc_mrr_at_100_std": 0.14552587623032825,
        "nauc_mrr_at_10_diff1": 0.3809713587160259,
        "nauc_mrr_at_10_max": 0.30546951362746794,
        "nauc_mrr_at_10_std": 0.14636774865250649,
        "nauc_mrr_at_1_diff1": 0.44387058387933104,
        "nauc_mrr_at_1_max": 0.2725338408610289,
        "nauc_mrr_at_1_std": 0.060316174675716386,
        "nauc_mrr_at_20_diff1": 0.38132444443784785,
        "nauc_mrr_at_20_max": 0.3062138527415912,
        "nauc_mrr_at_20_std": 0.14593941282612338,
        "nauc_mrr_at_3_diff1": 0.3970687243852113,
        "nauc_mrr_at_3_max": 0.31674852581835317,
        "nauc_mrr_at_3_std": 0.13436456094929625,
        "nauc_mrr_at_5_diff1": 0.38100138152706003,
        "nauc_mrr_at_5_max": 0.3073873170760276,
        "nauc_mrr_at_5_std": 0.15652611945867523,
        "nauc_ndcg_at_1000_diff1": 0.3574233343909868,
        "nauc_ndcg_at_1000_max": 0.30655290638796356,
        "nauc_ndcg_at_1000_std": 0.17337480036547953,
        "nauc_ndcg_at_100_diff1": 0.3457579810599418,
        "nauc_ndcg_at_100_max": 0.3006748110933195,
        "nauc_ndcg_at_100_std": 0.1733711765338111,
        "nauc_ndcg_at_10_diff1": 0.343048050237238,
        "nauc_ndcg_at_10_max": 0.29668116614702233,
        "nauc_ndcg_at_10_std": 0.17411425259884278,
        "nauc_ndcg_at_1_diff1": 0.44387058387933104,
        "nauc_ndcg_at_1_max": 0.2725338408610289,
        "nauc_ndcg_at_1_std": 0.060316174675716386,
        "nauc_ndcg_at_20_diff1": 0.3436895854878777,
        "nauc_ndcg_at_20_max": 0.3017373743013492,
        "nauc_ndcg_at_20_std": 0.17328905930923563,
        "nauc_ndcg_at_3_diff1": 0.3733606891804634,
        "nauc_ndcg_at_3_max": 0.3191160889522387,
        "nauc_ndcg_at_3_std": 0.14994318036782242,
        "nauc_ndcg_at_5_diff1": 0.3467270461764592,
        "nauc_ndcg_at_5_max": 0.3056709503441925,
        "nauc_ndcg_at_5_std": 0.1944296520827874,
        "nauc_precision_at_1000_diff1": -0.061608838519451925,
        "nauc_precision_at_1000_max": 0.08385509548569188,
        "nauc_precision_at_1000_std": 0.047319891697578075,
        "nauc_precision_at_100_diff1": -0.053599905790753355,
        "nauc_precision_at_100_max": 0.10630970652219067,
        "nauc_precision_at_100_std": 0.10934924444876068,
        "nauc_precision_at_10_diff1": 0.1060684588172504,
        "nauc_precision_at_10_max": 0.20995640854645897,
        "nauc_precision_at_10_std": 0.2090328516781496,
        "nauc_precision_at_1_diff1": 0.44387058387933104,
        "nauc_precision_at_1_max": 0.2725338408610289,
        "nauc_precision_at_1_std": 0.060316174675716386,
        "nauc_precision_at_20_diff1": 0.032771812626895394,
        "nauc_precision_at_20_max": 0.17315833562162938,
        "nauc_precision_at_20_std": 0.15246641294545024,
        "nauc_precision_at_3_diff1": 0.28712758486735523,
        "nauc_precision_at_3_max": 0.33407499991497946,
        "nauc_precision_at_3_std": 0.18741372094200553,
        "nauc_precision_at_5_diff1": 0.18376773280675154,
        "nauc_precision_at_5_max": 0.2771584276813803,
        "nauc_precision_at_5_std": 0.2790246716186412,
        "nauc_recall_at_1000_diff1": 0.21578878928600623,
        "nauc_recall_at_1000_max": 0.5562717296548295,
        "nauc_recall_at_1000_std": 0.8184097949860857,
        "nauc_recall_at_100_diff1": 0.12225055782258017,
        "nauc_recall_at_100_max": 0.3027932391305674,
        "nauc_recall_at_100_std": 0.38357849731180904,
        "nauc_recall_at_10_diff1": 0.20049493517074157,
        "nauc_recall_at_10_max": 0.274841557447575,
        "nauc_recall_at_10_std": 0.25749112463598584,
        "nauc_recall_at_1_diff1": 0.4420587257474029,
        "nauc_recall_at_1_max": 0.2554211294897347,
        "nauc_recall_at_1_std": 0.056532912085557045,
        "nauc_recall_at_20_diff1": 0.18594136122692378,
        "nauc_recall_at_20_max": 0.29793920886525604,
        "nauc_recall_at_20_std": 0.28441311234475547,
        "nauc_recall_at_3_diff1": 0.31239851875822006,
        "nauc_recall_at_3_max": 0.34248353513370267,
        "nauc_recall_at_3_std": 0.19423489820201745,
        "nauc_recall_at_5_diff1": 0.23334772142792784,
        "nauc_recall_at_5_max": 0.30945953842389773,
        "nauc_recall_at_5_std": 0.31199421183422255,
        "ndcg_at_1": 0.3658,
        "ndcg_at_10": 0.52444,
        "ndcg_at_100": 0.56324,
        "ndcg_at_1000": 0.57441,
        "ndcg_at_20": 0.54254,
        "ndcg_at_3": 0.45385,
        "ndcg_at_5": 0.49478,
        "precision_at_1": 0.3658,
        "precision_at_10": 0.07933,
        "precision_at_100": 0.01012,
        "precision_at_1000": 0.00111,
        "precision_at_20": 0.0443,
        "precision_at_3": 0.19082,
        "precision_at_5": 0.13729,
        "recall_at_1": 0.33729,
        "recall_at_10": 0.70586,
        "recall_at_100": 0.87688,
        "recall_at_1000": 0.96002,
        "recall_at_20": 0.77237,
        "recall_at_3": 0.52059,
        "recall_at_5": 0.6152
      }
    ]
  },
  "task_name": "MrTidyRetrieval"
}