{
  "dataset_revision": "d67138e705d963e346253a80e59676ddb418810a",
  "evaluation_time": 1299.6901452541351,
  "kg_co2_emissions": null,
  "mteb_version": "1.19.4",
  "scores": {
    "dev": [
      {
        "hf_subset": "ko",
        "languages": [
          "kor-Hang"
        ],
        "main_score": 0.2583,
        "map_at_1": 0.185,
        "map_at_10": 0.23136,
        "map_at_100": 0.24019,
        "map_at_1000": 0.24138,
        "map_at_20": 0.23595,
        "map_at_3": 0.21583,
        "map_at_5": 0.22283,
        "mrr_at_1": 0.185,
        "mrr_at_10": 0.23136309523809528,
        "mrr_at_100": 0.24019181484921373,
        "mrr_at_1000": 0.24138093143174497,
        "mrr_at_20": 0.23594689542483663,
        "mrr_at_3": 0.21583333333333335,
        "mrr_at_5": 0.22283333333333336,
        "nauc_map_at_1000_diff1": 0.4064546850003172,
        "nauc_map_at_1000_max": 0.35346841597131085,
        "nauc_map_at_1000_std": 0.1057915128161012,
        "nauc_map_at_100_diff1": 0.40622394733997047,
        "nauc_map_at_100_max": 0.3530956009604433,
        "nauc_map_at_100_std": 0.10514292708166764,
        "nauc_map_at_10_diff1": 0.41099525660975966,
        "nauc_map_at_10_max": 0.35835427780512297,
        "nauc_map_at_10_std": 0.10416922751037618,
        "nauc_map_at_1_diff1": 0.4786871453223328,
        "nauc_map_at_1_max": 0.395247211943784,
        "nauc_map_at_1_std": 0.09491839730766913,
        "nauc_map_at_20_diff1": 0.4061435472624891,
        "nauc_map_at_20_max": 0.3520833984840894,
        "nauc_map_at_20_std": 0.09980601023243292,
        "nauc_map_at_3_diff1": 0.42297446060463145,
        "nauc_map_at_3_max": 0.3652839616730233,
        "nauc_map_at_3_std": 0.10361345550841002,
        "nauc_map_at_5_diff1": 0.4180173430004609,
        "nauc_map_at_5_max": 0.363199626463278,
        "nauc_map_at_5_std": 0.0970030789067568,
        "nauc_mrr_at_1000_diff1": 0.4064546850003172,
        "nauc_mrr_at_1000_max": 0.35346841597131085,
        "nauc_mrr_at_1000_std": 0.1057915128161012,
        "nauc_mrr_at_100_diff1": 0.40622394733997047,
        "nauc_mrr_at_100_max": 0.3530956009604433,
        "nauc_mrr_at_100_std": 0.10514292708166764,
        "nauc_mrr_at_10_diff1": 0.41099525660975966,
        "nauc_mrr_at_10_max": 0.35835427780512297,
        "nauc_mrr_at_10_std": 0.10416922751037618,
        "nauc_mrr_at_1_diff1": 0.4786871453223328,
        "nauc_mrr_at_1_max": 0.395247211943784,
        "nauc_mrr_at_1_std": 0.09491839730766913,
        "nauc_mrr_at_20_diff1": 0.4061435472624891,
        "nauc_mrr_at_20_max": 0.3520833984840894,
        "nauc_mrr_at_20_std": 0.09980601023243292,
        "nauc_mrr_at_3_diff1": 0.42297446060463145,
        "nauc_mrr_at_3_max": 0.3652839616730233,
        "nauc_mrr_at_3_std": 0.10361345550841002,
        "nauc_mrr_at_5_diff1": 0.4180173430004609,
        "nauc_mrr_at_5_max": 0.363199626463278,
        "nauc_mrr_at_5_std": 0.0970030789067568,
        "nauc_ndcg_at_1000_diff1": 0.36119623623825786,
        "nauc_ndcg_at_1000_max": 0.3251781226472588,
        "nauc_ndcg_at_1000_std": 0.13460027984602643,
        "nauc_ndcg_at_100_diff1": 0.35902324967740534,
        "nauc_ndcg_at_100_max": 0.3166841266454237,
        "nauc_ndcg_at_100_std": 0.12282384956394275,
        "nauc_ndcg_at_10_diff1": 0.3808438900368939,
        "nauc_ndcg_at_10_max": 0.33894695737377734,
        "nauc_ndcg_at_10_std": 0.11168733011205549,
        "nauc_ndcg_at_1_diff1": 0.4786871453223328,
        "nauc_ndcg_at_1_max": 0.395247211943784,
        "nauc_ndcg_at_1_std": 0.09491839730766913,
        "nauc_ndcg_at_20_diff1": 0.36436154083113964,
        "nauc_ndcg_at_20_max": 0.31711980056360034,
        "nauc_ndcg_at_20_std": 0.0956758519192603,
        "nauc_ndcg_at_3_diff1": 0.4062661680506958,
        "nauc_ndcg_at_3_max": 0.3550415994920533,
        "nauc_ndcg_at_3_std": 0.10554574009628236,
        "nauc_ndcg_at_5_diff1": 0.39721165056474383,
        "nauc_ndcg_at_5_max": 0.3509364022396801,
        "nauc_ndcg_at_5_std": 0.09459482118303365,
        "nauc_precision_at_1000_diff1": 0.020582492678163988,
        "nauc_precision_at_1000_max": 0.15686625447445454,
        "nauc_precision_at_1000_std": 0.4483403839895867,
        "nauc_precision_at_100_diff1": 0.19440095241531105,
        "nauc_precision_at_100_max": 0.18578592301309582,
        "nauc_precision_at_100_std": 0.19901872361917824,
        "nauc_precision_at_10_diff1": 0.299049054010296,
        "nauc_precision_at_10_max": 0.2850723287272922,
        "nauc_precision_at_10_std": 0.13535285449006437,
        "nauc_precision_at_1_diff1": 0.4786871453223328,
        "nauc_precision_at_1_max": 0.395247211943784,
        "nauc_precision_at_1_std": 0.09491839730766913,
        "nauc_precision_at_20_diff1": 0.24434725789443065,
        "nauc_precision_at_20_max": 0.21071869885036665,
        "nauc_precision_at_20_std": 0.07820354400243278,
        "nauc_precision_at_3_diff1": 0.3618335192516606,
        "nauc_precision_at_3_max": 0.3274495650969326,
        "nauc_precision_at_3_std": 0.11049381365879976,
        "nauc_precision_at_5_diff1": 0.34233616576292103,
        "nauc_precision_at_5_max": 0.318257051641632,
        "nauc_precision_at_5_std": 0.08729284828842304,
        "nauc_recall_at_1000_diff1": 0.0205824926781645,
        "nauc_recall_at_1000_max": 0.1568662544744541,
        "nauc_recall_at_1000_std": 0.4483403839895864,
        "nauc_recall_at_100_diff1": 0.1944009524153109,
        "nauc_recall_at_100_max": 0.18578592301309568,
        "nauc_recall_at_100_std": 0.19901872361917805,
        "nauc_recall_at_10_diff1": 0.29904905401029597,
        "nauc_recall_at_10_max": 0.285072328727292,
        "nauc_recall_at_10_std": 0.1353528544900643,
        "nauc_recall_at_1_diff1": 0.4786871453223328,
        "nauc_recall_at_1_max": 0.395247211943784,
        "nauc_recall_at_1_std": 0.09491839730766913,
        "nauc_recall_at_20_diff1": 0.2443472578944304,
        "nauc_recall_at_20_max": 0.21071869885036645,
        "nauc_recall_at_20_std": 0.0782035440024324,
        "nauc_recall_at_3_diff1": 0.3618335192516606,
        "nauc_recall_at_3_max": 0.32744956509693285,
        "nauc_recall_at_3_std": 0.11049381365879964,
        "nauc_recall_at_5_diff1": 0.34233616576292075,
        "nauc_recall_at_5_max": 0.3182570516416317,
        "nauc_recall_at_5_std": 0.08729284828842285,
        "ndcg_at_1": 0.185,
        "ndcg_at_10": 0.2583,
        "ndcg_at_100": 0.30556,
        "ndcg_at_1000": 0.3397,
        "ndcg_at_20": 0.27566,
        "ndcg_at_3": 0.22589,
        "ndcg_at_5": 0.23837,
        "precision_at_1": 0.185,
        "precision_at_10": 0.0345,
        "precision_at_100": 0.00575,
        "precision_at_1000": 0.00085,
        "precision_at_20": 0.02075,
        "precision_at_3": 0.085,
        "precision_at_5": 0.057,
        "recall_at_1": 0.185,
        "recall_at_10": 0.345,
        "recall_at_100": 0.575,
        "recall_at_1000": 0.85,
        "recall_at_20": 0.415,
        "recall_at_3": 0.255,
        "recall_at_5": 0.285
      }
    ],
    "test": [
      {
        "hf_subset": "ko",
        "languages": [
          "kor-Hang"
        ],
        "main_score": 0.26156,
        "map_at_1": 0.19,
        "map_at_10": 0.23683,
        "map_at_100": 0.24172,
        "map_at_1000": 0.24269,
        "map_at_20": 0.23826,
        "map_at_3": 0.22167,
        "map_at_5": 0.23242,
        "mrr_at_1": 0.19,
        "mrr_at_10": 0.23683134920634924,
        "mrr_at_100": 0.24171935489477314,
        "mrr_at_1000": 0.2426884955745824,
        "mrr_at_20": 0.23826008223802345,
        "mrr_at_3": 0.22166666666666668,
        "mrr_at_5": 0.23241666666666666,
        "nauc_map_at_1000_diff1": 0.6641907155449482,
        "nauc_map_at_1000_max": 0.48534236374028916,
        "nauc_map_at_1000_std": 0.06895415579732908,
        "nauc_map_at_100_diff1": 0.6640831057208721,
        "nauc_map_at_100_max": 0.4851182715062897,
        "nauc_map_at_100_std": 0.06883701661871983,