{
  "dataset_revision": "d67138e705d963e346253a80e59676ddb418810a",
  "task_name": "MultiLongDocRetrieval",
  "mteb_version": "1.31.1",
  "scores": {
    "dev": [
      {
        "ndcg_at_1": 0.185,
        "ndcg_at_3": 0.22589,
        "ndcg_at_5": 0.23837,
        "ndcg_at_10": 0.25818,
        "ndcg_at_20": 0.27555,
        "ndcg_at_100": 0.3047,
        "ndcg_at_1000": 0.33958,
        "map_at_1": 0.185,
        "map_at_3": 0.21583,
        "map_at_5": 0.22283,
        "map_at_10": 0.23124,
        "map_at_20": 0.23583,
        "map_at_100": 0.24003,
        "map_at_1000": 0.24126,
        "recall_at_1": 0.185,
        "recall_at_3": 0.255,
        "recall_at_5": 0.285,
        "recall_at_10": 0.345,
        "recall_at_20": 0.415,
        "recall_at_100": 0.57,
        "recall_at_1000": 0.85,
        "precision_at_1": 0.185,
        "precision_at_3": 0.085,
        "precision_at_5": 0.057,
        "precision_at_10": 0.0345,
        "precision_at_20": 0.02075,
        "precision_at_100": 0.0057,
        "precision_at_1000": 0.00085,
        "mrr_at_1": 0.185,
        "mrr_at_3": 0.215833,
        "mrr_at_5": 0.222833,
        "mrr_at_10": 0.231244,
        "mrr_at_20": 0.235828,
        "mrr_at_100": 0.240025,
        "mrr_at_1000": 0.241263,
        "nauc_ndcg_at_1_max": 0.397651,
        "nauc_ndcg_at_1_std": 0.094918,
        "nauc_ndcg_at_1_diff1": 0.478687,
        "nauc_ndcg_at_3_max": 0.357217,
        "nauc_ndcg_at_3_std": 0.105546,
        "nauc_ndcg_at_3_diff1": 0.404208,
        "nauc_ndcg_at_5_max": 0.353062,
        "nauc_ndcg_at_5_std": 0.094595,
        "nauc_ndcg_at_5_diff1": 0.3952,
        "nauc_ndcg_at_10_max": 0.34132,
        "nauc_ndcg_at_10_std": 0.11206,
        "nauc_ndcg_at_10_diff1": 0.379094,
        "nauc_ndcg_at_20_max": 0.319477,
        "nauc_ndcg_at_20_std": 0.096045,
        "nauc_ndcg_at_20_diff1": 0.362622,
        "nauc_ndcg_at_100_max": 0.315657,
        "nauc_ndcg_at_100_std": 0.121724,
        "nauc_ndcg_at_100_diff1": 0.356511,
        "nauc_ndcg_at_1000_max": 0.32737,
        "nauc_ndcg_at_1000_std": 0.134988,
        "nauc_ndcg_at_1000_diff1": 0.359732,
        "nauc_map_at_1_max": 0.397651,
        "nauc_map_at_1_std": 0.094918,
        "nauc_map_at_1_diff1": 0.478687,
        "nauc_map_at_3_max": 0.36751,
        "nauc_map_at_3_std": 0.103613,
        "nauc_map_at_3_diff1": 0.421305,
        "nauc_map_at_5_max": 0.365396,
        "nauc_map_at_5_std": 0.097003,
        "nauc_map_at_5_diff1": 0.41637,
        "nauc_map_at_10_max": 0.360844,
        "nauc_map_at_10_std": 0.104573,
        "nauc_map_at_10_diff1": 0.409609,
        "nauc_map_at_20_max": 0.354568,
        "nauc_map_at_20_std": 0.100209,
        "nauc_map_at_20_diff1": 0.40476,
        "nauc_map_at_100_max": 0.355338,
        "nauc_map_at_100_std": 0.105447,
        "nauc_map_at_100_diff1": 0.404781,
        "nauc_map_at_1000_max": 0.355924,
        "nauc_map_at_1000_std": 0.106193,
        "nauc_map_at_1000_diff1": 0.405078,
        "nauc_recall_at_1_max": 0.397651,
        "nauc_recall_at_1_std": 0.094918,
        "nauc_recall_at_1_diff1": 0.478687,
        "nauc_recall_at_3_max": 0.329491,
        "nauc_recall_at_3_std": 0.110494,
        "nauc_recall_at_3_diff1": 0.358771,
        "nauc_recall_at_5_max": 0.320196,
        "nauc_recall_at_5_std": 0.087293,
        "nauc_recall_at_5_diff1": 0.339428,
        "nauc_recall_at_10_max": 0.286923,
        "nauc_recall_at_10_std": 0.135353,
        "nauc_recall_at_10_diff1": 0.296274,
        "nauc_recall_at_20_max": 0.21253,
        "nauc_recall_at_20_std": 0.078204,
        "nauc_recall_at_20_diff1": 0.24163,
        "nauc_recall_at_100_max": 0.167061,
        "nauc_recall_at_100_std": 0.189262,
        "nauc_recall_at_100_diff1": 0.187684,
        "nauc_recall_at_1000_max": 0.156866,
        "nauc_recall_at_1000_std": 0.44834,
        "nauc_recall_at_1000_diff1": 0.020582,
        "nauc_precision_at_1_max": 0.397651,
        "nauc_precision_at_1_std": 0.094918,
        "nauc_precision_at_1_diff1": 0.478687,
        "nauc_precision_at_3_max": 0.329491,
        "nauc_precision_at_3_std": 0.110494,
        "nauc_precision_at_3_diff1": 0.358771,
        "nauc_precision_at_5_max": 0.320196,
        "nauc_precision_at_5_std": 0.087293,
        "nauc_precision_at_5_diff1": 0.339428,
        "nauc_precision_at_10_max": 0.286923,
        "nauc_precision_at_10_std": 0.135353,
        "nauc_precision_at_10_diff1": 0.296274,
        "nauc_precision_at_20_max": 0.21253,
        "nauc_precision_at_20_std": 0.078204,
        "nauc_precision_at_20_diff1": 0.24163,
        "nauc_precision_at_100_max": 0.167061,
        "nauc_precision_at_100_std": 0.189262,
        "nauc_precision_at_100_diff1": 0.187684,
        "nauc_precision_at_1000_max": 0.156866,
        "nauc_precision_at_1000_std": 0.44834,
        "nauc_precision_at_1000_diff1": 0.020582,
        "nauc_mrr_at_1_max": 0.397651,
        "nauc_mrr_at_1_std": 0.094918,
        "nauc_mrr_at_1_diff1": 0.478687,
        "nauc_mrr_at_3_max": 0.36751,
        "nauc_mrr_at_3_std": 0.103613,
        "nauc_mrr_at_3_diff1": 0.421305,
        "nauc_mrr_at_5_max": 0.365396,
        "nauc_mrr_at_5_std": 0.097003,
        "nauc_mrr_at_5_diff1": 0.41637,
        "nauc_mrr_at_10_max": 0.360844,
        "nauc_mrr_at_10_std": 0.104573,
        "nauc_mrr_at_10_diff1": 0.409609,
        "nauc_mrr_at_20_max": 0.354568,
        "nauc_mrr_at_20_std": 0.100209,
        "nauc_mrr_at_20_diff1": 0.40476,
        "nauc_mrr_at_100_max": 0.355338,
        "nauc_mrr_at_100_std": 0.105447,
        "nauc_mrr_at_100_diff1": 0.404781,
        "nauc_mrr_at_1000_max": 0.355924,
        "nauc_mrr_at_1000_std": 0.106193,
        "nauc_mrr_at_1000_diff1": 0.405078,
        "main_score": 0.25818,
        "hf_subset": "ko",
        "languages": [
          "kor-Hang"
        ]
      }
    ],
    "test": [
      {
        "ndcg_at_1": 0.19,
        "ndcg_at_3": 0.23405,
        "ndcg_at_5": 0.25084,
        "ndcg_at_10": 0.262,
        "ndcg_at_20": 0.26709,
        "ndcg_at_100": 0.29472,
        "ndcg_at_1000": 0.32618,
        "map_at_1": 0.19,
        "map_at_3": 0.22333,
        "map_at_5": 0.23283,
        "map_at_10": 0.23734,
        "map_at_20": 0.23875,
        "map_at_100": 0.2422,
        "map_at_1000": 0.24317,
        "recall_at_1": 0.19,
        "recall_at_3": 0.265,
        "recall_at_5": 0.305,
        "recall_at_10": 0.34,
        "recall_at_20": 0.36,
        "recall_at_100": 0.515,
        "recall_at_1000": 0.775,
        "precision_at_1": 0.19,
        "precision_at_3": 0.08833,
        "precision_at_5": 0.061,
        "precision_at_10": 0.034,
        "precision_at_20": 0.018,
        "precision_at_100": 0.00515,
        "precision_at_1000": 0.00078,
        "mrr_at_1": 0.19,
        "mrr_at_3": 0.223333,
        "mrr_at_5": 0.232833,
        "mrr_at_10": 0.237337,
        "mrr_at_20": 0.238745,
        "mrr_at_100": 0.242202,
        "mrr_at_1000": 0.24317,
        "nauc_ndcg_at_1_max": 0.540893,
        "nauc_ndcg_at_1_std": 0.031771,
        "nauc_ndcg_at_1_diff1": 0.781909,
        "nauc_ndcg_at_3_max": 0.479191,
        "nauc_ndcg_at_3_std": 0.059191,
        "nauc_ndcg_at_3_diff1": 0.668964,
        "nauc_ndcg_at_5_max": 0.464545,
        "nauc_ndcg_at_5_std": 0.071525,
        "nauc_ndcg_at_5_diff1": 0.638466,
        "nauc_ndcg_at_10_max": 0.456141,
        "nauc_ndcg_at_10_std": 0.073598,
        "nauc_ndcg_at_10_diff1": 0.624917,
        "nauc_ndcg_at_20_max": 0.455069,
        "nauc_ndcg_at_20_std": 0.067061,
        "nauc_ndcg_at_20_diff1": 0.622497,
        "nauc_ndcg_at_100_max": 0.472813,
        "nauc_ndcg_at_100_std": 0.112505,
        "nauc_ndcg_at_100_diff1": 0.608707,
        "nauc_ndcg_at_1000_max": 0.476263,
        "nauc_ndcg_at_1000_std": 0.115669,
        "nauc_ndcg_at_1000_diff1": 0.607562,
        "nauc_map_at_1_max": 0.540893,
        "nauc_map_at_1_std": 0.031771,
        "nauc_map_at_1_diff1": 0.781909,
        "nauc_map_at_3_max": 0.495266,