{
  "dataset_revision": "main",
  "evaluation_time": 9.609801292419434,
  "kg_co2_emissions": null,
  "mteb_version": "1.19.4",
  "scores": {
    "test": [
      {
        "hf_subset": "korean",
        "languages": [
          "kor-Hang"
        ],
        "main_score": 0.88733,
        "map_at_1": 0.77922,
        "map_at_10": 0.85491,
        "map_at_100": 0.85572,
        "map_at_1000": 0.85572,
        "map_at_20": 0.85572,
        "map_at_3": 0.84632,
        "map_at_5": 0.85216,
        "mrr_at_1": 0.7792207792207793,
        "mrr_at_10": 0.854906204906205,
        "mrr_at_100": 0.8557178932178933,
        "mrr_at_1000": 0.8557178932178933,
        "mrr_at_20": 0.8557178932178933,
        "mrr_at_3": 0.8463203463203463,
        "mrr_at_5": 0.8521645021645022,
        "nauc_map_at_1000_diff1": 0.7934322885790674,
        "nauc_map_at_1000_max": 0.42889149307066504,
        "nauc_map_at_1000_std": -0.14898589679329766,
        "nauc_map_at_100_diff1": 0.7934322885790674,
        "nauc_map_at_100_max": 0.42889149307066504,
        "nauc_map_at_100_std": -0.14898589679329766,
        "nauc_map_at_10_diff1": 0.7946746897029425,
        "nauc_map_at_10_max": 0.4315367969330446,
        "nauc_map_at_10_std": -0.15509289492565895,
        "nauc_map_at_1_diff1": 0.78246273000063,
        "nauc_map_at_1_max": 0.4139400142694634,
        "nauc_map_at_1_std": -0.14021417297508898,
        "nauc_map_at_20_diff1": 0.7934322885790674,
        "nauc_map_at_20_max": 0.42889149307066504,
        "nauc_map_at_20_std": -0.14898589679329766,
        "nauc_map_at_3_diff1": 0.8005529129446742,
        "nauc_map_at_3_max": 0.4368327376511254,
        "nauc_map_at_3_std": -0.13197873310791935,
        "nauc_map_at_5_diff1": 0.7945644457362998,
        "nauc_map_at_5_max": 0.42813807841768853,
        "nauc_map_at_5_std": -0.15147615627835584,
        "nauc_mrr_at_1000_diff1": 0.7934322885790674,
        "nauc_mrr_at_1000_max": 0.42889149307066504,
        "nauc_mrr_at_1000_std": -0.14898589679329766,
        "nauc_mrr_at_100_diff1": 0.7934322885790674,
        "nauc_mrr_at_100_max": 0.42889149307066504,
        "nauc_mrr_at_100_std": -0.14898589679329766,
        "nauc_mrr_at_10_diff1": 0.7946746897029425,
        "nauc_mrr_at_10_max": 0.4315367969330446,
        "nauc_mrr_at_10_std": -0.15509289492565895,
        "nauc_mrr_at_1_diff1": 0.78246273000063,
        "nauc_mrr_at_1_max": 0.4139400142694634,
        "nauc_mrr_at_1_std": -0.14021417297508898,
        "nauc_mrr_at_20_diff1": 0.7934322885790674,
        "nauc_mrr_at_20_max": 0.42889149307066504,
        "nauc_mrr_at_20_std": -0.14898589679329766,
        "nauc_mrr_at_3_diff1": 0.8005529129446742,
        "nauc_mrr_at_3_max": 0.4368327376511254,
        "nauc_mrr_at_3_std": -0.13197873310791935,
        "nauc_mrr_at_5_diff1": 0.7945644457362998,
        "nauc_mrr_at_5_max": 0.42813807841768853,
        "nauc_mrr_at_5_std": -0.15147615627835584,
        "nauc_ndcg_at_1000_diff1": 0.7950512425953983,
        "nauc_ndcg_at_1000_max": 0.4304110150291181,
        "nauc_ndcg_at_1000_std": -0.1537557702365057,
        "nauc_ndcg_at_100_diff1": 0.7950512425953983,
        "nauc_ndcg_at_100_max": 0.4304110150291181,
        "nauc_ndcg_at_100_std": -0.1537557702365057,
        "nauc_ndcg_at_10_diff1": 0.8012433401285308,
        "nauc_ndcg_at_10_max": 0.4436533826919126,
        "nauc_ndcg_at_10_std": -0.18428922374139559,
        "nauc_ndcg_at_1_diff1": 0.78246273000063,
        "nauc_ndcg_at_1_max": 0.4139400142694634,
        "nauc_ndcg_at_1_std": -0.14021417297508898,
        "nauc_ndcg_at_20_diff1": 0.7950512425953983,
        "nauc_ndcg_at_20_max": 0.4304110150291181,
        "nauc_ndcg_at_20_std": -0.1537557702365057,
        "nauc_ndcg_at_3_diff1": 0.8117962912647465,
        "nauc_ndcg_at_3_max": 0.4465068871741506,
        "nauc_ndcg_at_3_std": -0.13050839506151526,
        "nauc_ndcg_at_5_diff1": 0.7999319493116879,
        "nauc_ndcg_at_5_max": 0.4295215718616793,
        "nauc_ndcg_at_5_std": -0.17119373043019556,
        "nauc_precision_at_1000_diff1": NaN,
        "nauc_precision_at_1000_max": NaN,
        "nauc_precision_at_1000_std": NaN,
        "nauc_precision_at_100_diff1": 1.0,
        "nauc_precision_at_100_max": 1.0,
        "nauc_precision_at_100_std": 1.0,
        "nauc_precision_at_10_diff1": 1.0,
        "nauc_precision_at_10_max": 0.868712702472296,
        "nauc_precision_at_10_std": -1.1643653934883855,
        "nauc_precision_at_1_diff1": 0.78246273000063,
        "nauc_precision_at_1_max": 0.4139400142694634,
        "nauc_precision_at_1_std": -0.14021417297508898,
        "nauc_precision_at_20_diff1": 1.0,
        "nauc_precision_at_20_max": 1.0,
        "nauc_precision_at_20_std": 1.0,
        "nauc_precision_at_3_diff1": 0.8847118713466388,
        "nauc_precision_at_3_max": 0.5069794576105962,
        "nauc_precision_at_3_std": -0.12278837016399671,
        "nauc_precision_at_5_diff1": 0.8516155514202957,
        "nauc_precision_at_5_max": 0.43608962587044786,
        "nauc_precision_at_5_std": -0.3899875213628128,
        "nauc_recall_at_1000_diff1": NaN,
        "nauc_recall_at_1000_max": NaN,
        "nauc_recall_at_1000_std": NaN,
        "nauc_recall_at_100_diff1": NaN,
        "nauc_recall_at_100_max": NaN,
        "nauc_recall_at_100_std": NaN,
        "nauc_recall_at_10_diff1": 1.0,
        "nauc_recall_at_10_max": 0.868712702472291,
        "nauc_recall_at_10_std": -1.1643653934883855,
        "nauc_recall_at_1_diff1": 0.78246273000063,
        "nauc_recall_at_1_max": 0.4139400142694634,
        "nauc_recall_at_1_std": -0.14021417297508898,
        "nauc_recall_at_20_diff1": NaN,
        "nauc_recall_at_20_max": NaN,
        "nauc_recall_at_20_std": NaN,
        "nauc_recall_at_3_diff1": 0.8847118713466364,
        "nauc_recall_at_3_max": 0.5069794576105937,
        "nauc_recall_at_3_std": -0.12278837016399707,
        "nauc_recall_at_5_diff1": 0.8516155514202973,
        "nauc_recall_at_5_max": 0.4360896258704462,
        "nauc_recall_at_5_std": -0.3899875213628153,
        "ndcg_at_1": 0.77922,
        "ndcg_at_10": 0.88733,
        "ndcg_at_100": 0.8905,
        "ndcg_at_1000": 0.8905,
        "ndcg_at_20": 0.8905,
        "ndcg_at_3": 0.86905,
        "ndcg_at_5": 0.87966,
        "precision_at_1": 0.77922,
        "precision_at_10": 0.0987,
        "precision_at_100": 0.01,
        "precision_at_1000": 0.001,
        "precision_at_20": 0.05,
        "precision_at_3": 0.31169,
        "precision_at_5": 0.19221,
        "recall_at_1": 0.77922,
        "recall_at_10": 0.98701,
        "recall_at_100": 1.0,
        "recall_at_1000": 1.0,
        "recall_at_20": 1.0,
        "recall_at_3": 0.93506,
        "recall_at_5": 0.96104
      }
    ]
  },
  "task_name": "PublicHealthQA"
}