{
  "dataset_revision": "main",
  "task_name": "PublicHealthQA",
  "mteb_version": "1.31.1",
  "scores": {
    "test": [
      {
        "ndcg_at_1": 0.77922,
        "ndcg_at_3": 0.86905,
        "ndcg_at_5": 0.87966,
        "ndcg_at_10": 0.88733,
        "ndcg_at_20": 0.8905,
        "ndcg_at_100": 0.8905,
        "ndcg_at_1000": 0.8905,
        "map_at_1": 0.77922,
        "map_at_3": 0.84632,
        "map_at_5": 0.85216,
        "map_at_10": 0.85491,
        "map_at_20": 0.85572,
        "map_at_100": 0.85572,
        "map_at_1000": 0.85572,
        "recall_at_1": 0.77922,
        "recall_at_3": 0.93506,
        "recall_at_5": 0.96104,
        "recall_at_10": 0.98701,
        "recall_at_20": 1.0,
        "recall_at_100": 1.0,
        "recall_at_1000": 1.0,
        "precision_at_1": 0.77922,
        "precision_at_3": 0.31169,
        "precision_at_5": 0.19221,
        "precision_at_10": 0.0987,
        "precision_at_20": 0.05,
        "precision_at_100": 0.01,
        "precision_at_1000": 0.001,
        "mrr_at_1": 0.779221,
        "mrr_at_3": 0.84632,
        "mrr_at_5": 0.852165,
        "mrr_at_10": 0.854906,
        "mrr_at_20": 0.855718,
        "mrr_at_100": 0.855718,
        "mrr_at_1000": 0.855718,
        "nauc_ndcg_at_1_max": 0.41394,
        "nauc_ndcg_at_1_std": -0.140214,
        "nauc_ndcg_at_1_diff1": 0.782463,
        "nauc_ndcg_at_3_max": 0.446507,
        "nauc_ndcg_at_3_std": -0.130508,
        "nauc_ndcg_at_3_diff1": 0.811796,
        "nauc_ndcg_at_5_max": 0.429522,
        "nauc_ndcg_at_5_std": -0.171194,
        "nauc_ndcg_at_5_diff1": 0.799932,
        "nauc_ndcg_at_10_max": 0.443653,
        "nauc_ndcg_at_10_std": -0.184289,
        "nauc_ndcg_at_10_diff1": 0.801243,
        "nauc_ndcg_at_20_max": 0.430411,
        "nauc_ndcg_at_20_std": -0.153756,
        "nauc_ndcg_at_20_diff1": 0.795051,
        "nauc_ndcg_at_100_max": 0.430411,
        "nauc_ndcg_at_100_std": -0.153756,
        "nauc_ndcg_at_100_diff1": 0.795051,
        "nauc_ndcg_at_1000_max": 0.430411,
        "nauc_ndcg_at_1000_std": -0.153756,
        "nauc_ndcg_at_1000_diff1": 0.795051,
        "nauc_map_at_1_max": 0.41394,
        "nauc_map_at_1_std": -0.140214,
        "nauc_map_at_1_diff1": 0.782463,
        "nauc_map_at_3_max": 0.436833,
        "nauc_map_at_3_std": -0.131979,
        "nauc_map_at_3_diff1": 0.800553,
        "nauc_map_at_5_max": 0.428138,
        "nauc_map_at_5_std": -0.151476,
        "nauc_map_at_5_diff1": 0.794564,
        "nauc_map_at_10_max": 0.431537,
        "nauc_map_at_10_std": -0.155093,
        "nauc_map_at_10_diff1": 0.794675,
        "nauc_map_at_20_max": 0.428891,
        "nauc_map_at_20_std": -0.148986,
        "nauc_map_at_20_diff1": 0.793432,
        "nauc_map_at_100_max": 0.428891,
        "nauc_map_at_100_std": -0.148986,
        "nauc_map_at_100_diff1": 0.793432,
        "nauc_map_at_1000_max": 0.428891,
        "nauc_map_at_1000_std": -0.148986,
        "nauc_map_at_1000_diff1": 0.793432,
        "nauc_recall_at_1_max": 0.41394,
        "nauc_recall_at_1_std": -0.140214,
        "nauc_recall_at_1_diff1": 0.782463,
        "nauc_recall_at_3_max": 0.506979,
        "nauc_recall_at_3_std": -0.122788,
        "nauc_recall_at_3_diff1": 0.884712,
        "nauc_recall_at_5_max": 0.43609,
        "nauc_recall_at_5_std": -0.389988,
        "nauc_recall_at_5_diff1": 0.851616,
        "nauc_recall_at_10_max": 0.868713,
        "nauc_recall_at_10_std": -1.164365,
        "nauc_recall_at_10_diff1": 1.0,
        "nauc_recall_at_20_max": NaN,
        "nauc_recall_at_20_std": NaN,
        "nauc_recall_at_20_diff1": NaN,
        "nauc_recall_at_100_max": NaN,
        "nauc_recall_at_100_std": NaN,
        "nauc_recall_at_100_diff1": NaN,
        "nauc_recall_at_1000_max": NaN,
        "nauc_recall_at_1000_std": NaN,
        "nauc_recall_at_1000_diff1": NaN,
        "nauc_precision_at_1_max": 0.41394,
        "nauc_precision_at_1_std": -0.140214,
        "nauc_precision_at_1_diff1": 0.782463,
        "nauc_precision_at_3_max": 0.506979,
        "nauc_precision_at_3_std": -0.122788,
        "nauc_precision_at_3_diff1": 0.884712,
        "nauc_precision_at_5_max": 0.43609,
        "nauc_precision_at_5_std": -0.389988,
        "nauc_precision_at_5_diff1": 0.851616,
        "nauc_precision_at_10_max": 0.868713,
        "nauc_precision_at_10_std": -1.164365,
        "nauc_precision_at_10_diff1": 1.0,
        "nauc_precision_at_20_max": 1.0,
        "nauc_precision_at_20_std": 1.0,
        "nauc_precision_at_20_diff1": 1.0,
        "nauc_precision_at_100_max": 1.0,
        "nauc_precision_at_100_std": 1.0,
        "nauc_precision_at_100_diff1": 1.0,
        "nauc_precision_at_1000_max": NaN,
        "nauc_precision_at_1000_std": NaN,
        "nauc_precision_at_1000_diff1": NaN,
        "nauc_mrr_at_1_max": 0.41394,
        "nauc_mrr_at_1_std": -0.140214,
        "nauc_mrr_at_1_diff1": 0.782463,
        "nauc_mrr_at_3_max": 0.436833,
        "nauc_mrr_at_3_std": -0.131979,
        "nauc_mrr_at_3_diff1": 0.800553,
        "nauc_mrr_at_5_max": 0.428138,
        "nauc_mrr_at_5_std": -0.151476,
        "nauc_mrr_at_5_diff1": 0.794564,
        "nauc_mrr_at_10_max": 0.431537,
        "nauc_mrr_at_10_std": -0.155093,
        "nauc_mrr_at_10_diff1": 0.794675,
        "nauc_mrr_at_20_max": 0.428891,
        "nauc_mrr_at_20_std": -0.148986,
        "nauc_mrr_at_20_diff1": 0.793432,
        "nauc_mrr_at_100_max": 0.428891,
        "nauc_mrr_at_100_std": -0.148986,
        "nauc_mrr_at_100_diff1": 0.793432,
        "nauc_mrr_at_1000_max": 0.428891,
        "nauc_mrr_at_1000_std": -0.148986,
        "nauc_mrr_at_1000_diff1": 0.793432,
        "main_score": 0.88733,
        "hf_subset": "korean",
        "languages": [
          "kor-Hang"
        ]
      }
    ]
  },
  "evaluation_time": 8.140440940856934,
  "kg_co2_emissions": null
}