{
  "dataset_revision": "c99d599f0a6ab9b85b065da6f9d94f9cf731679f",
  "task_name": "XPQARetrieval",
  "mteb_version": "1.31.1",
  "scores": {
    "test": [
      {
        "ndcg_at_1": 0.30428,
        "ndcg_at_3": 0.32681,
        "ndcg_at_5": 0.35888,
        "ndcg_at_10": 0.39132,
        "ndcg_at_20": 0.41539,
        "ndcg_at_100": 0.46272,
        "ndcg_at_1000": 0.48656,
        "map_at_1": 0.21735,
        "map_at_3": 0.29862,
        "map_at_5": 0.32435,
        "map_at_10": 0.33931,
        "map_at_20": 0.34711,
        "map_at_100": 0.35451,
        "map_at_1000": 0.35552,
        "recall_at_1": 0.21735,
        "recall_at_3": 0.34207,
        "recall_at_5": 0.41835,
        "recall_at_10": 0.50917,
        "recall_at_20": 0.59286,
        "recall_at_100": 0.82378,
        "recall_at_1000": 1.0,
        "precision_at_1": 0.30428,
        "precision_at_3": 0.18145,
        "precision_at_5": 0.13517,
        "precision_at_10": 0.08135,
        "precision_at_20": 0.04771,
        "precision_at_100": 0.01321,
        "precision_at_1000": 0.00156,
        "mrr_at_1": 0.304281,
        "mrr_at_3": 0.349643,
        "mrr_at_5": 0.36524,
        "mrr_at_10": 0.377644,
        "mrr_at_20": 0.383026,
        "mrr_at_100": 0.388324,
        "mrr_at_1000": 0.38896,
        "nauc_ndcg_at_1_max": 0.112497,
        "nauc_ndcg_at_1_std": -0.37288,
        "nauc_ndcg_at_1_diff1": 0.446734,
        "nauc_ndcg_at_3_max": 0.09548,
        "nauc_ndcg_at_3_std": -0.383799,
        "nauc_ndcg_at_3_diff1": 0.394675,
        "nauc_ndcg_at_5_max": 0.105466,
        "nauc_ndcg_at_5_std": -0.392992,
        "nauc_ndcg_at_5_diff1": 0.390574,
        "nauc_ndcg_at_10_max": 0.106588,
        "nauc_ndcg_at_10_std": -0.386656,
        "nauc_ndcg_at_10_diff1": 0.384512,
        "nauc_ndcg_at_20_max": 0.108368,
        "nauc_ndcg_at_20_std": -0.380437,
        "nauc_ndcg_at_20_diff1": 0.382632,
        "nauc_ndcg_at_100_max": 0.132226,
        "nauc_ndcg_at_100_std": -0.344706,
        "nauc_ndcg_at_100_diff1": 0.388144,
        "nauc_ndcg_at_1000_max": 0.11986,
        "nauc_ndcg_at_1000_std": -0.366691,
        "nauc_ndcg_at_1000_diff1": 0.394649,
        "nauc_map_at_1_max": 0.083441,
        "nauc_map_at_1_std": -0.319464,
        "nauc_map_at_1_diff1": 0.446396,
        "nauc_map_at_3_max": 0.10083,
        "nauc_map_at_3_std": -0.365762,
        "nauc_map_at_3_diff1": 0.394623,
        "nauc_map_at_5_max": 0.105313,
        "nauc_map_at_5_std": -0.380202,
        "nauc_map_at_5_diff1": 0.389649,
        "nauc_map_at_10_max": 0.106437,
        "nauc_map_at_10_std": -0.380016,
        "nauc_map_at_10_diff1": 0.387935,
        "nauc_map_at_20_max": 0.106019,
        "nauc_map_at_20_std": -0.378823,
        "nauc_map_at_20_diff1": 0.387502,
        "nauc_map_at_100_max": 0.108133,
        "nauc_map_at_100_std": -0.375015,
        "nauc_map_at_100_diff1": 0.38783,
        "nauc_map_at_1000_max": 0.107874,
        "nauc_map_at_1000_std": -0.37564,
        "nauc_map_at_1000_diff1": 0.388263,
        "nauc_recall_at_1_max": 0.083441,
        "nauc_recall_at_1_std": -0.319464,
        "nauc_recall_at_1_diff1": 0.446396,
        "nauc_recall_at_3_max": 0.086338,
        "nauc_recall_at_3_std": -0.375434,
        "nauc_recall_at_3_diff1": 0.367188,
        "nauc_recall_at_5_max": 0.100429,
        "nauc_recall_at_5_std": -0.395511,
        "nauc_recall_at_5_diff1": 0.346995,
        "nauc_recall_at_10_max": 0.103431,
        "nauc_recall_at_10_std": -0.366801,
        "nauc_recall_at_10_diff1": 0.320527,
        "nauc_recall_at_20_max": 0.105133,
        "nauc_recall_at_20_std": -0.345925,
        "nauc_recall_at_20_diff1": 0.307619,
        "nauc_recall_at_100_max": 0.311381,
        "nauc_recall_at_100_std": -0.010632,
        "nauc_recall_at_100_diff1": 0.304464,
        "nauc_recall_at_1000_max": NaN,
        "nauc_recall_at_1000_std": NaN,
        "nauc_recall_at_1000_diff1": NaN,
        "nauc_precision_at_1_max": 0.112497,
        "nauc_precision_at_1_std": -0.37288,
        "nauc_precision_at_1_diff1": 0.446734,
        "nauc_precision_at_3_max": 0.093929,
        "nauc_precision_at_3_std": -0.364452,
        "nauc_precision_at_3_diff1": 0.256837,
        "nauc_precision_at_5_max": 0.098316,
        "nauc_precision_at_5_std": -0.358663,
        "nauc_precision_at_5_diff1": 0.229147,
        "nauc_precision_at_10_max": 0.094874,
        "nauc_precision_at_10_std": -0.33236,
        "nauc_precision_at_10_diff1": 0.208986,
        "nauc_precision_at_20_max": 0.094536,
        "nauc_precision_at_20_std": -0.265713,
        "nauc_precision_at_20_diff1": 0.164144,
        "nauc_precision_at_100_max": 0.170745,
        "nauc_precision_at_100_std": -0.02118,
        "nauc_precision_at_100_diff1": 0.086224,
        "nauc_precision_at_1000_max": 0.123045,
        "nauc_precision_at_1000_std": 0.000884,
        "nauc_precision_at_1000_diff1": 0.025466,
        "nauc_mrr_at_1_max": 0.112497,
        "nauc_mrr_at_1_std": -0.37288,
        "nauc_mrr_at_1_diff1": 0.446734,
        "nauc_mrr_at_3_max": 0.105267,
        "nauc_mrr_at_3_std": -0.39264,
        "nauc_mrr_at_3_diff1": 0.428127,
        "nauc_mrr_at_5_max": 0.106715,
        "nauc_mrr_at_5_std": -0.396584,
        "nauc_mrr_at_5_diff1": 0.426184,
        "nauc_mrr_at_10_max": 0.105699,
        "nauc_mrr_at_10_std": -0.391453,
        "nauc_mrr_at_10_diff1": 0.422911,
        "nauc_mrr_at_20_max": 0.108576,
        "nauc_mrr_at_20_std": -0.388987,
        "nauc_mrr_at_20_diff1": 0.423592,
        "nauc_mrr_at_100_max": 0.110706,
        "nauc_mrr_at_100_std": -0.386235,
        "nauc_mrr_at_100_diff1": 0.424389,
        "nauc_mrr_at_1000_max": 0.11027,
        "nauc_mrr_at_1000_std": -0.38688,
        "nauc_mrr_at_1000_diff1": 0.424508,
        "main_score": 0.39132,
        "hf_subset": "kor-kor",
        "languages": [
          "kor-Hang",
          "kor-Hang"
        ]
      },
      {
        "ndcg_at_1": 0.25535,
        "ndcg_at_3": 0.25616,
        "ndcg_at_5": 0.26694,
        "ndcg_at_10": 0.30285,
        "ndcg_at_20": 0.33437,
        "ndcg_at_100": 0.39273,
        "ndcg_at_1000": 0.42736,
        "map_at_1": 0.1449,
        "map_at_3": 0.21433,
        "map_at_5": 0.23317,
        "map_at_10": 0.2503,
        "map_at_20": 0.26129,
        "map_at_100": 0.27182,
        "map_at_1000": 0.27372,
        "recall_at_1": 0.1449,
        "recall_at_3": 0.24873,
        "recall_at_5": 0.29317,
        "recall_at_10": 0.38914,
        "recall_at_20": 0.4923,
        "recall_at_100": 0.75882,
        "recall_at_1000": 0.9949,
        "precision_at_1": 0.25535,
        "precision_at_3": 0.16871,
        "precision_at_5": 0.12385,
        "precision_at_10": 0.08073,
        "precision_at_20": 0.05115,
        "precision_at_100": 0.0155,
        "precision_at_1000": 0.00195,
        "mrr_at_1": 0.255352,
        "mrr_at_3": 0.293323,
        "mrr_at_5": 0.303644,
        "mrr_at_10": 0.316488,
        "mrr_at_20": 0.323452,
        "mrr_at_100": 0.328901,
        "mrr_at_1000": 0.329831,
        "nauc_ndcg_at_1_max": 0.225273,
        "nauc_ndcg_at_1_std": -0.279885,
        "nauc_ndcg_at_1_diff1": 0.492704,
        "nauc_ndcg_at_3_max": 0.231056,
        "nauc_ndcg_at_3_std": -0.275944,
        "nauc_ndcg_at_3_diff1": 0.436346,
        "nauc_ndcg_at_5_max": 0.245655,
        "nauc_ndcg_at_5_std": -0.245114,
        "nauc_ndcg_at_5_diff1": 0.416868,
        "nauc_ndcg_at_10_max": 0.236861,
        "nauc_ndcg_at_10_std": -0.243624,
        "nauc_ndcg_at_10_diff1": 0.413361,
        "nauc_ndcg_at_20_max": 0.225448,
        "nauc_ndcg_at_20_std": -0.245295,
        "nauc_ndcg_at_20_diff1": 0.40316,
        "nauc_ndcg_at_100_max": 0.225438,
        "nauc_ndcg_at_100_std": -0.234817,
        "nauc_ndcg_at_100_diff1": 0.411481,
        "nauc_ndcg_at_1000_max": 0.23048,
        "nauc_ndcg_at_1000_std": -0.238108,
        "nauc_ndcg_at_1000_diff1": 0.413906,
        "nauc_map_at_1_max": 0.243424,