{
  "dataset_revision": "fd7df84ac089bbec763b1c6bb1b56e985df5cc5c",
  "evaluation_time": 846.0815389156342,
  "kg_co2_emissions": null,
  "mteb_version": "1.19.4",
  "scores": {
    "test": [
      {
        "hf_subset": "default",
        "languages": [
          "kor-Hang"
        ],
        "main_score": 0.76682,
        "map_at_1": 0.60526,
        "map_at_10": 0.71514,
        "map_at_100": 0.71846,
        "map_at_1000": 0.71854,
        "map_at_20": 0.71719,
        "map_at_3": 0.69444,
        "map_at_5": 0.7019,
        "mrr_at_1": 0.6052631578947368,
        "mrr_at_10": 0.7151350598719021,
        "mrr_at_100": 0.7184641134066749,
        "mrr_at_1000": 0.7185366086944813,
        "mrr_at_20": 0.7171920671920672,
        "mrr_at_3": 0.6944444444444446,
        "mrr_at_5": 0.7019005847953218,
        "nauc_map_at_1000_diff1": 0.7644331655442053,
        "nauc_map_at_1000_max": 0.006603581947104919,
        "nauc_map_at_1000_std": -0.37084270701564565,
        "nauc_map_at_100_diff1": 0.7644201027610169,
        "nauc_map_at_100_max": 0.0067126570840267364,
        "nauc_map_at_100_std": -0.37090267941427896,
        "nauc_map_at_10_diff1": 0.762543492536473,
        "nauc_map_at_10_max": 0.016618337725207714,
        "nauc_map_at_10_std": -0.36230366527185476,
        "nauc_map_at_1_diff1": 0.8065079498138608,
        "nauc_map_at_1_max": -0.008481292674104184,
        "nauc_map_at_1_std": -0.3152574052168019,
        "nauc_map_at_20_diff1": 0.7647616354525286,
        "nauc_map_at_20_max": 0.010913309413363433,
        "nauc_map_at_20_std": -0.3693593056765434,
        "nauc_map_at_3_diff1": 0.749148318778548,
        "nauc_map_at_3_max": -0.013924305023451019,
        "nauc_map_at_3_std": -0.39203803015117983,
        "nauc_map_at_5_diff1": 0.7599115394000969,
        "nauc_map_at_5_max": -0.008945775041782456,
        "nauc_map_at_5_std": -0.38416486703433883,
        "nauc_mrr_at_1000_diff1": 0.7644331655442053,
        "nauc_mrr_at_1000_max": 0.006603581947104919,
        "nauc_mrr_at_1000_std": -0.37084270701564565,
        "nauc_mrr_at_100_diff1": 0.7644201027610169,
        "nauc_mrr_at_100_max": 0.0067126570840267364,
        "nauc_mrr_at_100_std": -0.37090267941427896,
        "nauc_mrr_at_10_diff1": 0.762543492536473,
        "nauc_mrr_at_10_max": 0.016618337725207714,
        "nauc_mrr_at_10_std": -0.36230366527185476,
        "nauc_mrr_at_1_diff1": 0.8065079498138608,
        "nauc_mrr_at_1_max": -0.008481292674104184,
        "nauc_mrr_at_1_std": -0.3152574052168019,
        "nauc_mrr_at_20_diff1": 0.7647616354525286,
        "nauc_mrr_at_20_max": 0.010913309413363433,
        "nauc_mrr_at_20_std": -0.3693593056765434,
        "nauc_mrr_at_3_diff1": 0.749148318778548,
        "nauc_mrr_at_3_max": -0.013924305023451019,
        "nauc_mrr_at_3_std": -0.39203803015117983,
        "nauc_mrr_at_5_diff1": 0.7599115394000969,
        "nauc_mrr_at_5_max": -0.008945775041782456,
        "nauc_mrr_at_5_std": -0.38416486703433883,
        "nauc_ndcg_at_1000_diff1": 0.7622350239005066,
        "nauc_ndcg_at_1000_max": 0.017371318088600977,
        "nauc_ndcg_at_1000_std": -0.37321055393166663,
        "nauc_ndcg_at_100_diff1": 0.7619593636566969,
        "nauc_ndcg_at_100_max": 0.01972561053123169,
        "nauc_ndcg_at_100_std": -0.37452959411278264,
        "nauc_ndcg_at_10_diff1": 0.7575322927973843,
        "nauc_ndcg_at_10_max": 0.07021633482084594,
        "nauc_ndcg_at_10_std": -0.3375267305826439,
        "nauc_ndcg_at_1_diff1": 0.8065079498138608,
        "nauc_ndcg_at_1_max": -0.008481292674104184,
        "nauc_ndcg_at_1_std": -0.3152574052168019,
        "nauc_ndcg_at_20_diff1": 0.7652290444346898,
        "nauc_ndcg_at_20_max": 0.048815872410838686,
        "nauc_ndcg_at_20_std": -0.36658508429606196,
        "nauc_ndcg_at_3_diff1": 0.7321065045076984,
        "nauc_ndcg_at_3_max": -0.01155970025952776,
        "nauc_ndcg_at_3_std": -0.4161891854409051,
        "nauc_ndcg_at_5_diff1": 0.7516239012254612,
        "nauc_ndcg_at_5_max": -6.352015603966895e-05,
        "nauc_ndcg_at_5_std": -0.39852520659387436,
        "nauc_precision_at_1000_diff1": 1.0,
        "nauc_precision_at_1000_max": 1.0,
        "nauc_precision_at_1000_std": 1.0,
        "nauc_precision_at_100_diff1": 0.7224066624409552,
        "nauc_precision_at_100_max": 0.35752776970742256,
        "nauc_precision_at_100_std": -0.5637901180614636,
        "nauc_precision_at_10_diff1": 0.7309271500210811,
        "nauc_precision_at_10_max": 0.6817757315332228,
        "nauc_precision_at_10_std": 0.00574347193803287,
        "nauc_precision_at_1_diff1": 0.8065079498138608,
        "nauc_precision_at_1_max": -0.008481292674104184,
        "nauc_precision_at_1_std": -0.3152574052168019,
        "nauc_precision_at_20_diff1": 0.8293909916468436,
        "nauc_precision_at_20_max": 0.7008965455883202,
        "nauc_precision_at_20_std": -0.2706904285228724,
        "nauc_precision_at_3_diff1": 0.6681562238166904,
        "nauc_precision_at_3_max": -0.00047679284331604674,
        "nauc_precision_at_3_std": -0.5075608401380758,
        "nauc_precision_at_5_diff1": 0.7204265059450241,
        "nauc_precision_at_5_max": 0.046535938023941965,
        "nauc_precision_at_5_std": -0.4530486350784987,
        "nauc_recall_at_1000_diff1": NaN,
        "nauc_recall_at_1000_max": NaN,
        "nauc_recall_at_1000_std": NaN,
        "nauc_recall_at_100_diff1": 0.7224066624409369,
        "nauc_recall_at_100_max": 0.35752776970737554,
        "nauc_recall_at_100_std": -0.5637901180615443,
        "nauc_recall_at_10_diff1": 0.7309271500210796,
        "nauc_recall_at_10_max": 0.6817757315332232,
        "nauc_recall_at_10_std": 0.005743471938036119,
        "nauc_recall_at_1_diff1": 0.8065079498138608,
        "nauc_recall_at_1_max": -0.008481292674104184,
        "nauc_recall_at_1_std": -0.3152574052168019,
        "nauc_recall_at_20_diff1": 0.8293909916468486,
        "nauc_recall_at_20_max": 0.700896545588321,
        "nauc_recall_at_20_std": -0.27069042852286784,
        "nauc_recall_at_3_diff1": 0.6681562238166918,
        "nauc_recall_at_3_max": -0.0004767928433143103,
        "nauc_recall_at_3_std": -0.5075608401380753,
        "nauc_recall_at_5_diff1": 0.7204265059450234,
        "nauc_recall_at_5_max": 0.04653593802394211,
        "nauc_recall_at_5_std": -0.45304863507849813,
        "ndcg_at_1": 0.60526,
        "ndcg_at_10": 0.76682,
        "ndcg_at_100": 0.78099,
        "ndcg_at_1000": 0.78225,
        "ndcg_at_20": 0.77376,
        "ndcg_at_3": 0.72128,
        "ndcg_at_5": 0.73524,
        "precision_at_1": 0.60526,
        "precision_at_10": 0.09298,
        "precision_at_100": 0.00991,
        "precision_at_1000": 0.001,
        "precision_at_20": 0.04781,
        "precision_at_3": 0.26608,
        "precision_at_5": 0.16667,
        "recall_at_1": 0.60526,
        "recall_at_10": 0.92982,
        "recall_at_100": 0.99123,
        "recall_at_1000": 1.0,
        "recall_at_20": 0.95614,
        "recall_at_3": 0.79825,
        "recall_at_5": 0.83333
      }
    ]
  },
  "task_name": "AutoRAGRetrieval"
}