{
  "dataset_revision": "d243889a3eb6654029dbd7e7f9319ae31d58f97c",
  "evaluation_time": 9451.070049762726,
  "kg_co2_emissions": null,
  "mteb_version": "1.19.4",
  "scores": {
    "dev": [
      {
        "hf_subset": "default",
        "languages": [
          "kor-Hang"
        ],
        "main_score": 0.8108,
        "map_at_1": 0.49102,
        "map_at_10": 0.76711,
        "map_at_100": 0.77193,
        "map_at_1000": 0.77217,
        "map_at_20": 0.7704,
        "map_at_3": 0.72297,
        "map_at_5": 0.75609,
        "mrr_at_1": 0.7567567567567568,
        "mrr_at_10": 0.8184329418704417,
        "mrr_at_100": 0.8199197488873609,
        "mrr_at_1000": 0.820035921652267,
        "mrr_at_20": 0.8191797589412719,
        "mrr_at_3": 0.8124999999999999,
        "mrr_at_5": 0.816216216216216,
        "nauc_map_at_1000_diff1": 0.5860412800077854,
        "nauc_map_at_1000_max": 0.5688615375646618,
        "nauc_map_at_1000_std": 0.14232936442918717,
        "nauc_map_at_100_diff1": 0.5862654281094708,
        "nauc_map_at_100_max": 0.5693298489926267,
        "nauc_map_at_100_std": 0.14289907790694886,
        "nauc_map_at_10_diff1": 0.58259296969473,
        "nauc_map_at_10_max": 0.5700053608148513,
        "nauc_map_at_10_std": 0.1378994523753573,
        "nauc_map_at_1_diff1": 0.632693918726285,
        "nauc_map_at_1_max": 0.19506800049379597,
        "nauc_map_at_1_std": -0.11312532728724334,
        "nauc_map_at_20_diff1": 0.5849545323148008,
        "nauc_map_at_20_max": 0.5699622379553662,
        "nauc_map_at_20_std": 0.14174612526369168,
        "nauc_map_at_3_diff1": 0.5695775561789569,
        "nauc_map_at_3_max": 0.5001255236964945,
        "nauc_map_at_3_std": 0.058437237332709745,
        "nauc_map_at_5_diff1": 0.5759990071437616,
        "nauc_map_at_5_max": 0.5586872929226386,
        "nauc_map_at_5_std": 0.10931034514013828,
        "nauc_mrr_at_1000_diff1": 0.6709973477564796,
        "nauc_mrr_at_1000_max": 0.6282079865303426,
        "nauc_mrr_at_1000_std": 0.2182570851932003,
        "nauc_mrr_at_100_diff1": 0.6711170760242097,
        "nauc_mrr_at_100_max": 0.628458884294849,
        "nauc_mrr_at_100_std": 0.21873771212546203,
        "nauc_mrr_at_10_diff1": 0.6708764756266502,
        "nauc_mrr_at_10_max": 0.6309082959700567,
        "nauc_mrr_at_10_std": 0.22073367752871997,
        "nauc_mrr_at_1_diff1": 0.6512317513672372,
        "nauc_mrr_at_1_max": 0.4938058683502111,
        "nauc_mrr_at_1_std": 0.043607255153568676,
        "nauc_mrr_at_20_diff1": 0.6708019682498405,
        "nauc_mrr_at_20_max": 0.6295377015786073,
        "nauc_mrr_at_20_std": 0.21860680581568911,
        "nauc_mrr_at_3_diff1": 0.6749605035448772,
        "nauc_mrr_at_3_max": 0.6308357607971359,
        "nauc_mrr_at_3_std": 0.2123955334390889,
        "nauc_mrr_at_5_diff1": 0.6707744820554383,
        "nauc_mrr_at_5_max": 0.6326256995891799,
        "nauc_mrr_at_5_std": 0.22072942902869305,
        "nauc_ndcg_at_1000_diff1": 0.6193636658978984,
        "nauc_ndcg_at_1000_max": 0.630697544541978,
        "nauc_ndcg_at_1000_std": 0.2386622609694652,
        "nauc_ndcg_at_100_diff1": 0.6249180286049728,
        "nauc_ndcg_at_100_max": 0.6433073743489643,
        "nauc_ndcg_at_100_std": 0.2567146683561388,
        "nauc_ndcg_at_10_diff1": 0.6136536266134186,
        "nauc_ndcg_at_10_max": 0.6489710228693197,
        "nauc_ndcg_at_10_std": 0.24420829169202138,
        "nauc_ndcg_at_1_diff1": 0.6512317513672372,
        "nauc_ndcg_at_1_max": 0.4938058683502111,
        "nauc_ndcg_at_1_std": 0.043607255153568676,
        "nauc_ndcg_at_20_diff1": 0.6187284093130772,
        "nauc_ndcg_at_20_max": 0.6481730608510515,
        "nauc_ndcg_at_20_std": 0.24951834109610457,
        "nauc_ndcg_at_3_diff1": 0.5955050016913125,
        "nauc_ndcg_at_3_max": 0.5693055062275632,
        "nauc_ndcg_at_3_std": 0.13404496786641223,
        "nauc_ndcg_at_5_diff1": 0.6018163792854944,
        "nauc_ndcg_at_5_max": 0.629072716288407,
        "nauc_ndcg_at_5_std": 0.19753897996008837,
        "nauc_precision_at_1000_diff1": -0.344189042020911,
        "nauc_precision_at_1000_max": 0.06475013447391754,
        "nauc_precision_at_1000_std": 0.23917858332558542,
        "nauc_precision_at_100_diff1": -0.23914321934560318,
        "nauc_precision_at_100_max": 0.1849182738696575,
        "nauc_precision_at_100_std": 0.32206416448630437,
        "nauc_precision_at_10_diff1": -0.16380898142137407,
        "nauc_precision_at_10_max": 0.2985983037666543,
        "nauc_precision_at_10_std": 0.33963783741465275,
        "nauc_precision_at_1_diff1": 0.6512317513672372,
        "nauc_precision_at_1_max": 0.4938058683502111,
        "nauc_precision_at_1_std": 0.043607255153568676,
        "nauc_precision_at_20_diff1": -0.18782381198510406,
        "nauc_precision_at_20_max": 0.25344887941275157,
        "nauc_precision_at_20_std": 0.3301393828208045,
        "nauc_precision_at_3_diff1": -0.03798706450288487,
        "nauc_precision_at_3_max": 0.41546117059530224,
        "nauc_precision_at_3_std": 0.2841280644973789,
        "nauc_precision_at_5_diff1": -0.11961371289466115,
        "nauc_precision_at_5_max": 0.34773826390289747,
        "nauc_precision_at_5_std": 0.3053693435767689,
        "nauc_recall_at_1000_diff1": 0.6975728443917598,
        "nauc_recall_at_1000_max": 0.9852414530686907,
        "nauc_recall_at_1000_std": 0.9563648851837822,
        "nauc_recall_at_100_diff1": 0.7357693746397532,
        "nauc_recall_at_100_max": 0.970368714583283,
        "nauc_recall_at_100_std": 0.8305978541126534,
        "nauc_recall_at_10_diff1": 0.630960245824474,
        "nauc_recall_at_10_max": 0.8657233835111986,
        "nauc_recall_at_10_std": 0.5369361718154417,
        "nauc_recall_at_1_diff1": 0.632693918726285,
        "nauc_recall_at_1_max": 0.19506800049379597,
        "nauc_recall_at_1_std": -0.11312532728724334,
        "nauc_recall_at_20_diff1": 0.6587733846215134,
        "nauc_recall_at_20_max": 0.9010277052483276,
        "nauc_recall_at_20_std": 0.608188922151966,
        "nauc_recall_at_3_diff1": 0.5766836091129506,
        "nauc_recall_at_3_max": 0.6032568623874444,
        "nauc_recall_at_3_std": 0.1834427343207938,
        "nauc_recall_at_5_diff1": 0.5898441814477909,
        "nauc_recall_at_5_max": 0.7572960798154303,
        "nauc_recall_at_5_std": 0.34333987643488223,
        "ndcg_at_1": 0.75676,
        "ndcg_at_10": 0.8108,
        "ndcg_at_100": 0.82549,
        "ndcg_at_1000": 0.83146,
        "ndcg_at_20": 0.81772,
        "ndcg_at_3": 0.7644,
        "ndcg_at_5": 0.79491,
        "precision_at_1": 0.75676,
        "precision_at_10": 0.16318,
        "precision_at_100": 0.0176,
        "precision_at_1000": 0.00185,
        "precision_at_20": 0.08412,
        "precision_at_3": 0.45946,
        "precision_at_5": 0.30811,
        "recall_at_1": 0.49102,
        "recall_at_10": 0.87588,
        "recall_at_100": 0.92891,
        "recall_at_1000": 0.9676,
        "recall_at_20": 0.89667,
        "recall_at_3": 0.77636,
        "recall_at_5": 0.838
      }
    ]
  },
  "task_name": "Ko-StrategyQA"
}