{
  "dataset_revision": "main",
  "evaluation_time": 529443.3452823162,
  "kg_co2_emissions": null,
  "mteb_version": "1.19.4",
  "scores": {
    "dev": [
      {
        "hf_subset": "ko",
        "languages": [
          "kor-Kore"
        ],
        "main_score": 0.53375,
        "map_at_1": 0.32154,
        "map_at_10": 0.44673,
        "map_at_100": 0.46751,
        "map_at_1000": 0.46925,
        "map_at_20": 0.45789,
        "map_at_3": 0.40325,
        "map_at_5": 0.42409,
        "mrr_at_1": 0.5023474178403756,
        "mrr_at_10": 0.6107105596542215,
        "mrr_at_100": 0.6154599409080139,
        "mrr_at_1000": 0.6155662638623027,
        "mrr_at_20": 0.6140300142709334,
        "mrr_at_3": 0.5829420970266039,
        "mrr_at_5": 0.5989045383411579,
        "nauc_map_at_1000_diff1": 0.36031682483777533,
        "nauc_map_at_1000_max": 0.45390972288889114,
        "nauc_map_at_1000_std": 0.13734187164243297,
        "nauc_map_at_100_diff1": 0.3600105915368106,
        "nauc_map_at_100_max": 0.4542942414546183,
        "nauc_map_at_100_std": 0.13738385626349392,
        "nauc_map_at_10_diff1": 0.37024010443796035,
        "nauc_map_at_10_max": 0.45045624061818007,
        "nauc_map_at_10_std": 0.11853986467680915,
        "nauc_map_at_1_diff1": 0.4706687514348616,
        "nauc_map_at_1_max": 0.3785598180609727,
        "nauc_map_at_1_std": 0.019557004686001363,
        "nauc_map_at_20_diff1": 0.36274647010544186,
        "nauc_map_at_20_max": 0.4536888030295927,
        "nauc_map_at_20_std": 0.12753823479536147,
        "nauc_map_at_3_diff1": 0.38115606736353363,
        "nauc_map_at_3_max": 0.4144717952993478,
        "nauc_map_at_3_std": 0.09752636322817537,
        "nauc_map_at_5_diff1": 0.37467387847101574,
        "nauc_map_at_5_max": 0.43567861778923944,
        "nauc_map_at_5_std": 0.10313974453104882,
        "nauc_mrr_at_1000_diff1": 0.2852977064023687,
        "nauc_mrr_at_1000_max": 0.398570864440513,
        "nauc_mrr_at_1000_std": 0.20335934910198356,
        "nauc_mrr_at_100_diff1": 0.2853112466469182,
        "nauc_mrr_at_100_max": 0.39850219473785614,
        "nauc_mrr_at_100_std": 0.20357699621251318,
        "nauc_mrr_at_10_diff1": 0.2858037102372598,
        "nauc_mrr_at_10_max": 0.39935268233483895,
        "nauc_mrr_at_10_std": 0.20273336747754533,
        "nauc_mrr_at_1_diff1": 0.35781125255772933,
        "nauc_mrr_at_1_max": 0.3817075728005826,
        "nauc_mrr_at_1_std": 0.15291749551166287,
        "nauc_mrr_at_20_diff1": 0.28526035685683987,
        "nauc_mrr_at_20_max": 0.399936960823763,
        "nauc_mrr_at_20_std": 0.20434386179383293,
        "nauc_mrr_at_3_diff1": 0.2894201723559571,
        "nauc_mrr_at_3_max": 0.3844481810664284,
        "nauc_mrr_at_3_std": 0.20303269450222397,
        "nauc_mrr_at_5_diff1": 0.28541917051266164,
        "nauc_mrr_at_5_max": 0.40044268989170173,
        "nauc_mrr_at_5_std": 0.19709143657059006,
        "nauc_ndcg_at_1000_diff1": 0.3077962815159766,
        "nauc_ndcg_at_1000_max": 0.46609651208669883,
        "nauc_ndcg_at_1000_std": 0.21539275920415737,
        "nauc_ndcg_at_100_diff1": 0.3016914461573391,
        "nauc_ndcg_at_100_max": 0.4713105342695115,
        "nauc_ndcg_at_100_std": 0.2263944047923428,
        "nauc_ndcg_at_10_diff1": 0.32321710435700557,
        "nauc_ndcg_at_10_max": 0.4674512727191553,
        "nauc_ndcg_at_10_std": 0.16902846173636296,
        "nauc_ndcg_at_1_diff1": 0.35781125255772933,
        "nauc_ndcg_at_1_max": 0.3817075728005826,
        "nauc_ndcg_at_1_std": 0.15291749551166287,
        "nauc_ndcg_at_20_diff1": 0.3012113569809693,
        "nauc_ndcg_at_20_max": 0.47150220023564965,
        "nauc_ndcg_at_20_std": 0.18771797034660115,
        "nauc_ndcg_at_3_diff1": 0.3344897853051733,
        "nauc_ndcg_at_3_max": 0.41103017207276366,
        "nauc_ndcg_at_3_std": 0.16543980238878778,
        "nauc_ndcg_at_5_diff1": 0.32596617209752865,
        "nauc_ndcg_at_5_max": 0.44257031745396613,
        "nauc_ndcg_at_5_std": 0.15271626934313168,
        "nauc_precision_at_1000_diff1": -0.19240298740616193,
        "nauc_precision_at_1000_max": -0.09319519616564716,
        "nauc_precision_at_1000_std": 0.19996903865573903,
        "nauc_precision_at_100_diff1": -0.20633671484264068,
        "nauc_precision_at_100_max": -0.005120399255030897,
        "nauc_precision_at_100_std": 0.29184767615959145,
        "nauc_precision_at_10_diff1": -0.1063489415799065,
        "nauc_precision_at_10_max": 0.24302859238436084,
        "nauc_precision_at_10_std": 0.2998399174212745,
        "nauc_precision_at_1_diff1": 0.35781125255772933,
        "nauc_precision_at_1_max": 0.3817075728005826,
        "nauc_precision_at_1_std": 0.15291749551166287,
        "nauc_precision_at_20_diff1": -0.18982635217381524,
        "nauc_precision_at_20_max": 0.15302492246844374,
        "nauc_precision_at_20_std": 0.30148495252965213,
        "nauc_precision_at_3_diff1": 0.051384039218975025,
        "nauc_precision_at_3_max": 0.3415094720366865,
        "nauc_precision_at_3_std": 0.3050973666769741,
        "nauc_precision_at_5_diff1": -0.05159355651665696,
        "nauc_precision_at_5_max": 0.2895404001134896,
        "nauc_precision_at_5_std": 0.2870935784123534,
        "nauc_recall_at_1000_diff1": -0.02540042414067673,
        "nauc_recall_at_1000_max": 0.6914512479556674,
        "nauc_recall_at_1000_std": 0.6952669376653589,
        "nauc_recall_at_100_diff1": 0.06431828985652863,
        "nauc_recall_at_100_max": 0.49768612041645394,
        "nauc_recall_at_100_std": 0.5235483628705813,
        "nauc_recall_at_10_diff1": 0.21299696608876725,
        "nauc_recall_at_10_max": 0.46908580333257077,
        "nauc_recall_at_10_std": 0.20166417606311324,
        "nauc_recall_at_1_diff1": 0.4706687514348616,
        "nauc_recall_at_1_max": 0.3785598180609727,
        "nauc_recall_at_1_std": 0.019557004686001363,
        "nauc_recall_at_20_diff1": 0.11674748568996735,
        "nauc_recall_at_20_max": 0.4664820858052285,
        "nauc_recall_at_20_std": 0.24984091736066763,
        "nauc_recall_at_3_diff1": 0.2913781914497467,
        "nauc_recall_at_3_max": 0.3799568988978954,
        "nauc_recall_at_3_std": 0.13544116333758804,
        "nauc_recall_at_5_diff1": 0.25704180765800555,
        "nauc_recall_at_5_max": 0.43482488959261517,
        "nauc_recall_at_5_std": 0.12481012511593734,
        "ndcg_at_1": 0.50235,
        "ndcg_at_10": 0.53375,
        "ndcg_at_100": 0.59893,
        "ndcg_at_1000": 0.61892,
        "ndcg_at_20": 0.55959,
        "ndcg_at_3": 0.48512,
        "ndcg_at_5": 0.5,
        "precision_at_1": 0.50235,
        "precision_at_10": 0.12629,
        "precision_at_100": 0.02056,
        "precision_at_1000": 0.00246,
        "precision_at_20": 0.07535,
        "precision_at_3": 0.26917,
        "precision_at_5": 0.19812,
        "recall_at_1": 0.32154,
        "recall_at_10": 0.62643,
        "recall_at_100": 0.84398,
        "recall_at_1000": 0.95114,
        "recall_at_20": 0.69904,
        "recall_at_3": 0.46787,
        "recall_at_5": 0.5294
      }
    ]
  },
  "task_name": "MIRACLRetrieval"
}