{
  "dataset_revision": "fc24a3ce8f09746410daee3d5cd823ff7a0675b7",
  "evaluation_time": 523189.4379520416,
  "kg_co2_emissions": null,
  "mteb_version": "1.20.0",
  "scores": {
    "test": [
      {
        "hf_subset": "korean",
        "languages": [
          "kor-Kore"
        ],
        "main_score": 0.46571,
        "map_at_1": 0.27514,
        "map_at_10": 0.39939,
        "map_at_100": 0.41129,
        "map_at_1000": 0.41168,
        "map_at_20": 0.4066,
        "map_at_3": 0.36448,
        "map_at_5": 0.38421,
        "mrr_at_1": 0.3016627078384798,
        "mrr_at_10": 0.4210279757191871,
        "mrr_at_100": 0.43137655437218475,
        "mrr_at_1000": 0.4316617049477868,
        "mrr_at_20": 0.42775991444354394,
        "mrr_at_3": 0.39152810768012675,
        "mrr_at_5": 0.40779889152810783,
        "nauc_map_at_1000_diff1": 0.33293097264950955,
        "nauc_map_at_1000_max": 0.3130945117290807,
        "nauc_map_at_1000_std": 0.15320103165009255,
        "nauc_map_at_100_diff1": 0.3329715076297884,
        "nauc_map_at_100_max": 0.3129594820935785,
        "nauc_map_at_100_std": 0.15338062022944135,
        "nauc_map_at_10_diff1": 0.32887360247558767,
        "nauc_map_at_10_max": 0.3108233813084867,
        "nauc_map_at_10_std": 0.1546675312359396,
        "nauc_map_at_1_diff1": 0.36727145137891976,
        "nauc_map_at_1_max": 0.2835205184523079,
        "nauc_map_at_1_std": 0.08284292069749208,
        "nauc_map_at_20_diff1": 0.3312437874430616,
        "nauc_map_at_20_max": 0.3132079222147372,
        "nauc_map_at_20_std": 0.15360937950563022,
        "nauc_map_at_3_diff1": 0.3359312089046139,
        "nauc_map_at_3_max": 0.30787457325441847,
        "nauc_map_at_3_std": 0.13849369378070164,
        "nauc_map_at_5_diff1": 0.3399343435870189,
        "nauc_map_at_5_max": 0.31547727388019076,
        "nauc_map_at_5_std": 0.1446015036644677,
        "nauc_mrr_at_1000_diff1": 0.34708453070365647,
        "nauc_mrr_at_1000_max": 0.3327969140637137,
        "nauc_mrr_at_1000_std": 0.16830876389746163,
        "nauc_mrr_at_100_diff1": 0.3470604278609808,
        "nauc_mrr_at_100_max": 0.3326620162101879,
        "nauc_mrr_at_100_std": 0.16837297579442742,
        "nauc_mrr_at_10_diff1": 0.3437214867731117,
        "nauc_mrr_at_10_max": 0.3316098836220819,
        "nauc_mrr_at_10_std": 0.1690527564620172,
        "nauc_mrr_at_1_diff1": 0.3767527634408593,
        "nauc_mrr_at_1_max": 0.3048804875104381,
        "nauc_mrr_at_1_std": 0.10983635052464556,
        "nauc_mrr_at_20_diff1": 0.3452672537657949,
        "nauc_mrr_at_20_max": 0.33298105123957994,
        "nauc_mrr_at_20_std": 0.1682974971024297,
        "nauc_mrr_at_3_diff1": 0.349791941798552,
        "nauc_mrr_at_3_max": 0.3344859077948214,
        "nauc_mrr_at_3_std": 0.16473453655024795,
        "nauc_mrr_at_5_diff1": 0.3537503263120288,
        "nauc_mrr_at_5_max": 0.3353023453737103,
        "nauc_mrr_at_5_std": 0.1662874495535466,
        "nauc_ndcg_at_1000_diff1": 0.32908917733637794,
        "nauc_ndcg_at_1000_max": 0.32613113076041883,
        "nauc_ndcg_at_1000_std": 0.18277112937224538,
        "nauc_ndcg_at_100_diff1": 0.329842647374385,
        "nauc_ndcg_at_100_max": 0.3204276831537327,
        "nauc_ndcg_at_100_std": 0.18695185786004517,
        "nauc_ndcg_at_10_diff1": 0.308389151053235,
        "nauc_ndcg_at_10_max": 0.31744735058957213,
        "nauc_ndcg_at_10_std": 0.18928893750159045,
        "nauc_ndcg_at_1_diff1": 0.3767527634408593,
        "nauc_ndcg_at_1_max": 0.3048804875104381,
        "nauc_ndcg_at_1_std": 0.10983635052464556,
        "nauc_ndcg_at_20_diff1": 0.3142097652257374,
        "nauc_ndcg_at_20_max": 0.3256140956842127,
        "nauc_ndcg_at_20_std": 0.18825616208232035,
        "nauc_ndcg_at_3_diff1": 0.32710712769551964,
        "nauc_ndcg_at_3_max": 0.31887549789970226,
        "nauc_ndcg_at_3_std": 0.1612799742774508,
        "nauc_ndcg_at_5_diff1": 0.33316107860910377,
        "nauc_ndcg_at_5_max": 0.32772903954728455,
        "nauc_ndcg_at_5_std": 0.16985213318205114,
        "nauc_precision_at_1000_diff1": 0.05823992403845274,
        "nauc_precision_at_1000_max": 0.1253829515929163,
        "nauc_precision_at_1000_std": 0.09610589777902924,
        "nauc_precision_at_100_diff1": 0.14105102943548245,
        "nauc_precision_at_100_max": 0.1440230375138777,
        "nauc_precision_at_100_std": 0.17203917643895358,
        "nauc_precision_at_10_diff1": 0.18331538719235707,
        "nauc_precision_at_10_max": 0.28980912626029914,
        "nauc_precision_at_10_std": 0.2805987246660366,
        "nauc_precision_at_1_diff1": 0.3767527634408593,
        "nauc_precision_at_1_max": 0.3048804875104381,
        "nauc_precision_at_1_std": 0.10983635052464556,
        "nauc_precision_at_20_diff1": 0.15619077660826267,
        "nauc_precision_at_20_max": 0.2832576972655273,
        "nauc_precision_at_20_std": 0.24994856873135776,
        "nauc_precision_at_3_diff1": 0.30310011086092725,
        "nauc_precision_at_3_max": 0.3488172732208653,
        "nauc_precision_at_3_std": 0.2316356138771506,
        "nauc_precision_at_5_diff1": 0.28818187989791355,
        "nauc_precision_at_5_max": 0.34918912698140314,
        "nauc_precision_at_5_std": 0.2403851697874218,
        "nauc_recall_at_1000_diff1": 0.252208053700925,
        "nauc_recall_at_1000_max": 0.539409617920156,
        "nauc_recall_at_1000_std": 0.7654850168562043,
        "nauc_recall_at_100_diff1": 0.31153747808028986,
        "nauc_recall_at_100_max": 0.2589106974778827,
        "nauc_recall_at_100_std": 0.4433876652036297,
        "nauc_recall_at_10_diff1": 0.20384518056559342,
        "nauc_recall_at_10_max": 0.29640975881808485,
        "nauc_recall_at_10_std": 0.2876325943932951,
        "nauc_recall_at_1_diff1": 0.36727145137891976,
        "nauc_recall_at_1_max": 0.2835205184523079,
        "nauc_recall_at_1_std": 0.08284292069749208,
        "nauc_recall_at_20_diff1": 0.20428489732555838,
        "nauc_recall_at_20_max": 0.3310372371548431,
        "nauc_recall_at_20_std": 0.3143954063567378,
        "nauc_recall_at_3_diff1": 0.2765682171149457,
        "nauc_recall_at_3_max": 0.3119664143708647,
        "nauc_recall_at_3_std": 0.19408329545045494,
        "nauc_recall_at_5_diff1": 0.28498223121657856,
        "nauc_recall_at_5_max": 0.3281071536534065,
        "nauc_recall_at_5_std": 0.2149027801698047,
        "ndcg_at_1": 0.30166,
        "ndcg_at_10": 0.46571,
        "ndcg_at_100": 0.52079,
        "ndcg_at_1000": 0.53041,
        "ndcg_at_20": 0.4905,
        "ndcg_at_3": 0.39923,
        "ndcg_at_5": 0.43194,
        "precision_at_1": 0.30166,
        "precision_at_10": 0.07292,
        "precision_at_100": 0.01043,
        "precision_at_1000": 0.00113,
        "precision_at_20": 0.04228,
        "precision_at_3": 0.1734,
        "precision_at_5": 0.12209,
        "recall_at_1": 0.27514,
        "recall_at_10": 0.64846,
        "recall_at_100": 0.89351,
        "recall_at_1000": 0.96793,
        "recall_at_20": 0.7403,
        "recall_at_3": 0.47427,
        "recall_at_5": 0.54988
      }
    ]
  },
  "task_name": "MrTidyRetrieval"
}