{
  "dataset_revision": "d67138e705d963e346253a80e59676ddb418810a",
  "evaluation_time": 6735.936784029007,
  "kg_co2_emissions": null,
  "mteb_version": "1.20.0",
  "scores": {
    "dev": [
      {
        "hf_subset": "ko",
        "languages": [
          "kor-Hang"
        ],
        "main_score": 0.30313,
        "map_at_1": 0.21,
        "map_at_10": 0.27097,
        "map_at_100": 0.27948,
        "map_at_1000": 0.28033,
        "map_at_20": 0.27614,
        "map_at_3": 0.255,
        "map_at_5": 0.2635,
        "mrr_at_1": 0.21,
        "mrr_at_10": 0.27097023809523807,
        "mrr_at_100": 0.27947751541679616,
        "mrr_at_1000": 0.2803278246284526,
        "mrr_at_20": 0.27614094647182885,
        "mrr_at_3": 0.25499999999999995,
        "mrr_at_5": 0.26349999999999996,
        "nauc_map_at_1000_diff1": 0.35873770357574136,
        "nauc_map_at_1000_max": 0.31134425197944254,
        "nauc_map_at_1000_std": -0.06704458741305393,
        "nauc_map_at_100_diff1": 0.3586784080926965,
        "nauc_map_at_100_max": 0.311717869958562,
        "nauc_map_at_100_std": -0.06674245676360822,
        "nauc_map_at_10_diff1": 0.35860247103967324,
        "nauc_map_at_10_max": 0.3032036458545803,
        "nauc_map_at_10_std": -0.0813804882991818,
        "nauc_map_at_1_diff1": 0.4261168384879724,
        "nauc_map_at_1_max": 0.32412466150410946,
        "nauc_map_at_1_std": -0.10102617701553508,
        "nauc_map_at_20_diff1": 0.35724833739937045,
        "nauc_map_at_20_max": 0.31083006589902196,
        "nauc_map_at_20_std": -0.06922956842820864,
        "nauc_map_at_3_diff1": 0.3684035495695084,
        "nauc_map_at_3_max": 0.2922831830708324,
        "nauc_map_at_3_std": -0.08888473191164713,
        "nauc_map_at_5_diff1": 0.3678964185766755,
        "nauc_map_at_5_max": 0.30087480560348767,
        "nauc_map_at_5_std": -0.08768089007739847,
        "nauc_mrr_at_1000_diff1": 0.35873770357574136,
        "nauc_mrr_at_1000_max": 0.31134425197944254,
        "nauc_mrr_at_1000_std": -0.06704458741305393,
        "nauc_mrr_at_100_diff1": 0.3586784080926965,
        "nauc_mrr_at_100_max": 0.311717869958562,
        "nauc_mrr_at_100_std": -0.06674245676360822,
        "nauc_mrr_at_10_diff1": 0.35860247103967324,
        "nauc_mrr_at_10_max": 0.3032036458545803,
        "nauc_mrr_at_10_std": -0.0813804882991818,
        "nauc_mrr_at_1_diff1": 0.4261168384879724,
        "nauc_mrr_at_1_max": 0.32412466150410946,
        "nauc_mrr_at_1_std": -0.10102617701553508,
        "nauc_mrr_at_20_diff1": 0.35724833739937045,
        "nauc_mrr_at_20_max": 0.31083006589902196,
        "nauc_mrr_at_20_std": -0.06922956842820864,
        "nauc_mrr_at_3_diff1": 0.3684035495695084,
        "nauc_mrr_at_3_max": 0.2922831830708324,
        "nauc_mrr_at_3_std": -0.08888473191164713,
        "nauc_mrr_at_5_diff1": 0.3678964185766755,
        "nauc_mrr_at_5_max": 0.30087480560348767,
        "nauc_mrr_at_5_std": -0.08768089007739847,
        "nauc_ndcg_at_1000_diff1": 0.3352554616023902,
        "nauc_ndcg_at_1000_max": 0.32663083442920143,
        "nauc_ndcg_at_1000_std": -0.01311576117979229,
        "nauc_ndcg_at_100_diff1": 0.3318237851782861,
        "nauc_ndcg_at_100_max": 0.33657772487092585,
        "nauc_ndcg_at_100_std": -0.005489102690649493,
        "nauc_ndcg_at_10_diff1": 0.3314404267618865,
        "nauc_ndcg_at_10_max": 0.30633427477190284,
        "nauc_ndcg_at_10_std": -0.06522869923869197,
        "nauc_ndcg_at_1_diff1": 0.4261168384879724,
        "nauc_ndcg_at_1_max": 0.32412466150410946,
        "nauc_ndcg_at_1_std": -0.10102617701553508,
        "nauc_ndcg_at_20_diff1": 0.3283232800788365,
        "nauc_ndcg_at_20_max": 0.33313347262163,
        "nauc_ndcg_at_20_std": -0.02484722727801561,
        "nauc_ndcg_at_3_diff1": 0.35287080579869623,
        "nauc_ndcg_at_3_max": 0.2868857758777876,
        "nauc_ndcg_at_3_std": -0.08231335061500795,
        "nauc_ndcg_at_5_diff1": 0.35322102269226135,
        "nauc_ndcg_at_5_max": 0.3024221792638072,
        "nauc_ndcg_at_5_std": -0.07959401367124273,
        "nauc_precision_at_1000_diff1": 0.1879961649089168,
        "nauc_precision_at_1000_max": 0.3998465963566634,
        "nauc_precision_at_1000_std": 0.49311601150527246,
        "nauc_precision_at_100_diff1": 0.23821275795609478,
        "nauc_precision_at_100_max": 0.44484401197135665,
        "nauc_precision_at_100_std": 0.26764756577194854,
        "nauc_precision_at_10_diff1": 0.2552144786810836,
        "nauc_precision_at_10_max": 0.317691509184575,
        "nauc_precision_at_10_std": -0.017563202383024983,
        "nauc_precision_at_1_diff1": 0.4261168384879724,
        "nauc_precision_at_1_max": 0.32412466150410946,
        "nauc_precision_at_1_std": -0.10102617701553508,
        "nauc_precision_at_20_diff1": 0.2454380345408315,
        "nauc_precision_at_20_max": 0.41575801604860807,
        "nauc_precision_at_20_std": 0.12646039031800008,
        "nauc_precision_at_3_diff1": 0.31220954795099287,
        "nauc_precision_at_3_max": 0.2737508466279064,
        "nauc_precision_at_3_std": -0.06407548232643295,
        "nauc_precision_at_5_diff1": 0.31606566022809685,
        "nauc_precision_at_5_max": 0.309862218999275,
        "nauc_precision_at_5_std": -0.05685279187817251,
        "nauc_recall_at_1000_diff1": 0.1879961649089169,
        "nauc_recall_at_1000_max": 0.3998465963566645,
        "nauc_recall_at_1000_std": 0.4931160115052724,
        "nauc_recall_at_100_diff1": 0.23821275795609434,
        "nauc_recall_at_100_max": 0.4448440119713569,
        "nauc_recall_at_100_std": 0.26764756577194837,
        "nauc_recall_at_10_diff1": 0.25521447868108316,
        "nauc_recall_at_10_max": 0.31769150918457467,
        "nauc_recall_at_10_std": -0.017563202383025025,
        "nauc_recall_at_1_diff1": 0.4261168384879724,
        "nauc_recall_at_1_max": 0.32412466150410946,
        "nauc_recall_at_1_std": -0.10102617701553508,
        "nauc_recall_at_20_diff1": 0.24543803454083146,
        "nauc_recall_at_20_max": 0.4157580160486079,
        "nauc_recall_at_20_std": 0.12646039031800027,
        "nauc_recall_at_3_diff1": 0.31220954795099265,
        "nauc_recall_at_3_max": 0.2737508466279063,
        "nauc_recall_at_3_std": -0.06407548232643298,
        "nauc_recall_at_5_diff1": 0.31606566022809673,
        "nauc_recall_at_5_max": 0.30986221899927474,
        "nauc_recall_at_5_std": -0.05685279187817247,
        "ndcg_at_1": 0.21,
        "ndcg_at_10": 0.30313,
        "ndcg_at_100": 0.34874,
        "ndcg_at_1000": 0.37803,
        "ndcg_at_20": 0.32123,
        "ndcg_at_3": 0.27036,
        "ndcg_at_5": 0.28521,
        "precision_at_1": 0.21,
        "precision_at_10": 0.0405,
        "precision_at_100": 0.0063,
        "precision_at_1000": 0.00088,
        "precision_at_20": 0.02375,
        "precision_at_3": 0.105,
        "precision_at_5": 0.07,
        "recall_at_1": 0.21,
        "recall_at_10": 0.405,
        "recall_at_100": 0.63,
        "recall_at_1000": 0.875,
        "recall_at_20": 0.475,
        "recall_at_3": 0.315,
        "recall_at_5": 0.35
      }
    ],
    "test": [
      {
        "hf_subset": "ko",
        "languages": [
          "kor-Hang"
        ],
        "main_score": 0.29368,
        "map_at_1": 0.23,
        "map_at_10": 0.27265,
        "map_at_100": 0.2815,
        "map_at_1000": 0.28244,
        "map_at_20": 0.27838,
        "map_at_3": 0.25917,
        "map_at_5": 0.26867,
        "mrr_at_1": 0.23,
        "mrr_at_10": 0.27264880952380954,
        "mrr_at_100": 0.281497391346387,
        "mrr_at_1000": 0.2824432364298307,
        "mrr_at_20": 0.2783757250661276,
        "mrr_at_3": 0.25916666666666666,
        "mrr_at_5": 0.26866666666666666,
        "nauc_map_at_1000_diff1": 0.5693273819450104,
        "nauc_map_at_1000_max": 0.5806473230147973,
        "nauc_map_at_1000_std": -0.060757043584923086,
        "nauc_map_at_100_diff1": 0.5693786847659337,
        "nauc_map_at_100_max": 0.5807719113443569,