{
  "dataset_revision": "main",
  "evaluation_time": 46.12740516662598,
  "kg_co2_emissions": null,
  "mteb_version": "1.19.4",
  "scores": {
    "test": [
      {
        "hf_subset": "korean",
        "languages": [
          "kor-Hang"
        ],
        "main_score": 0.85844,
        "map_at_1": 0.68831,
        "map_at_10": 0.81196,
        "map_at_100": 0.81196,
        "map_at_1000": 0.81196,
        "map_at_20": 0.81196,
        "map_at_3": 0.80303,
        "map_at_5": 0.80303,
        "mrr_at_1": 0.6883116883116883,
        "mrr_at_10": 0.8119562976705834,
        "mrr_at_100": 0.8119562976705834,
        "mrr_at_1000": 0.8119562976705834,
        "mrr_at_20": 0.8119562976705834,
        "mrr_at_3": 0.8030303030303031,
        "mrr_at_5": 0.8030303030303031,
        "nauc_map_at_1000_diff1": 0.7306499143837317,
        "nauc_map_at_1000_max": 0.3237895227119708,
        "nauc_map_at_1000_std": -0.16620176663433442,
        "nauc_map_at_100_diff1": 0.7306499143837317,
        "nauc_map_at_100_max": 0.3237895227119708,
        "nauc_map_at_100_std": -0.16620176663433442,
        "nauc_map_at_10_diff1": 0.7306499143837317,
        "nauc_map_at_10_max": 0.3237895227119708,
        "nauc_map_at_10_std": -0.16620176663433442,
        "nauc_map_at_1_diff1": 0.7422916035829402,
        "nauc_map_at_1_max": 0.3482164359211589,
        "nauc_map_at_1_std": -0.09165116325682032,
        "nauc_map_at_20_diff1": 0.7306499143837317,
        "nauc_map_at_20_max": 0.3237895227119708,
        "nauc_map_at_20_std": -0.16620176663433442,
        "nauc_map_at_3_diff1": 0.727274397793811,
        "nauc_map_at_3_max": 0.3229930586432481,
        "nauc_map_at_3_std": -0.18695188162216977,
        "nauc_map_at_5_diff1": 0.727274397793811,
        "nauc_map_at_5_max": 0.3229930586432481,
        "nauc_map_at_5_std": -0.18695188162216977,
        "nauc_mrr_at_1000_diff1": 0.7306499143837317,
        "nauc_mrr_at_1000_max": 0.3237895227119708,
        "nauc_mrr_at_1000_std": -0.16620176663433442,
        "nauc_mrr_at_100_diff1": 0.7306499143837317,
        "nauc_mrr_at_100_max": 0.3237895227119708,
        "nauc_mrr_at_100_std": -0.16620176663433442,
        "nauc_mrr_at_10_diff1": 0.7306499143837317,
        "nauc_mrr_at_10_max": 0.3237895227119708,
        "nauc_mrr_at_10_std": -0.16620176663433442,
        "nauc_mrr_at_1_diff1": 0.7422916035829402,
        "nauc_mrr_at_1_max": 0.3482164359211589,
        "nauc_mrr_at_1_std": -0.09165116325682032,
        "nauc_mrr_at_20_diff1": 0.7306499143837317,
        "nauc_mrr_at_20_max": 0.3237895227119708,
        "nauc_mrr_at_20_std": -0.16620176663433442,
        "nauc_mrr_at_3_diff1": 0.727274397793811,
        "nauc_mrr_at_3_max": 0.3229930586432481,
        "nauc_mrr_at_3_std": -0.18695188162216977,
        "nauc_mrr_at_5_diff1": 0.727274397793811,
        "nauc_mrr_at_5_max": 0.3229930586432481,
        "nauc_mrr_at_5_std": -0.18695188162216977,
        "nauc_ndcg_at_1000_diff1": 0.7298622798036085,
        "nauc_ndcg_at_1000_max": 0.32081770832924095,
        "nauc_ndcg_at_1000_std": -0.17269361184898482,
        "nauc_ndcg_at_100_diff1": 0.7298622798036085,
        "nauc_ndcg_at_100_max": 0.32081770832924095,
        "nauc_ndcg_at_100_std": -0.17269361184898482,
        "nauc_ndcg_at_10_diff1": 0.7298622798036085,
        "nauc_ndcg_at_10_max": 0.32081770832924095,
        "nauc_ndcg_at_10_std": -0.17269361184898482,
        "nauc_ndcg_at_1_diff1": 0.7422916035829402,
        "nauc_ndcg_at_1_max": 0.3482164359211589,
        "nauc_ndcg_at_1_std": -0.09165116325682032,
        "nauc_ndcg_at_20_diff1": 0.7298622798036085,
        "nauc_ndcg_at_20_max": 0.32081770832924095,
        "nauc_ndcg_at_20_std": -0.17269361184898482,
        "nauc_ndcg_at_3_diff1": 0.7219783130912044,
        "nauc_ndcg_at_3_max": 0.31347352334832335,
        "nauc_ndcg_at_3_std": -0.22725218013410522,
        "nauc_ndcg_at_5_diff1": 0.7219783130912044,
        "nauc_ndcg_at_5_max": 0.31347352334832335,
        "nauc_ndcg_at_5_std": -0.22725218013410522,
        "nauc_precision_at_1000_diff1": NaN,
        "nauc_precision_at_1000_max": NaN,
        "nauc_precision_at_1000_std": NaN,
        "nauc_precision_at_100_diff1": 1.0,
        "nauc_precision_at_100_max": 1.0,
        "nauc_precision_at_100_std": 1.0,
        "nauc_precision_at_10_diff1": 1.0,
        "nauc_precision_at_10_max": 1.0,
        "nauc_precision_at_10_std": 1.0,
        "nauc_precision_at_1_diff1": 0.7422916035829402,
        "nauc_precision_at_1_max": 0.3482164359211589,
        "nauc_precision_at_1_std": -0.09165116325682032,
        "nauc_precision_at_20_diff1": 1.0,
        "nauc_precision_at_20_max": 1.0,
        "nauc_precision_at_20_std": 1.0,
        "nauc_precision_at_3_diff1": 0.6835820481559275,
        "nauc_precision_at_3_max": 0.24373783838225974,
        "nauc_precision_at_3_std": -0.5271426588640465,
        "nauc_precision_at_5_diff1": 0.6835820481559289,
        "nauc_precision_at_5_max": 0.24373783838226237,
        "nauc_precision_at_5_std": -0.5271426588640427,
        "nauc_recall_at_1000_diff1": NaN,
        "nauc_recall_at_1000_max": NaN,
        "nauc_recall_at_1000_std": NaN,
        "nauc_recall_at_100_diff1": NaN,
        "nauc_recall_at_100_max": NaN,
        "nauc_recall_at_100_std": NaN,
        "nauc_recall_at_10_diff1": NaN,
        "nauc_recall_at_10_max": NaN,
        "nauc_recall_at_10_std": NaN,
        "nauc_recall_at_1_diff1": 0.7422916035829402,
        "nauc_recall_at_1_max": 0.3482164359211589,
        "nauc_recall_at_1_std": -0.09165116325682032,
        "nauc_recall_at_20_diff1": NaN,
        "nauc_recall_at_20_max": NaN,
        "nauc_recall_at_20_std": NaN,
        "nauc_recall_at_3_diff1": 0.6835820481559286,
        "nauc_recall_at_3_max": 0.24373783838225746,
        "nauc_recall_at_3_std": -0.5271426588640481,
        "nauc_recall_at_5_diff1": 0.6835820481559286,
        "nauc_recall_at_5_max": 0.24373783838225746,
        "nauc_recall_at_5_std": -0.5271426588640481,
        "ndcg_at_1": 0.68831,
        "ndcg_at_10": 0.85844,
        "ndcg_at_100": 0.85844,
        "ndcg_at_1000": 0.85844,
        "ndcg_at_20": 0.85844,
        "ndcg_at_3": 0.83719,
        "ndcg_at_5": 0.83719,
        "precision_at_1": 0.68831,
        "precision_at_10": 0.1,
        "precision_at_100": 0.01,
        "precision_at_1000": 0.001,
        "precision_at_20": 0.05,
        "precision_at_3": 0.31169,
        "precision_at_5": 0.18701,
        "recall_at_1": 0.68831,
        "recall_at_10": 1.0,
        "recall_at_100": 1.0,
        "recall_at_1000": 1.0,
        "recall_at_20": 1.0,
        "recall_at_3": 0.93506,
        "recall_at_5": 0.93506
      }
    ]
  },
  "task_name": "PublicHealthQA"
}