{
  "dataset_revision": "fd7df84ac089bbec763b1c6bb1b56e985df5cc5c",
  "task_name": "AutoRAGRetrieval",
  "mteb_version": "1.31.1",
  "scores": {
    "test": [
      {
        "ndcg_at_1": 0.75439,
        "ndcg_at_3": 0.84826,
        "ndcg_at_5": 0.85921,
        "ndcg_at_10": 0.87359,
        "ndcg_at_20": 0.87796,
        "ndcg_at_100": 0.87796,
        "ndcg_at_1000": 0.87796,
        "map_at_1": 0.75439,
        "map_at_3": 0.82602,
        "map_at_5": 0.83216,
        "map_at_10": 0.8382,
        "map_at_20": 0.83937,
        "map_at_100": 0.83937,
        "map_at_1000": 0.83937,
        "recall_at_1": 0.75439,
        "recall_at_3": 0.91228,
        "recall_at_5": 0.9386,
        "recall_at_10": 0.98246,
        "recall_at_20": 1.0,
        "recall_at_100": 1.0,
        "recall_at_1000": 1.0,
        "precision_at_1": 0.75439,
        "precision_at_3": 0.30409,
        "precision_at_5": 0.18772,
        "precision_at_10": 0.09825,
        "precision_at_20": 0.05,
        "precision_at_100": 0.01,
        "precision_at_1000": 0.001,
        "mrr_at_1": 0.754386,
        "mrr_at_3": 0.826023,
        "mrr_at_5": 0.832164,
        "mrr_at_10": 0.838203,
        "mrr_at_20": 0.839365,
        "mrr_at_100": 0.839365,
        "mrr_at_1000": 0.839365,
        "nauc_ndcg_at_1_max": 0.062646,
        "nauc_ndcg_at_1_std": -0.642018,
        "nauc_ndcg_at_1_diff1": 0.754591,
        "nauc_ndcg_at_3_max": 0.207103,
        "nauc_ndcg_at_3_std": -0.768024,
        "nauc_ndcg_at_3_diff1": 0.778512,
        "nauc_ndcg_at_5_max": 0.22745,
        "nauc_ndcg_at_5_std": -0.718639,
        "nauc_ndcg_at_5_diff1": 0.778953,
        "nauc_ndcg_at_10_max": 0.184614,
        "nauc_ndcg_at_10_std": -0.701851,
        "nauc_ndcg_at_10_diff1": 0.758217,
        "nauc_ndcg_at_20_max": 0.167066,
        "nauc_ndcg_at_20_std": -0.695342,
        "nauc_ndcg_at_20_diff1": 0.763068,
        "nauc_ndcg_at_100_max": 0.167066,
        "nauc_ndcg_at_100_std": -0.695342,
        "nauc_ndcg_at_100_diff1": 0.763068,
        "nauc_ndcg_at_1000_max": 0.167066,
        "nauc_ndcg_at_1000_std": -0.695342,
        "nauc_ndcg_at_1000_diff1": 0.763068,
        "nauc_map_at_1_max": 0.062646,
        "nauc_map_at_1_std": -0.642018,
        "nauc_map_at_1_diff1": 0.754591,
        "nauc_map_at_3_max": 0.168164,
        "nauc_map_at_3_std": -0.722659,
        "nauc_map_at_3_diff1": 0.768745,
        "nauc_map_at_5_max": 0.176833,
        "nauc_map_at_5_std": -0.697084,
        "nauc_map_at_5_diff1": 0.768494,
        "nauc_map_at_10_max": 0.160388,
        "nauc_map_at_10_std": -0.692336,
        "nauc_map_at_10_diff1": 0.761108,
        "nauc_map_at_20_max": 0.156713,
        "nauc_map_at_20_std": -0.690151,
        "nauc_map_at_20_diff1": 0.762184,
        "nauc_map_at_100_max": 0.156713,
        "nauc_map_at_100_std": -0.690151,
        "nauc_map_at_100_diff1": 0.762184,
        "nauc_map_at_1000_max": 0.156713,
        "nauc_map_at_1000_std": -0.690151,
        "nauc_map_at_1000_diff1": 0.762184,
        "nauc_recall_at_1_max": 0.062646,
        "nauc_recall_at_1_std": -0.642018,
        "nauc_recall_at_1_diff1": 0.754591,
        "nauc_recall_at_3_max": 0.405761,
        "nauc_recall_at_3_std": -1.010017,
        "nauc_recall_at_3_diff1": 0.831417,
        "nauc_recall_at_5_max": 0.589226,
        "nauc_recall_at_5_std": -0.86426,
        "nauc_recall_at_5_diff1": 0.857082,
        "nauc_recall_at_10_max": 0.638583,
        "nauc_recall_at_10_std": -0.817151,
        "nauc_recall_at_10_diff1": 0.638583,
        "nauc_recall_at_20_max": NaN,
        "nauc_recall_at_20_std": NaN,
        "nauc_recall_at_20_diff1": NaN,
        "nauc_recall_at_100_max": NaN,
        "nauc_recall_at_100_std": NaN,
        "nauc_recall_at_100_diff1": NaN,
        "nauc_recall_at_1000_max": NaN,
        "nauc_recall_at_1000_std": NaN,
        "nauc_recall_at_1000_diff1": NaN,
        "nauc_precision_at_1_max": 0.062646,
        "nauc_precision_at_1_std": -0.642018,
        "nauc_precision_at_1_diff1": 0.754591,
        "nauc_precision_at_3_max": 0.405761,
        "nauc_precision_at_3_std": -1.010017,
        "nauc_precision_at_3_diff1": 0.831417,
        "nauc_precision_at_5_max": 0.589226,
        "nauc_precision_at_5_std": -0.86426,
        "nauc_precision_at_5_diff1": 0.857082,
        "nauc_precision_at_10_max": 0.638583,
        "nauc_precision_at_10_std": -0.817151,
        "nauc_precision_at_10_diff1": 0.638583,
        "nauc_precision_at_20_max": 1.0,
        "nauc_precision_at_20_std": 1.0,
        "nauc_precision_at_20_diff1": 1.0,
        "nauc_precision_at_100_max": 1.0,
        "nauc_precision_at_100_std": 1.0,
        "nauc_precision_at_100_diff1": 1.0,
        "nauc_precision_at_1000_max": 1.0,
        "nauc_precision_at_1000_std": 1.0,
        "nauc_precision_at_1000_diff1": 1.0,
        "nauc_mrr_at_1_max": 0.062646,
        "nauc_mrr_at_1_std": -0.642018,
        "nauc_mrr_at_1_diff1": 0.754591,
        "nauc_mrr_at_3_max": 0.168164,
        "nauc_mrr_at_3_std": -0.722659,
        "nauc_mrr_at_3_diff1": 0.768745,
        "nauc_mrr_at_5_max": 0.176833,
        "nauc_mrr_at_5_std": -0.697084,
        "nauc_mrr_at_5_diff1": 0.768494,
        "nauc_mrr_at_10_max": 0.160388,
        "nauc_mrr_at_10_std": -0.692336,
        "nauc_mrr_at_10_diff1": 0.761108,
        "nauc_mrr_at_20_max": 0.156713,
        "nauc_mrr_at_20_std": -0.690151,
        "nauc_mrr_at_20_diff1": 0.762184,
        "nauc_mrr_at_100_max": 0.156713,
        "nauc_mrr_at_100_std": -0.690151,
        "nauc_mrr_at_100_diff1": 0.762184,
        "nauc_mrr_at_1000_max": 0.156713,
        "nauc_mrr_at_1000_std": -0.690151,
        "nauc_mrr_at_1000_diff1": 0.762184,
        "main_score": 0.87359,
        "hf_subset": "default",
        "languages": [
          "kor-Hang"
        ]
      }
    ]
  },
  "evaluation_time": 4.068619966506958,
  "kg_co2_emissions": null
}