{
  "dataset_revision": "fd7df84ac089bbec763b1c6bb1b56e985df5cc5c",
  "evaluation_time": 22.999385833740234,
  "kg_co2_emissions": null,
  "mteb_version": "1.19.4",
  "scores": {
    "test": [
      {
        "hf_subset": "default",
        "languages": [
          "kor-Hang"
        ],
        "main_score": 0.87379,
        "map_at_1": 0.75439,
        "map_at_10": 0.83841,
        "map_at_100": 0.83957,
        "map_at_1000": 0.83957,
        "map_at_20": 0.83957,
        "map_at_3": 0.82602,
        "map_at_5": 0.83216,
        "mrr_at_1": 0.7543859649122807,
        "mrr_at_10": 0.8384120022277919,
        "mrr_at_100": 0.8395740954951483,
        "mrr_at_1000": 0.8395740954951483,
        "mrr_at_20": 0.8395740954951483,
        "mrr_at_3": 0.8260233918128655,
        "mrr_at_5": 0.8321637426900585,
        "nauc_map_at_1000_diff1": 0.7553580826697276,
        "nauc_map_at_1000_max": 0.15569810026809622,
        "nauc_map_at_1000_std": -0.691306901301535,
        "nauc_map_at_100_diff1": 0.7553580826697276,
        "nauc_map_at_100_max": 0.15569810026809622,
        "nauc_map_at_100_std": -0.691306901301535,
        "nauc_map_at_10_diff1": 0.7543342191950719,
        "nauc_map_at_10_max": 0.15938639419130274,
        "nauc_map_at_10_std": -0.6934863935974837,
        "nauc_map_at_1_diff1": 0.7493933183304148,
        "nauc_map_at_1_max": 0.06264615667212535,
        "nauc_map_at_1_std": -0.6420183946779819,
        "nauc_map_at_20_diff1": 0.7553580826697276,
        "nauc_map_at_20_max": 0.15569810026809622,
        "nauc_map_at_20_std": -0.691306901301535,
        "nauc_map_at_3_diff1": 0.7616179634532826,
        "nauc_map_at_3_max": 0.1681637034361113,
        "nauc_map_at_3_std": -0.7226590901715979,
        "nauc_map_at_5_diff1": 0.7610831361890733,
        "nauc_map_at_5_max": 0.1768332483014387,
        "nauc_map_at_5_std": -0.6970842647826092,
        "nauc_mrr_at_1000_diff1": 0.7553580826697276,
        "nauc_mrr_at_1000_max": 0.15569810026809622,
        "nauc_mrr_at_1000_std": -0.691306901301535,
        "nauc_mrr_at_100_diff1": 0.7553580826697276,
        "nauc_mrr_at_100_max": 0.15569810026809622,
        "nauc_mrr_at_100_std": -0.691306901301535,
        "nauc_mrr_at_10_diff1": 0.7543342191950719,
        "nauc_mrr_at_10_max": 0.15938639419130274,
        "nauc_mrr_at_10_std": -0.6934863935974837,
        "nauc_mrr_at_1_diff1": 0.7493933183304148,
        "nauc_mrr_at_1_max": 0.06264615667212535,
        "nauc_mrr_at_1_std": -0.6420183946779819,
        "nauc_mrr_at_20_diff1": 0.7553580826697276,
        "nauc_mrr_at_20_max": 0.15569810026809622,
        "nauc_mrr_at_20_std": -0.691306901301535,
        "nauc_mrr_at_3_diff1": 0.7616179634532826,
        "nauc_mrr_at_3_max": 0.1681637034361113,
        "nauc_mrr_at_3_std": -0.7226590901715979,
        "nauc_mrr_at_5_diff1": 0.7610831361890733,
        "nauc_mrr_at_5_max": 0.1768332483014387,
        "nauc_mrr_at_5_std": -0.6970842647826092,
        "nauc_ndcg_at_1000_diff1": 0.7560582117239595,
        "nauc_ndcg_at_1000_max": 0.165803773315689,
        "nauc_ndcg_at_1000_std": -0.696811115693176,
        "nauc_ndcg_at_100_diff1": 0.7560582117239595,
        "nauc_ndcg_at_100_max": 0.165803773315689,
        "nauc_ndcg_at_100_std": -0.696811115693176,
        "nauc_ndcg_at_10_diff1": 0.751463249238206,
        "nauc_ndcg_at_10_max": 0.18342906202141002,
        "nauc_ndcg_at_10_std": -0.703275491144023,
        "nauc_ndcg_at_1_diff1": 0.7493933183304148,
        "nauc_ndcg_at_1_max": 0.06264615667212535,
        "nauc_ndcg_at_1_std": -0.6420183946779819,
        "nauc_ndcg_at_20_diff1": 0.7560582117239595,
        "nauc_ndcg_at_20_max": 0.165803773315689,
        "nauc_ndcg_at_20_std": -0.696811115693176,
        "nauc_ndcg_at_3_diff1": 0.7704450250564626,
        "nauc_ndcg_at_3_max": 0.20710284523661493,
        "nauc_ndcg_at_3_std": -0.7680242628597699,
        "nauc_ndcg_at_5_diff1": 0.7702091882328883,
        "nauc_ndcg_at_5_max": 0.2274499137326895,
        "nauc_ndcg_at_5_std": -0.7186386105526826,
        "nauc_precision_at_1000_diff1": 1.0,
        "nauc_precision_at_1000_max": 1.0,
        "nauc_precision_at_1000_std": 1.0,
        "nauc_precision_at_100_diff1": 1.0,
        "nauc_precision_at_100_max": 1.0,
        "nauc_precision_at_100_std": 1.0,
        "nauc_precision_at_10_diff1": 0.638583133029159,
        "nauc_precision_at_10_max": 0.638583133029159,
        "nauc_precision_at_10_std": -0.8171511695270405,
        "nauc_precision_at_1_diff1": 0.7493933183304148,
        "nauc_precision_at_1_max": 0.06264615667212535,
        "nauc_precision_at_1_std": -0.6420183946779819,
        "nauc_precision_at_20_diff1": 1.0,
        "nauc_precision_at_20_max": 1.0,
        "nauc_precision_at_20_std": 1.0,
        "nauc_precision_at_3_diff1": 0.8183963637732921,
        "nauc_precision_at_3_max": 0.40576075757101193,
        "nauc_precision_at_3_std": -1.010017397627182,
        "nauc_precision_at_5_diff1": 0.8384802315250225,
        "nauc_precision_at_5_max": 0.5892262094609966,
        "nauc_precision_at_5_std": -0.864259619975316,
        "nauc_recall_at_1000_diff1": NaN,
        "nauc_recall_at_1000_max": NaN,
        "nauc_recall_at_1000_std": NaN,
        "nauc_recall_at_100_diff1": NaN,
        "nauc_recall_at_100_max": NaN,
        "nauc_recall_at_100_std": NaN,
        "nauc_recall_at_10_diff1": 0.6385831330291614,
        "nauc_recall_at_10_max": 0.6385831330291614,
        "nauc_recall_at_10_std": -0.8171511695270118,
        "nauc_recall_at_1_diff1": 0.7493933183304148,
        "nauc_recall_at_1_max": 0.06264615667212535,
        "nauc_recall_at_1_std": -0.6420183946779819,
        "nauc_recall_at_20_diff1": NaN,
        "nauc_recall_at_20_max": NaN,
        "nauc_recall_at_20_std": NaN,
        "nauc_recall_at_3_diff1": 0.8183963637732907,
        "nauc_recall_at_3_max": 0.4057607575710131,
        "nauc_recall_at_3_std": -1.0100173976271816,
        "nauc_recall_at_5_diff1": 0.8384802315250196,
        "nauc_recall_at_5_max": 0.589226209460994,
        "nauc_recall_at_5_std": -0.8642596199753173,
        "ndcg_at_1": 0.75439,
        "ndcg_at_10": 0.87379,
        "ndcg_at_100": 0.87816,
        "ndcg_at_1000": 0.87816,
        "ndcg_at_20": 0.87816,
        "ndcg_at_3": 0.84826,
        "ndcg_at_5": 0.85921,
        "precision_at_1": 0.75439,
        "precision_at_10": 0.09825,
        "precision_at_100": 0.01,
        "precision_at_1000": 0.001,
        "precision_at_20": 0.05,
        "precision_at_3": 0.30409,
        "precision_at_5": 0.18772,
        "recall_at_1": 0.75439,
        "recall_at_10": 0.98246,
        "recall_at_100": 1.0,
        "recall_at_1000": 1.0,
        "recall_at_20": 1.0,
        "recall_at_3": 0.91228,
        "recall_at_5": 0.9386
      }
    ]
  },
  "task_name": "AutoRAGRetrieval"
}