{
  "dataset_revision": "75b399394a9803252cfec289d103de462763db7c",
  "task_name": "BelebeleRetrieval",
  "mteb_version": "1.31.1",
  "scores": {
    "test": [
      {
        "ndcg_at_1": 0.90889,
        "ndcg_at_3": 0.9429,
        "ndcg_at_5": 0.94739,
        "ndcg_at_10": 0.95027,
        "ndcg_at_20": 0.95108,
        "ndcg_at_100": 0.95225,
        "ndcg_at_1000": 0.95281,
        "map_at_1": 0.90889,
        "map_at_3": 0.935,
        "map_at_5": 0.93744,
        "map_at_10": 0.93864,
        "map_at_20": 0.93884,
        "map_at_100": 0.93898,
        "map_at_1000": 0.939,
        "recall_at_1": 0.90889,
        "recall_at_3": 0.96556,
        "recall_at_5": 0.97667,
        "recall_at_10": 0.98556,
        "recall_at_20": 0.98889,
        "recall_at_100": 0.99556,
        "recall_at_1000": 1.0,
        "precision_at_1": 0.90889,
        "precision_at_3": 0.32185,
        "precision_at_5": 0.19533,
        "precision_at_10": 0.09856,
        "precision_at_20": 0.04944,
        "precision_at_100": 0.00996,
        "precision_at_1000": 0.001,
        "mrr_at_1": 0.908889,
        "mrr_at_3": 0.935,
        "mrr_at_5": 0.937444,
        "mrr_at_10": 0.938637,
        "mrr_at_20": 0.938844,
        "mrr_at_100": 0.938981,
        "mrr_at_1000": 0.939,
        "nauc_ndcg_at_1_max": 0.830242,
        "nauc_ndcg_at_1_std": -0.098512,
        "nauc_ndcg_at_1_diff1": 0.928292,
        "nauc_ndcg_at_3_max": 0.845899,
        "nauc_ndcg_at_3_std": -0.106768,
        "nauc_ndcg_at_3_diff1": 0.925587,
        "nauc_ndcg_at_5_max": 0.848799,
        "nauc_ndcg_at_5_std": -0.082336,
        "nauc_ndcg_at_5_diff1": 0.92659,
        "nauc_ndcg_at_10_max": 0.843981,
        "nauc_ndcg_at_10_std": -0.09293,
        "nauc_ndcg_at_10_diff1": 0.926132,
        "nauc_ndcg_at_20_max": 0.847877,
        "nauc_ndcg_at_20_std": -0.087128,
        "nauc_ndcg_at_20_diff1": 0.927245,
        "nauc_ndcg_at_100_max": 0.845253,
        "nauc_ndcg_at_100_std": -0.079445,
        "nauc_ndcg_at_100_diff1": 0.926521,
        "nauc_ndcg_at_1000_max": 0.843796,
        "nauc_ndcg_at_1000_std": -0.088846,
        "nauc_ndcg_at_1000_diff1": 0.926428,
        "nauc_map_at_1_max": 0.830242,
        "nauc_map_at_1_std": -0.098512,
        "nauc_map_at_1_diff1": 0.928292,
        "nauc_map_at_3_max": 0.841332,
        "nauc_map_at_3_std": -0.104647,
        "nauc_map_at_3_diff1": 0.925796,
        "nauc_map_at_5_max": 0.842378,
        "nauc_map_at_5_std": -0.093263,
        "nauc_map_at_5_diff1": 0.926294,
        "nauc_map_at_10_max": 0.840592,
        "nauc_map_at_10_std": -0.096852,
        "nauc_map_at_10_diff1": 0.92608,
        "nauc_map_at_20_max": 0.841409,
        "nauc_map_at_20_std": -0.095759,
        "nauc_map_at_20_diff1": 0.926338,
        "nauc_map_at_100_max": 0.841139,
        "nauc_map_at_100_std": -0.094636,
        "nauc_map_at_100_diff1": 0.926262,
        "nauc_map_at_1000_max": 0.8411,
        "nauc_map_at_1000_std": -0.094888,
        "nauc_map_at_1000_diff1": 0.92626,
        "nauc_recall_at_1_max": 0.830242,
        "nauc_recall_at_1_std": -0.098512,
        "nauc_recall_at_1_diff1": 0.928292,
        "nauc_recall_at_3_max": 0.8702,
        "nauc_recall_at_3_std": -0.117798,
        "nauc_recall_at_3_diff1": 0.925002,
        "nauc_recall_at_5_max": 0.899093,
        "nauc_recall_at_5_std": 0.011827,
        "nauc_recall_at_5_diff1": 0.929972,
        "nauc_recall_at_10_max": 0.879731,
        "nauc_recall_at_10_std": -0.04787,
        "nauc_recall_at_10_diff1": 0.928356,
        "nauc_recall_at_20_max": 0.95915,
        "nauc_recall_at_20_std": 0.073483,
        "nauc_recall_at_20_diff1": 0.947712,
        "nauc_recall_at_100_max": 0.96732,
        "nauc_recall_at_100_std": 0.707166,
        "nauc_recall_at_100_diff1": 0.934641,
        "nauc_recall_at_1000_max": NaN,
        "nauc_recall_at_1000_std": NaN,
        "nauc_recall_at_1000_diff1": NaN,
        "nauc_precision_at_1_max": 0.830242,
        "nauc_precision_at_1_std": -0.098512,
        "nauc_precision_at_1_diff1": 0.928292,
        "nauc_precision_at_3_max": 0.8702,
        "nauc_precision_at_3_std": -0.117798,
        "nauc_precision_at_3_diff1": 0.925002,
        "nauc_precision_at_5_max": 0.899093,
        "nauc_precision_at_5_std": 0.011827,
        "nauc_precision_at_5_diff1": 0.929972,
        "nauc_precision_at_10_max": 0.879731,
        "nauc_precision_at_10_std": -0.04787,
        "nauc_precision_at_10_diff1": 0.928356,
        "nauc_precision_at_20_max": 0.95915,
        "nauc_precision_at_20_std": 0.073483,
        "nauc_precision_at_20_diff1": 0.947712,
        "nauc_precision_at_100_max": 0.96732,
        "nauc_precision_at_100_std": 0.707166,
        "nauc_precision_at_100_diff1": 0.934641,
        "nauc_precision_at_1000_max": NaN,
        "nauc_precision_at_1000_std": NaN,
        "nauc_precision_at_1000_diff1": NaN,
        "nauc_mrr_at_1_max": 0.830242,
        "nauc_mrr_at_1_std": -0.098512,
        "nauc_mrr_at_1_diff1": 0.928292,
        "nauc_mrr_at_3_max": 0.841332,
        "nauc_mrr_at_3_std": -0.104647,
        "nauc_mrr_at_3_diff1": 0.925796,
        "nauc_mrr_at_5_max": 0.842378,
        "nauc_mrr_at_5_std": -0.093263,
        "nauc_mrr_at_5_diff1": 0.926294,
        "nauc_mrr_at_10_max": 0.840592,
        "nauc_mrr_at_10_std": -0.096852,
        "nauc_mrr_at_10_diff1": 0.92608,
        "nauc_mrr_at_20_max": 0.841409,
        "nauc_mrr_at_20_std": -0.095759,
        "nauc_mrr_at_20_diff1": 0.926338,
        "nauc_mrr_at_100_max": 0.841139,
        "nauc_mrr_at_100_std": -0.094636,
        "nauc_mrr_at_100_diff1": 0.926262,
        "nauc_mrr_at_1000_max": 0.8411,
        "nauc_mrr_at_1000_std": -0.094888,
        "nauc_mrr_at_1000_diff1": 0.92626,
        "main_score": 0.95027,
        "hf_subset": "kor_Hang-kor_Hang",
        "languages": [
          "kor-Hang",
          "kor-Hang"
        ]
      },
      {
        "ndcg_at_1": 0.86778,
        "ndcg_at_3": 0.90973,
        "ndcg_at_5": 0.91662,
        "ndcg_at_10": 0.92412,
        "ndcg_at_20": 0.92724,
        "ndcg_at_100": 0.92825,
        "ndcg_at_1000": 0.92882,
        "map_at_1": 0.86778,
        "map_at_3": 0.89963,
        "map_at_5": 0.90346,
        "map_at_10": 0.90674,
        "map_at_20": 0.90762,
        "map_at_100": 0.90774,
        "map_at_1000": 0.90777,
        "recall_at_1": 0.86778,
        "recall_at_3": 0.93889,
        "recall_at_5": 0.95556,
        "recall_at_10": 0.97778,
        "recall_at_20": 0.99,
        "recall_at_100": 0.99556,
        "recall_at_1000": 1.0,
        "precision_at_1": 0.86778,
        "precision_at_3": 0.31296,
        "precision_at_5": 0.19111,
        "precision_at_10": 0.09778,
        "precision_at_20": 0.0495,
        "precision_at_100": 0.00996,
        "precision_at_1000": 0.001,
        "mrr_at_1": 0.867778,
        "mrr_at_3": 0.89963,
        "mrr_at_5": 0.903463,
        "mrr_at_10": 0.906744,
        "mrr_at_20": 0.907616,
        "mrr_at_100": 0.907744,
        "mrr_at_1000": 0.907766,
        "nauc_ndcg_at_1_max": 0.740058,
        "nauc_ndcg_at_1_std": -0.013923,
        "nauc_ndcg_at_1_diff1": 0.899205,
        "nauc_ndcg_at_3_max": 0.770337,
        "nauc_ndcg_at_3_std": 0.008249,
        "nauc_ndcg_at_3_diff1": 0.875833,
        "nauc_ndcg_at_5_max": 0.761267,
        "nauc_ndcg_at_5_std": 0.011646,
        "nauc_ndcg_at_5_diff1": 0.876961,
        "nauc_ndcg_at_10_max": 0.767183,
        "nauc_ndcg_at_10_std": 0.025408,
        "nauc_ndcg_at_10_diff1": 0.877572,
        "nauc_ndcg_at_20_max": 0.765312,
        "nauc_ndcg_at_20_std": 0.027455,
        "nauc_ndcg_at_20_diff1": 0.878576,
        "nauc_ndcg_at_100_max": 0.764727,
        "nauc_ndcg_at_100_std": 0.02415,
        "nauc_ndcg_at_100_diff1": 0.881956,
        "nauc_ndcg_at_1000_max": 0.76279,
        "nauc_ndcg_at_1000_std": 0.017878,
        "nauc_ndcg_at_1000_diff1": 0.881817,
        "nauc_map_at_1_max": 0.740058,
        "nauc_map_at_1_std": -0.013923,