{
  "dataset_revision": "d243889a3eb6654029dbd7e7f9319ae31d58f97c",
  "evaluation_time": 115.5916862487793,
  "kg_co2_emissions": null,
  "mteb_version": "1.19.4",
  "scores": {
    "dev": [
      {
        "hf_subset": "default",
        "languages": [
          "kor-Hang"
        ],
        "main_score": 0.7959,
        "map_at_1": 0.49056,
        "map_at_10": 0.75131,
        "map_at_100": 0.75657,
        "map_at_1000": 0.75691,
        "map_at_20": 0.75501,
        "map_at_3": 0.71088,
        "map_at_5": 0.73983,
        "mrr_at_1": 0.7584459459459459,
        "mrr_at_10": 0.8134411196911195,
        "mrr_at_100": 0.8147137843388809,
        "mrr_at_1000": 0.8148351718852996,
        "mrr_at_20": 0.8141698656404537,
        "mrr_at_3": 0.8054617117117114,
        "mrr_at_5": 0.810529279279279,
        "nauc_map_at_1000_diff1": 0.6077723078794142,
        "nauc_map_at_1000_max": 0.6573089583997457,
        "nauc_map_at_1000_std": 0.2554489899927413,
        "nauc_map_at_100_diff1": 0.6076594934702981,
        "nauc_map_at_100_max": 0.6575393737587643,
        "nauc_map_at_100_std": 0.25591233440846073,
        "nauc_map_at_10_diff1": 0.6060453073908345,
        "nauc_map_at_10_max": 0.656696375458025,
        "nauc_map_at_10_std": 0.24695748909037316,
        "nauc_map_at_1_diff1": 0.6458252442838546,
        "nauc_map_at_1_max": 0.3121693863445959,
        "nauc_map_at_1_std": 0.01652697084396131,
        "nauc_map_at_20_diff1": 0.6069872318028429,
        "nauc_map_at_20_max": 0.656927115861969,
        "nauc_map_at_20_std": 0.25433092620557457,
        "nauc_map_at_3_diff1": 0.5925124364325525,
        "nauc_map_at_3_max": 0.6081099885122733,
        "nauc_map_at_3_std": 0.1852920843231918,
        "nauc_map_at_5_diff1": 0.6036824581960382,
        "nauc_map_at_5_max": 0.6503765291038188,
        "nauc_map_at_5_std": 0.21835916030257338,
        "nauc_mrr_at_1000_diff1": 0.6832517415820536,
        "nauc_mrr_at_1000_max": 0.7211637033411988,
        "nauc_mrr_at_1000_std": 0.3641206608277797,
        "nauc_mrr_at_100_diff1": 0.683308766051111,
        "nauc_mrr_at_100_max": 0.7213415575516359,
        "nauc_mrr_at_100_std": 0.3644459960058063,
        "nauc_mrr_at_10_diff1": 0.6832094931397921,
        "nauc_mrr_at_10_max": 0.7227122005456524,
        "nauc_mrr_at_10_std": 0.3653443095501317,
        "nauc_mrr_at_1_diff1": 0.6939000921334538,
        "nauc_mrr_at_1_max": 0.6351097031562031,
        "nauc_mrr_at_1_std": 0.26217789737674524,
        "nauc_mrr_at_20_diff1": 0.6831394705607008,
        "nauc_mrr_at_20_max": 0.7219536740322078,
        "nauc_mrr_at_20_std": 0.3649367382073439,
        "nauc_mrr_at_3_diff1": 0.6793523696127164,
        "nauc_mrr_at_3_max": 0.7248716464145419,
        "nauc_mrr_at_3_std": 0.35751312232773125,
        "nauc_mrr_at_5_diff1": 0.6821188934286015,
        "nauc_mrr_at_5_max": 0.7245259039980231,
        "nauc_mrr_at_5_std": 0.36255712853232797,
        "nauc_ndcg_at_1000_diff1": 0.6285352838789675,
        "nauc_ndcg_at_1000_max": 0.7091198441855272,
        "nauc_ndcg_at_1000_std": 0.3444313941136184,
        "nauc_ndcg_at_100_diff1": 0.6284775238416308,
        "nauc_ndcg_at_100_max": 0.7166963735380042,
        "nauc_ndcg_at_100_std": 0.357603340604324,
        "nauc_ndcg_at_10_diff1": 0.6224918160953309,
        "nauc_ndcg_at_10_max": 0.7144185507442697,
        "nauc_ndcg_at_10_std": 0.33006553182834125,
        "nauc_ndcg_at_1_diff1": 0.6939000921334538,
        "nauc_ndcg_at_1_max": 0.6351097031562031,
        "nauc_ndcg_at_1_std": 0.26217789737674524,
        "nauc_ndcg_at_20_diff1": 0.6253116873776855,
        "nauc_ndcg_at_20_max": 0.7161801994053858,
        "nauc_ndcg_at_20_std": 0.35005964923241917,
        "nauc_ndcg_at_3_diff1": 0.5996129518498234,
        "nauc_ndcg_at_3_max": 0.6570283339171115,
        "nauc_ndcg_at_3_std": 0.2354207606263176,
        "nauc_ndcg_at_5_diff1": 0.6183812518364293,
        "nauc_ndcg_at_5_max": 0.704540189540427,
        "nauc_ndcg_at_5_std": 0.2791596614003792,
        "nauc_precision_at_1000_diff1": -0.3068570126990965,
        "nauc_precision_at_1000_max": 0.03384203635866813,
        "nauc_precision_at_1000_std": 0.21656754445137796,
        "nauc_precision_at_100_diff1": -0.20359255842444202,
        "nauc_precision_at_100_max": 0.1624705732683665,
        "nauc_precision_at_100_std": 0.30479175635537603,
        "nauc_precision_at_10_diff1": -0.12392988970999819,
        "nauc_precision_at_10_max": 0.2721968635468893,
        "nauc_precision_at_10_std": 0.3113424136318071,
        "nauc_precision_at_1_diff1": 0.6939000921334538,
        "nauc_precision_at_1_max": 0.6351097031562031,
        "nauc_precision_at_1_std": 0.26217789737674524,
        "nauc_precision_at_20_diff1": -0.15781732437023308,
        "nauc_precision_at_20_max": 0.22767847657175486,
        "nauc_precision_at_20_std": 0.32515083661935607,
        "nauc_precision_at_3_diff1": 0.008293364102137213,
        "nauc_precision_at_3_max": 0.41108421339521484,
        "nauc_precision_at_3_std": 0.2756698186482374,
        "nauc_precision_at_5_diff1": -0.06855671223726188,
        "nauc_precision_at_5_max": 0.3447541035044828,
        "nauc_precision_at_5_std": 0.27670493704200283,
        "nauc_recall_at_1000_diff1": 0.6184491717695515,
        "nauc_recall_at_1000_max": 0.9373322639715344,
        "nauc_recall_at_1000_std": 0.8707432685857276,
        "nauc_recall_at_100_diff1": 0.6262762168447928,
        "nauc_recall_at_100_max": 0.9130875453909402,
        "nauc_recall_at_100_std": 0.7664218156346466,
        "nauc_recall_at_10_diff1": 0.5851607028848523,
        "nauc_recall_at_10_max": 0.8231971304893786,
        "nauc_recall_at_10_std": 0.49114599357555316,
        "nauc_recall_at_1_diff1": 0.6458252442838546,
        "nauc_recall_at_1_max": 0.3121693863445959,
        "nauc_recall_at_1_std": 0.01652697084396131,
        "nauc_recall_at_20_diff1": 0.6031863187385538,
        "nauc_recall_at_20_max": 0.8633164767407354,
        "nauc_recall_at_20_std": 0.6171635453840554,
        "nauc_recall_at_3_diff1": 0.5518966024258635,
        "nauc_recall_at_3_max": 0.6726580995760291,
        "nauc_recall_at_3_std": 0.23325305684585876,
        "nauc_recall_at_5_diff1": 0.5825866310075252,
        "nauc_recall_at_5_max": 0.777951156236192,
        "nauc_recall_at_5_std": 0.3204334395785277,
        "ndcg_at_1": 0.75845,
        "ndcg_at_10": 0.7959,
        "ndcg_at_100": 0.81128,
        "ndcg_at_1000": 0.81853,
        "ndcg_at_20": 0.80402,
        "ndcg_at_3": 0.75049,
        "ndcg_at_5": 0.77913,
        "precision_at_1": 0.75845,
        "precision_at_10": 0.15828,
        "precision_at_100": 0.01711,
        "precision_at_1000": 0.00182,
        "precision_at_20": 0.08193,
        "precision_at_3": 0.44538,
        "precision_at_5": 0.29662,
        "recall_at_1": 0.49056,
        "recall_at_10": 0.85471,
        "recall_at_100": 0.91048,
        "recall_at_1000": 0.95746,
        "recall_at_20": 0.87968,
        "recall_at_3": 0.75651,
        "recall_at_5": 0.81552
      }
    ]
  },
  "task_name": "Ko-StrategyQA"
}