{
  "dataset_revision": "d243889a3eb6654029dbd7e7f9319ae31d58f97c",
  "task_name": "Ko-StrategyQA",
  "mteb_version": "1.31.1",
  "scores": {
    "dev": [
      {
        "ndcg_at_1": 0.75845,
        "ndcg_at_3": 0.75101,
        "ndcg_at_5": 0.77924,
        "ndcg_at_10": 0.79595,
        "ndcg_at_20": 0.80406,
        "ndcg_at_100": 0.81133,
        "ndcg_at_1000": 0.81857,
        "map_at_1": 0.49056,
        "map_at_3": 0.71144,
        "map_at_5": 0.74006,
        "map_at_10": 0.75146,
        "map_at_20": 0.75514,
        "map_at_100": 0.7567,
        "map_at_1000": 0.75704,
        "recall_at_1": 0.49056,
        "recall_at_3": 0.75735,
        "recall_at_5": 0.81552,
        "recall_at_10": 0.85471,
        "recall_at_20": 0.87968,
        "recall_at_100": 0.91048,
        "recall_at_1000": 0.95746,
        "precision_at_1": 0.75845,
        "precision_at_3": 0.44595,
        "precision_at_5": 0.29662,
        "precision_at_10": 0.15828,
        "precision_at_20": 0.08193,
        "precision_at_100": 0.01711,
        "precision_at_1000": 0.00182,
        "mrr_at_1": 0.758446,
        "mrr_at_3": 0.805462,
        "mrr_at_5": 0.810529,
        "mrr_at_10": 0.813401,
        "mrr_at_20": 0.81413,
        "mrr_at_100": 0.814672,
        "mrr_at_1000": 0.814794,
        "nauc_ndcg_at_1_max": 0.63511,
        "nauc_ndcg_at_1_std": 0.262178,
        "nauc_ndcg_at_1_diff1": 0.6939,
        "nauc_ndcg_at_3_max": 0.655344,
        "nauc_ndcg_at_3_std": 0.23464,
        "nauc_ndcg_at_3_diff1": 0.599562,
        "nauc_ndcg_at_5_max": 0.70432,
        "nauc_ndcg_at_5_std": 0.279858,
        "nauc_ndcg_at_5_diff1": 0.619024,
        "nauc_ndcg_at_10_max": 0.714253,
        "nauc_ndcg_at_10_std": 0.330823,
        "nauc_ndcg_at_10_diff1": 0.622985,
        "nauc_ndcg_at_20_max": 0.71602,
        "nauc_ndcg_at_20_std": 0.350851,
        "nauc_ndcg_at_20_diff1": 0.62566,
        "nauc_ndcg_at_100_max": 0.716502,
        "nauc_ndcg_at_100_std": 0.358079,
        "nauc_ndcg_at_100_diff1": 0.628817,
        "nauc_ndcg_at_1000_max": 0.708907,
        "nauc_ndcg_at_1000_std": 0.344926,
        "nauc_ndcg_at_1000_diff1": 0.628882,
        "nauc_map_at_1_max": 0.312169,
        "nauc_map_at_1_std": 0.018871,
        "nauc_map_at_1_diff1": 0.645289,
        "nauc_map_at_3_max": 0.60641,
        "nauc_map_at_3_std": 0.184583,
        "nauc_map_at_3_diff1": 0.592536,
        "nauc_map_at_5_max": 0.649969,
        "nauc_map_at_5_std": 0.219097,
        "nauc_map_at_5_diff1": 0.604374,
        "nauc_map_at_10_max": 0.656331,
        "nauc_map_at_10_std": 0.247674,
        "nauc_map_at_10_diff1": 0.606639,
        "nauc_map_at_20_max": 0.656574,
        "nauc_map_at_20_std": 0.255068,
        "nauc_map_at_20_diff1": 0.607516,
        "nauc_map_at_100_max": 0.657183,
        "nauc_map_at_100_std": 0.256576,
        "nauc_map_at_100_diff1": 0.608191,
        "nauc_map_at_1000_max": 0.656949,
        "nauc_map_at_1000_std": 0.256114,
        "nauc_map_at_1000_diff1": 0.608302,
        "nauc_recall_at_1_max": 0.312169,
        "nauc_recall_at_1_std": 0.018871,
        "nauc_recall_at_1_diff1": 0.645289,
        "nauc_recall_at_3_max": 0.670302,
        "nauc_recall_at_3_std": 0.231831,
        "nauc_recall_at_3_diff1": 0.551811,
        "nauc_recall_at_5_max": 0.777951,
        "nauc_recall_at_5_std": 0.321546,
        "nauc_recall_at_5_diff1": 0.583558,
        "nauc_recall_at_10_max": 0.823197,
        "nauc_recall_at_10_std": 0.492508,
        "nauc_recall_at_10_diff1": 0.585756,
        "nauc_recall_at_20_max": 0.863316,
        "nauc_recall_at_20_std": 0.618784,
        "nauc_recall_at_20_diff1": 0.603186,
        "nauc_recall_at_100_max": 0.913088,
        "nauc_recall_at_100_std": 0.766422,
        "nauc_recall_at_100_diff1": 0.626276,
        "nauc_recall_at_1000_max": 0.937332,
        "nauc_recall_at_1000_std": 0.870743,
        "nauc_recall_at_1000_diff1": 0.618449,
        "nauc_precision_at_1_max": 0.63511,
        "nauc_precision_at_1_std": 0.262178,
        "nauc_precision_at_1_diff1": 0.6939,
        "nauc_precision_at_3_max": 0.408417,
        "nauc_precision_at_3_std": 0.272078,
        "nauc_precision_at_3_diff1": 0.007813,
        "nauc_precision_at_5_max": 0.344754,
        "nauc_precision_at_5_std": 0.275211,
        "nauc_precision_at_5_diff1": -0.067589,
        "nauc_precision_at_10_max": 0.272197,
        "nauc_precision_at_10_std": 0.309905,
        "nauc_precision_at_10_diff1": -0.123357,
        "nauc_precision_at_20_max": 0.227678,
        "nauc_precision_at_20_std": 0.323728,
        "nauc_precision_at_20_diff1": -0.157604,
        "nauc_precision_at_100_max": 0.162471,
        "nauc_precision_at_100_std": 0.302589,
        "nauc_precision_at_100_diff1": -0.203383,
        "nauc_precision_at_1000_max": 0.033842,
        "nauc_precision_at_1000_std": 0.214284,
        "nauc_precision_at_1000_diff1": -0.306639,
        "nauc_mrr_at_1_max": 0.63511,
        "nauc_mrr_at_1_std": 0.262178,
        "nauc_mrr_at_1_diff1": 0.6939,
        "nauc_mrr_at_3_max": 0.724872,
        "nauc_mrr_at_3_std": 0.357513,
        "nauc_mrr_at_3_diff1": 0.679352,
        "nauc_mrr_at_5_max": 0.724526,
        "nauc_mrr_at_5_std": 0.362557,
        "nauc_mrr_at_5_diff1": 0.682119,
        "nauc_mrr_at_10_max": 0.722799,
        "nauc_mrr_at_10_std": 0.365504,
        "nauc_mrr_at_10_diff1": 0.68324,
        "nauc_mrr_at_20_max": 0.722041,
        "nauc_mrr_at_20_std": 0.365097,
        "nauc_mrr_at_20_diff1": 0.68317,
        "nauc_mrr_at_100_max": 0.721429,
        "nauc_mrr_at_100_std": 0.364598,
        "nauc_mrr_at_100_diff1": 0.683341,
        "nauc_mrr_at_1000_max": 0.721252,
        "nauc_mrr_at_1000_std": 0.364273,
        "nauc_mrr_at_1000_diff1": 0.683284,
        "main_score": 0.79595,
        "hf_subset": "default",
        "languages": [
          "kor-Hang"
        ]
      }
    ]
  },
  "evaluation_time": 21.08481502532959,
  "kg_co2_emissions": null
}