{
  "dataset_revision": "main",
  "evaluation_time": 11312.0097489357,
  "kg_co2_emissions": null,
  "mteb_version": "1.19.4",
  "scores": {
    "dev": [
      {
        "hf_subset": "ko",
        "languages": [
          "kor-Kore"
        ],
        "main_score": 0.68331,
        "map_at_1": 0.3923,
        "map_at_10": 0.59239,
        "map_at_100": 0.6184,
        "map_at_1000": 0.61894,
        "map_at_20": 0.60938,
        "map_at_3": 0.51673,
        "map_at_5": 0.56081,
        "mrr_at_1": 0.6431924882629108,
        "mrr_at_10": 0.745903196959535,
        "mrr_at_100": 0.748772757610797,
        "mrr_at_1000": 0.7488523347263736,
        "mrr_at_20": 0.7485247970051528,
        "mrr_at_3": 0.7261345852895147,
        "mrr_at_5": 0.7392801251956181,
        "nauc_map_at_1000_diff1": 0.3774946180359577,
        "nauc_map_at_1000_max": 0.3535314711403068,
        "nauc_map_at_1000_std": -0.019909988048151767,
        "nauc_map_at_100_diff1": 0.3768667446156779,
        "nauc_map_at_100_max": 0.3528725827953486,
        "nauc_map_at_100_std": -0.019930418545331507,
        "nauc_map_at_10_diff1": 0.3850131229245043,
        "nauc_map_at_10_max": 0.32331258334429996,
        "nauc_map_at_10_std": -0.0671951047858982,
        "nauc_map_at_1_diff1": 0.5196816318543573,
        "nauc_map_at_1_max": 0.26411793746035594,
        "nauc_map_at_1_std": -0.1503999839349953,
        "nauc_map_at_20_diff1": 0.37669876948229386,
        "nauc_map_at_20_max": 0.34069178684781326,
        "nauc_map_at_20_std": -0.034742643713636716,
        "nauc_map_at_3_diff1": 0.4182627612388757,
        "nauc_map_at_3_max": 0.2739352819666986,
        "nauc_map_at_3_std": -0.12101619469325169,
        "nauc_map_at_5_diff1": 0.39687144596343005,
        "nauc_map_at_5_max": 0.2971376440937249,
        "nauc_map_at_5_std": -0.11478928058095475,
        "nauc_mrr_at_1000_diff1": 0.3739869856099168,
        "nauc_mrr_at_1000_max": 0.4806436351696716,
        "nauc_mrr_at_1000_std": 0.12498978009344504,
        "nauc_mrr_at_100_diff1": 0.37374067751519524,
        "nauc_mrr_at_100_max": 0.4806897016682821,
        "nauc_mrr_at_100_std": 0.12521604708949863,
        "nauc_mrr_at_10_diff1": 0.37390275527505346,
        "nauc_mrr_at_10_max": 0.48134636338291814,
        "nauc_mrr_at_10_std": 0.12252512689369086,
        "nauc_mrr_at_1_diff1": 0.40798053381505517,
        "nauc_mrr_at_1_max": 0.43355324394619194,
        "nauc_mrr_at_1_std": 0.10194903601481653,
        "nauc_mrr_at_20_diff1": 0.3733532620658847,
        "nauc_mrr_at_20_max": 0.481188843537414,
        "nauc_mrr_at_20_std": 0.12577842594499059,
        "nauc_mrr_at_3_diff1": 0.3702505623508384,
        "nauc_mrr_at_3_max": 0.48860309634358867,
        "nauc_mrr_at_3_std": 0.12959244782825213,
        "nauc_mrr_at_5_diff1": 0.37440575876060483,
        "nauc_mrr_at_5_max": 0.48190539569289936,
        "nauc_mrr_at_5_std": 0.10821144432670865,
        "nauc_ndcg_at_1000_diff1": 0.36468099422761685,
        "nauc_ndcg_at_1000_max": 0.4283410599592818,
        "nauc_ndcg_at_1000_std": 0.0777771522512293,
        "nauc_ndcg_at_100_diff1": 0.3568350316982012,
        "nauc_ndcg_at_100_max": 0.4267523913568,
        "nauc_ndcg_at_100_std": 0.08664324619901745,
        "nauc_ndcg_at_10_diff1": 0.3709148638740794,
        "nauc_ndcg_at_10_max": 0.370843620720174,
        "nauc_ndcg_at_10_std": -0.011817563463895356,
        "nauc_ndcg_at_1_diff1": 0.40798053381505517,
        "nauc_ndcg_at_1_max": 0.43355324394619194,
        "nauc_ndcg_at_1_std": 0.10194903601481653,
        "nauc_ndcg_at_20_diff1": 0.3545292942937683,
        "nauc_ndcg_at_20_max": 0.40307170590881086,
        "nauc_ndcg_at_20_std": 0.053364236078871974,
        "nauc_ndcg_at_3_diff1": 0.3634317603574458,
        "nauc_ndcg_at_3_max": 0.3702287982936343,
        "nauc_ndcg_at_3_std": 0.006161518715522704,
        "nauc_ndcg_at_5_diff1": 0.37810234789919145,
        "nauc_ndcg_at_5_max": 0.36167845453393555,
        "nauc_ndcg_at_5_std": -0.054103875622263674,
        "nauc_precision_at_1000_diff1": -0.23764683402393874,
        "nauc_precision_at_1000_max": 0.17062992955525072,
        "nauc_precision_at_1000_std": 0.41900460356843805,
        "nauc_precision_at_100_diff1": -0.24135047779614466,
        "nauc_precision_at_100_max": 0.18576687324926303,
        "nauc_precision_at_100_std": 0.4442303287310702,
        "nauc_precision_at_10_diff1": -0.22766796771967845,
        "nauc_precision_at_10_max": 0.21497148440048625,
        "nauc_precision_at_10_std": 0.37218123721668905,
        "nauc_precision_at_1_diff1": 0.40798053381505517,
        "nauc_precision_at_1_max": 0.43355324394619194,
        "nauc_precision_at_1_std": 0.10194903601481653,
        "nauc_precision_at_20_diff1": -0.26615333990630646,
        "nauc_precision_at_20_max": 0.20236992458242156,
        "nauc_precision_at_20_std": 0.4430085750960338,
        "nauc_precision_at_3_diff1": -0.11383669894778764,
        "nauc_precision_at_3_max": 0.2717879122260088,
        "nauc_precision_at_3_std": 0.2709135728694691,
        "nauc_precision_at_5_diff1": -0.19463523232683233,
        "nauc_precision_at_5_max": 0.2160201242456816,
        "nauc_precision_at_5_std": 0.2789409714060988,
        "nauc_recall_at_1000_diff1": 1.0,
        "nauc_recall_at_1000_max": 1.0,
        "nauc_recall_at_1000_std": 1.0,
        "nauc_recall_at_100_diff1": 0.18908040393134162,
        "nauc_recall_at_100_max": 0.47390319498448813,
        "nauc_recall_at_100_std": 0.49521202474372344,
        "nauc_recall_at_10_diff1": 0.29897134897446154,
        "nauc_recall_at_10_max": 0.25670493721041504,
        "nauc_recall_at_10_std": -0.082099196511308,
        "nauc_recall_at_1_diff1": 0.5196816318543573,
        "nauc_recall_at_1_max": 0.26411793746035594,
        "nauc_recall_at_1_std": -0.1503999839349953,
        "nauc_recall_at_20_diff1": 0.21242467085037842,
        "nauc_recall_at_20_max": 0.31989790929720013,
        "nauc_recall_at_20_std": 0.12476081609645708,
        "nauc_recall_at_3_diff1": 0.35945142823550263,
        "nauc_recall_at_3_max": 0.22427651751677,
        "nauc_recall_at_3_std": -0.166837960755657,
        "nauc_recall_at_5_diff1": 0.3154176983700154,
        "nauc_recall_at_5_max": 0.22034669463342174,
        "nauc_recall_at_5_std": -0.2377572626036249,
        "ndcg_at_1": 0.64319,
        "ndcg_at_10": 0.68331,
        "ndcg_at_100": 0.74053,
        "ndcg_at_1000": 0.74724,
        "ndcg_at_20": 0.71542,
        "ndcg_at_3": 0.6319,
        "ndcg_at_5": 0.65301,
        "precision_at_1": 0.64319,
        "precision_at_10": 0.17606,
        "precision_at_100": 0.02451,
        "precision_at_1000": 0.00256,
        "precision_at_20": 0.10399,
        "precision_at_3": 0.37559,
        "precision_at_5": 0.28263,
        "recall_at_1": 0.3923,
        "recall_at_10": 0.77817,
        "recall_at_100": 0.95483,
        "recall_at_1000": 0.99531,
        "recall_at_20": 0.86781,
        "recall_at_3": 0.5853,
        "recall_at_5": 0.68579
      }
    ]
  },
  "task_name": "MIRACLRetrieval"
}