{
  "dataset_revision": "fc24a3ce8f09746410daee3d5cd823ff7a0675b7",
  "evaluation_time": 11472.845931529999,
  "kg_co2_emissions": null,
  "mteb_version": "1.19.4",
  "scores": {
    "test": [
      {
        "hf_subset": "korean",
        "languages": [
          "kor-Kore"
        ],
        "main_score": 0.60992,
        "map_at_1": 0.43587,
        "map_at_10": 0.55105,
        "map_at_100": 0.55937,
        "map_at_1000": 0.55967,
        "map_at_20": 0.55623,
        "map_at_3": 0.52375,
        "map_at_5": 0.53682,
        "mrr_at_1": 0.47268408551068886,
        "mrr_at_10": 0.5790040719375636,
        "mrr_at_100": 0.5846102667713428,
        "mrr_at_1000": 0.5848739682713796,
        "mrr_at_20": 0.5824617319866726,
        "mrr_at_3": 0.5570071258907365,
        "mrr_at_5": 0.5674584323040381,
        "nauc_map_at_1000_diff1": 0.3753050258625946,
        "nauc_map_at_1000_max": 0.40673073430037027,
        "nauc_map_at_1000_std": 0.028514895004117826,
        "nauc_map_at_100_diff1": 0.37509599591180637,
        "nauc_map_at_100_max": 0.4068533874045987,
        "nauc_map_at_100_std": 0.02853250905845099,
        "nauc_map_at_10_diff1": 0.372372520798537,
        "nauc_map_at_10_max": 0.4038802418315354,
        "nauc_map_at_10_std": 0.028654103214843855,
        "nauc_map_at_1_diff1": 0.42515981554619875,
        "nauc_map_at_1_max": 0.37700543732750713,
        "nauc_map_at_1_std": -0.016879277061596795,
        "nauc_map_at_20_diff1": 0.3722103022931264,
        "nauc_map_at_20_max": 0.4052825801949023,
        "nauc_map_at_20_std": 0.03006486477801866,
        "nauc_map_at_3_diff1": 0.37971485207970246,
        "nauc_map_at_3_max": 0.40590668886879533,
        "nauc_map_at_3_std": 0.02401990421735226,
        "nauc_map_at_5_diff1": 0.37185612411403407,
        "nauc_map_at_5_max": 0.40773810091462803,
        "nauc_map_at_5_std": 0.02940435777573965,
        "nauc_mrr_at_1000_diff1": 0.4078523594341167,
        "nauc_mrr_at_1000_max": 0.4394076714687208,
        "nauc_mrr_at_1000_std": 0.04120542083949322,
        "nauc_mrr_at_100_diff1": 0.40758829173709177,
        "nauc_mrr_at_100_max": 0.4395221029740597,
        "nauc_mrr_at_100_std": 0.04133303089568957,
        "nauc_mrr_at_10_diff1": 0.4057055441388549,
        "nauc_mrr_at_10_max": 0.43793081284299035,
        "nauc_mrr_at_10_std": 0.04359601366998576,
        "nauc_mrr_at_1_diff1": 0.4543862358578472,
        "nauc_mrr_at_1_max": 0.4147346811251485,
        "nauc_mrr_at_1_std": 0.000748455478851234,
        "nauc_mrr_at_20_diff1": 0.40601610889868633,
        "nauc_mrr_at_20_max": 0.43892856816163567,
        "nauc_mrr_at_20_std": 0.04265928289658641,
        "nauc_mrr_at_3_diff1": 0.40922453974926726,
        "nauc_mrr_at_3_max": 0.43797844418516424,
        "nauc_mrr_at_3_std": 0.04160958218861414,
        "nauc_mrr_at_5_diff1": 0.40357752382017725,
        "nauc_mrr_at_5_max": 0.4404496442108461,
        "nauc_mrr_at_5_std": 0.04311527223227418,
        "nauc_ndcg_at_1000_diff1": 0.3757771157677983,
        "nauc_ndcg_at_1000_max": 0.4283923481165144,
        "nauc_ndcg_at_1000_std": 0.04388913877302194,
        "nauc_ndcg_at_100_diff1": 0.3697015687305564,
        "nauc_ndcg_at_100_max": 0.43299779530852794,
        "nauc_ndcg_at_100_std": 0.049515406975730564,
        "nauc_ndcg_at_10_diff1": 0.3568643008644076,
        "nauc_ndcg_at_10_max": 0.4191783096040415,
        "nauc_ndcg_at_10_std": 0.05327069324253914,
        "nauc_ndcg_at_1_diff1": 0.4543862358578472,
        "nauc_ndcg_at_1_max": 0.4147346811251485,
        "nauc_ndcg_at_1_std": 0.000748455478851234,
        "nauc_ndcg_at_20_diff1": 0.35642410549907505,
        "nauc_ndcg_at_20_max": 0.42428646497726574,
        "nauc_ndcg_at_20_std": 0.0571135852810691,
        "nauc_ndcg_at_3_diff1": 0.36932447470250523,
        "nauc_ndcg_at_3_max": 0.4216462868741249,
        "nauc_ndcg_at_3_std": 0.04413272834181027,
        "nauc_ndcg_at_5_diff1": 0.35585160636930985,
        "nauc_ndcg_at_5_max": 0.42614120371530917,
        "nauc_ndcg_at_5_std": 0.05331191865956327,
        "nauc_precision_at_1000_diff1": -0.015998553156530166,
        "nauc_precision_at_1000_max": 0.06158313258393215,
        "nauc_precision_at_1000_std": 0.0858583970040919,
        "nauc_precision_at_100_diff1": 0.02788668125934561,
        "nauc_precision_at_100_max": 0.18002237908297197,
        "nauc_precision_at_100_std": 0.13411651596172475,
        "nauc_precision_at_10_diff1": 0.1203763746848603,
        "nauc_precision_at_10_max": 0.28187948547700625,
        "nauc_precision_at_10_std": 0.15123759848899393,
        "nauc_precision_at_1_diff1": 0.4543862358578472,
        "nauc_precision_at_1_max": 0.4147346811251485,
        "nauc_precision_at_1_std": 0.000748455478851234,
        "nauc_precision_at_20_diff1": 0.06066286887665023,
        "nauc_precision_at_20_max": 0.23305425439373617,
        "nauc_precision_at_20_std": 0.1663912099113602,
        "nauc_precision_at_3_diff1": 0.27540446711958216,
        "nauc_precision_at_3_max": 0.4246280669061289,
        "nauc_precision_at_3_std": 0.13011858770823792,
        "nauc_precision_at_5_diff1": 0.18631257416980498,
        "nauc_precision_at_5_max": 0.3771850902827074,
        "nauc_precision_at_5_std": 0.1485475132080138,
        "nauc_recall_at_1000_diff1": 0.42933168115881765,
        "nauc_recall_at_1000_max": 0.6590218806072644,
        "nauc_recall_at_1000_std": 0.008830912115977791,
        "nauc_recall_at_100_diff1": 0.24903970913072537,
        "nauc_recall_at_100_max": 0.6180656734448082,
        "nauc_recall_at_100_std": 0.18147764743985456,
        "nauc_recall_at_10_diff1": 0.23934696991783594,
        "nauc_recall_at_10_max": 0.4244251936633175,
        "nauc_recall_at_10_std": 0.1290442757956174,
        "nauc_recall_at_1_diff1": 0.42515981554619875,
        "nauc_recall_at_1_max": 0.37700543732750713,
        "nauc_recall_at_1_std": -0.016879277061596795,
        "nauc_recall_at_20_diff1": 0.2061196808707721,
        "nauc_recall_at_20_max": 0.4563681973865881,
        "nauc_recall_at_20_std": 0.1729491007398988,
        "nauc_recall_at_3_diff1": 0.2985328976269163,
        "nauc_recall_at_3_max": 0.42777057232006016,
        "nauc_recall_at_3_std": 0.08664950021076616,
        "nauc_recall_at_5_diff1": 0.26064350809617987,
        "nauc_recall_at_5_max": 0.4435986352499763,
        "nauc_recall_at_5_std": 0.11666456046771807,
        "ndcg_at_1": 0.47268,
        "ndcg_at_10": 0.60992,
        "ndcg_at_100": 0.64446,
        "ndcg_at_1000": 0.65166,
        "ndcg_at_20": 0.62619,
        "ndcg_at_3": 0.55724,
        "ndcg_at_5": 0.57855,
        "precision_at_1": 0.47268,
        "precision_at_10": 0.08741,
        "precision_at_100": 0.01064,
        "precision_at_1000": 0.00113,
        "precision_at_20": 0.04751,
        "precision_at_3": 0.2304,
        "precision_at_5": 0.15154,
        "recall_at_1": 0.43587,
        "recall_at_10": 0.76128,
        "recall_at_100": 0.91251,
        "recall_at_1000": 0.96675,
        "recall_at_20": 0.82225,
        "recall_at_3": 0.62233,
        "recall_at_5": 0.67023
      }
    ]
  },
  "task_name": "MrTidyRetrieval"
}