{
  "dataset_revision": "fc24a3ce8f09746410daee3d5cd823ff7a0675b7",
  "task_name": "MrTidyRetrieval",
  "mteb_version": "1.31.1",
  "scores": {
    "test": [
      {
        "ndcg_at_1": 0.47268,
        "ndcg_at_3": 0.55724,
        "ndcg_at_5": 0.57862,
        "ndcg_at_10": 0.61,
        "ndcg_at_20": 0.62625,
        "ndcg_at_100": 0.64487,
        "ndcg_at_1000": 0.65172,
        "map_at_1": 0.43587,
        "map_at_3": 0.52375,
        "map_at_5": 0.53694,
        "map_at_10": 0.55115,
        "map_at_20": 0.55632,
        "map_at_100": 0.55949,
        "map_at_1000": 0.55976,
        "recall_at_1": 0.43587,
        "recall_at_3": 0.62233,
        "recall_at_5": 0.67023,
        "recall_at_10": 0.76128,
        "recall_at_20": 0.82225,
        "recall_at_100": 0.91489,
        "recall_at_1000": 0.96675,
        "precision_at_1": 0.47268,
        "precision_at_3": 0.2304,
        "precision_at_5": 0.15154,
        "precision_at_10": 0.08741,
        "precision_at_20": 0.04751,
        "precision_at_100": 0.01067,
        "precision_at_1000": 0.00113,
        "mrr_at_1": 0.472684,
        "mrr_at_3": 0.557007,
        "mrr_at_5": 0.567458,
        "mrr_at_10": 0.579046,
        "mrr_at_20": 0.582489,
        "mrr_at_100": 0.58466,
        "mrr_at_1000": 0.5849,
        "nauc_ndcg_at_1_max": 0.414735,
        "nauc_ndcg_at_1_std": 0.000748,
        "nauc_ndcg_at_1_diff1": 0.454386,
        "nauc_ndcg_at_3_max": 0.421646,
        "nauc_ndcg_at_3_std": 0.044133,
        "nauc_ndcg_at_3_diff1": 0.366823,
        "nauc_ndcg_at_5_max": 0.42627,
        "nauc_ndcg_at_5_std": 0.053554,
        "nauc_ndcg_at_5_diff1": 0.35312,
        "nauc_ndcg_at_10_max": 0.419229,
        "nauc_ndcg_at_10_std": 0.051802,
        "nauc_ndcg_at_10_diff1": 0.354641,
        "nauc_ndcg_at_20_max": 0.424382,
        "nauc_ndcg_at_20_std": 0.056986,
        "nauc_ndcg_at_20_diff1": 0.35416,
        "nauc_ndcg_at_100_max": 0.432926,
        "nauc_ndcg_at_100_std": 0.050226,
        "nauc_ndcg_at_100_diff1": 0.367044,
        "nauc_ndcg_at_1000_max": 0.428488,
        "nauc_ndcg_at_1000_std": 0.043755,
        "nauc_ndcg_at_1000_diff1": 0.373599,
        "nauc_map_at_1_max": 0.377005,
        "nauc_map_at_1_std": -0.016879,
        "nauc_map_at_1_diff1": 0.42516,
        "nauc_map_at_3_max": 0.405907,
        "nauc_map_at_3_std": 0.02402,
        "nauc_map_at_3_diff1": 0.377801,
        "nauc_map_at_5_max": 0.407964,
        "nauc_map_at_5_std": 0.029831,
        "nauc_map_at_5_diff1": 0.369656,
        "nauc_map_at_10_max": 0.404031,
        "nauc_map_at_10_std": 0.028279,
        "nauc_map_at_10_diff1": 0.370479,
        "nauc_map_at_20_max": 0.405469,
        "nauc_map_at_20_std": 0.030081,
        "nauc_map_at_20_diff1": 0.370335,
        "nauc_map_at_100_max": 0.40703,
        "nauc_map_at_100_std": 0.028596,
        "nauc_map_at_100_diff1": 0.373191,
        "nauc_map_at_1000_max": 0.406918,
        "nauc_map_at_1000_std": 0.028533,
        "nauc_map_at_1000_diff1": 0.373414,
        "nauc_recall_at_1_max": 0.377005,
        "nauc_recall_at_1_std": -0.016879,
        "nauc_recall_at_1_diff1": 0.42516,
        "nauc_recall_at_3_max": 0.427771,
        "nauc_recall_at_3_std": 0.08665,
        "nauc_recall_at_3_diff1": 0.294342,
        "nauc_recall_at_5_max": 0.443599,
        "nauc_recall_at_5_std": 0.116665,
        "nauc_recall_at_5_diff1": 0.256067,
        "nauc_recall_at_10_max": 0.424425,
        "nauc_recall_at_10_std": 0.122524,
        "nauc_recall_at_10_diff1": 0.236087,
        "nauc_recall_at_20_max": 0.456368,
        "nauc_recall_at_20_std": 0.172949,
        "nauc_recall_at_20_diff1": 0.201937,
        "nauc_recall_at_100_max": 0.619841,
        "nauc_recall_at_100_std": 0.202281,
        "nauc_recall_at_100_diff1": 0.232289,
        "nauc_recall_at_1000_max": 0.659022,
        "nauc_recall_at_1000_std": 0.008831,
        "nauc_recall_at_1000_diff1": 0.429332,
        "nauc_precision_at_1_max": 0.414735,
        "nauc_precision_at_1_std": 0.000748,
        "nauc_precision_at_1_diff1": 0.454386,
        "nauc_precision_at_3_max": 0.424628,
        "nauc_precision_at_3_std": 0.130119,
        "nauc_precision_at_3_diff1": 0.27152,
        "nauc_precision_at_5_max": 0.377185,
        "nauc_precision_at_5_std": 0.148548,
        "nauc_precision_at_5_diff1": 0.182552,
        "nauc_precision_at_10_max": 0.281879,
        "nauc_precision_at_10_std": 0.146949,
        "nauc_precision_at_10_diff1": 0.118232,
        "nauc_precision_at_20_max": 0.233054,
        "nauc_precision_at_20_std": 0.166391,
        "nauc_precision_at_20_diff1": 0.058537,
        "nauc_precision_at_100_max": 0.177105,
        "nauc_precision_at_100_std": 0.139556,
        "nauc_precision_at_100_diff1": 0.021487,
        "nauc_precision_at_1000_max": 0.061583,
        "nauc_precision_at_1000_std": 0.085858,
        "nauc_precision_at_1000_diff1": -0.015999,
        "nauc_mrr_at_1_max": 0.414735,
        "nauc_mrr_at_1_std": 0.000748,
        "nauc_mrr_at_1_diff1": 0.454386,
        "nauc_mrr_at_3_max": 0.437978,
        "nauc_mrr_at_3_std": 0.04161,
        "nauc_mrr_at_3_diff1": 0.407272,
        "nauc_mrr_at_5_max": 0.44045,
        "nauc_mrr_at_5_std": 0.043115,
        "nauc_mrr_at_5_diff1": 0.401587,
        "nauc_mrr_at_10_max": 0.437855,
        "nauc_mrr_at_10_std": 0.042982,
        "nauc_mrr_at_10_diff1": 0.403879,
        "nauc_mrr_at_20_max": 0.43886,
        "nauc_mrr_at_20_std": 0.042438,
        "nauc_mrr_at_20_diff1": 0.404204,
        "nauc_mrr_at_100_max": 0.439445,
        "nauc_mrr_at_100_std": 0.041158,
        "nauc_mrr_at_100_diff1": 0.405754,
        "nauc_mrr_at_1000_max": 0.439339,
        "nauc_mrr_at_1000_std": 0.040984,
        "nauc_mrr_at_1000_diff1": 0.40603,
        "main_score": 0.61,
        "hf_subset": "korean",
        "languages": [
          "kor-Kore"
        ]
      }
    ]
  },
  "evaluation_time": 1970.367206811905,
  "kg_co2_emissions": null
}