{
  "dataset_revision": "d67138e705d963e346253a80e59676ddb418810a",
  "task_name": "MultiLongDocRetrieval",
  "mteb_version": "1.31.1",
  "scores": {
    "dev": [
      {
        "ndcg_at_1": 0.305,
        "ndcg_at_3": 0.36917,
        "ndcg_at_5": 0.38982,
        "ndcg_at_10": 0.4015,
        "ndcg_at_20": 0.42366,
        "ndcg_at_100": 0.45743,
        "ndcg_at_1000": 0.47866,
        "map_at_1": 0.305,
        "map_at_3": 0.35333,
        "map_at_5": 0.36483,
        "map_at_10": 0.36988,
        "map_at_20": 0.37565,
        "map_at_100": 0.38043,
        "map_at_1000": 0.38117,
        "recall_at_1": 0.305,
        "recall_at_3": 0.415,
        "recall_at_5": 0.465,
        "recall_at_10": 0.5,
        "recall_at_20": 0.59,
        "recall_at_100": 0.77,
        "recall_at_1000": 0.94,
        "precision_at_1": 0.305,
        "precision_at_3": 0.13833,
        "precision_at_5": 0.093,
        "precision_at_10": 0.05,
        "precision_at_20": 0.0295,
        "precision_at_100": 0.0077,
        "precision_at_1000": 0.00094,
        "mrr_at_1": 0.305,
        "mrr_at_3": 0.353333,
        "mrr_at_5": 0.364833,
        "mrr_at_10": 0.369881,
        "mrr_at_20": 0.375651,
        "mrr_at_100": 0.38043,
        "mrr_at_1000": 0.381166,
        "nauc_ndcg_at_1_max": 0.507747,
        "nauc_ndcg_at_1_std": 0.016915,
        "nauc_ndcg_at_1_diff1": 0.617743,
        "nauc_ndcg_at_3_max": 0.563315,
        "nauc_ndcg_at_3_std": 0.040747,
        "nauc_ndcg_at_3_diff1": 0.619524,
        "nauc_ndcg_at_5_max": 0.552558,
        "nauc_ndcg_at_5_std": 0.032438,
        "nauc_ndcg_at_5_diff1": 0.627242,
        "nauc_ndcg_at_10_max": 0.539285,
        "nauc_ndcg_at_10_std": 0.033865,
        "nauc_ndcg_at_10_diff1": 0.613271,
        "nauc_ndcg_at_20_max": 0.538154,
        "nauc_ndcg_at_20_std": 0.05828,
        "nauc_ndcg_at_20_diff1": 0.614018,
        "nauc_ndcg_at_100_max": 0.539027,
        "nauc_ndcg_at_100_std": 0.086685,
        "nauc_ndcg_at_100_diff1": 0.602032,
        "nauc_ndcg_at_1000_max": 0.544647,
        "nauc_ndcg_at_1000_std": 0.074091,
        "nauc_ndcg_at_1000_diff1": 0.610693,
        "nauc_map_at_1_max": 0.507747,
        "nauc_map_at_1_std": 0.016915,
        "nauc_map_at_1_diff1": 0.617743,
        "nauc_map_at_3_max": 0.55169,
        "nauc_map_at_3_std": 0.036908,
        "nauc_map_at_3_diff1": 0.619731,
        "nauc_map_at_5_max": 0.546335,
        "nauc_map_at_5_std": 0.032925,
        "nauc_map_at_5_diff1": 0.624357,
        "nauc_map_at_10_max": 0.54064,
        "nauc_map_at_10_std": 0.033505,
        "nauc_map_at_10_diff1": 0.618656,
        "nauc_map_at_20_max": 0.540121,
        "nauc_map_at_20_std": 0.039451,
        "nauc_map_at_20_diff1": 0.618773,
        "nauc_map_at_100_max": 0.539871,
        "nauc_map_at_100_std": 0.042835,
        "nauc_map_at_100_diff1": 0.616572,
        "nauc_map_at_1000_max": 0.540113,
        "nauc_map_at_1000_std": 0.042595,
        "nauc_map_at_1000_diff1": 0.616841,
        "nauc_recall_at_1_max": 0.507747,
        "nauc_recall_at_1_std": 0.016915,
        "nauc_recall_at_1_diff1": 0.617743,
        "nauc_recall_at_3_max": 0.595539,
        "nauc_recall_at_3_std": 0.050863,
        "nauc_recall_at_3_diff1": 0.618687,
        "nauc_recall_at_5_max": 0.567358,
        "nauc_recall_at_5_std": 0.028294,
        "nauc_recall_at_5_diff1": 0.635938,
        "nauc_recall_at_10_max": 0.527342,
        "nauc_recall_at_10_std": 0.032585,
        "nauc_recall_at_10_diff1": 0.592272,
        "nauc_recall_at_20_max": 0.523442,
        "nauc_recall_at_20_std": 0.142398,
        "nauc_recall_at_20_diff1": 0.594362,
        "nauc_recall_at_100_max": 0.532598,
        "nauc_recall_at_100_std": 0.429802,
        "nauc_recall_at_100_diff1": 0.501085,
        "nauc_recall_at_1000_max": 0.720121,
        "nauc_recall_at_1000_std": 0.698996,
        "nauc_recall_at_1000_diff1": 0.615857,
        "nauc_precision_at_1_max": 0.507747,
        "nauc_precision_at_1_std": 0.016915,
        "nauc_precision_at_1_diff1": 0.617743,
        "nauc_precision_at_3_max": 0.595539,
        "nauc_precision_at_3_std": 0.050863,
        "nauc_precision_at_3_diff1": 0.618687,
        "nauc_precision_at_5_max": 0.567358,
        "nauc_precision_at_5_std": 0.028294,
        "nauc_precision_at_5_diff1": 0.635938,
        "nauc_precision_at_10_max": 0.527342,
        "nauc_precision_at_10_std": 0.032585,
        "nauc_precision_at_10_diff1": 0.592272,
        "nauc_precision_at_20_max": 0.523442,
        "nauc_precision_at_20_std": 0.142398,
        "nauc_precision_at_20_diff1": 0.594362,
        "nauc_precision_at_100_max": 0.532598,
        "nauc_precision_at_100_std": 0.429802,
        "nauc_precision_at_100_diff1": 0.501085,
        "nauc_precision_at_1000_max": 0.720121,
        "nauc_precision_at_1000_std": 0.698996,
        "nauc_precision_at_1000_diff1": 0.615857,
        "nauc_mrr_at_1_max": 0.507747,
        "nauc_mrr_at_1_std": 0.016915,
        "nauc_mrr_at_1_diff1": 0.617743,
        "nauc_mrr_at_3_max": 0.55169,
        "nauc_mrr_at_3_std": 0.036908,
        "nauc_mrr_at_3_diff1": 0.619731,
        "nauc_mrr_at_5_max": 0.546335,
        "nauc_mrr_at_5_std": 0.032925,
        "nauc_mrr_at_5_diff1": 0.624357,
        "nauc_mrr_at_10_max": 0.54064,
        "nauc_mrr_at_10_std": 0.033505,
        "nauc_mrr_at_10_diff1": 0.618656,
        "nauc_mrr_at_20_max": 0.540121,
        "nauc_mrr_at_20_std": 0.039451,
        "nauc_mrr_at_20_diff1": 0.618773,
        "nauc_mrr_at_100_max": 0.539871,
        "nauc_mrr_at_100_std": 0.042835,
        "nauc_mrr_at_100_diff1": 0.616572,
        "nauc_mrr_at_1000_max": 0.540113,
        "nauc_mrr_at_1000_std": 0.042595,
        "nauc_mrr_at_1000_diff1": 0.616841,
        "main_score": 0.4015,
        "hf_subset": "ko",
        "languages": [
          "kor-Hang"
        ]
      }
    ],
    "test": [
      {
        "ndcg_at_1": 0.29,
        "ndcg_at_3": 0.35297,
        "ndcg_at_5": 0.36524,
        "ndcg_at_10": 0.3784,
        "ndcg_at_20": 0.39793,
        "ndcg_at_100": 0.42814,
        "ndcg_at_1000": 0.45291,
        "map_at_1": 0.29,
        "map_at_3": 0.33833,
        "map_at_5": 0.34508,
        "map_at_10": 0.35064,
        "map_at_20": 0.3563,
        "map_at_100": 0.36035,
        "map_at_1000": 0.36119,
        "recall_at_1": 0.29,
        "recall_at_3": 0.395,
        "recall_at_5": 0.425,
        "recall_at_10": 0.465,
        "recall_at_20": 0.54,
        "recall_at_100": 0.705,
        "recall_at_1000": 0.905,
        "precision_at_1": 0.29,
        "precision_at_3": 0.13167,
        "precision_at_5": 0.085,
        "precision_at_10": 0.0465,
        "precision_at_20": 0.027,
        "precision_at_100": 0.00705,
        "precision_at_1000": 0.00091,
        "mrr_at_1": 0.29,
        "mrr_at_3": 0.338333,
        "mrr_at_5": 0.345083,
        "mrr_at_10": 0.350643,
        "mrr_at_20": 0.356301,
        "mrr_at_100": 0.360351,
        "mrr_at_1000": 0.361194,
        "nauc_ndcg_at_1_max": 0.559366,
        "nauc_ndcg_at_1_std": 0.005728,
        "nauc_ndcg_at_1_diff1": 0.616273,
        "nauc_ndcg_at_3_max": 0.488471,
        "nauc_ndcg_at_3_std": -0.016061,
        "nauc_ndcg_at_3_diff1": 0.549272,
        "nauc_ndcg_at_5_max": 0.498735,
        "nauc_ndcg_at_5_std": 0.008663,
        "nauc_ndcg_at_5_diff1": 0.547376,
        "nauc_ndcg_at_10_max": 0.495477,
        "nauc_ndcg_at_10_std": 0.030058,
        "nauc_ndcg_at_10_diff1": 0.530263,
        "nauc_ndcg_at_20_max": 0.501946,
        "nauc_ndcg_at_20_std": 0.050663,
        "nauc_ndcg_at_20_diff1": 0.521463,
        "nauc_ndcg_at_100_max": 0.508171,
        "nauc_ndcg_at_100_std": 0.079149,
        "nauc_ndcg_at_100_diff1": 0.52784,
        "nauc_ndcg_at_1000_max": 0.514295,
        "nauc_ndcg_at_1000_std": 0.072298,
        "nauc_ndcg_at_1000_diff1": 0.531257,
        "nauc_map_at_1_max": 0.559366,
        "nauc_map_at_1_std": 0.005728,
        "nauc_map_at_1_diff1": 0.616273,