{
  "dataset_revision": "d67138e705d963e346253a80e59676ddb418810a",
  "evaluation_time": 11403.819789886475,
  "kg_co2_emissions": null,
  "mteb_version": "1.19.4",
  "scores": {
    "dev": [
      {
        "hf_subset": "ko",
        "languages": [
          "kor-Hang"
        ],
        "main_score": 0.40135,
        "map_at_1": 0.305,
        "map_at_10": 0.36971,
        "map_at_100": 0.38027,
        "map_at_1000": 0.38101,
        "map_at_20": 0.37548,
        "map_at_3": 0.35333,
        "map_at_5": 0.36383,
        "mrr_at_1": 0.305,
        "mrr_at_10": 0.3697142857142858,
        "mrr_at_100": 0.38027095017778445,
        "mrr_at_1000": 0.3810058122522981,
        "mrr_at_20": 0.375484421710041,
        "mrr_at_3": 0.35333333333333344,
        "mrr_at_5": 0.3638333333333334,
        "nauc_map_at_1000_diff1": 0.620492315177477,
        "nauc_map_at_1000_max": 0.5405636248210866,
        "nauc_map_at_1000_std": 0.04283524136714581,
        "nauc_map_at_100_diff1": 0.6202335672884487,
        "nauc_map_at_100_max": 0.5403203845586158,
        "nauc_map_at_100_std": 0.04307170013811605,
        "nauc_map_at_10_diff1": 0.6222606937807431,
        "nauc_map_at_10_max": 0.5410835318264443,
        "nauc_map_at_10_std": 0.033766238863526594,
        "nauc_map_at_1_diff1": 0.6205732308086288,
        "nauc_map_at_1_max": 0.5077466354869362,
        "nauc_map_at_1_std": 0.016915228422975038,
        "nauc_map_at_20_diff1": 0.6223990320710757,
        "nauc_map_at_20_max": 0.5405664933566876,
        "nauc_map_at_20_std": 0.03971339133638137,
        "nauc_map_at_3_diff1": 0.6234319716950789,
        "nauc_map_at_3_max": 0.5516904083152316,
        "nauc_map_at_3_std": 0.0369078724163609,
        "nauc_map_at_5_diff1": 0.6273667124297218,
        "nauc_map_at_5_max": 0.5489856322874752,
        "nauc_map_at_5_std": 0.03448790522028278,
        "nauc_mrr_at_1000_diff1": 0.620492315177477,
        "nauc_mrr_at_1000_max": 0.5405636248210866,
        "nauc_mrr_at_1000_std": 0.04283524136714581,
        "nauc_mrr_at_100_diff1": 0.6202335672884487,
        "nauc_mrr_at_100_max": 0.5403203845586158,
        "nauc_mrr_at_100_std": 0.04307170013811605,
        "nauc_mrr_at_10_diff1": 0.6222606937807431,
        "nauc_mrr_at_10_max": 0.5410835318264443,
        "nauc_mrr_at_10_std": 0.033766238863526594,
        "nauc_mrr_at_1_diff1": 0.6205732308086288,
        "nauc_mrr_at_1_max": 0.5077466354869362,
        "nauc_mrr_at_1_std": 0.016915228422975038,
        "nauc_mrr_at_20_diff1": 0.6223990320710757,
        "nauc_mrr_at_20_max": 0.5405664933566876,
        "nauc_mrr_at_20_std": 0.03971339133638137,
        "nauc_mrr_at_3_diff1": 0.6234319716950789,
        "nauc_mrr_at_3_max": 0.5516904083152316,
        "nauc_mrr_at_3_std": 0.0369078724163609,
        "nauc_mrr_at_5_diff1": 0.6273667124297218,
        "nauc_mrr_at_5_max": 0.5489856322874752,
        "nauc_mrr_at_5_std": 0.03448790522028278,
        "nauc_ndcg_at_1000_diff1": 0.6144687969628315,
        "nauc_ndcg_at_1000_max": 0.5451156152792646,
        "nauc_ndcg_at_1000_std": 0.07430926447896827,
        "nauc_ndcg_at_100_diff1": 0.6061270612245266,
        "nauc_ndcg_at_100_max": 0.5394659921296081,
        "nauc_ndcg_at_100_std": 0.0868759587339719,
        "nauc_ndcg_at_10_diff1": 0.6171285085868562,
        "nauc_ndcg_at_10_max": 0.5396922542610059,
        "nauc_ndcg_at_10_std": 0.03410463633600367,
        "nauc_ndcg_at_1_diff1": 0.6205732308086288,
        "nauc_ndcg_at_1_max": 0.5077466354869362,
        "nauc_ndcg_at_1_std": 0.016915228422975038,
        "nauc_ndcg_at_20_diff1": 0.6179654605898276,
        "nauc_ndcg_at_20_max": 0.5385710587988575,
        "nauc_ndcg_at_20_std": 0.05852404464151673,
        "nauc_ndcg_at_3_diff1": 0.6234456627258951,
        "nauc_ndcg_at_3_max": 0.5633149892929821,
        "nauc_ndcg_at_3_std": 0.040746553975076705,
        "nauc_ndcg_at_5_diff1": 0.6298276712412417,
        "nauc_ndcg_at_5_max": 0.5576675497793011,
        "nauc_ndcg_at_5_std": 0.03545339125528916,
        "nauc_precision_at_1000_diff1": 0.615857454092746,
        "nauc_precision_at_1000_max": 0.7201213818860871,
        "nauc_precision_at_1000_std": 0.698996265172736,
        "nauc_precision_at_100_diff1": 0.5077437837111977,
        "nauc_precision_at_100_max": 0.5325977484836956,
        "nauc_precision_at_100_std": 0.4298023768492202,
        "nauc_precision_at_10_diff1": 0.5969353764157226,
        "nauc_precision_at_10_max": 0.5273417721518988,
        "nauc_precision_at_10_std": 0.03258494337108581,
        "nauc_precision_at_1_diff1": 0.6205732308086288,
        "nauc_precision_at_1_max": 0.5077466354869362,
        "nauc_precision_at_1_std": 0.016915228422975038,
        "nauc_precision_at_20_diff1": 0.5994981437187257,
        "nauc_precision_at_20_max": 0.5234419710332074,
        "nauc_precision_at_20_std": 0.1423980512715159,
        "nauc_precision_at_3_diff1": 0.623215221483978,
        "nauc_precision_at_3_max": 0.5955386197928461,
        "nauc_precision_at_3_std": 0.050863357292118244,
        "nauc_precision_at_5_diff1": 0.6370266221649893,
        "nauc_precision_at_5_max": 0.580451236498384,
        "nauc_precision_at_5_std": 0.03604373078237124,
        "nauc_recall_at_1000_diff1": 0.6158574540927494,
        "nauc_recall_at_1000_max": 0.7201213818860859,
        "nauc_recall_at_1000_std": 0.6989962651727336,
        "nauc_recall_at_100_diff1": 0.5077437837111974,
        "nauc_recall_at_100_max": 0.5325977484836953,
        "nauc_recall_at_100_std": 0.42980237684921996,
        "nauc_recall_at_10_diff1": 0.5969353764157229,
        "nauc_recall_at_10_max": 0.5273417721518984,
        "nauc_recall_at_10_std": 0.032584943371085875,
        "nauc_recall_at_1_diff1": 0.6205732308086288,
        "nauc_recall_at_1_max": 0.5077466354869362,
        "nauc_recall_at_1_std": 0.016915228422975038,
        "nauc_recall_at_20_diff1": 0.5994981437187257,
        "nauc_recall_at_20_max": 0.5234419710332074,
        "nauc_recall_at_20_std": 0.14239805127151595,
        "nauc_recall_at_3_diff1": 0.6232152214839783,
        "nauc_recall_at_3_max": 0.5955386197928457,
        "nauc_recall_at_3_std": 0.050863357292118404,
        "nauc_recall_at_5_diff1": 0.6370266221649892,
        "nauc_recall_at_5_max": 0.5804512364983837,
        "nauc_recall_at_5_std": 0.03604373078237104,
        "ndcg_at_1": 0.305,
        "ndcg_at_10": 0.40135,
        "ndcg_at_100": 0.45729,
        "ndcg_at_1000": 0.47851,
        "ndcg_at_20": 0.42351,
        "ndcg_at_3": 0.36917,
        "ndcg_at_5": 0.38789,
        "precision_at_1": 0.305,
        "precision_at_10": 0.05,
        "precision_at_100": 0.0077,
        "precision_at_1000": 0.00094,
        "precision_at_20": 0.0295,
        "precision_at_3": 0.13833,
        "precision_at_5": 0.092,
        "recall_at_1": 0.305,
        "recall_at_10": 0.5,
        "recall_at_100": 0.77,
        "recall_at_1000": 0.94,
        "recall_at_20": 0.59,
        "recall_at_3": 0.415,
        "recall_at_5": 0.46
      }
    ],
    "test": [
      {
        "hf_subset": "ko",
        "languages": [
          "kor-Hang"
        ],
        "main_score": 0.3784,
        "map_at_1": 0.29,
        "map_at_10": 0.35064,
        "map_at_100": 0.36037,
        "map_at_1000": 0.36121,
        "map_at_20": 0.35632,
        "map_at_3": 0.33833,
        "map_at_5": 0.34508,
        "mrr_at_1": 0.29,
        "mrr_at_10": 0.35064285714285715,
        "mrr_at_100": 0.36037241577362655,
        "mrr_at_1000": 0.36121480369607695,
        "mrr_at_20": 0.3563192501942504,
        "mrr_at_3": 0.3383333333333334,
        "mrr_at_5": 0.3450833333333334,
        "nauc_map_at_1000_diff1": 0.5555260535712806,
        "nauc_map_at_1000_max": 0.511946413470973,
        "nauc_map_at_1000_std": 0.022591047932817226,
        "nauc_map_at_100_diff1": 0.5553419096812181,
        "nauc_map_at_100_max": 0.5117643587928126,
        "nauc_map_at_100_std": 0.022828388659646884,