{
  "dataset_revision": "main",
  "evaluation_time": 1.4347784519195557,
  "kg_co2_emissions": null,
  "mteb_version": "1.19.4",
  "scores": {
    "test": [
      {
        "hf_subset": "korean",
        "languages": [
          "kor-Hang"
        ],
        "main_score": 0.81545,
        "map_at_1": 0.7013,
        "map_at_10": 0.77759,
        "map_at_100": 0.78062,
        "map_at_1000": 0.78062,
        "map_at_20": 0.77954,
        "map_at_3": 0.75974,
        "map_at_5": 0.76883,
        "mrr_at_1": 0.7012987012987013,
        "mrr_at_10": 0.7775922490208205,
        "mrr_at_100": 0.7806158886754763,
        "mrr_at_1000": 0.7806158886754763,
        "mrr_at_20": 0.779536828505507,
        "mrr_at_3": 0.7597402597402597,
        "mrr_at_5": 0.7688311688311689,
        "nauc_map_at_1000_diff1": 0.6585307223652647,
        "nauc_map_at_1000_max": 0.37680650139474897,
        "nauc_map_at_1000_std": -0.1509877249691887,
        "nauc_map_at_100_diff1": 0.6585307223652647,
        "nauc_map_at_100_max": 0.37680650139474897,
        "nauc_map_at_100_std": -0.1509877249691887,
        "nauc_map_at_10_diff1": 0.6568847829190118,
        "nauc_map_at_10_max": 0.3767377885847465,
        "nauc_map_at_10_std": -0.14852493078538043,
        "nauc_map_at_1_diff1": 0.6668096724205888,
        "nauc_map_at_1_max": 0.36184014288741295,
        "nauc_map_at_1_std": -0.15777912686633552,
        "nauc_map_at_20_diff1": 0.6552188727740201,
        "nauc_map_at_20_max": 0.37306386412717907,
        "nauc_map_at_20_std": -0.15147819783345062,
        "nauc_map_at_3_diff1": 0.6738011334604562,
        "nauc_map_at_3_max": 0.39203434874434695,
        "nauc_map_at_3_std": -0.1433564775107005,
        "nauc_map_at_5_diff1": 0.663166522294746,
        "nauc_map_at_5_max": 0.38276613935527093,
        "nauc_map_at_5_std": -0.15743918578933352,
        "nauc_mrr_at_1000_diff1": 0.6585307223652647,
        "nauc_mrr_at_1000_max": 0.37680650139474897,
        "nauc_mrr_at_1000_std": -0.1509877249691887,
        "nauc_mrr_at_100_diff1": 0.6585307223652647,
        "nauc_mrr_at_100_max": 0.37680650139474897,
        "nauc_mrr_at_100_std": -0.1509877249691887,
        "nauc_mrr_at_10_diff1": 0.6568847829190118,
        "nauc_mrr_at_10_max": 0.3767377885847465,
        "nauc_mrr_at_10_std": -0.14852493078538043,
        "nauc_mrr_at_1_diff1": 0.6668096724205888,
        "nauc_mrr_at_1_max": 0.36184014288741295,
        "nauc_mrr_at_1_std": -0.15777912686633552,
        "nauc_mrr_at_20_diff1": 0.6552188727740201,
        "nauc_mrr_at_20_max": 0.37306386412717907,
        "nauc_mrr_at_20_std": -0.15147819783345062,
        "nauc_mrr_at_3_diff1": 0.6738011334604562,
        "nauc_mrr_at_3_max": 0.39203434874434695,
        "nauc_mrr_at_3_std": -0.1433564775107005,
        "nauc_mrr_at_5_diff1": 0.663166522294746,
        "nauc_mrr_at_5_max": 0.38276613935527093,
        "nauc_mrr_at_5_std": -0.15743918578933352,
        "nauc_ndcg_at_1000_diff1": 0.6529694109214854,
        "nauc_ndcg_at_1000_max": 0.3733407917688893,
        "nauc_ndcg_at_1000_std": -0.1508903313817761,
        "nauc_ndcg_at_100_diff1": 0.6529694109214854,
        "nauc_ndcg_at_100_max": 0.3733407917688893,
        "nauc_ndcg_at_100_std": -0.1508903313817761,
        "nauc_ndcg_at_10_diff1": 0.6362204198354469,
        "nauc_ndcg_at_10_max": 0.3622349150702435,
        "nauc_ndcg_at_10_std": -0.14284302622133724,
        "nauc_ndcg_at_1_diff1": 0.6668096724205888,
        "nauc_ndcg_at_1_max": 0.36184014288741295,
        "nauc_ndcg_at_1_std": -0.15777912686633552,
        "nauc_ndcg_at_20_diff1": 0.6295586442414385,
        "nauc_ndcg_at_20_max": 0.3478591208886981,
        "nauc_ndcg_at_20_std": -0.14884275561618454,
        "nauc_ndcg_at_3_diff1": 0.6758508656326555,
        "nauc_ndcg_at_3_max": 0.39908738607341165,
        "nauc_ndcg_at_3_std": -0.14344324960656918,
        "nauc_ndcg_at_5_diff1": 0.6553047110252233,
        "nauc_ndcg_at_5_max": 0.38037489847847916,
        "nauc_ndcg_at_5_std": -0.17020307882711103,
        "nauc_precision_at_1000_diff1": NaN,
        "nauc_precision_at_1000_max": NaN,
        "nauc_precision_at_1000_std": NaN,
        "nauc_precision_at_100_diff1": 1.0,
        "nauc_precision_at_100_max": 1.0,
        "nauc_precision_at_100_std": 1.0,
        "nauc_precision_at_10_diff1": 0.42261678126376323,
        "nauc_precision_at_10_max": 0.19705791037241055,
        "nauc_precision_at_10_std": -0.06801212066082346,
        "nauc_precision_at_1_diff1": 0.6668096724205888,
        "nauc_precision_at_1_max": 0.36184014288741295,
        "nauc_precision_at_1_std": -0.15777912686633552,
        "nauc_precision_at_20_diff1": 0.1860790840193073,
        "nauc_precision_at_20_max": -0.12420871870242532,
        "nauc_precision_at_20_std": -0.058565069938573355,
        "nauc_precision_at_3_diff1": 0.6834473314679363,
        "nauc_precision_at_3_max": 0.42424295062548845,
        "nauc_precision_at_3_std": -0.14612372971147158,
        "nauc_precision_at_5_diff1": 0.6137297328925272,
        "nauc_precision_at_5_max": 0.36146272035494137,
        "nauc_precision_at_5_std": -0.23800854389467807,
        "nauc_recall_at_1000_diff1": NaN,
        "nauc_recall_at_1000_max": NaN,
        "nauc_recall_at_1000_std": NaN,
        "nauc_recall_at_100_diff1": NaN,
        "nauc_recall_at_100_max": NaN,
        "nauc_recall_at_100_std": NaN,
        "nauc_recall_at_10_diff1": 0.4226167812637596,
        "nauc_recall_at_10_max": 0.1970579103724084,
        "nauc_recall_at_10_std": -0.06801212066082829,
        "nauc_recall_at_1_diff1": 0.6668096724205888,
        "nauc_recall_at_1_max": 0.36184014288741295,
        "nauc_recall_at_1_std": -0.15777912686633552,
        "nauc_recall_at_20_diff1": 0.18607908401930062,
        "nauc_recall_at_20_max": -0.12420871870243454,
        "nauc_recall_at_20_std": -0.058565069938578386,
        "nauc_recall_at_3_diff1": 0.6834473314679358,
        "nauc_recall_at_3_max": 0.42424295062548667,
        "nauc_recall_at_3_std": -0.14612372971147305,
        "nauc_recall_at_5_diff1": 0.6137297328925254,
        "nauc_recall_at_5_max": 0.36146272035494126,
        "nauc_recall_at_5_std": -0.23800854389468104,
        "ndcg_at_1": 0.7013,
        "ndcg_at_10": 0.81545,
        "ndcg_at_100": 0.82965,
        "ndcg_at_1000": 0.82965,
        "ndcg_at_20": 0.82219,
        "ndcg_at_3": 0.77814,
        "ndcg_at_5": 0.79435,
        "precision_at_1": 0.7013,
        "precision_at_10": 0.09351,
        "precision_at_100": 0.01,
        "precision_at_1000": 0.001,
        "precision_at_20": 0.04805,
        "precision_at_3": 0.27706,
        "precision_at_5": 0.17403,
        "recall_at_1": 0.7013,
        "recall_at_10": 0.93506,
        "recall_at_100": 1.0,
        "recall_at_1000": 1.0,
        "recall_at_20": 0.96104,
        "recall_at_3": 0.83117,
        "recall_at_5": 0.87013
      }
    ]
  },
  "task_name": "PublicHealthQA"
}