{
  "dataset_revision": "c99d599f0a6ab9b85b065da6f9d94f9cf731679f",
  "task_name": "XPQARetrieval",
  "mteb_version": "1.31.1",
  "scores": {
    "test": [
      {
        "ndcg_at_1": 0.29817,
        "ndcg_at_3": 0.3268,
        "ndcg_at_5": 0.34821,
        "ndcg_at_10": 0.38187,
        "ndcg_at_20": 0.40267,
        "ndcg_at_100": 0.4562,
        "ndcg_at_1000": 0.47973,
        "map_at_1": 0.21111,
        "map_at_3": 0.29608,
        "map_at_5": 0.31416,
        "map_at_10": 0.33046,
        "map_at_20": 0.33701,
        "map_at_100": 0.34515,
        "map_at_1000": 0.34622,
        "recall_at_1": 0.21111,
        "recall_at_3": 0.34783,
        "recall_at_5": 0.40194,
        "recall_at_10": 0.49478,
        "recall_at_20": 0.56776,
        "recall_at_100": 0.83175,
        "recall_at_1000": 1.0,
        "precision_at_1": 0.29817,
        "precision_at_3": 0.18145,
        "precision_at_5": 0.12752,
        "precision_at_10": 0.0789,
        "precision_at_20": 0.04526,
        "precision_at_100": 0.01321,
        "precision_at_1000": 0.00156,
        "mrr_at_1": 0.298165,
        "mrr_at_3": 0.349898,
        "mrr_at_5": 0.359684,
        "mrr_at_10": 0.371921,
        "mrr_at_20": 0.377023,
        "mrr_at_100": 0.382873,
        "mrr_at_1000": 0.383587,
        "nauc_ndcg_at_1_max": 0.209323,
        "nauc_ndcg_at_1_std": -0.273256,
        "nauc_ndcg_at_1_diff1": 0.51212,
        "nauc_ndcg_at_3_max": 0.186528,
        "nauc_ndcg_at_3_std": -0.287065,
        "nauc_ndcg_at_3_diff1": 0.46475,
        "nauc_ndcg_at_5_max": 0.188119,
        "nauc_ndcg_at_5_std": -0.278165,
        "nauc_ndcg_at_5_diff1": 0.471914,
        "nauc_ndcg_at_10_max": 0.198325,
        "nauc_ndcg_at_10_std": -0.280417,
        "nauc_ndcg_at_10_diff1": 0.477678,
        "nauc_ndcg_at_20_max": 0.203344,
        "nauc_ndcg_at_20_std": -0.270961,
        "nauc_ndcg_at_20_diff1": 0.46896,
        "nauc_ndcg_at_100_max": 0.222619,
        "nauc_ndcg_at_100_std": -0.231157,
        "nauc_ndcg_at_100_diff1": 0.461915,
        "nauc_ndcg_at_1000_max": 0.209713,
        "nauc_ndcg_at_1000_std": -0.255819,
        "nauc_ndcg_at_1000_diff1": 0.469543,
        "nauc_map_at_1_max": 0.158116,
        "nauc_map_at_1_std": -0.241476,
        "nauc_map_at_1_diff1": 0.509965,
        "nauc_map_at_3_max": 0.190963,
        "nauc_map_at_3_std": -0.275646,
        "nauc_map_at_3_diff1": 0.463431,
        "nauc_map_at_5_max": 0.191024,
        "nauc_map_at_5_std": -0.276903,
        "nauc_map_at_5_diff1": 0.468817,
        "nauc_map_at_10_max": 0.194972,
        "nauc_map_at_10_std": -0.280313,
        "nauc_map_at_10_diff1": 0.471703,
        "nauc_map_at_20_max": 0.19629,
        "nauc_map_at_20_std": -0.278451,
        "nauc_map_at_20_diff1": 0.46957,
        "nauc_map_at_100_max": 0.198327,
        "nauc_map_at_100_std": -0.272658,
        "nauc_map_at_100_diff1": 0.468202,
        "nauc_map_at_1000_max": 0.197897,
        "nauc_map_at_1000_std": -0.273467,
        "nauc_map_at_1000_diff1": 0.468414,
        "nauc_recall_at_1_max": 0.158116,
        "nauc_recall_at_1_std": -0.241476,
        "nauc_recall_at_1_diff1": 0.509965,
        "nauc_recall_at_3_max": 0.173618,
        "nauc_recall_at_3_std": -0.280976,
        "nauc_recall_at_3_diff1": 0.43281,
        "nauc_recall_at_5_max": 0.17167,
        "nauc_recall_at_5_std": -0.264856,
        "nauc_recall_at_5_diff1": 0.440509,
        "nauc_recall_at_10_max": 0.199615,
        "nauc_recall_at_10_std": -0.265268,
        "nauc_recall_at_10_diff1": 0.452407,
        "nauc_recall_at_20_max": 0.215583,
        "nauc_recall_at_20_std": -0.22982,
        "nauc_recall_at_20_diff1": 0.416024,
        "nauc_recall_at_100_max": 0.384248,
        "nauc_recall_at_100_std": 0.124555,
        "nauc_recall_at_100_diff1": 0.317892,
        "nauc_recall_at_1000_max": NaN,
        "nauc_recall_at_1000_std": NaN,
        "nauc_recall_at_1000_diff1": NaN,
        "nauc_precision_at_1_max": 0.209323,
        "nauc_precision_at_1_std": -0.273256,
        "nauc_precision_at_1_diff1": 0.51212,
        "nauc_precision_at_3_max": 0.198798,
        "nauc_precision_at_3_std": -0.265882,
        "nauc_precision_at_3_diff1": 0.329128,
        "nauc_precision_at_5_max": 0.182809,
        "nauc_precision_at_5_std": -0.246378,
        "nauc_precision_at_5_diff1": 0.320365,
        "nauc_precision_at_10_max": 0.182983,
        "nauc_precision_at_10_std": -0.231794,
        "nauc_precision_at_10_diff1": 0.299997,
        "nauc_precision_at_20_max": 0.179301,
        "nauc_precision_at_20_std": -0.186255,
        "nauc_precision_at_20_diff1": 0.245073,
        "nauc_precision_at_100_max": 0.208823,
        "nauc_precision_at_100_std": 0.056981,
        "nauc_precision_at_100_diff1": 0.080441,
        "nauc_precision_at_1000_max": 0.133921,
        "nauc_precision_at_1000_std": 0.043721,
        "nauc_precision_at_1000_diff1": -0.008075,
        "nauc_mrr_at_1_max": 0.210555,
        "nauc_mrr_at_1_std": -0.272603,
        "nauc_mrr_at_1_diff1": 0.51212,
        "nauc_mrr_at_3_max": 0.197342,
        "nauc_mrr_at_3_std": -0.283665,
        "nauc_mrr_at_3_diff1": 0.493417,
        "nauc_mrr_at_5_max": 0.195241,
        "nauc_mrr_at_5_std": -0.278791,
        "nauc_mrr_at_5_diff1": 0.494274,
        "nauc_mrr_at_10_max": 0.199665,
        "nauc_mrr_at_10_std": -0.277267,
        "nauc_mrr_at_10_diff1": 0.495816,
        "nauc_mrr_at_20_max": 0.201757,
        "nauc_mrr_at_20_std": -0.27296,
        "nauc_mrr_at_20_diff1": 0.493069,
        "nauc_mrr_at_100_max": 0.203568,
        "nauc_mrr_at_100_std": -0.269768,
        "nauc_mrr_at_100_diff1": 0.492775,
        "nauc_mrr_at_1000_max": 0.203064,
        "nauc_mrr_at_1000_std": -0.270601,
        "nauc_mrr_at_1000_diff1": 0.493029,
        "main_score": 0.38187,
        "hf_subset": "kor-kor",
        "languages": [
          "kor-Hang",
          "kor-Hang"
        ]
      },
      {
        "ndcg_at_1": 0.29664,
        "ndcg_at_3": 0.30992,
        "ndcg_at_5": 0.33214,
        "ndcg_at_10": 0.36794,
        "ndcg_at_20": 0.39501,
        "ndcg_at_100": 0.4484,
        "ndcg_at_1000": 0.47652,
        "map_at_1": 0.17171,
        "map_at_3": 0.25851,
        "map_at_5": 0.28664,
        "map_at_10": 0.30657,
        "map_at_20": 0.31597,
        "map_at_100": 0.32491,
        "map_at_1000": 0.32659,
        "recall_at_1": 0.17171,
        "recall_at_3": 0.31114,
        "recall_at_5": 0.3827,
        "recall_at_10": 0.47018,
        "recall_at_20": 0.56017,
        "recall_at_100": 0.8103,
        "recall_at_1000": 0.99745,
        "precision_at_1": 0.29664,
        "precision_at_3": 0.20031,
        "precision_at_5": 0.15474,
        "precision_at_10": 0.09771,
        "precision_at_20": 0.0578,
        "precision_at_100": 0.01622,
        "precision_at_1000": 0.00195,
        "mrr_at_1": 0.296636,
        "mrr_at_3": 0.351172,
        "mrr_at_5": 0.365851,
        "mrr_at_10": 0.376593,
        "mrr_at_20": 0.383011,
        "mrr_at_100": 0.388129,
        "mrr_at_1000": 0.388882,
        "nauc_ndcg_at_1_max": 0.044401,
        "nauc_ndcg_at_1_std": -0.319941,
        "nauc_ndcg_at_1_diff1": 0.466834,
        "nauc_ndcg_at_3_max": 0.032384,
        "nauc_ndcg_at_3_std": -0.328915,
        "nauc_ndcg_at_3_diff1": 0.397573,
        "nauc_ndcg_at_5_max": 0.032092,
        "nauc_ndcg_at_5_std": -0.329058,
        "nauc_ndcg_at_5_diff1": 0.390588,
        "nauc_ndcg_at_10_max": 0.036026,
        "nauc_ndcg_at_10_std": -0.324791,
        "nauc_ndcg_at_10_diff1": 0.382225,
        "nauc_ndcg_at_20_max": 0.031538,
        "nauc_ndcg_at_20_std": -0.325624,
        "nauc_ndcg_at_20_diff1": 0.380241,
        "nauc_ndcg_at_100_max": 0.047883,
        "nauc_ndcg_at_100_std": -0.297056,
        "nauc_ndcg_at_100_diff1": 0.375431,
        "nauc_ndcg_at_1000_max": 0.051231,
        "nauc_ndcg_at_1000_std": -0.303035,
        "nauc_ndcg_at_1000_diff1": 0.387213,
        "nauc_map_at_1_max": 0.026857,