{
  "dataset_revision": "fd7df84ac089bbec763b1c6bb1b56e985df5cc5c",
  "evaluation_time": 26.646844148635864,
  "kg_co2_emissions": null,
  "mteb_version": "1.20.0",
  "scores": {
    "test": [
      {
        "hf_subset": "default",
        "languages": [
          "kor-Hang"
        ],
        "main_score": 0.76466,
        "map_at_1": 0.57895,
        "map_at_10": 0.70816,
        "map_at_100": 0.71079,
        "map_at_1000": 0.71088,
        "map_at_20": 0.71012,
        "map_at_3": 0.68275,
        "map_at_5": 0.69942,
        "mrr_at_1": 0.5789473684210527,
        "mrr_at_10": 0.7081592871066557,
        "mrr_at_100": 0.7107949944358983,
        "mrr_at_1000": 0.7108785366247037,
        "mrr_at_20": 0.7101188285398814,
        "mrr_at_3": 0.682748538011696,
        "mrr_at_5": 0.6994152046783627,
        "nauc_map_at_1000_diff1": 0.5829110062545787,
        "nauc_map_at_1000_max": 0.23128052346477607,
        "nauc_map_at_1000_std": -0.20377647286138453,
        "nauc_map_at_100_diff1": 0.5830135479066073,
        "nauc_map_at_100_max": 0.23150875202930604,
        "nauc_map_at_100_std": -0.20365994369781237,
        "nauc_map_at_10_diff1": 0.5802843326592293,
        "nauc_map_at_10_max": 0.2343691605851438,
        "nauc_map_at_10_std": -0.1995251028748617,
        "nauc_map_at_1_diff1": 0.6403438739047393,
        "nauc_map_at_1_max": 0.18225916909648981,
        "nauc_map_at_1_std": -0.2271351677125876,
        "nauc_map_at_20_diff1": 0.5828885713014177,
        "nauc_map_at_20_max": 0.23233109061892526,
        "nauc_map_at_20_std": -0.20391468794273773,
        "nauc_map_at_3_diff1": 0.5900444084004162,
        "nauc_map_at_3_max": 0.24110925672649372,
        "nauc_map_at_3_std": -0.21439877098670698,
        "nauc_map_at_5_diff1": 0.5821939194952693,
        "nauc_map_at_5_max": 0.242817217238973,
        "nauc_map_at_5_std": -0.18968439733720696,
        "nauc_mrr_at_1000_diff1": 0.5829110062545787,
        "nauc_mrr_at_1000_max": 0.23128052346477607,
        "nauc_mrr_at_1000_std": -0.20377647286138453,
        "nauc_mrr_at_100_diff1": 0.5830135479066073,
        "nauc_mrr_at_100_max": 0.23150875202930604,
        "nauc_mrr_at_100_std": -0.20365994369781237,
        "nauc_mrr_at_10_diff1": 0.5802843326592293,
        "nauc_mrr_at_10_max": 0.2343691605851438,
        "nauc_mrr_at_10_std": -0.1995251028748617,
        "nauc_mrr_at_1_diff1": 0.6403438739047393,
        "nauc_mrr_at_1_max": 0.18225916909648981,
        "nauc_mrr_at_1_std": -0.2271351677125876,
        "nauc_mrr_at_20_diff1": 0.5828885713014177,
        "nauc_mrr_at_20_max": 0.23233109061892526,
        "nauc_mrr_at_20_std": -0.20391468794273773,
        "nauc_mrr_at_3_diff1": 0.5900444084004162,
        "nauc_mrr_at_3_max": 0.24110925672649372,
        "nauc_mrr_at_3_std": -0.21439877098670698,
        "nauc_mrr_at_5_diff1": 0.5821939194952693,
        "nauc_mrr_at_5_max": 0.242817217238973,
        "nauc_mrr_at_5_std": -0.18968439733720696,
        "nauc_ndcg_at_1000_diff1": 0.5773268804066995,
        "nauc_ndcg_at_1000_max": 0.23923313794532927,
        "nauc_ndcg_at_1000_std": -0.20329298222158235,
        "nauc_ndcg_at_100_diff1": 0.5794181753883131,
        "nauc_ndcg_at_100_max": 0.24374202633049696,
        "nauc_ndcg_at_100_std": -0.20096525193591755,
        "nauc_ndcg_at_10_diff1": 0.5648083467695035,
        "nauc_ndcg_at_10_max": 0.2565211201237364,
        "nauc_ndcg_at_10_std": -0.19112254941280304,
        "nauc_ndcg_at_1_diff1": 0.6403438739047393,
        "nauc_ndcg_at_1_max": 0.18225916909648981,
        "nauc_ndcg_at_1_std": -0.2271351677125876,
        "nauc_ndcg_at_20_diff1": 0.5747514020950384,
        "nauc_ndcg_at_20_max": 0.2474030248483696,
        "nauc_ndcg_at_20_std": -0.21037902951574675,
        "nauc_ndcg_at_3_diff1": 0.5860471149700772,
        "nauc_ndcg_at_3_max": 0.2666193142967102,
        "nauc_ndcg_at_3_std": -0.2149612280213397,
        "nauc_ndcg_at_5_diff1": 0.5699609677327039,
        "nauc_ndcg_at_5_max": 0.2753338721736746,
        "nauc_ndcg_at_5_std": -0.16581140344599296,
        "nauc_precision_at_1000_diff1": 1.0,
        "nauc_precision_at_1000_max": 1.0,
        "nauc_precision_at_1000_std": 1.0,
        "nauc_precision_at_100_diff1": 0.8697886921759251,
        "nauc_precision_at_100_max": 0.8697886921759251,
        "nauc_precision_at_100_std": 0.12223365206034731,
        "nauc_precision_at_10_diff1": 0.4054838122463558,
        "nauc_precision_at_10_max": 0.4950344150961882,
        "nauc_precision_at_10_std": -0.11514909457473732,
        "nauc_precision_at_1_diff1": 0.6403438739047393,
        "nauc_precision_at_1_max": 0.18225916909648981,
        "nauc_precision_at_1_std": -0.2271351677125876,
        "nauc_precision_at_20_diff1": 0.48194467595441853,
        "nauc_precision_at_20_max": 0.4745484821827859,
        "nauc_precision_at_20_std": -0.4601411718520565,
        "nauc_precision_at_3_diff1": 0.5767799568769227,
        "nauc_precision_at_3_max": 0.37242262131016984,
        "nauc_precision_at_3_std": -0.21979199837598418,
        "nauc_precision_at_5_diff1": 0.5048896679723024,
        "nauc_precision_at_5_max": 0.472750814625999,
        "nauc_precision_at_5_std": -0.016834198269562995,
        "nauc_recall_at_1000_diff1": NaN,
        "nauc_recall_at_1000_max": NaN,
        "nauc_recall_at_1000_std": NaN,
        "nauc_recall_at_100_diff1": 0.8697886921759079,
        "nauc_recall_at_100_max": 0.8697886921759079,
        "nauc_recall_at_100_std": 0.12223365206031499,
        "nauc_recall_at_10_diff1": 0.40548381224635466,
        "nauc_recall_at_10_max": 0.4950344150961911,
        "nauc_recall_at_10_std": -0.11514909457473714,
        "nauc_recall_at_1_diff1": 0.6403438739047393,
        "nauc_recall_at_1_max": 0.18225916909648981,
        "nauc_recall_at_1_std": -0.2271351677125876,
        "nauc_recall_at_20_diff1": 0.48194467595441987,
        "nauc_recall_at_20_max": 0.4745484821827929,
        "nauc_recall_at_20_std": -0.4601411718520569,
        "nauc_recall_at_3_diff1": 0.5767799568769236,
        "nauc_recall_at_3_max": 0.3724226213101706,
        "nauc_recall_at_3_std": -0.21979199837598373,
        "nauc_recall_at_5_diff1": 0.5048896679723038,
        "nauc_recall_at_5_max": 0.47275081462600177,
        "nauc_recall_at_5_std": -0.016834198269564362,
        "ndcg_at_1": 0.57895,
        "ndcg_at_10": 0.76466,
        "ndcg_at_100": 0.77633,
        "ndcg_at_1000": 0.77763,
        "ndcg_at_20": 0.77147,
        "ndcg_at_3": 0.7148,
        "ndcg_at_5": 0.74426,
        "precision_at_1": 0.57895,
        "precision_at_10": 0.09386,
        "precision_at_100": 0.00991,
        "precision_at_1000": 0.001,
        "precision_at_20": 0.04825,
        "precision_at_3": 0.26901,
        "precision_at_5": 0.17544,
        "recall_at_1": 0.57895,
        "recall_at_10": 0.9386,
        "recall_at_100": 0.99123,
        "recall_at_1000": 1.0,
        "recall_at_20": 0.96491,
        "recall_at_3": 0.80702,
        "recall_at_5": 0.87719
      }
    ]
  },
  "task_name": "AutoRAGRetrieval"
}