{
  "dataset_revision": "d243889a3eb6654029dbd7e7f9319ae31d58f97c",
  "evaluation_time": 237.30947017669678,
  "kg_co2_emissions": null,
  "mteb_version": "1.20.0",
  "scores": {
    "dev": [
      {
        "hf_subset": "default",
        "languages": [
          "kor-Hang"
        ],
        "main_score": 0.73634,
        "map_at_1": 0.44241,
        "map_at_10": 0.68383,
        "map_at_100": 0.69176,
        "map_at_1000": 0.6921,
        "map_at_20": 0.68904,
        "map_at_3": 0.64254,
        "map_at_5": 0.6684,
        "mrr_at_1": 0.6790540540540541,
        "mrr_at_10": 0.7532972704847704,
        "mrr_at_100": 0.7559985262633544,
        "mrr_at_1000": 0.7561420435710626,
        "mrr_at_20": 0.7550215149020293,
        "mrr_at_3": 0.7446509009009006,
        "mrr_at_5": 0.7494650900900897,
        "nauc_map_at_1000_diff1": 0.48024490354329186,
        "nauc_map_at_1000_max": 0.6577756188539895,
        "nauc_map_at_1000_std": 0.32397669434789156,
        "nauc_map_at_100_diff1": 0.4804109136170325,
        "nauc_map_at_100_max": 0.6580401855215885,
        "nauc_map_at_100_std": 0.324251519616049,
        "nauc_map_at_10_diff1": 0.4781401379135908,
        "nauc_map_at_10_max": 0.6568089319286831,
        "nauc_map_at_10_std": 0.3202292904413023,
        "nauc_map_at_1_diff1": 0.51999296982784,
        "nauc_map_at_1_max": 0.34504071442645023,
        "nauc_map_at_1_std": 0.08913155871900409,
        "nauc_map_at_20_diff1": 0.4801684760313508,
        "nauc_map_at_20_max": 0.6579232930060366,
        "nauc_map_at_20_std": 0.32348525742939516,
        "nauc_map_at_3_diff1": 0.4528236603136616,
        "nauc_map_at_3_max": 0.6080448272990129,
        "nauc_map_at_3_std": 0.2662375486373062,
        "nauc_map_at_5_diff1": 0.46138854487159403,
        "nauc_map_at_5_max": 0.644121088475665,
        "nauc_map_at_5_std": 0.3124756372747152,
        "nauc_mrr_at_1000_diff1": 0.54167194486031,
        "nauc_mrr_at_1000_max": 0.6946953972618817,
        "nauc_mrr_at_1000_std": 0.3866057057930993,
        "nauc_mrr_at_100_diff1": 0.5417526786003602,
        "nauc_mrr_at_100_max": 0.6948396323300571,
        "nauc_mrr_at_100_std": 0.3868498594318191,
        "nauc_mrr_at_10_diff1": 0.5419284774153654,
        "nauc_mrr_at_10_max": 0.6964656597669708,
        "nauc_mrr_at_10_std": 0.3867261217686278,
        "nauc_mrr_at_1_diff1": 0.5547727290978133,
        "nauc_mrr_at_1_max": 0.6386574505999577,
        "nauc_mrr_at_1_std": 0.29287479172122255,
        "nauc_mrr_at_20_diff1": 0.5410970500118761,
        "nauc_mrr_at_20_max": 0.6952034358130702,
        "nauc_mrr_at_20_std": 0.3869955866876459,
        "nauc_mrr_at_3_diff1": 0.5372790416884039,
        "nauc_mrr_at_3_max": 0.6956157270245855,
        "nauc_mrr_at_3_std": 0.38559048071434454,
        "nauc_mrr_at_5_diff1": 0.5384152692038623,
        "nauc_mrr_at_5_max": 0.69596351576861,
        "nauc_mrr_at_5_std": 0.38785563897547254,
        "nauc_ndcg_at_1000_diff1": 0.5044511740728997,
        "nauc_ndcg_at_1000_max": 0.696478013741544,
        "nauc_ndcg_at_1000_std": 0.3854855467736299,
        "nauc_ndcg_at_100_diff1": 0.5099500981488786,
        "nauc_ndcg_at_100_max": 0.7039875042608843,
        "nauc_ndcg_at_100_std": 0.39397458509915845,
        "nauc_ndcg_at_10_diff1": 0.5010657696272983,
        "nauc_ndcg_at_10_max": 0.7010178968298936,
        "nauc_ndcg_at_10_std": 0.37961734234385697,
        "nauc_ndcg_at_1_diff1": 0.5547727290978133,
        "nauc_ndcg_at_1_max": 0.6386574505999577,
        "nauc_ndcg_at_1_std": 0.29287479172122255,
        "nauc_ndcg_at_20_diff1": 0.5063214529426214,
        "nauc_ndcg_at_20_max": 0.703223309216109,
        "nauc_ndcg_at_20_std": 0.3884921467593283,
        "nauc_ndcg_at_3_diff1": 0.4665841947069789,
        "nauc_ndcg_at_3_max": 0.6486065928362671,
        "nauc_ndcg_at_3_std": 0.31098809930840826,
        "nauc_ndcg_at_5_diff1": 0.47257352117214096,
        "nauc_ndcg_at_5_max": 0.6798015549552966,
        "nauc_ndcg_at_5_std": 0.36385777849580075,
        "nauc_precision_at_1000_diff1": -0.2045792141194065,
        "nauc_precision_at_1000_max": 0.0923983166590144,
        "nauc_precision_at_1000_std": 0.1842917601255491,
        "nauc_precision_at_100_diff1": -0.0924778240068036,
        "nauc_precision_at_100_max": 0.23945740578209762,
        "nauc_precision_at_100_std": 0.2772321794780336,
        "nauc_precision_at_10_diff1": 0.0050384572423236235,
        "nauc_precision_at_10_max": 0.38808155226369717,
        "nauc_precision_at_10_std": 0.32186634654595453,
        "nauc_precision_at_1_diff1": 0.5547727290978133,
        "nauc_precision_at_1_max": 0.6386574505999577,
        "nauc_precision_at_1_std": 0.29287479172122255,
        "nauc_precision_at_20_diff1": -0.027283037477734473,
        "nauc_precision_at_20_max": 0.331546778853098,
        "nauc_precision_at_20_std": 0.3063002908816235,
        "nauc_precision_at_3_diff1": 0.057265296872990146,
        "nauc_precision_at_3_max": 0.5059780250293879,
        "nauc_precision_at_3_std": 0.3348233691716301,
        "nauc_precision_at_5_diff1": 0.02009426255892043,
        "nauc_precision_at_5_max": 0.4538078963381503,
        "nauc_precision_at_5_std": 0.35551411831086677,
        "nauc_recall_at_1000_diff1": 0.5593920012054591,
        "nauc_recall_at_1000_max": 0.9484961822611118,
        "nauc_recall_at_1000_std": 0.9145594097008884,
        "nauc_recall_at_100_diff1": 0.6054992834066972,
        "nauc_recall_at_100_max": 0.8929036099365333,
        "nauc_recall_at_100_std": 0.7177467917566535,
        "nauc_recall_at_10_diff1": 0.5075914378203094,
        "nauc_recall_at_10_max": 0.7804190681705211,
        "nauc_recall_at_10_std": 0.49436746198645015,
        "nauc_recall_at_1_diff1": 0.51999296982784,
        "nauc_recall_at_1_max": 0.34504071442645023,
        "nauc_recall_at_1_std": 0.08913155871900409,
        "nauc_recall_at_20_diff1": 0.5361802043962446,
        "nauc_recall_at_20_max": 0.8061942008149131,
        "nauc_recall_at_20_std": 0.555787928974621,
        "nauc_recall_at_3_diff1": 0.41912542875681236,
        "nauc_recall_at_3_max": 0.633651990506452,
        "nauc_recall_at_3_std": 0.3153751225453728,
        "nauc_recall_at_5_diff1": 0.426538357846737,
        "nauc_recall_at_5_max": 0.7052808185418215,
        "nauc_recall_at_5_std": 0.4257365974276217,
        "ndcg_at_1": 0.67905,
        "ndcg_at_10": 0.73634,
        "ndcg_at_100": 0.7627,
        "ndcg_at_1000": 0.77106,
        "ndcg_at_20": 0.74878,
        "ndcg_at_3": 0.68791,
        "ndcg_at_5": 0.7133,
        "precision_at_1": 0.67905,
        "precision_at_10": 0.15,
        "precision_at_100": 0.01711,
        "precision_at_1000": 0.00184,
        "precision_at_20": 0.07931,
        "precision_at_3": 0.41273,
        "precision_at_5": 0.27399,
        "recall_at_1": 0.44241,
        "recall_at_10": 0.80961,
        "recall_at_100": 0.91154,
        "recall_at_1000": 0.9656,
        "recall_at_20": 0.84899,
        "recall_at_3": 0.70058,
        "recall_at_5": 0.75421
      }
    ]
  },
  "task_name": "Ko-StrategyQA"
}