{
  "dataset_revision": "main",
  "evaluation_time": 33137.345321416855,
  "kg_co2_emissions": null,
  "mteb_version": "1.20.1",
  "scores": {
    "dev": [
      {
        "hf_subset": "ko",
        "languages": [
          "kor-Kore"
        ],
        "main_score": 0.56248,
        "map_at_1": 0.30948,
        "map_at_10": 0.47448,
        "map_at_100": 0.49609,
        "map_at_1000": 0.49721,
        "map_at_20": 0.48632,
        "map_at_3": 0.41323,
        "map_at_5": 0.44685,
        "mrr_at_1": 0.5117370892018779,
        "mrr_at_10": 0.6263469707131678,
        "mrr_at_100": 0.6310493015293891,
        "mrr_at_1000": 0.6312807995001647,
        "mrr_at_20": 0.6296541877527791,
        "mrr_at_3": 0.6056338028169013,
        "mrr_at_5": 0.6187793427230046,
        "nauc_map_at_1000_diff1": 0.37925146547858096,
        "nauc_map_at_1000_max": 0.38393750763748724,
        "nauc_map_at_1000_std": 0.05891865912238271,
        "nauc_map_at_100_diff1": 0.3782379567688696,
        "nauc_map_at_100_max": 0.38322503194927765,
        "nauc_map_at_100_std": 0.058831474657309604,
        "nauc_map_at_10_diff1": 0.3832710216827202,
        "nauc_map_at_10_max": 0.36683267089602234,
        "nauc_map_at_10_std": 0.026892103842806724,
        "nauc_map_at_1_diff1": 0.49365461114311804,
        "nauc_map_at_1_max": 0.2918514591021837,
        "nauc_map_at_1_std": -0.11208835818015112,
        "nauc_map_at_20_diff1": 0.3793428340027727,
        "nauc_map_at_20_max": 0.3748696182549113,
        "nauc_map_at_20_std": 0.04339019773594362,
        "nauc_map_at_3_diff1": 0.4134825237458013,
        "nauc_map_at_3_max": 0.33924523392135614,
        "nauc_map_at_3_std": -0.03084896014209,
        "nauc_map_at_5_diff1": 0.3992244042521568,
        "nauc_map_at_5_max": 0.3502362451364744,
        "nauc_map_at_5_std": -0.0008844652182879082,
        "nauc_mrr_at_1000_diff1": 0.3804494072179413,
        "nauc_mrr_at_1000_max": 0.41181085719579424,
        "nauc_mrr_at_1000_std": 0.13615036332775504,
        "nauc_mrr_at_100_diff1": 0.3802312256800871,
        "nauc_mrr_at_100_max": 0.41152305903347564,
        "nauc_mrr_at_100_std": 0.1365010579879352,
        "nauc_mrr_at_10_diff1": 0.3798182269100851,
        "nauc_mrr_at_10_max": 0.41366216007296513,
        "nauc_mrr_at_10_std": 0.1389683805203404,
        "nauc_mrr_at_1_diff1": 0.4160609388879719,
        "nauc_mrr_at_1_max": 0.3532899641057627,
        "nauc_mrr_at_1_std": 0.05289132915299127,
        "nauc_mrr_at_20_diff1": 0.37803605444131233,
        "nauc_mrr_at_20_max": 0.4109375741828441,
        "nauc_mrr_at_20_std": 0.13732524262993256,
        "nauc_mrr_at_3_diff1": 0.3824567401276728,
        "nauc_mrr_at_3_max": 0.42021258755510976,
        "nauc_mrr_at_3_std": 0.12955773749855876,
        "nauc_mrr_at_5_diff1": 0.3789704117435803,
        "nauc_mrr_at_5_max": 0.4147745485772556,
        "nauc_mrr_at_5_std": 0.1369112019461578,
        "nauc_ndcg_at_1000_diff1": 0.363053513038303,
        "nauc_ndcg_at_1000_max": 0.42128006908240295,
        "nauc_ndcg_at_1000_std": 0.13584194128028712,
        "nauc_ndcg_at_100_diff1": 0.3506382906727237,
        "nauc_ndcg_at_100_max": 0.4154933578112467,
        "nauc_ndcg_at_100_std": 0.1419311999381482,
        "nauc_ndcg_at_10_diff1": 0.35725727935664,
        "nauc_ndcg_at_10_max": 0.39020719251422,
        "nauc_ndcg_at_10_std": 0.07699604833791614,
        "nauc_ndcg_at_1_diff1": 0.4160609388879719,
        "nauc_ndcg_at_1_max": 0.3532899641057627,
        "nauc_ndcg_at_1_std": 0.05289132915299127,
        "nauc_ndcg_at_20_diff1": 0.34602119552486355,
        "nauc_ndcg_at_20_max": 0.396721647626583,
        "nauc_ndcg_at_20_std": 0.09923537325308451,
        "nauc_ndcg_at_3_diff1": 0.3763835032280149,
        "nauc_ndcg_at_3_max": 0.4000639447674701,
        "nauc_ndcg_at_3_std": 0.0734424840936636,
        "nauc_ndcg_at_5_diff1": 0.37576210381027525,
        "nauc_ndcg_at_5_max": 0.38922798447671997,
        "nauc_ndcg_at_5_std": 0.06607350859818849,
        "nauc_precision_at_1000_diff1": -0.15659288685601278,
        "nauc_precision_at_1000_max": 0.10073399800798498,
        "nauc_precision_at_1000_std": 0.3600674256961004,
        "nauc_precision_at_100_diff1": -0.17475131446533904,
        "nauc_precision_at_100_max": 0.14409497116554254,
        "nauc_precision_at_100_std": 0.41957566181019906,
        "nauc_precision_at_10_diff1": -0.13137530202946976,
        "nauc_precision_at_10_max": 0.24963100519082526,
        "nauc_precision_at_10_std": 0.3958546008338007,
        "nauc_precision_at_1_diff1": 0.4160609388879719,
        "nauc_precision_at_1_max": 0.3532899641057627,
        "nauc_precision_at_1_std": 0.05289132915299127,
        "nauc_precision_at_20_diff1": -0.16766718583593815,
        "nauc_precision_at_20_max": 0.21212193458523845,
        "nauc_precision_at_20_std": 0.40767885355800093,
        "nauc_precision_at_3_diff1": 0.028779165141450597,
        "nauc_precision_at_3_max": 0.34986561938560257,
        "nauc_precision_at_3_std": 0.3142930493368277,
        "nauc_precision_at_5_diff1": -0.062490258776151913,
        "nauc_precision_at_5_max": 0.2838887776811703,
        "nauc_precision_at_5_std": 0.3754445793992626,
        "nauc_recall_at_1000_diff1": 0.2625174161462087,
        "nauc_recall_at_1000_max": 0.5058751981466968,
        "nauc_recall_at_1000_std": 0.41365934629491147,
        "nauc_recall_at_100_diff1": 0.19090263080722517,
        "nauc_recall_at_100_max": 0.37715710310087497,
        "nauc_recall_at_100_std": 0.3279595994770744,
        "nauc_recall_at_10_diff1": 0.2638311881347135,
        "nauc_recall_at_10_max": 0.31671324018241753,
        "nauc_recall_at_10_std": 0.047722887210953885,
        "nauc_recall_at_1_diff1": 0.49365461114311804,
        "nauc_recall_at_1_max": 0.2918514591021837,
        "nauc_recall_at_1_std": -0.11208835818015112,
        "nauc_recall_at_20_diff1": 0.20618528582383414,
        "nauc_recall_at_20_max": 0.3113722053667383,
        "nauc_recall_at_20_std": 0.09157097795159481,
        "nauc_recall_at_3_diff1": 0.3481381867556256,
        "nauc_recall_at_3_max": 0.32068460146844313,
        "nauc_recall_at_3_std": -0.03481664824465478,
        "nauc_recall_at_5_diff1": 0.3112152698315664,
        "nauc_recall_at_5_max": 0.3086393422242716,
        "nauc_recall_at_5_std": -0.01626746932818709,
        "ndcg_at_1": 0.51174,
        "ndcg_at_10": 0.56248,
        "ndcg_at_100": 0.62302,
        "ndcg_at_1000": 0.63886,
        "ndcg_at_20": 0.58752,
        "ndcg_at_3": 0.51214,
        "ndcg_at_5": 0.53072,
        "precision_at_1": 0.51174,
        "precision_at_10": 0.14319,
        "precision_at_100": 0.02169,
        "precision_at_1000": 0.00245,
        "precision_at_20": 0.08404,
        "precision_at_3": 0.30516,
        "precision_at_5": 0.23005,
        "recall_at_1": 0.30948,
        "recall_at_10": 0.66458,
        "recall_at_100": 0.86656,
        "recall_at_1000": 0.96072,
        "recall_at_20": 0.73488,
        "recall_at_3": 0.48693,
        "recall_at_5": 0.56965
      }
    ]
  },
  "task_name": "MIRACLRetrieval"
}