{
  "dataset_revision": "fc24a3ce8f09746410daee3d5cd823ff7a0675b7",
  "evaluation_time": 33973.33324599266,
  "kg_co2_emissions": null,
  "mteb_version": "1.20.1",
  "scores": {
    "test": [
      {
        "hf_subset": "korean",
        "languages": [
          "kor-Kore"
        ],
        "main_score": 0.44728,
        "map_at_1": 0.28583,
        "map_at_10": 0.38924,
        "map_at_100": 0.39971,
        "map_at_1000": 0.40018,
        "map_at_20": 0.3961,
        "map_at_3": 0.35854,
        "map_at_5": 0.37754,
        "mrr_at_1": 0.3087885985748218,
        "mrr_at_10": 0.4115861704935341,
        "mrr_at_100": 0.41973492049542444,
        "mrr_at_1000": 0.4200780686652876,
        "mrr_at_20": 0.4168646874081562,
        "mrr_at_3": 0.3828186856690421,
        "mrr_at_5": 0.4013460015835315,
        "nauc_map_at_1000_diff1": 0.48372971824247185,
        "nauc_map_at_1000_max": 0.40168966875755646,
        "nauc_map_at_1000_std": 0.1285061926289655,
        "nauc_map_at_100_diff1": 0.4833848030996116,
        "nauc_map_at_100_max": 0.4018035826214681,
        "nauc_map_at_100_std": 0.12885925526978198,
        "nauc_map_at_10_diff1": 0.4830161176312886,
        "nauc_map_at_10_max": 0.3985904062346475,
        "nauc_map_at_10_std": 0.11965352228819547,
        "nauc_map_at_1_diff1": 0.5746242473139114,
        "nauc_map_at_1_max": 0.396500930373006,
        "nauc_map_at_1_std": 0.09460472034396682,
        "nauc_map_at_20_diff1": 0.4836382254283399,
        "nauc_map_at_20_max": 0.40127233440151805,
        "nauc_map_at_20_std": 0.12589792975498248,
        "nauc_map_at_3_diff1": 0.4936982288981077,
        "nauc_map_at_3_max": 0.4028372641792409,
        "nauc_map_at_3_std": 0.10674461390494162,
        "nauc_map_at_5_diff1": 0.48598164884819683,
        "nauc_map_at_5_max": 0.401841357514279,
        "nauc_map_at_5_std": 0.11702141380744592,
        "nauc_mrr_at_1000_diff1": 0.4943420682279905,
        "nauc_mrr_at_1000_max": 0.41808539497314195,
        "nauc_mrr_at_1000_std": 0.1598519050725324,
        "nauc_mrr_at_100_diff1": 0.4940577062017333,
        "nauc_mrr_at_100_max": 0.41816429953760254,
        "nauc_mrr_at_100_std": 0.16004526001331285,
        "nauc_mrr_at_10_diff1": 0.4934310284365195,
        "nauc_mrr_at_10_max": 0.41665182716899923,
        "nauc_mrr_at_10_std": 0.15560215149520606,
        "nauc_mrr_at_1_diff1": 0.5724327254732907,
        "nauc_mrr_at_1_max": 0.4058774880102169,
        "nauc_mrr_at_1_std": 0.1250378922282418,
        "nauc_mrr_at_20_diff1": 0.49445123004973524,
        "nauc_mrr_at_20_max": 0.41857409422818076,
        "nauc_mrr_at_20_std": 0.15927696365870916,
        "nauc_mrr_at_3_diff1": 0.5036890367233479,
        "nauc_mrr_at_3_max": 0.4203619306278547,
        "nauc_mrr_at_3_std": 0.1395379625838852,
        "nauc_mrr_at_5_diff1": 0.49654517183667035,
        "nauc_mrr_at_5_max": 0.4185014234088432,
        "nauc_mrr_at_5_std": 0.15114613437898916,
        "nauc_ndcg_at_1000_diff1": 0.4625779088303276,
        "nauc_ndcg_at_1000_max": 0.41406576604336215,
        "nauc_ndcg_at_1000_std": 0.17748518231716406,
        "nauc_ndcg_at_100_diff1": 0.45159432918365955,
        "nauc_ndcg_at_100_max": 0.41426577077646537,
        "nauc_ndcg_at_100_std": 0.18599051372730077,
        "nauc_ndcg_at_10_diff1": 0.4522864180155836,
        "nauc_ndcg_at_10_max": 0.4011682556085032,
        "nauc_ndcg_at_10_std": 0.14626934147248594,
        "nauc_ndcg_at_1_diff1": 0.5724327254732907,
        "nauc_ndcg_at_1_max": 0.4058774880102169,
        "nauc_ndcg_at_1_std": 0.1250378922282418,
        "nauc_ndcg_at_20_diff1": 0.45435864027081746,
        "nauc_ndcg_at_20_max": 0.40988667988806715,
        "nauc_ndcg_at_20_std": 0.16624740189899134,
        "nauc_ndcg_at_3_diff1": 0.47389621715921837,
        "nauc_ndcg_at_3_max": 0.40901774289509407,
        "nauc_ndcg_at_3_std": 0.11705012854210183,
        "nauc_ndcg_at_5_diff1": 0.45980908807654736,
        "nauc_ndcg_at_5_max": 0.40752173290426674,
        "nauc_ndcg_at_5_std": 0.13774330119040987,
        "nauc_precision_at_1000_diff1": 0.04140219661244718,
        "nauc_precision_at_1000_max": 0.17654948776428595,
        "nauc_precision_at_1000_std": 0.3039186497711353,
        "nauc_precision_at_100_diff1": 0.05980477244767715,
        "nauc_precision_at_100_max": 0.24382763958828502,
        "nauc_precision_at_100_std": 0.3711864834409094,
        "nauc_precision_at_10_diff1": 0.2614488984819199,
        "nauc_precision_at_10_max": 0.3408588588696674,
        "nauc_precision_at_10_std": 0.21319520575289586,
        "nauc_precision_at_1_diff1": 0.5724327254732907,
        "nauc_precision_at_1_max": 0.4058774880102169,
        "nauc_precision_at_1_std": 0.1250378922282418,
        "nauc_precision_at_20_diff1": 0.20986441359275726,
        "nauc_precision_at_20_max": 0.3232709607257924,
        "nauc_precision_at_20_std": 0.28231811638624704,
        "nauc_precision_at_3_diff1": 0.38717992771711085,
        "nauc_precision_at_3_max": 0.4146312510950824,
        "nauc_precision_at_3_std": 0.1439453573034876,
        "nauc_precision_at_5_diff1": 0.3288179741781324,
        "nauc_precision_at_5_max": 0.3957686802944973,
        "nauc_precision_at_5_std": 0.19930637202133739,
        "nauc_recall_at_1000_diff1": 0.35946258297874323,
        "nauc_recall_at_1000_max": 0.5201793036771298,
        "nauc_recall_at_1000_std": 0.590054630887816,
        "nauc_recall_at_100_diff1": 0.24716884378565085,
        "nauc_recall_at_100_max": 0.46118861559094754,
        "nauc_recall_at_100_std": 0.5169952188036749,
        "nauc_recall_at_10_diff1": 0.32824913211442686,
        "nauc_recall_at_10_max": 0.37297663482851995,
        "nauc_recall_at_10_std": 0.19311853884927607,
        "nauc_recall_at_1_diff1": 0.5746242473139114,
        "nauc_recall_at_1_max": 0.396500930373006,
        "nauc_recall_at_1_std": 0.09460472034396682,
        "nauc_recall_at_20_diff1": 0.3223491189352304,
        "nauc_recall_at_20_max": 0.40927823196987545,
        "nauc_recall_at_20_std": 0.28640455005390064,
        "nauc_recall_at_3_diff1": 0.39794868348142554,
        "nauc_recall_at_3_max": 0.397940641626162,
        "nauc_recall_at_3_std": 0.11302745138912197,
        "nauc_recall_at_5_diff1": 0.35830984073737415,
        "nauc_recall_at_5_max": 0.393494120447945,
        "nauc_recall_at_5_std": 0.16341818262680563,
        "ndcg_at_1": 0.30879,
        "ndcg_at_10": 0.44728,
        "ndcg_at_100": 0.49391,
        "ndcg_at_1000": 0.50578,
        "ndcg_at_20": 0.46943,
        "ndcg_at_3": 0.38692,
        "ndcg_at_5": 0.42028,
        "precision_at_1": 0.30879,
        "precision_at_10": 0.0677,
        "precision_at_100": 0.00938,
        "precision_at_1000": 0.00105,
        "precision_at_20": 0.03884,
        "precision_at_3": 0.1631,
        "precision_at_5": 0.11639,
        "recall_at_1": 0.28583,
        "recall_at_10": 0.60451,
        "recall_at_100": 0.81235,
        "recall_at_1000": 0.9038,
        "recall_at_20": 0.68725,
        "recall_at_3": 0.44576,
        "recall_at_5": 0.52336
      }
    ]
  },
  "task_name": "MrTidyRetrieval"
}