{
  "dataset_revision": "d67138e705d963e346253a80e59676ddb418810a",
  "evaluation_time": 791.2342638969421,
  "kg_co2_emissions": null,
  "mteb_version": "1.20.1",
  "scores": {
    "dev": [
      {
        "hf_subset": "ko",
        "languages": [
          "kor-Hang"
        ],
        "main_score": 0.31108,
        "map_at_1": 0.225,
        "map_at_10": 0.27634,
        "map_at_100": 0.28547,
        "map_at_1000": 0.2864,
        "map_at_20": 0.28083,
        "map_at_3": 0.25333,
        "map_at_5": 0.26533,
        "mrr_at_1": 0.225,
        "mrr_at_10": 0.2763373015873016,
        "mrr_at_100": 0.28547413152370693,
        "mrr_at_1000": 0.2864043033289739,
        "mrr_at_20": 0.28082997615989114,
        "mrr_at_3": 0.2533333333333333,
        "mrr_at_5": 0.26533333333333337,
        "nauc_map_at_1000_diff1": 0.5827440283312539,
        "nauc_map_at_1000_max": 0.47121346840093437,
        "nauc_map_at_1000_std": 0.01761850507064754,
        "nauc_map_at_100_diff1": 0.5818862178246292,
        "nauc_map_at_100_max": 0.4702677970629844,
        "nauc_map_at_100_std": 0.01732113924124195,
        "nauc_map_at_10_diff1": 0.5854386442392447,
        "nauc_map_at_10_max": 0.47577814442978594,
        "nauc_map_at_10_std": 0.013683084601007884,
        "nauc_map_at_1_diff1": 0.6303121271600662,
        "nauc_map_at_1_max": 0.45306546588153795,
        "nauc_map_at_1_std": -0.03716276026632798,
        "nauc_map_at_20_diff1": 0.5828572421752594,
        "nauc_map_at_20_max": 0.46939532577476534,
        "nauc_map_at_20_std": 0.012200111756481068,
        "nauc_map_at_3_diff1": 0.5953459236004133,
        "nauc_map_at_3_max": 0.4673015424214653,
        "nauc_map_at_3_std": -0.007863229530253665,
        "nauc_map_at_5_diff1": 0.596001269055143,
        "nauc_map_at_5_max": 0.47341165290086296,
        "nauc_map_at_5_std": 0.005731512744635958,
        "nauc_mrr_at_1000_diff1": 0.5827440283312539,
        "nauc_mrr_at_1000_max": 0.47121346840093437,
        "nauc_mrr_at_1000_std": 0.01761850507064754,
        "nauc_mrr_at_100_diff1": 0.5818862178246292,
        "nauc_mrr_at_100_max": 0.4702677970629844,
        "nauc_mrr_at_100_std": 0.01732113924124195,
        "nauc_mrr_at_10_diff1": 0.5854386442392447,
        "nauc_mrr_at_10_max": 0.47577814442978594,
        "nauc_mrr_at_10_std": 0.013683084601007884,
        "nauc_mrr_at_1_diff1": 0.6303121271600662,
        "nauc_mrr_at_1_max": 0.45306546588153795,
        "nauc_mrr_at_1_std": -0.03716276026632798,
        "nauc_mrr_at_20_diff1": 0.5828572421752594,
        "nauc_mrr_at_20_max": 0.46939532577476534,
        "nauc_mrr_at_20_std": 0.012200111756481068,
        "nauc_mrr_at_3_diff1": 0.5953459236004133,
        "nauc_mrr_at_3_max": 0.4673015424214653,
        "nauc_mrr_at_3_std": -0.007863229530253665,
        "nauc_mrr_at_5_diff1": 0.596001269055143,
        "nauc_mrr_at_5_max": 0.47341165290086296,
        "nauc_mrr_at_5_std": 0.005731512744635958,
        "nauc_ndcg_at_1000_diff1": 0.5519537330473182,
        "nauc_ndcg_at_1000_max": 0.4776051956831099,
        "nauc_ndcg_at_1000_std": 0.07098420071862646,
        "nauc_ndcg_at_100_diff1": 0.5358392865731979,
        "nauc_ndcg_at_100_max": 0.46350611930764696,
        "nauc_ndcg_at_100_std": 0.07691855816662034,
        "nauc_ndcg_at_10_diff1": 0.558761866391538,
        "nauc_ndcg_at_10_max": 0.4815954148923924,
        "nauc_ndcg_at_10_std": 0.04145292681314251,
        "nauc_ndcg_at_1_diff1": 0.6303121271600662,
        "nauc_ndcg_at_1_max": 0.45306546588153795,
        "nauc_ndcg_at_1_std": -0.03716276026632798,
        "nauc_ndcg_at_20_diff1": 0.5458553168628171,
        "nauc_ndcg_at_20_max": 0.45640758615377236,
        "nauc_ndcg_at_20_std": 0.037411713002657526,
        "nauc_ndcg_at_3_diff1": 0.581931256292059,
        "nauc_ndcg_at_3_max": 0.4672095603839993,
        "nauc_ndcg_at_3_std": 0.0010732582708155496,
        "nauc_ndcg_at_5_diff1": 0.5828683592678144,
        "nauc_ndcg_at_5_max": 0.4768678411192577,
        "nauc_ndcg_at_5_std": 0.023373647848388267,
        "nauc_precision_at_1000_diff1": 0.22665732959850426,
        "nauc_precision_at_1000_max": 0.6512313258636786,
        "nauc_precision_at_1000_std": 0.7869105975723624,
        "nauc_precision_at_100_diff1": 0.31753884685256706,
        "nauc_precision_at_100_max": 0.4285852866994729,
        "nauc_precision_at_100_std": 0.3884332504365306,
        "nauc_precision_at_10_diff1": 0.4804829757538381,
        "nauc_precision_at_10_max": 0.49708851309682217,
        "nauc_precision_at_10_std": 0.12169171346035226,
        "nauc_precision_at_1_diff1": 0.6303121271600662,
        "nauc_precision_at_1_max": 0.45306546588153795,
        "nauc_precision_at_1_std": -0.03716276026632798,
        "nauc_precision_at_20_diff1": 0.42342438374417013,
        "nauc_precision_at_20_max": 0.39866755496335765,
        "nauc_precision_at_20_std": 0.11081279147235165,
        "nauc_precision_at_3_diff1": 0.544668488935896,
        "nauc_precision_at_3_max": 0.46566762358694047,
        "nauc_precision_at_3_std": 0.025362965811848406,
        "nauc_precision_at_5_diff1": 0.5472598349226488,
        "nauc_precision_at_5_max": 0.48527983188279383,
        "nauc_precision_at_5_std": 0.0718595322588108,
        "nauc_recall_at_1000_diff1": 0.2266573295985049,
        "nauc_recall_at_1000_max": 0.6512313258636785,
        "nauc_recall_at_1000_std": 0.7869105975723616,
        "nauc_recall_at_100_diff1": 0.3175388468525674,
        "nauc_recall_at_100_max": 0.42858528669947293,
        "nauc_recall_at_100_std": 0.38843325043653104,
        "nauc_recall_at_10_diff1": 0.4804829757538381,
        "nauc_recall_at_10_max": 0.4970885130968222,
        "nauc_recall_at_10_std": 0.12169171346035257,
        "nauc_recall_at_1_diff1": 0.6303121271600662,
        "nauc_recall_at_1_max": 0.45306546588153795,
        "nauc_recall_at_1_std": -0.03716276026632798,
        "nauc_recall_at_20_diff1": 0.4234243837441704,
        "nauc_recall_at_20_max": 0.39866755496335765,
        "nauc_recall_at_20_std": 0.11081279147235173,
        "nauc_recall_at_3_diff1": 0.5446684889358954,
        "nauc_recall_at_3_max": 0.46566762358694014,
        "nauc_recall_at_3_std": 0.0253629658118484,
        "nauc_recall_at_5_diff1": 0.5472598349226487,
        "nauc_recall_at_5_max": 0.4852798318827938,
        "nauc_recall_at_5_std": 0.07185953225881045,
        "ndcg_at_1": 0.225,
        "ndcg_at_10": 0.31108,
        "ndcg_at_100": 0.36408,
        "ndcg_at_1000": 0.3922,
        "ndcg_at_20": 0.32913,
        "ndcg_at_3": 0.26274,
        "ndcg_at_5": 0.28489,
        "precision_at_1": 0.225,
        "precision_at_10": 0.0425,
        "precision_at_100": 0.0069,
        "precision_at_1000": 0.00092,
        "precision_at_20": 0.025,
        "precision_at_3": 0.09667,
        "precision_at_5": 0.069,
        "recall_at_1": 0.225,
        "recall_at_10": 0.425,
        "recall_at_100": 0.69,
        "recall_at_1000": 0.92,
        "recall_at_20": 0.5,
        "recall_at_3": 0.29,
        "recall_at_5": 0.345
      }
    ],
    "test": [
      {
        "hf_subset": "ko",
        "languages": [
          "kor-Hang"
        ],
        "main_score": 0.28479,
        "map_at_1": 0.2,
        "map_at_10": 0.25486,
        "map_at_100": 0.26535,
        "map_at_1000": 0.26645,
        "map_at_20": 0.26155,
        "map_at_3": 0.23917,
        "map_at_5": 0.24692,
        "mrr_at_1": 0.2,
        "mrr_at_10": 0.2548571428571429,
        "mrr_at_100": 0.2653479973134919,
        "mrr_at_1000": 0.2664475273861746,
        "mrr_at_20": 0.26155286766896685,
        "mrr_at_3": 0.23916666666666672,
        "mrr_at_5": 0.2469166666666667,
        "nauc_map_at_1000_diff1": 0.4582594378042708,
        "nauc_map_at_1000_max": 0.3948624842187872,
        "nauc_map_at_1000_std": -0.03468906962815208,
        "nauc_map_at_100_diff1": 0.457657589855601,
        "nauc_map_at_100_max": 0.3943825734840979,