{
  "dataset_revision": "main",
  "evaluation_time": 5.753293514251709,
  "kg_co2_emissions": null,
  "mteb_version": "1.20.1",
  "scores": {
    "test": [
      {
        "hf_subset": "korean",
        "languages": [
          "kor-Hang"
        ],
        "main_score": 0.85617,
        "map_at_1": 0.72727,
        "map_at_10": 0.818,
        "map_at_100": 0.81972,
        "map_at_1000": 0.81972,
        "map_at_20": 0.81972,
        "map_at_3": 0.80519,
        "map_at_5": 0.80844,
        "mrr_at_1": 0.7272727272727273,
        "mrr_at_10": 0.8180014430014431,
        "mrr_at_100": 0.8197219447219448,
        "mrr_at_1000": 0.8197219447219448,
        "mrr_at_20": 0.8197219447219448,
        "mrr_at_3": 0.8051948051948052,
        "mrr_at_5": 0.8084415584415584,
        "nauc_map_at_1000_diff1": 0.646244043446091,
        "nauc_map_at_1000_max": 0.11771466620451258,
        "nauc_map_at_1000_std": -0.22293982162876316,
        "nauc_map_at_100_diff1": 0.646244043446091,
        "nauc_map_at_100_max": 0.11771466620451258,
        "nauc_map_at_100_std": -0.22293982162876316,
        "nauc_map_at_10_diff1": 0.642856708479778,
        "nauc_map_at_10_max": 0.11035422874096561,
        "nauc_map_at_10_std": -0.22329349236179952,
        "nauc_map_at_1_diff1": 0.6496291120568579,
        "nauc_map_at_1_max": 0.08105503859326908,
        "nauc_map_at_1_std": -0.15869430013902078,
        "nauc_map_at_20_diff1": 0.646244043446091,
        "nauc_map_at_20_max": 0.11771466620451258,
        "nauc_map_at_20_std": -0.22293982162876316,
        "nauc_map_at_3_diff1": 0.6487588838089147,
        "nauc_map_at_3_max": 0.13649166333805868,
        "nauc_map_at_3_std": -0.24378692695065055,
        "nauc_map_at_5_diff1": 0.6422022858465769,
        "nauc_map_at_5_max": 0.13669426466557213,
        "nauc_map_at_5_std": -0.2378759106262703,
        "nauc_mrr_at_1000_diff1": 0.646244043446091,
        "nauc_mrr_at_1000_max": 0.11771466620451258,
        "nauc_mrr_at_1000_std": -0.22293982162876316,
        "nauc_mrr_at_100_diff1": 0.646244043446091,
        "nauc_mrr_at_100_max": 0.11771466620451258,
        "nauc_mrr_at_100_std": -0.22293982162876316,
        "nauc_mrr_at_10_diff1": 0.642856708479778,
        "nauc_mrr_at_10_max": 0.11035422874096561,
        "nauc_mrr_at_10_std": -0.22329349236179952,
        "nauc_mrr_at_1_diff1": 0.6496291120568579,
        "nauc_mrr_at_1_max": 0.08105503859326908,
        "nauc_mrr_at_1_std": -0.15869430013902078,
        "nauc_mrr_at_20_diff1": 0.646244043446091,
        "nauc_mrr_at_20_max": 0.11771466620451258,
        "nauc_mrr_at_20_std": -0.22293982162876316,
        "nauc_mrr_at_3_diff1": 0.6487588838089147,
        "nauc_mrr_at_3_max": 0.13649166333805868,
        "nauc_mrr_at_3_std": -0.24378692695065055,
        "nauc_mrr_at_5_diff1": 0.6422022858465769,
        "nauc_mrr_at_5_max": 0.13669426466557213,
        "nauc_mrr_at_5_std": -0.2378759106262703,
        "nauc_ndcg_at_1000_diff1": 0.6454336670366856,
        "nauc_ndcg_at_1000_max": 0.1204399199301231,
        "nauc_ndcg_at_1000_std": -0.22851662405485756,
        "nauc_ndcg_at_100_diff1": 0.6454336670366856,
        "nauc_ndcg_at_100_max": 0.1204399199301231,
        "nauc_ndcg_at_100_std": -0.22851662405485756,
        "nauc_ndcg_at_10_diff1": 0.6325430114209823,
        "nauc_ndcg_at_10_max": 0.09272330063627189,
        "nauc_ndcg_at_10_std": -0.22420639498410985,
        "nauc_ndcg_at_1_diff1": 0.6496291120568579,
        "nauc_ndcg_at_1_max": 0.08105503859326908,
        "nauc_ndcg_at_1_std": -0.15869430013902078,
        "nauc_ndcg_at_20_diff1": 0.6454336670366856,
        "nauc_ndcg_at_20_max": 0.1204399199301231,
        "nauc_ndcg_at_20_std": -0.22851662405485756,
        "nauc_ndcg_at_3_diff1": 0.6474924583756264,
        "nauc_ndcg_at_3_max": 0.16124916234667075,
        "nauc_ndcg_at_3_std": -0.2811007748212722,
        "nauc_ndcg_at_5_diff1": 0.6345773846760506,
        "nauc_ndcg_at_5_max": 0.1625538675994191,
        "nauc_ndcg_at_5_std": -0.2708662815048982,
        "nauc_precision_at_1000_diff1": NaN,
        "nauc_precision_at_1000_max": NaN,
        "nauc_precision_at_1000_std": NaN,
        "nauc_precision_at_100_diff1": 1.0,
        "nauc_precision_at_100_max": 1.0,
        "nauc_precision_at_100_std": 1.0,
        "nauc_precision_at_10_diff1": 0.4167090338610833,
        "nauc_precision_at_10_max": -0.36527093203830124,
        "nauc_precision_at_10_std": -0.08218269674418595,
        "nauc_precision_at_1_diff1": 0.6496291120568579,
        "nauc_precision_at_1_max": 0.08105503859326908,
        "nauc_precision_at_1_std": -0.15869430013902078,
        "nauc_precision_at_20_diff1": 1.0,
        "nauc_precision_at_20_max": 1.0,
        "nauc_precision_at_20_std": 1.0,
        "nauc_precision_at_3_diff1": 0.6408580232419018,
        "nauc_precision_at_3_max": 0.28213621696446,
        "nauc_precision_at_3_std": -0.46294543948589373,
        "nauc_precision_at_5_diff1": 0.5895520265621751,
        "nauc_precision_at_5_max": 0.30449307916307494,
        "nauc_precision_at_5_std": -0.4490170987180294,
        "nauc_recall_at_1000_diff1": NaN,
        "nauc_recall_at_1000_max": NaN,
        "nauc_recall_at_1000_std": NaN,
        "nauc_recall_at_100_diff1": NaN,
        "nauc_recall_at_100_max": NaN,
        "nauc_recall_at_100_std": NaN,
        "nauc_recall_at_10_diff1": 0.41670903386108427,
        "nauc_recall_at_10_max": -0.3652709320383255,
        "nauc_recall_at_10_std": -0.08218269674420323,
        "nauc_recall_at_1_diff1": 0.6496291120568579,
        "nauc_recall_at_1_max": 0.08105503859326908,
        "nauc_recall_at_1_std": -0.15869430013902078,
        "nauc_recall_at_20_diff1": NaN,
        "nauc_recall_at_20_max": NaN,
        "nauc_recall_at_20_std": NaN,
        "nauc_recall_at_3_diff1": 0.6408580232419027,
        "nauc_recall_at_3_max": 0.28213621696445973,
        "nauc_recall_at_3_std": -0.4629454394858956,
        "nauc_recall_at_5_diff1": 0.5895520265621734,
        "nauc_recall_at_5_max": 0.3044930791630734,
        "nauc_recall_at_5_std": -0.4490170987180282,
        "ndcg_at_1": 0.72727,
        "ndcg_at_10": 0.85617,
        "ndcg_at_100": 0.86264,
        "ndcg_at_1000": 0.86264,
        "ndcg_at_20": 0.86264,
        "ndcg_at_3": 0.82869,
        "ndcg_at_5": 0.83429,
        "precision_at_1": 0.72727,
        "precision_at_10": 0.0974,
        "precision_at_100": 0.01,
        "precision_at_1000": 0.001,
        "precision_at_20": 0.05,
        "precision_at_3": 0.2987,
        "precision_at_5": 0.18182,
        "recall_at_1": 0.72727,
        "recall_at_10": 0.97403,
        "recall_at_100": 1.0,
        "recall_at_1000": 1.0,
        "recall_at_20": 1.0,
        "recall_at_3": 0.8961,
        "recall_at_5": 0.90909
      }
    ]
  },
  "task_name": "PublicHealthQA"
}