{
  "dataset_revision": "fd7df84ac089bbec763b1c6bb1b56e985df5cc5c",
  "evaluation_time": 9.638917446136475,
  "kg_co2_emissions": null,
  "mteb_version": "1.19.4",
  "scores": {
    "test": [
      {
        "hf_subset": "default",
        "languages": [
          "kor-Hang"
        ],
        "main_score": 0.77108,
        "map_at_1": 0.59649,
        "map_at_10": 0.71667,
        "map_at_100": 0.71923,
        "map_at_1000": 0.71923,
        "map_at_20": 0.71793,
        "map_at_3": 0.69298,
        "map_at_5": 0.7057,
        "mrr_at_1": 0.5964912280701754,
        "mrr_at_10": 0.7166666666666666,
        "mrr_at_100": 0.7192301247857292,
        "mrr_at_1000": 0.7192301247857292,
        "mrr_at_20": 0.717925795349618,
        "mrr_at_3": 0.6929824561403509,
        "mrr_at_5": 0.7057017543859649,
        "nauc_map_at_1000_diff1": 0.5936517099361166,
        "nauc_map_at_1000_max": 0.23025820800907956,
        "nauc_map_at_1000_std": -0.44830854310298024,
        "nauc_map_at_100_diff1": 0.5936517099361166,
        "nauc_map_at_100_max": 0.23025820800907956,
        "nauc_map_at_100_std": -0.44830854310298024,
        "nauc_map_at_10_diff1": 0.5893271930047639,
        "nauc_map_at_10_max": 0.2276498001316117,
        "nauc_map_at_10_std": -0.4551546095194692,
        "nauc_map_at_1_diff1": 0.6110833815898389,
        "nauc_map_at_1_max": 0.1908294474342627,
        "nauc_map_at_1_std": -0.35314996932177417,
        "nauc_map_at_20_diff1": 0.59448055498058,
        "nauc_map_at_20_max": 0.2329357588721152,
        "nauc_map_at_20_std": -0.45255932263784404,
        "nauc_map_at_3_diff1": 0.5938383228262359,
        "nauc_map_at_3_max": 0.23164372605869038,
        "nauc_map_at_3_std": -0.43564852034913903,
        "nauc_map_at_5_diff1": 0.5900023435482211,
        "nauc_map_at_5_max": 0.23294445889550133,
        "nauc_map_at_5_std": -0.45567242172858874,
        "nauc_mrr_at_1000_diff1": 0.5936517099361166,
        "nauc_mrr_at_1000_max": 0.23025820800907956,
        "nauc_mrr_at_1000_std": -0.44830854310298024,
        "nauc_mrr_at_100_diff1": 0.5936517099361166,
        "nauc_mrr_at_100_max": 0.23025820800907956,
        "nauc_mrr_at_100_std": -0.44830854310298024,
        "nauc_mrr_at_10_diff1": 0.5893271930047639,
        "nauc_mrr_at_10_max": 0.2276498001316117,
        "nauc_mrr_at_10_std": -0.4551546095194692,
        "nauc_mrr_at_1_diff1": 0.6110833815898389,
        "nauc_mrr_at_1_max": 0.1908294474342627,
        "nauc_mrr_at_1_std": -0.35314996932177417,
        "nauc_mrr_at_20_diff1": 0.59448055498058,
        "nauc_mrr_at_20_max": 0.2329357588721152,
        "nauc_mrr_at_20_std": -0.45255932263784404,
        "nauc_mrr_at_3_diff1": 0.5938383228262359,
        "nauc_mrr_at_3_max": 0.23164372605869038,
        "nauc_mrr_at_3_std": -0.43564852034913903,
        "nauc_mrr_at_5_diff1": 0.5900023435482211,
        "nauc_mrr_at_5_max": 0.23294445889550133,
        "nauc_mrr_at_5_std": -0.45567242172858874,
        "nauc_ndcg_at_1000_diff1": 0.5925722016847822,
        "nauc_ndcg_at_1000_max": 0.2381630983055214,
        "nauc_ndcg_at_1000_std": -0.467474281511242,
        "nauc_ndcg_at_100_diff1": 0.5925722016847822,
        "nauc_ndcg_at_100_max": 0.2381630983055214,
        "nauc_ndcg_at_100_std": -0.467474281511242,
        "nauc_ndcg_at_10_diff1": 0.5800090322494245,
        "nauc_ndcg_at_10_max": 0.24203689898525843,
        "nauc_ndcg_at_10_std": -0.5118177090163054,
        "nauc_ndcg_at_1_diff1": 0.6110833815898389,
        "nauc_ndcg_at_1_max": 0.1908294474342627,
        "nauc_ndcg_at_1_std": -0.35314996932177417,
        "nauc_ndcg_at_20_diff1": 0.598047860353563,
        "nauc_ndcg_at_20_max": 0.25996203653945654,
        "nauc_ndcg_at_20_std": -0.5029431420978402,
        "nauc_ndcg_at_3_diff1": 0.5896443334804378,
        "nauc_ndcg_at_3_max": 0.2439244231908955,
        "nauc_ndcg_at_3_std": -0.4669491517657949,
        "nauc_ndcg_at_5_diff1": 0.5816884009461497,
        "nauc_ndcg_at_5_max": 0.2509765225930184,
        "nauc_ndcg_at_5_std": -0.5086643597687968,
        "nauc_precision_at_1000_diff1": 1.0,
        "nauc_precision_at_1000_max": 1.0,
        "nauc_precision_at_1000_std": 1.0,
        "nauc_precision_at_100_diff1": 1.0,
        "nauc_precision_at_100_max": 1.0,
        "nauc_precision_at_100_std": 1.0,
        "nauc_precision_at_10_diff1": 0.47965320075378115,
        "nauc_precision_at_10_max": 0.40503318457167936,
        "nauc_precision_at_10_std": -1.143569297810643,
        "nauc_precision_at_1_diff1": 0.6110833815898389,
        "nauc_precision_at_1_max": 0.1908294474342627,
        "nauc_precision_at_1_std": -0.35314996932177417,
        "nauc_precision_at_20_diff1": 0.7008965455883202,
        "nauc_precision_at_20_max": 0.7183536566232184,
        "nauc_precision_at_20_std": -1.2588569287895695,
        "nauc_precision_at_3_diff1": 0.5731811728893021,
        "nauc_precision_at_3_max": 0.2938957496013745,
        "nauc_precision_at_3_std": -0.5982375555469349,
        "nauc_precision_at_5_diff1": 0.5358095787755137,
        "nauc_precision_at_5_max": 0.35334774502959576,
        "nauc_precision_at_5_std": -0.8077434531545805,
        "nauc_recall_at_1000_diff1": NaN,
        "nauc_recall_at_1000_max": NaN,
        "nauc_recall_at_1000_std": NaN,
        "nauc_recall_at_100_diff1": NaN,
        "nauc_recall_at_100_max": NaN,
        "nauc_recall_at_100_std": NaN,
        "nauc_recall_at_10_diff1": 0.4796532007537782,
        "nauc_recall_at_10_max": 0.40503318457167875,
        "nauc_recall_at_10_std": -1.1435692978106466,
        "nauc_recall_at_1_diff1": 0.6110833815898389,
        "nauc_recall_at_1_max": 0.1908294474342627,
        "nauc_recall_at_1_std": -0.35314996932177417,
        "nauc_recall_at_20_diff1": 0.700896545588321,
        "nauc_recall_at_20_max": 0.7183536566232177,
        "nauc_recall_at_20_std": -1.2588569287895657,
        "nauc_recall_at_3_diff1": 0.5731811728893031,
        "nauc_recall_at_3_max": 0.2938957496013749,
        "nauc_recall_at_3_std": -0.5982375555469336,
        "nauc_recall_at_5_diff1": 0.5358095787755134,
        "nauc_recall_at_5_max": 0.3533477450295955,
        "nauc_recall_at_5_std": -0.8077434531545817,
        "ndcg_at_1": 0.59649,
        "ndcg_at_10": 0.77108,
        "ndcg_at_100": 0.78411,
        "ndcg_at_1000": 0.78411,
        "ndcg_at_20": 0.77556,
        "ndcg_at_3": 0.72452,
        "ndcg_at_5": 0.7468,
        "precision_at_1": 0.59649,
        "precision_at_10": 0.09386,
        "precision_at_100": 0.01,
        "precision_at_1000": 0.001,
        "precision_at_20": 0.04781,
        "precision_at_3": 0.27193,
        "precision_at_5": 0.17368,
        "recall_at_1": 0.59649,
        "recall_at_10": 0.9386,
        "recall_at_100": 1.0,
        "recall_at_1000": 1.0,
        "recall_at_20": 0.95614,
        "recall_at_3": 0.81579,
        "recall_at_5": 0.86842
      }
    ]
  },
  "task_name": "AutoRAGRetrieval"
}