{
  "dataset_revision": "d243889a3eb6654029dbd7e7f9319ae31d58f97c",
  "evaluation_time": 47.95084285736084,
  "kg_co2_emissions": null,
  "mteb_version": "1.19.4",
  "scores": {
    "dev": [
      {
        "hf_subset": "default",
        "languages": [
          "kor-Hang"
        ],
        "main_score": 0.75121,
        "map_at_1": 0.45135,
        "map_at_10": 0.69709,
        "map_at_100": 0.70379,
        "map_at_1000": 0.7042,
        "map_at_20": 0.70167,
        "map_at_3": 0.65496,
        "map_at_5": 0.68422,
        "mrr_at_1": 0.7010135135135135,
        "mrr_at_10": 0.7737069658944656,
        "mrr_at_100": 0.7755940101379746,
        "mrr_at_1000": 0.775762024387044,
        "mrr_at_20": 0.7747121401629913,
        "mrr_at_3": 0.764921171171171,
        "mrr_at_5": 0.7705799549549547,
        "nauc_map_at_1000_diff1": 0.5519197145137611,
        "nauc_map_at_1000_max": 0.6067402935995151,
        "nauc_map_at_1000_std": 0.1594828873545819,
        "nauc_map_at_100_diff1": 0.552117983876564,
        "nauc_map_at_100_max": 0.6071358257277069,
        "nauc_map_at_100_std": 0.15992886906044776,
        "nauc_map_at_10_diff1": 0.5482356659883542,
        "nauc_map_at_10_max": 0.6036640161616742,
        "nauc_map_at_10_std": 0.14948304159183426,
        "nauc_map_at_1_diff1": 0.5834434025577803,
        "nauc_map_at_1_max": 0.299451623991129,
        "nauc_map_at_1_std": -0.022953282119810403,
        "nauc_map_at_20_diff1": 0.551019680772447,
        "nauc_map_at_20_max": 0.6074107021103508,
        "nauc_map_at_20_std": 0.15853657489864967,
        "nauc_map_at_3_diff1": 0.5248726081949865,
        "nauc_map_at_3_max": 0.5594477813787555,
        "nauc_map_at_3_std": 0.08416007387108534,
        "nauc_map_at_5_diff1": 0.5373092416579366,
        "nauc_map_at_5_max": 0.5899555474257632,
        "nauc_map_at_5_std": 0.12732982461525347,
        "nauc_mrr_at_1000_diff1": 0.6630500026079771,
        "nauc_mrr_at_1000_max": 0.6736685608978698,
        "nauc_mrr_at_1000_std": 0.2320878485491545,
        "nauc_mrr_at_100_diff1": 0.663057226112171,
        "nauc_mrr_at_100_max": 0.6738925445530085,
        "nauc_mrr_at_100_std": 0.2325917862628659,
        "nauc_mrr_at_10_diff1": 0.6636967780082375,
        "nauc_mrr_at_10_max": 0.6762588126119293,
        "nauc_mrr_at_10_std": 0.23291273028624304,
        "nauc_mrr_at_1_diff1": 0.661500115820817,
        "nauc_mrr_at_1_max": 0.5770263549598156,
        "nauc_mrr_at_1_std": 0.1313742842575525,
        "nauc_mrr_at_20_diff1": 0.662962026964006,
        "nauc_mrr_at_20_max": 0.6747824530605779,
        "nauc_mrr_at_20_std": 0.23226267353927715,
        "nauc_mrr_at_3_diff1": 0.658707138510419,
        "nauc_mrr_at_3_max": 0.6720413722313505,
        "nauc_mrr_at_3_std": 0.214088474893056,
        "nauc_mrr_at_5_diff1": 0.6603441608824964,
        "nauc_mrr_at_5_max": 0.6736745604944314,
        "nauc_mrr_at_5_std": 0.22846499218561858,
        "nauc_ndcg_at_1000_diff1": 0.5907551369979055,
        "nauc_ndcg_at_1000_max": 0.6615877024334198,
        "nauc_ndcg_at_1000_std": 0.2393015359142359,
        "nauc_ndcg_at_100_diff1": 0.5937442728212519,
        "nauc_ndcg_at_100_max": 0.670641015014622,
        "nauc_ndcg_at_100_std": 0.25487773336698044,
        "nauc_ndcg_at_10_diff1": 0.5831817543877047,
        "nauc_ndcg_at_10_max": 0.6643418532861225,
        "nauc_ndcg_at_10_std": 0.22326362761367885,
        "nauc_ndcg_at_1_diff1": 0.661500115820817,
        "nauc_ndcg_at_1_max": 0.5770263549598156,
        "nauc_ndcg_at_1_std": 0.1313742842575525,
        "nauc_ndcg_at_20_diff1": 0.5899026096075843,
        "nauc_ndcg_at_20_max": 0.673272767215356,
        "nauc_ndcg_at_20_std": 0.24635138529614536,
        "nauc_ndcg_at_3_diff1": 0.5479702226955419,
        "nauc_ndcg_at_3_max": 0.6059582416432887,
        "nauc_ndcg_at_3_std": 0.12743795996465662,
        "nauc_ndcg_at_5_diff1": 0.5628160195267607,
        "nauc_ndcg_at_5_max": 0.6411398480758634,
        "nauc_ndcg_at_5_std": 0.18438351907666847,
        "nauc_precision_at_1000_diff1": -0.2004685252782137,
        "nauc_precision_at_1000_max": 0.07063855451998648,
        "nauc_precision_at_1000_std": 0.23065877466350113,
        "nauc_precision_at_100_diff1": -0.07861027277114246,
        "nauc_precision_at_100_max": 0.21703569000810188,
        "nauc_precision_at_100_std": 0.31518785228088636,
        "nauc_precision_at_10_diff1": 0.012468448328005923,
        "nauc_precision_at_10_max": 0.35106876700614753,
        "nauc_precision_at_10_std": 0.30589978246233046,
        "nauc_precision_at_1_diff1": 0.661500115820817,
        "nauc_precision_at_1_max": 0.5770263549598156,
        "nauc_precision_at_1_std": 0.1313742842575525,
        "nauc_precision_at_20_diff1": -0.015991023617958375,
        "nauc_precision_at_20_max": 0.31120661076351014,
        "nauc_precision_at_20_std": 0.32862281412296374,
        "nauc_precision_at_3_diff1": 0.10652022166353019,
        "nauc_precision_at_3_max": 0.4643801024890446,
        "nauc_precision_at_3_std": 0.21573365606067008,
        "nauc_precision_at_5_diff1": 0.04752964400629679,
        "nauc_precision_at_5_max": 0.3993637294469268,
        "nauc_precision_at_5_std": 0.26849236828347134,
        "nauc_recall_at_1000_diff1": 0.6310537710228703,
        "nauc_recall_at_1000_max": 0.9077919776775288,
        "nauc_recall_at_1000_std": 0.7655930243673666,
        "nauc_recall_at_100_diff1": 0.6368032349603382,
        "nauc_recall_at_100_max": 0.8803880729883224,
        "nauc_recall_at_100_std": 0.6979867070823739,
        "nauc_recall_at_10_diff1": 0.5650349723481966,
        "nauc_recall_at_10_max": 0.7654270251851792,
        "nauc_recall_at_10_std": 0.3773682882526592,
        "nauc_recall_at_1_diff1": 0.5834434025577803,
        "nauc_recall_at_1_max": 0.299451623991129,
        "nauc_recall_at_1_std": -0.022953282119810403,
        "nauc_recall_at_20_diff1": 0.5996092880814857,
        "nauc_recall_at_20_max": 0.829226851926464,
        "nauc_recall_at_20_std": 0.5101268399413494,
        "nauc_recall_at_3_diff1": 0.49205076291344274,
        "nauc_recall_at_3_max": 0.6109051461139894,
        "nauc_recall_at_3_std": 0.12072253500359617,
        "nauc_recall_at_5_diff1": 0.5088705234664951,
        "nauc_recall_at_5_max": 0.6817156339665192,
        "nauc_recall_at_5_std": 0.24410069255370517,
        "ndcg_at_1": 0.70101,
        "ndcg_at_10": 0.75121,
        "ndcg_at_100": 0.77256,
        "ndcg_at_1000": 0.78115,
        "ndcg_at_20": 0.76145,
        "ndcg_at_3": 0.70056,
        "ndcg_at_5": 0.73113,
        "precision_at_1": 0.70101,
        "precision_at_10": 0.15152,
        "precision_at_100": 0.01698,
        "precision_at_1000": 0.00183,
        "precision_at_20": 0.07956,
        "precision_at_3": 0.41667,
        "precision_at_5": 0.27939,
        "recall_at_1": 0.45135,
        "recall_at_10": 0.82298,
        "recall_at_100": 0.90386,
        "recall_at_1000": 0.9587,
        "recall_at_20": 0.85468,
        "recall_at_3": 0.71127,
        "recall_at_5": 0.77506
      }
    ]
  },
  "task_name": "Ko-StrategyQA"
}