{
  "dataset_revision": "main",
  "evaluation_time": 4725.387804031372,
  "kg_co2_emissions": null,
  "mteb_version": "1.20.0",
  "scores": {
    "dev": [
      {
        "hf_subset": "ko",
        "languages": [
          "kor-Kore"
        ],
        "main_score": 0.62697,
        "map_at_1": 0.38205,
        "map_at_10": 0.54289,
        "map_at_100": 0.56555,
        "map_at_1000": 0.56697,
        "map_at_20": 0.55681,
        "map_at_3": 0.48344,
        "map_at_5": 0.51568,
        "mrr_at_1": 0.6103286384976526,
        "mrr_at_10": 0.7039291303375809,
        "mrr_at_100": 0.7082462092431728,
        "mrr_at_1000": 0.7084151998358826,
        "mrr_at_20": 0.7072567444280695,
        "mrr_at_3": 0.6862284820031298,
        "mrr_at_5": 0.69679186228482,
        "nauc_map_at_1000_diff1": 0.3880663627782523,
        "nauc_map_at_1000_max": 0.26875837358990384,
        "nauc_map_at_1000_std": -0.02915658141808151,
        "nauc_map_at_100_diff1": 0.3877255300606842,
        "nauc_map_at_100_max": 0.2676573499357481,
        "nauc_map_at_100_std": -0.03003797795589652,
        "nauc_map_at_10_diff1": 0.3967106291403696,
        "nauc_map_at_10_max": 0.2507505837032776,
        "nauc_map_at_10_std": -0.051781293185286445,
        "nauc_map_at_1_diff1": 0.41809526232663874,
        "nauc_map_at_1_max": 0.08779534853304669,
        "nauc_map_at_1_std": -0.17386942942712602,
        "nauc_map_at_20_diff1": 0.3915764765548958,
        "nauc_map_at_20_max": 0.25739603266273464,
        "nauc_map_at_20_std": -0.041442559021572345,
        "nauc_map_at_3_diff1": 0.42231719725329264,
        "nauc_map_at_3_max": 0.18371697143417534,
        "nauc_map_at_3_std": -0.12726929425612019,
        "nauc_map_at_5_diff1": 0.398872122466833,
        "nauc_map_at_5_max": 0.2183229034565644,
        "nauc_map_at_5_std": -0.08595999951698406,
        "nauc_mrr_at_1000_diff1": 0.4088929543341095,
        "nauc_mrr_at_1000_max": 0.4960270065168594,
        "nauc_mrr_at_1000_std": 0.1986308055671587,
        "nauc_mrr_at_100_diff1": 0.40884542440189453,
        "nauc_mrr_at_100_max": 0.496298929979252,
        "nauc_mrr_at_100_std": 0.19901507136436228,
        "nauc_mrr_at_10_diff1": 0.4095868941932426,
        "nauc_mrr_at_10_max": 0.5016475476247045,
        "nauc_mrr_at_10_std": 0.20295922598033728,
        "nauc_mrr_at_1_diff1": 0.42845609791848677,
        "nauc_mrr_at_1_max": 0.40065137930038525,
        "nauc_mrr_at_1_std": 0.10762285365210995,
        "nauc_mrr_at_20_diff1": 0.4083082899116937,
        "nauc_mrr_at_20_max": 0.49640091643714074,
        "nauc_mrr_at_20_std": 0.20091163621165942,
        "nauc_mrr_at_3_diff1": 0.4157753000024607,
        "nauc_mrr_at_3_max": 0.49681140521620853,
        "nauc_mrr_at_3_std": 0.18299091495164696,
        "nauc_mrr_at_5_diff1": 0.4024032183255278,
        "nauc_mrr_at_5_max": 0.4965190104753864,
        "nauc_mrr_at_5_std": 0.1973793570513383,
        "nauc_ndcg_at_1000_diff1": 0.37373031518754046,
        "nauc_ndcg_at_1000_max": 0.37607986329290355,
        "nauc_ndcg_at_1000_std": 0.0908324185246208,
        "nauc_ndcg_at_100_diff1": 0.3717491373566511,
        "nauc_ndcg_at_100_max": 0.37240022954155677,
        "nauc_ndcg_at_100_std": 0.08618214219538683,
        "nauc_ndcg_at_10_diff1": 0.39086793566356887,
        "nauc_ndcg_at_10_max": 0.33466796739784904,
        "nauc_ndcg_at_10_std": 0.030749916588024073,
        "nauc_ndcg_at_1_diff1": 0.42845609791848677,
        "nauc_ndcg_at_1_max": 0.40065137930038525,
        "nauc_ndcg_at_1_std": 0.10762285365210995,
        "nauc_ndcg_at_20_diff1": 0.38054633502568497,
        "nauc_ndcg_at_20_max": 0.3438995134967677,
        "nauc_ndcg_at_20_std": 0.0562318258312696,
        "nauc_ndcg_at_3_diff1": 0.399795423235567,
        "nauc_ndcg_at_3_max": 0.33702985956781256,
        "nauc_ndcg_at_3_std": 0.011897751562643624,
        "nauc_ndcg_at_5_diff1": 0.37602006444813374,
        "nauc_ndcg_at_5_max": 0.32301355137987625,
        "nauc_ndcg_at_5_std": 0.014210821857346219,
        "nauc_precision_at_1000_diff1": -0.2325905952276443,
        "nauc_precision_at_1000_max": 0.26803251700559394,
        "nauc_precision_at_1000_std": 0.40373084311985863,
        "nauc_precision_at_100_diff1": -0.22361371198039076,
        "nauc_precision_at_100_max": 0.30222103314451515,
        "nauc_precision_at_100_std": 0.42174055990118403,
        "nauc_precision_at_10_diff1": -0.10782271786242098,
        "nauc_precision_at_10_max": 0.3906023360764504,
        "nauc_precision_at_10_std": 0.41343020041282674,
        "nauc_precision_at_1_diff1": 0.42845609791848677,
        "nauc_precision_at_1_max": 0.40065137930038525,
        "nauc_precision_at_1_std": 0.10762285365210995,
        "nauc_precision_at_20_diff1": -0.16620077076923456,
        "nauc_precision_at_20_max": 0.3540662038450409,
        "nauc_precision_at_20_std": 0.4385742655258709,
        "nauc_precision_at_3_diff1": 0.0643330951436578,
        "nauc_precision_at_3_max": 0.4708826625517317,
        "nauc_precision_at_3_std": 0.3150688758870942,
        "nauc_precision_at_5_diff1": -0.0791402282451768,
        "nauc_precision_at_5_max": 0.410837502746928,
        "nauc_precision_at_5_std": 0.3739032437456903,
        "nauc_recall_at_1000_diff1": 0.1461707557767423,
        "nauc_recall_at_1000_max": 0.7392773551034885,
        "nauc_recall_at_1000_std": 0.596389402600282,
        "nauc_recall_at_100_diff1": 0.2603605715058474,
        "nauc_recall_at_100_max": 0.4411100758773747,
        "nauc_recall_at_100_std": 0.20665759469441622,
        "nauc_recall_at_10_diff1": 0.3496804304290531,
        "nauc_recall_at_10_max": 0.2969594791669843,
        "nauc_recall_at_10_std": -0.0024174736235818084,
        "nauc_recall_at_1_diff1": 0.41809526232663874,
        "nauc_recall_at_1_max": 0.08779534853304669,
        "nauc_recall_at_1_std": -0.17386942942712602,
        "nauc_recall_at_20_diff1": 0.3034341078071222,
        "nauc_recall_at_20_max": 0.29415428741234795,
        "nauc_recall_at_20_std": 0.0621874859031154,
        "nauc_recall_at_3_diff1": 0.4114352782373673,
        "nauc_recall_at_3_max": 0.184362694523637,
        "nauc_recall_at_3_std": -0.1315379775711195,
        "nauc_recall_at_5_diff1": 0.3507401455620195,
        "nauc_recall_at_5_max": 0.2305916637080133,
        "nauc_recall_at_5_std": -0.0646045286797751,
        "ndcg_at_1": 0.61033,
        "ndcg_at_10": 0.62697,
        "ndcg_at_100": 0.6861,
        "ndcg_at_1000": 0.70173,
        "ndcg_at_20": 0.65736,
        "ndcg_at_3": 0.58892,
        "ndcg_at_5": 0.60065,
        "precision_at_1": 0.61033,
        "precision_at_10": 0.15681,
        "precision_at_100": 0.02244,
        "precision_at_1000": 0.00253,
        "precision_at_20": 0.09202,
        "precision_at_3": 0.33959,
        "precision_at_5": 0.2554,
        "recall_at_1": 0.38205,
        "recall_at_10": 0.70019,
        "recall_at_100": 0.89421,
        "recall_at_1000": 0.97981,
        "recall_at_20": 0.78979,
        "recall_at_3": 0.53982,
        "recall_at_5": 0.6097
      }
    ]
  },
  "task_name": "MIRACLRetrieval"
}