{
  "dataset_revision": "fc24a3ce8f09746410daee3d5cd823ff7a0675b7",
  "evaluation_time": 4789.847511768341,
  "kg_co2_emissions": null,
  "mteb_version": "1.20.0",
  "scores": {
    "test": [
      {
        "hf_subset": "korean",
        "languages": [
          "kor-Kore"
        ],
        "main_score": 0.56464,
        "map_at_1": 0.38836,
        "map_at_10": 0.50553,
        "map_at_100": 0.51348,
        "map_at_1000": 0.51388,
        "map_at_20": 0.51026,
        "map_at_3": 0.47816,
        "map_at_5": 0.4954,
        "mrr_at_1": 0.42042755344418054,
        "mrr_at_10": 0.5310343852505374,
        "mrr_at_100": 0.5367455539072286,
        "mrr_at_1000": 0.5370753449207969,
        "mrr_at_20": 0.5347435394689465,
        "mrr_at_3": 0.5079176563737136,
        "mrr_at_5": 0.5206254948535236,
        "nauc_map_at_1000_diff1": 0.25716543859897323,
        "nauc_map_at_1000_max": 0.28005192170293824,
        "nauc_map_at_1000_std": 0.03836511543988043,
        "nauc_map_at_100_diff1": 0.25715155161945596,
        "nauc_map_at_100_max": 0.2801515462923894,
        "nauc_map_at_100_std": 0.03847960284606766,
        "nauc_map_at_10_diff1": 0.25825901715325766,
        "nauc_map_at_10_max": 0.2774051051549839,
        "nauc_map_at_10_std": 0.030341349544946543,
        "nauc_map_at_1_diff1": 0.32573416780172126,
        "nauc_map_at_1_max": 0.31247776894025886,
        "nauc_map_at_1_std": 0.031249381404232498,
        "nauc_map_at_20_diff1": 0.257080817902839,
        "nauc_map_at_20_max": 0.2782100911069668,
        "nauc_map_at_20_std": 0.03451940941925907,
        "nauc_map_at_3_diff1": 0.26845525923224,
        "nauc_map_at_3_max": 0.2642457306385882,
        "nauc_map_at_3_std": 0.015335480167255127,
        "nauc_map_at_5_diff1": 0.25278758474435037,
        "nauc_map_at_5_max": 0.27504315746221053,
        "nauc_map_at_5_std": 0.029983842134557192,
        "nauc_mrr_at_1000_diff1": 0.26088870787930196,
        "nauc_mrr_at_1000_max": 0.2912226938065716,
        "nauc_mrr_at_1000_std": 0.04285053316771879,
        "nauc_mrr_at_100_diff1": 0.2609646228530708,
        "nauc_mrr_at_100_max": 0.2914631566489875,
        "nauc_mrr_at_100_std": 0.0430522291485771,
        "nauc_mrr_at_10_diff1": 0.2609882291729948,
        "nauc_mrr_at_10_max": 0.28934197519266663,
        "nauc_mrr_at_10_std": 0.03827684254515211,
        "nauc_mrr_at_1_diff1": 0.3214764381617425,
        "nauc_mrr_at_1_max": 0.3109742940946706,
        "nauc_mrr_at_1_std": 0.03263481415776953,
        "nauc_mrr_at_20_diff1": 0.2603922334686195,
        "nauc_mrr_at_20_max": 0.2900484255899885,
        "nauc_mrr_at_20_std": 0.040662887127286745,
        "nauc_mrr_at_3_diff1": 0.2654485903005151,
        "nauc_mrr_at_3_max": 0.2779252830401248,
        "nauc_mrr_at_3_std": 0.02424182001973642,
        "nauc_mrr_at_5_diff1": 0.2539868410845816,
        "nauc_mrr_at_5_max": 0.28505476937588964,
        "nauc_mrr_at_5_std": 0.03596238739186569,
        "nauc_ndcg_at_1000_diff1": 0.23557354884221127,
        "nauc_ndcg_at_1000_max": 0.29032978771135,
        "nauc_ndcg_at_1000_std": 0.06997467082862376,
        "nauc_ndcg_at_100_diff1": 0.23571006906147526,
        "nauc_ndcg_at_100_max": 0.29522278193987794,
        "nauc_ndcg_at_100_std": 0.07461791164210363,
        "nauc_ndcg_at_10_diff1": 0.23718143213771353,
        "nauc_ndcg_at_10_max": 0.27862306219326183,
        "nauc_ndcg_at_10_std": 0.036243938954022954,
        "nauc_ndcg_at_1_diff1": 0.3214764381617425,
        "nauc_ndcg_at_1_max": 0.3109742940946706,
        "nauc_ndcg_at_1_std": 0.03263481415776953,
        "nauc_ndcg_at_20_diff1": 0.23384962103391074,
        "nauc_ndcg_at_20_max": 0.2823622591128196,
        "nauc_ndcg_at_20_std": 0.05073943905013697,
        "nauc_ndcg_at_3_diff1": 0.2505995080003967,
        "nauc_ndcg_at_3_max": 0.2550849070629041,
        "nauc_ndcg_at_3_std": 0.012143397163197251,
        "nauc_ndcg_at_5_diff1": 0.22439685641544171,
        "nauc_ndcg_at_5_max": 0.2716990904719191,
        "nauc_ndcg_at_5_std": 0.03575325421970202,
        "nauc_precision_at_1000_diff1": -0.13230947244366867,
        "nauc_precision_at_1000_max": 0.050305125840942856,
        "nauc_precision_at_1000_std": 0.1764339714748889,
        "nauc_precision_at_100_diff1": -0.06222382942833803,
        "nauc_precision_at_100_max": 0.13842447314423142,
        "nauc_precision_at_100_std": 0.20705592120058777,
        "nauc_precision_at_10_diff1": 0.05514361830417003,
        "nauc_precision_at_10_max": 0.18701739784935376,
        "nauc_precision_at_10_std": 0.04650331876462832,
        "nauc_precision_at_1_diff1": 0.3214764381617425,
        "nauc_precision_at_1_max": 0.3109742940946706,
        "nauc_precision_at_1_std": 0.03263481415776953,
        "nauc_precision_at_20_diff1": -0.00617052929258315,
        "nauc_precision_at_20_max": 0.1565272393710742,
        "nauc_precision_at_20_std": 0.1100427948727622,
        "nauc_precision_at_3_diff1": 0.1468202987011345,
        "nauc_precision_at_3_max": 0.1849822470919322,
        "nauc_precision_at_3_std": -0.010667626125281129,
        "nauc_precision_at_5_diff1": 0.05497589349994129,
        "nauc_precision_at_5_max": 0.1879791183562475,
        "nauc_precision_at_5_std": 0.0444158747825215,
        "nauc_recall_at_1000_diff1": -0.03852211432611442,
        "nauc_recall_at_1000_max": 0.41798503899896616,
        "nauc_recall_at_1000_std": 0.6213555554385645,
        "nauc_recall_at_100_diff1": 0.10092135478885442,
        "nauc_recall_at_100_max": 0.4381086975662203,
        "nauc_recall_at_100_std": 0.4171683707601491,
        "nauc_recall_at_10_diff1": 0.15252772800619863,
        "nauc_recall_at_10_max": 0.26507602202914265,
        "nauc_recall_at_10_std": 0.045423224965121856,
        "nauc_recall_at_1_diff1": 0.32573416780172126,
        "nauc_recall_at_1_max": 0.31247776894025886,
        "nauc_recall_at_1_std": 0.031249381404232498,
        "nauc_recall_at_20_diff1": 0.13064148113752028,
        "nauc_recall_at_20_max": 0.2901054578717061,
        "nauc_recall_at_20_std": 0.12413182063867068,
        "nauc_recall_at_3_diff1": 0.19680821832881057,
        "nauc_recall_at_3_max": 0.20838567453412998,
        "nauc_recall_at_3_std": -0.00682971262625349,
        "nauc_recall_at_5_diff1": 0.12554959294600906,
        "nauc_recall_at_5_max": 0.24624746390881122,
        "nauc_recall_at_5_std": 0.04863875266602324,
        "ndcg_at_1": 0.42043,
        "ndcg_at_10": 0.56464,
        "ndcg_at_100": 0.59861,
        "ndcg_at_1000": 0.60804,
        "ndcg_at_20": 0.57975,
        "ndcg_at_3": 0.51325,
        "ndcg_at_5": 0.54051,
        "precision_at_1": 0.42043,
        "precision_at_10": 0.08076,
        "precision_at_100": 0.01007,
        "precision_at_1000": 0.00109,
        "precision_at_20": 0.04418,
        "precision_at_3": 0.21615,
        "precision_at_5": 0.14537,
        "recall_at_1": 0.38836,
        "recall_at_10": 0.71971,
        "recall_at_100": 0.86659,
        "recall_at_1000": 0.93666,
        "recall_at_20": 0.77395,
        "recall_at_3": 0.58591,
        "recall_at_5": 0.64766
      }
    ]
  },
  "task_name": "MrTidyRetrieval"
}