{
  "dataset_revision": "d67138e705d963e346253a80e59676ddb418810a",
  "evaluation_time": 4641.1542456150055,
  "kg_co2_emissions": null,
  "mteb_version": "1.20.0",
  "scores": {
    "dev": [
      {
        "hf_subset": "ko",
        "languages": [
          "kor-Hang"
        ],
        "main_score": 0.48402,
        "map_at_1": 0.36,
        "map_at_10": 0.44135,
        "map_at_100": 0.45013,
        "map_at_1000": 0.45073,
        "map_at_20": 0.44591,
        "map_at_3": 0.42167,
        "map_at_5": 0.42967,
        "mrr_at_1": 0.36,
        "mrr_at_10": 0.4413511904761906,
        "mrr_at_100": 0.450129543381387,
        "mrr_at_1000": 0.45073324355439376,
        "mrr_at_20": 0.44590807700211743,
        "mrr_at_3": 0.4216666666666667,
        "mrr_at_5": 0.4296666666666667,
        "nauc_map_at_1000_diff1": 0.653999576097392,
        "nauc_map_at_1000_max": 0.5915981156693542,
        "nauc_map_at_1000_std": 0.04204665806066081,
        "nauc_map_at_100_diff1": 0.6537378762654921,
        "nauc_map_at_100_max": 0.591719062921236,
        "nauc_map_at_100_std": 0.042690974962164625,
        "nauc_map_at_10_diff1": 0.652369406457342,
        "nauc_map_at_10_max": 0.5909253802982799,
        "nauc_map_at_10_std": 0.036022144467421524,
        "nauc_map_at_1_diff1": 0.7126436781609194,
        "nauc_map_at_1_max": 0.5840418831680049,
        "nauc_map_at_1_std": -0.021833831942476276,
        "nauc_map_at_20_diff1": 0.6520302323881799,
        "nauc_map_at_20_max": 0.5908525887352375,
        "nauc_map_at_20_std": 0.04020584504644928,
        "nauc_map_at_3_diff1": 0.6640690747768079,
        "nauc_map_at_3_max": 0.5918378557726748,
        "nauc_map_at_3_std": 0.027992687337536,
        "nauc_map_at_5_diff1": 0.6522396910722045,
        "nauc_map_at_5_max": 0.591985080836136,
        "nauc_map_at_5_std": 0.040401896772712935,
        "nauc_mrr_at_1000_diff1": 0.653999576097392,
        "nauc_mrr_at_1000_max": 0.5915981156693542,
        "nauc_mrr_at_1000_std": 0.04204665806066081,
        "nauc_mrr_at_100_diff1": 0.6537378762654921,
        "nauc_mrr_at_100_max": 0.591719062921236,
        "nauc_mrr_at_100_std": 0.042690974962164625,
        "nauc_mrr_at_10_diff1": 0.652369406457342,
        "nauc_mrr_at_10_max": 0.5909253802982799,
        "nauc_mrr_at_10_std": 0.036022144467421524,
        "nauc_mrr_at_1_diff1": 0.7126436781609194,
        "nauc_mrr_at_1_max": 0.5840418831680049,
        "nauc_mrr_at_1_std": -0.021833831942476276,
        "nauc_mrr_at_20_diff1": 0.6520302323881799,
        "nauc_mrr_at_20_max": 0.5908525887352375,
        "nauc_mrr_at_20_std": 0.04020584504644928,
        "nauc_mrr_at_3_diff1": 0.6640690747768079,
        "nauc_mrr_at_3_max": 0.5918378557726748,
        "nauc_mrr_at_3_std": 0.027992687337536,
        "nauc_mrr_at_5_diff1": 0.6522396910722045,
        "nauc_mrr_at_5_max": 0.591985080836136,
        "nauc_mrr_at_5_std": 0.040401896772712935,
        "nauc_ndcg_at_1000_diff1": 0.6432566916474228,
        "nauc_ndcg_at_1000_max": 0.5998470404188347,
        "nauc_ndcg_at_1000_std": 0.07410684021566737,
        "nauc_ndcg_at_100_diff1": 0.6360589988421134,
        "nauc_ndcg_at_100_max": 0.6037341341497577,
        "nauc_ndcg_at_100_std": 0.09785768793288292,
        "nauc_ndcg_at_10_diff1": 0.6293196340250062,
        "nauc_ndcg_at_10_max": 0.5982485402739869,
        "nauc_ndcg_at_10_std": 0.06006582165943897,
        "nauc_ndcg_at_1_diff1": 0.7126436781609194,
        "nauc_ndcg_at_1_max": 0.5840418831680049,
        "nauc_ndcg_at_1_std": -0.021833831942476276,
        "nauc_ndcg_at_20_diff1": 0.6261813451342695,
        "nauc_ndcg_at_20_max": 0.5970582271477827,
        "nauc_ndcg_at_20_std": 0.07622456371047974,
        "nauc_ndcg_at_3_diff1": 0.6506603473332017,
        "nauc_ndcg_at_3_max": 0.6004543836287595,
        "nauc_ndcg_at_3_std": 0.047787735554177944,
        "nauc_ndcg_at_5_diff1": 0.6287749223122684,
        "nauc_ndcg_at_5_max": 0.6005997287841836,
        "nauc_ndcg_at_5_std": 0.07005047365688216,
        "nauc_precision_at_1000_diff1": 0.8078120136943695,
        "nauc_precision_at_1000_max": 1.0,
        "nauc_precision_at_1000_std": 1.0,
        "nauc_precision_at_100_diff1": 0.5412788805727321,
        "nauc_precision_at_100_max": 0.7116986657988953,
        "nauc_precision_at_100_std": 0.598714611129191,
        "nauc_precision_at_10_diff1": 0.5518721348798572,
        "nauc_precision_at_10_max": 0.6234424514660185,
        "nauc_precision_at_10_std": 0.13918715195520429,
        "nauc_precision_at_1_diff1": 0.7126436781609194,
        "nauc_precision_at_1_max": 0.5840418831680049,
        "nauc_precision_at_1_std": -0.021833831942476276,
        "nauc_precision_at_20_diff1": 0.5220822971233046,
        "nauc_precision_at_20_max": 0.6184366015838579,
        "nauc_precision_at_20_std": 0.22843360318888078,
        "nauc_precision_at_3_diff1": 0.6122251832111925,
        "nauc_precision_at_3_max": 0.6275216522318455,
        "nauc_precision_at_3_std": 0.10674217188541009,
        "nauc_precision_at_5_diff1": 0.5556584283947462,
        "nauc_precision_at_5_max": 0.6282966330640979,
        "nauc_precision_at_5_std": 0.16318549585092312,
        "nauc_recall_at_1000_diff1": 0.8078120136943671,
        "nauc_recall_at_1000_max": 1.0,
        "nauc_recall_at_1000_std": 1.0,
        "nauc_recall_at_100_diff1": 0.5412788805727307,
        "nauc_recall_at_100_max": 0.7116986657988936,
        "nauc_recall_at_100_std": 0.5987146111291889,
        "nauc_recall_at_10_diff1": 0.5518721348798571,
        "nauc_recall_at_10_max": 0.6234424514660182,
        "nauc_recall_at_10_std": 0.13918715195520406,
        "nauc_recall_at_1_diff1": 0.7126436781609194,
        "nauc_recall_at_1_max": 0.5840418831680049,
        "nauc_recall_at_1_std": -0.021833831942476276,
        "nauc_recall_at_20_diff1": 0.5220822971233048,
        "nauc_recall_at_20_max": 0.6184366015838583,
        "nauc_recall_at_20_std": 0.22843360318888178,
        "nauc_recall_at_3_diff1": 0.6122251832111921,
        "nauc_recall_at_3_max": 0.6275216522318453,
        "nauc_recall_at_3_std": 0.10674217188540977,
        "nauc_recall_at_5_diff1": 0.5556584283947461,
        "nauc_recall_at_5_max": 0.6282966330640981,
        "nauc_recall_at_5_std": 0.16318549585092318,
        "ndcg_at_1": 0.36,
        "ndcg_at_10": 0.48402,
        "ndcg_at_100": 0.53127,
        "ndcg_at_1000": 0.54818,
        "ndcg_at_20": 0.50135,
        "ndcg_at_3": 0.44178,
        "ndcg_at_5": 0.4562,
        "precision_at_1": 0.36,
        "precision_at_10": 0.062,
        "precision_at_100": 0.0085,
        "precision_at_1000": 0.00099,
        "precision_at_20": 0.0345,
        "precision_at_3": 0.16667,
        "precision_at_5": 0.107,
        "recall_at_1": 0.36,
        "recall_at_10": 0.62,
        "recall_at_100": 0.85,
        "recall_at_1000": 0.985,
        "recall_at_20": 0.69,
        "recall_at_3": 0.5,
        "recall_at_5": 0.535
      }
    ],
    "test": [
      {
        "hf_subset": "ko",
        "languages": [
          "kor-Hang"
        ],
        "main_score": 0.46733,
        "map_at_1": 0.33,
        "map_at_10": 0.42326,
        "map_at_100": 0.43228,
        "map_at_1000": 0.43308,
        "map_at_20": 0.42878,
        "map_at_3": 0.40333,
        "map_at_5": 0.41608,
        "mrr_at_1": 0.33,
        "mrr_at_10": 0.4232619047619048,
        "mrr_at_100": 0.432279471134081,
        "mrr_at_1000": 0.4330762455314873,
        "mrr_at_20": 0.4287762510107712,
        "mrr_at_3": 0.40333333333333327,
        "mrr_at_5": 0.4160833333333334,
        "nauc_map_at_1000_diff1": 0.6409752471277966,
        "nauc_map_at_1000_max": 0.5946002721149415,
        "nauc_map_at_1000_std": 0.03492754217391834,
        "nauc_map_at_100_diff1": 0.6405785551672617,
        "nauc_map_at_100_max": 0.5947016987665,
        "nauc_map_at_100_std": 0.03519683850581178,
        "nauc_map_at_10_diff1": 0.6437977226295699,