{
  "dataset_revision": "main",
  "evaluation_time": 0.8287994861602783,
  "kg_co2_emissions": null,
  "mteb_version": "1.20.0",
  "scores": {
    "test": [
      {
        "hf_subset": "korean",
        "languages": [
          "kor-Hang"
        ],
        "main_score": 0.74584,
        "map_at_1": 0.58442,
        "map_at_10": 0.69325,
        "map_at_100": 0.6971,
        "map_at_1000": 0.6971,
        "map_at_20": 0.69433,
        "map_at_3": 0.6645,
        "map_at_5": 0.68593,
        "mrr_at_1": 0.5844155844155844,
        "mrr_at_10": 0.6932488146773862,
        "mrr_at_100": 0.6970974064556953,
        "mrr_at_1000": 0.6970974064556953,
        "mrr_at_20": 0.6943310657596372,
        "mrr_at_3": 0.6645021645021645,
        "mrr_at_5": 0.685930735930736,
        "nauc_map_at_1000_diff1": 0.7508489385385345,
        "nauc_map_at_1000_max": 0.33771961050685273,
        "nauc_map_at_1000_std": 0.11725264519083228,
        "nauc_map_at_100_diff1": 0.7508489385385345,
        "nauc_map_at_100_max": 0.33771961050685273,
        "nauc_map_at_100_std": 0.11725264519083228,
        "nauc_map_at_10_diff1": 0.7483846046747796,
        "nauc_map_at_10_max": 0.3278511780894081,
        "nauc_map_at_10_std": 0.10838335653878874,
        "nauc_map_at_1_diff1": 0.8173815695220201,
        "nauc_map_at_1_max": 0.3888661331865086,
        "nauc_map_at_1_std": 0.182953924038586,
        "nauc_map_at_20_diff1": 0.748496829413396,
        "nauc_map_at_20_max": 0.3343465578187079,
        "nauc_map_at_20_std": 0.11392342799281159,
        "nauc_map_at_3_diff1": 0.7388199939774669,
        "nauc_map_at_3_max": 0.3464508902718699,
        "nauc_map_at_3_std": 0.12606109572212115,
        "nauc_map_at_5_diff1": 0.745049440719342,
        "nauc_map_at_5_max": 0.3326396709852455,
        "nauc_map_at_5_std": 0.0958479589280496,
        "nauc_mrr_at_1000_diff1": 0.7508489385385345,
        "nauc_mrr_at_1000_max": 0.33771961050685273,
        "nauc_mrr_at_1000_std": 0.11725264519083228,
        "nauc_mrr_at_100_diff1": 0.7508489385385345,
        "nauc_mrr_at_100_max": 0.33771961050685273,
        "nauc_mrr_at_100_std": 0.11725264519083228,
        "nauc_mrr_at_10_diff1": 0.7483846046747796,
        "nauc_mrr_at_10_max": 0.3278511780894081,
        "nauc_mrr_at_10_std": 0.10838335653878874,
        "nauc_mrr_at_1_diff1": 0.8173815695220201,
        "nauc_mrr_at_1_max": 0.3888661331865086,
        "nauc_mrr_at_1_std": 0.182953924038586,
        "nauc_mrr_at_20_diff1": 0.748496829413396,
        "nauc_mrr_at_20_max": 0.3343465578187079,
        "nauc_mrr_at_20_std": 0.11392342799281159,
        "nauc_mrr_at_3_diff1": 0.7388199939774669,
        "nauc_mrr_at_3_max": 0.3464508902718699,
        "nauc_mrr_at_3_std": 0.12606109572212115,
        "nauc_mrr_at_5_diff1": 0.745049440719342,
        "nauc_mrr_at_5_max": 0.3326396709852455,
        "nauc_mrr_at_5_std": 0.0958479589280496,
        "nauc_ndcg_at_1000_diff1": 0.7412942244900864,
        "nauc_ndcg_at_1000_max": 0.3294039014370792,
        "nauc_ndcg_at_1000_std": 0.10640993082293992,
        "nauc_ndcg_at_100_diff1": 0.7412942244900864,
        "nauc_ndcg_at_100_max": 0.3294039014370792,
        "nauc_ndcg_at_100_std": 0.10640993082293992,
        "nauc_ndcg_at_10_diff1": 0.7245304898357027,
        "nauc_ndcg_at_10_max": 0.28679437262219604,
        "nauc_ndcg_at_10_std": 0.07027087615828691,
        "nauc_ndcg_at_1_diff1": 0.8173815695220201,
        "nauc_ndcg_at_1_max": 0.3888661331865086,
        "nauc_ndcg_at_1_std": 0.182953924038586,
        "nauc_ndcg_at_20_diff1": 0.7245630270157414,
        "nauc_ndcg_at_20_max": 0.3112863125754883,
        "nauc_ndcg_at_20_std": 0.09110844214276108,
        "nauc_ndcg_at_3_diff1": 0.7075235631793855,
        "nauc_ndcg_at_3_max": 0.33335386066642836,
        "nauc_ndcg_at_3_std": 0.09914814670853166,
        "nauc_ndcg_at_5_diff1": 0.7186345849221563,
        "nauc_ndcg_at_5_max": 0.3034500672099746,
        "nauc_ndcg_at_5_std": 0.03592370656674037,
        "nauc_precision_at_1000_diff1": NaN,
        "nauc_precision_at_1000_max": NaN,
        "nauc_precision_at_1000_std": NaN,
        "nauc_precision_at_100_diff1": 1.0,
        "nauc_precision_at_100_max": 1.0,
        "nauc_precision_at_100_std": 1.0,
        "nauc_precision_at_10_diff1": 0.5468315567317322,
        "nauc_precision_at_10_max": -0.06634874229956951,
        "nauc_precision_at_10_std": -0.21572501610658196,
        "nauc_precision_at_1_diff1": 0.8173815695220201,
        "nauc_precision_at_1_max": 0.3888661331865086,
        "nauc_precision_at_1_std": 0.182953924038586,
        "nauc_precision_at_20_diff1": 0.5175363752626384,
        "nauc_precision_at_20_max": 0.11665403289856896,
        "nauc_precision_at_20_std": -0.057618286542947705,
        "nauc_precision_at_3_diff1": 0.5903452819024319,
        "nauc_precision_at_3_max": 0.28575847531395104,
        "nauc_precision_at_3_std": -0.0032297965710546225,
        "nauc_precision_at_5_diff1": 0.5826897053901425,
        "nauc_precision_at_5_max": 0.14081401961953136,
        "nauc_precision_at_5_std": -0.3032079255275951,
        "nauc_recall_at_1000_diff1": NaN,
        "nauc_recall_at_1000_max": NaN,
        "nauc_recall_at_1000_std": NaN,
        "nauc_recall_at_100_diff1": NaN,
        "nauc_recall_at_100_max": NaN,
        "nauc_recall_at_100_std": NaN,
        "nauc_recall_at_10_diff1": 0.5468315567317299,
        "nauc_recall_at_10_max": -0.0663487422995702,
        "nauc_recall_at_10_std": -0.21572501610658368,
        "nauc_recall_at_1_diff1": 0.8173815695220201,
        "nauc_recall_at_1_max": 0.3888661331865086,
        "nauc_recall_at_1_std": 0.182953924038586,
        "nauc_recall_at_20_diff1": 0.5175363752626353,
        "nauc_recall_at_20_max": 0.11665403289856766,
        "nauc_recall_at_20_std": -0.05761828654294978,
        "nauc_recall_at_3_diff1": 0.5903452819024316,
        "nauc_recall_at_3_max": 0.2857584753139499,
        "nauc_recall_at_3_std": -0.0032297965710566382,
        "nauc_recall_at_5_diff1": 0.582689705390142,
        "nauc_recall_at_5_max": 0.14081401961952994,
        "nauc_recall_at_5_std": -0.30320792552759585,
        "ndcg_at_1": 0.58442,
        "ndcg_at_10": 0.74584,
        "ndcg_at_100": 0.76531,
        "ndcg_at_1000": 0.76531,
        "ndcg_at_20": 0.74935,
        "ndcg_at_3": 0.69063,
        "ndcg_at_5": 0.72864,
        "precision_at_1": 0.58442,
        "precision_at_10": 0.09091,
        "precision_at_100": 0.01,
        "precision_at_1000": 0.001,
        "precision_at_20": 0.0461,
        "precision_at_3": 0.25541,
        "precision_at_5": 0.17143,
        "recall_at_1": 0.58442,
        "recall_at_10": 0.90909,
        "recall_at_100": 1.0,
        "recall_at_1000": 1.0,
        "recall_at_20": 0.92208,
        "recall_at_3": 0.76623,
        "recall_at_5": 0.85714
      }
    ]
  },
  "task_name": "PublicHealthQA"
}