{
  "dataset_revision": "fd7df84ac089bbec763b1c6bb1b56e985df5cc5c",
  "task_name": "AutoRAGRetrieval",
  "mteb_version": "1.31.1",
  "scores": {
    "test": [
      {
        "ndcg_at_1": 0.5614,
        "ndcg_at_3": 0.64077,
        "ndcg_at_5": 0.64755,
        "ndcg_at_10": 0.68243,
        "ndcg_at_20": 0.69369,
        "ndcg_at_100": 0.71342,
        "ndcg_at_1000": 0.71702,
        "map_at_1": 0.5614,
        "map_at_3": 0.61988,
        "map_at_5": 0.62339,
        "map_at_10": 0.63829,
        "map_at_20": 0.64149,
        "map_at_100": 0.64426,
        "map_at_1000": 0.64443,
        "recall_at_1": 0.5614,
        "recall_at_3": 0.70175,
        "recall_at_5": 0.7193,
        "recall_at_10": 0.82456,
        "recall_at_20": 0.86842,
        "recall_at_100": 0.97368,
        "recall_at_1000": 1.0,
        "precision_at_1": 0.5614,
        "precision_at_3": 0.23392,
        "precision_at_5": 0.14386,
        "precision_at_10": 0.08246,
        "precision_at_20": 0.04342,
        "precision_at_100": 0.00974,
        "precision_at_1000": 0.001,
        "mrr_at_1": 0.561404,
        "mrr_at_3": 0.619883,
        "mrr_at_5": 0.623392,
        "mrr_at_10": 0.638287,
        "mrr_at_20": 0.64149,
        "mrr_at_100": 0.644262,
        "mrr_at_1000": 0.644429,
        "nauc_ndcg_at_1_max": 0.220038,
        "nauc_ndcg_at_1_std": -0.019376,
        "nauc_ndcg_at_1_diff1": 0.636858,
        "nauc_ndcg_at_3_max": 0.166769,
        "nauc_ndcg_at_3_std": -0.059708,
        "nauc_ndcg_at_3_diff1": 0.560418,
        "nauc_ndcg_at_5_max": 0.151078,
        "nauc_ndcg_at_5_std": -0.076952,
        "nauc_ndcg_at_5_diff1": 0.553876,
        "nauc_ndcg_at_10_max": 0.236648,
        "nauc_ndcg_at_10_std": 0.011564,
        "nauc_ndcg_at_10_diff1": 0.575124,
        "nauc_ndcg_at_20_max": 0.231991,
        "nauc_ndcg_at_20_std": -0.005153,
        "nauc_ndcg_at_20_diff1": 0.577023,
        "nauc_ndcg_at_100_max": 0.222651,
        "nauc_ndcg_at_100_std": -0.007936,
        "nauc_ndcg_at_100_diff1": 0.589822,
        "nauc_ndcg_at_1000_max": 0.21095,
        "nauc_ndcg_at_1000_std": -0.020925,
        "nauc_ndcg_at_1000_diff1": 0.589391,
        "nauc_map_at_1_max": 0.220038,
        "nauc_map_at_1_std": -0.019376,
        "nauc_map_at_1_diff1": 0.636858,
        "nauc_map_at_3_max": 0.179096,
        "nauc_map_at_3_std": -0.050456,
        "nauc_map_at_3_diff1": 0.584152,
        "nauc_map_at_5_max": 0.171445,
        "nauc_map_at_5_std": -0.058901,
        "nauc_map_at_5_diff1": 0.58112,
        "nauc_map_at_10_max": 0.202183,
        "nauc_map_at_10_std": -0.026484,
        "nauc_map_at_10_diff1": 0.590928,
        "nauc_map_at_20_max": 0.20128,
        "nauc_map_at_20_std": -0.030963,
        "nauc_map_at_20_diff1": 0.591947,
        "nauc_map_at_100_max": 0.200686,
        "nauc_map_at_100_std": -0.030988,
        "nauc_map_at_100_diff1": 0.594345,
        "nauc_map_at_1000_max": 0.200238,
        "nauc_map_at_1000_std": -0.031482,
        "nauc_map_at_1000_diff1": 0.594341,
        "nauc_recall_at_1_max": 0.220038,
        "nauc_recall_at_1_std": -0.019376,
        "nauc_recall_at_1_diff1": 0.636858,
        "nauc_recall_at_3_max": 0.126254,
        "nauc_recall_at_3_std": -0.090075,
        "nauc_recall_at_3_diff1": 0.47909,
        "nauc_recall_at_5_max": 0.077135,
        "nauc_recall_at_5_std": -0.143321,
        "nauc_recall_at_5_diff1": 0.455277,
        "nauc_recall_at_10_max": 0.472031,
        "nauc_recall_at_10_std": 0.262979,
        "nauc_recall_at_10_diff1": 0.502741,
        "nauc_recall_at_20_max": 0.497434,
        "nauc_recall_at_20_std": 0.210519,
        "nauc_recall_at_20_diff1": 0.488959,
        "nauc_recall_at_100_max": 0.956596,
        "nauc_recall_at_100_std": 0.808183,
        "nauc_recall_at_100_diff1": 0.620604,
        "nauc_recall_at_1000_max": NaN,
        "nauc_recall_at_1000_std": NaN,
        "nauc_recall_at_1000_diff1": NaN,
        "nauc_precision_at_1_max": 0.220038,
        "nauc_precision_at_1_std": -0.019376,
        "nauc_precision_at_1_diff1": 0.636858,
        "nauc_precision_at_3_max": 0.126254,
        "nauc_precision_at_3_std": -0.090075,
        "nauc_precision_at_3_diff1": 0.47909,
        "nauc_precision_at_5_max": 0.077135,
        "nauc_precision_at_5_std": -0.143321,
        "nauc_precision_at_5_diff1": 0.455277,
        "nauc_precision_at_10_max": 0.472031,
        "nauc_precision_at_10_std": 0.262979,
        "nauc_precision_at_10_diff1": 0.502741,
        "nauc_precision_at_20_max": 0.497434,
        "nauc_precision_at_20_std": 0.210519,
        "nauc_precision_at_20_diff1": 0.488959,
        "nauc_precision_at_100_max": 0.956596,
        "nauc_precision_at_100_std": 0.808183,
        "nauc_precision_at_100_diff1": 0.620604,
        "nauc_precision_at_1000_max": 1.0,
        "nauc_precision_at_1000_std": 1.0,
        "nauc_precision_at_1000_diff1": 1.0,
        "nauc_mrr_at_1_max": 0.220038,
        "nauc_mrr_at_1_std": -0.019376,
        "nauc_mrr_at_1_diff1": 0.636858,
        "nauc_mrr_at_3_max": 0.179096,
        "nauc_mrr_at_3_std": -0.050456,
        "nauc_mrr_at_3_diff1": 0.584152,
        "nauc_mrr_at_5_max": 0.171445,
        "nauc_mrr_at_5_std": -0.058901,
        "nauc_mrr_at_5_diff1": 0.58112,
        "nauc_mrr_at_10_max": 0.202183,
        "nauc_mrr_at_10_std": -0.026484,
        "nauc_mrr_at_10_diff1": 0.590928,
        "nauc_mrr_at_20_max": 0.20128,
        "nauc_mrr_at_20_std": -0.030963,
        "nauc_mrr_at_20_diff1": 0.591947,
        "nauc_mrr_at_100_max": 0.200686,
        "nauc_mrr_at_100_std": -0.030988,
        "nauc_mrr_at_100_diff1": 0.594345,
        "nauc_mrr_at_1000_max": 0.200238,
        "nauc_mrr_at_1000_std": -0.031482,
        "nauc_mrr_at_1000_diff1": 0.594341,
        "main_score": 0.68243,
        "hf_subset": "default",
        "languages": [
          "kor-Hang"
        ]
      }
    ]
  },
  "evaluation_time": 1.3407797813415527,
  "kg_co2_emissions": null
}