{
  "dataset_revision": "75b399394a9803252cfec289d103de462763db7c",
  "task_name": "BelebeleRetrieval",
  "mteb_version": "1.31.1",
  "scores": {
    "test": [
      {
        "ndcg_at_1": 0.73111,
        "ndcg_at_3": 0.79241,
        "ndcg_at_5": 0.80909,
        "ndcg_at_10": 0.82063,
        "ndcg_at_20": 0.82944,
        "ndcg_at_100": 0.83581,
        "ndcg_at_1000": 0.83867,
        "map_at_1": 0.73111,
        "map_at_3": 0.77815,
        "map_at_5": 0.78726,
        "map_at_10": 0.79205,
        "map_at_20": 0.79452,
        "map_at_100": 0.7954,
        "map_at_1000": 0.79554,
        "recall_at_1": 0.73111,
        "recall_at_3": 0.83333,
        "recall_at_5": 0.87444,
        "recall_at_10": 0.91,
        "recall_at_20": 0.94444,
        "recall_at_100": 0.97889,
        "recall_at_1000": 1.0,
        "precision_at_1": 0.73111,
        "precision_at_3": 0.27778,
        "precision_at_5": 0.17489,
        "precision_at_10": 0.091,
        "precision_at_20": 0.04722,
        "precision_at_100": 0.00979,
        "precision_at_1000": 0.001,
        "mrr_at_1": 0.731111,
        "mrr_at_3": 0.778148,
        "mrr_at_5": 0.787259,
        "mrr_at_10": 0.792052,
        "mrr_at_20": 0.79452,
        "mrr_at_100": 0.795404,
        "mrr_at_1000": 0.79554,
        "nauc_ndcg_at_1_max": 0.75818,
        "nauc_ndcg_at_1_std": 0.061187,
        "nauc_ndcg_at_1_diff1": 0.872899,
        "nauc_ndcg_at_3_max": 0.778599,
        "nauc_ndcg_at_3_std": 0.134351,
        "nauc_ndcg_at_3_diff1": 0.839742,
        "nauc_ndcg_at_5_max": 0.769795,
        "nauc_ndcg_at_5_std": 0.135326,
        "nauc_ndcg_at_5_diff1": 0.833456,
        "nauc_ndcg_at_10_max": 0.76549,
        "nauc_ndcg_at_10_std": 0.130232,
        "nauc_ndcg_at_10_diff1": 0.83053,
        "nauc_ndcg_at_20_max": 0.769055,
        "nauc_ndcg_at_20_std": 0.13634,
        "nauc_ndcg_at_20_diff1": 0.836604,
        "nauc_ndcg_at_100_max": 0.766658,
        "nauc_ndcg_at_100_std": 0.119377,
        "nauc_ndcg_at_100_diff1": 0.840366,
        "nauc_ndcg_at_1000_max": 0.76744,
        "nauc_ndcg_at_1000_std": 0.118299,
        "nauc_ndcg_at_1000_diff1": 0.841498,
        "nauc_map_at_1_max": 0.75818,
        "nauc_map_at_1_std": 0.061187,
        "nauc_map_at_1_diff1": 0.872899,
        "nauc_map_at_3_max": 0.771841,
        "nauc_map_at_3_std": 0.111038,
        "nauc_map_at_3_diff1": 0.847453,
        "nauc_map_at_5_max": 0.767164,
        "nauc_map_at_5_std": 0.110263,
        "nauc_map_at_5_diff1": 0.8447,
        "nauc_map_at_10_max": 0.765515,
        "nauc_map_at_10_std": 0.108039,
        "nauc_map_at_10_diff1": 0.843831,
        "nauc_map_at_20_max": 0.766289,
        "nauc_map_at_20_std": 0.109166,
        "nauc_map_at_20_diff1": 0.845269,
        "nauc_map_at_100_max": 0.766148,
        "nauc_map_at_100_std": 0.107172,
        "nauc_map_at_100_diff1": 0.845884,
        "nauc_map_at_1000_max": 0.766208,
        "nauc_map_at_1000_std": 0.107207,
        "nauc_map_at_1000_diff1": 0.845923,
        "nauc_recall_at_1_max": 0.75818,
        "nauc_recall_at_1_std": 0.061187,
        "nauc_recall_at_1_diff1": 0.872899,
        "nauc_recall_at_3_max": 0.803901,
        "nauc_recall_at_3_std": 0.221228,
        "nauc_recall_at_3_diff1": 0.812345,
        "nauc_recall_at_5_max": 0.780383,
        "nauc_recall_at_5_std": 0.252052,
        "nauc_recall_at_5_diff1": 0.781792,
        "nauc_recall_at_10_max": 0.760204,
        "nauc_recall_at_10_std": 0.262608,
        "nauc_recall_at_10_diff1": 0.747565,
        "nauc_recall_at_20_max": 0.7976,
        "nauc_recall_at_20_std": 0.411765,
        "nauc_recall_at_20_diff1": 0.766993,
        "nauc_recall_at_100_max": 0.736891,
        "nauc_recall_at_100_std": 0.206079,
        "nauc_recall_at_100_diff1": 0.779473,
        "nauc_recall_at_1000_max": NaN,
        "nauc_recall_at_1000_std": NaN,
        "nauc_recall_at_1000_diff1": NaN,
        "nauc_precision_at_1_max": 0.75818,
        "nauc_precision_at_1_std": 0.061187,
        "nauc_precision_at_1_diff1": 0.872899,
        "nauc_precision_at_3_max": 0.803901,
        "nauc_precision_at_3_std": 0.221228,
        "nauc_precision_at_3_diff1": 0.812345,
        "nauc_precision_at_5_max": 0.780383,
        "nauc_precision_at_5_std": 0.252052,
        "nauc_precision_at_5_diff1": 0.781792,
        "nauc_precision_at_10_max": 0.760204,
        "nauc_precision_at_10_std": 0.262608,
        "nauc_precision_at_10_diff1": 0.747565,
        "nauc_precision_at_20_max": 0.7976,
        "nauc_precision_at_20_std": 0.411765,
        "nauc_precision_at_20_diff1": 0.766993,
        "nauc_precision_at_100_max": 0.736891,
        "nauc_precision_at_100_std": 0.206079,
        "nauc_precision_at_100_diff1": 0.779473,
        "nauc_precision_at_1000_max": NaN,
        "nauc_precision_at_1000_std": NaN,
        "nauc_precision_at_1000_diff1": NaN,
        "nauc_mrr_at_1_max": 0.75818,
        "nauc_mrr_at_1_std": 0.061187,
        "nauc_mrr_at_1_diff1": 0.872899,
        "nauc_mrr_at_3_max": 0.771841,
        "nauc_mrr_at_3_std": 0.111038,
        "nauc_mrr_at_3_diff1": 0.847453,
        "nauc_mrr_at_5_max": 0.767164,
        "nauc_mrr_at_5_std": 0.110263,
        "nauc_mrr_at_5_diff1": 0.8447,
        "nauc_mrr_at_10_max": 0.765515,
        "nauc_mrr_at_10_std": 0.108039,
        "nauc_mrr_at_10_diff1": 0.843831,
        "nauc_mrr_at_20_max": 0.766289,
        "nauc_mrr_at_20_std": 0.109166,
        "nauc_mrr_at_20_diff1": 0.845269,
        "nauc_mrr_at_100_max": 0.766148,
        "nauc_mrr_at_100_std": 0.107172,
        "nauc_mrr_at_100_diff1": 0.845884,
        "nauc_mrr_at_1000_max": 0.766208,
        "nauc_mrr_at_1000_std": 0.107207,
        "nauc_mrr_at_1000_diff1": 0.845923,
        "main_score": 0.82063,
        "hf_subset": "kor_Hang-kor_Hang",
        "languages": [
          "kor-Hang",
          "kor-Hang"
        ]
      },
      {
        "ndcg_at_1": 0.67556,
        "ndcg_at_3": 0.76128,
        "ndcg_at_5": 0.78026,
        "ndcg_at_10": 0.79616,
        "ndcg_at_20": 0.80733,
        "ndcg_at_100": 0.81334,
        "ndcg_at_1000": 0.81426,
        "map_at_1": 0.67556,
        "map_at_3": 0.74056,
        "map_at_5": 0.75094,
        "map_at_10": 0.75755,
        "map_at_20": 0.76058,
        "map_at_100": 0.76142,
        "map_at_1000": 0.76147,
        "recall_at_1": 0.67556,
        "recall_at_3": 0.82111,
        "recall_at_5": 0.86778,
        "recall_at_10": 0.91667,
        "recall_at_20": 0.96111,
        "recall_at_100": 0.99333,
        "recall_at_1000": 1.0,
        "precision_at_1": 0.67556,
        "precision_at_3": 0.2737,
        "precision_at_5": 0.17356,
        "precision_at_10": 0.09167,
        "precision_at_20": 0.04806,
        "precision_at_100": 0.00993,
        "precision_at_1000": 0.001,
        "mrr_at_1": 0.675556,
        "mrr_at_3": 0.740556,
        "mrr_at_5": 0.750944,
        "mrr_at_10": 0.757551,
        "mrr_at_20": 0.760582,
        "mrr_at_100": 0.761424,
        "mrr_at_1000": 0.76147,
        "nauc_ndcg_at_1_max": 0.628673,
        "nauc_ndcg_at_1_std": -0.037728,
        "nauc_ndcg_at_1_diff1": 0.817555,
        "nauc_ndcg_at_3_max": 0.646212,
        "nauc_ndcg_at_3_std": 0.013045,
        "nauc_ndcg_at_3_diff1": 0.769262,
        "nauc_ndcg_at_5_max": 0.646085,
        "nauc_ndcg_at_5_std": 0.024655,
        "nauc_ndcg_at_5_diff1": 0.76812,
        "nauc_ndcg_at_10_max": 0.638381,
        "nauc_ndcg_at_10_std": 0.004209,
        "nauc_ndcg_at_10_diff1": 0.767367,
        "nauc_ndcg_at_20_max": 0.638931,
        "nauc_ndcg_at_20_std": 0.001077,
        "nauc_ndcg_at_20_diff1": 0.776309,
        "nauc_ndcg_at_100_max": 0.637267,
        "nauc_ndcg_at_100_std": -0.000677,
        "nauc_ndcg_at_100_diff1": 0.778239,
        "nauc_ndcg_at_1000_max": 0.637784,
        "nauc_ndcg_at_1000_std": -0.002157,
        "nauc_ndcg_at_1000_diff1": 0.778467,
        "nauc_map_at_1_max": 0.628673,
        "nauc_map_at_1_std": -0.037728,
        "nauc_map_at_1_diff1": 0.817555,