{
  "dataset_revision": "fc24a3ce8f09746410daee3d5cd823ff7a0675b7",
  "task_name": "MrTidyRetrieval",
  "mteb_version": "1.31.1",
  "scores": {
    "test": [
      {
        "ndcg_at_1": 0.32067,
        "ndcg_at_3": 0.39356,
        "ndcg_at_5": 0.42248,
        "ndcg_at_10": 0.44252,
        "ndcg_at_20": 0.46208,
        "ndcg_at_100": 0.48614,
        "ndcg_at_1000": 0.49982,
        "map_at_1": 0.29454,
        "map_at_3": 0.36467,
        "map_at_5": 0.38112,
        "map_at_10": 0.38988,
        "map_at_20": 0.39586,
        "map_at_100": 0.39924,
        "map_at_1000": 0.39977,
        "recall_at_1": 0.29454,
        "recall_at_3": 0.45329,
        "recall_at_5": 0.52019,
        "recall_at_10": 0.57957,
        "recall_at_20": 0.65281,
        "recall_at_100": 0.7787,
        "recall_at_1000": 0.88401,
        "precision_at_1": 0.32067,
        "precision_at_3": 0.16469,
        "precision_at_5": 0.11591,
        "precision_at_10": 0.06485,
        "precision_at_20": 0.03705,
        "precision_at_100": 0.00903,
        "precision_at_1000": 0.00102,
        "mrr_at_1": 0.320665,
        "mrr_at_3": 0.390736,
        "mrr_at_5": 0.40677,
        "mrr_at_10": 0.414696,
        "mrr_at_20": 0.41915,
        "mrr_at_100": 0.421835,
        "mrr_at_1000": 0.422309,
        "nauc_ndcg_at_1_max": 0.310992,
        "nauc_ndcg_at_1_std": 0.096544,
        "nauc_ndcg_at_1_diff1": 0.528891,
        "nauc_ndcg_at_3_max": 0.255871,
        "nauc_ndcg_at_3_std": 0.072844,
        "nauc_ndcg_at_3_diff1": 0.419399,
        "nauc_ndcg_at_5_max": 0.26741,
        "nauc_ndcg_at_5_std": 0.072659,
        "nauc_ndcg_at_5_diff1": 0.444191,
        "nauc_ndcg_at_10_max": 0.265379,
        "nauc_ndcg_at_10_std": 0.067392,
        "nauc_ndcg_at_10_diff1": 0.434936,
        "nauc_ndcg_at_20_max": 0.271738,
        "nauc_ndcg_at_20_std": 0.088273,
        "nauc_ndcg_at_20_diff1": 0.433913,
        "nauc_ndcg_at_100_max": 0.284512,
        "nauc_ndcg_at_100_std": 0.100752,
        "nauc_ndcg_at_100_diff1": 0.434628,
        "nauc_ndcg_at_1000_max": 0.288386,
        "nauc_ndcg_at_1000_std": 0.099245,
        "nauc_ndcg_at_1000_diff1": 0.436989,
        "nauc_map_at_1_max": 0.31004,
        "nauc_map_at_1_std": 0.07592,
        "nauc_map_at_1_diff1": 0.518169,
        "nauc_map_at_3_max": 0.272254,
        "nauc_map_at_3_std": 0.073168,
        "nauc_map_at_3_diff1": 0.44282,
        "nauc_map_at_5_max": 0.277701,
        "nauc_map_at_5_std": 0.074992,
        "nauc_map_at_5_diff1": 0.454467,
        "nauc_map_at_10_max": 0.276806,
        "nauc_map_at_10_std": 0.072792,
        "nauc_map_at_10_diff1": 0.45036,
        "nauc_map_at_20_max": 0.279118,
        "nauc_map_at_20_std": 0.079079,
        "nauc_map_at_20_diff1": 0.451769,
        "nauc_map_at_100_max": 0.280993,
        "nauc_map_at_100_std": 0.080488,
        "nauc_map_at_100_diff1": 0.452166,
        "nauc_map_at_1000_max": 0.281185,
        "nauc_map_at_1000_std": 0.080536,
        "nauc_map_at_1000_diff1": 0.452176,
        "nauc_recall_at_1_max": 0.31004,
        "nauc_recall_at_1_std": 0.07592,
        "nauc_recall_at_1_diff1": 0.518169,
        "nauc_recall_at_3_max": 0.199657,
        "nauc_recall_at_3_std": 0.050909,
        "nauc_recall_at_3_diff1": 0.338298,
        "nauc_recall_at_5_max": 0.22271,
        "nauc_recall_at_5_std": 0.046316,
        "nauc_recall_at_5_diff1": 0.393159,
        "nauc_recall_at_10_max": 0.214638,
        "nauc_recall_at_10_std": 0.028673,
        "nauc_recall_at_10_diff1": 0.358656,
        "nauc_recall_at_20_max": 0.235994,
        "nauc_recall_at_20_std": 0.113133,
        "nauc_recall_at_20_diff1": 0.343177,
        "nauc_recall_at_100_max": 0.329108,
        "nauc_recall_at_100_std": 0.231329,
        "nauc_recall_at_100_diff1": 0.32286,
        "nauc_recall_at_1000_max": 0.433987,
        "nauc_recall_at_1000_std": 0.286899,
        "nauc_recall_at_1000_diff1": 0.300217,
        "nauc_precision_at_1_max": 0.310992,
        "nauc_precision_at_1_std": 0.096544,
        "nauc_precision_at_1_diff1": 0.528891,
        "nauc_precision_at_3_max": 0.213394,
        "nauc_precision_at_3_std": 0.073611,
        "nauc_precision_at_3_diff1": 0.350148,
        "nauc_precision_at_5_max": 0.24173,
        "nauc_precision_at_5_std": 0.080195,
        "nauc_precision_at_5_diff1": 0.391868,
        "nauc_precision_at_10_max": 0.209615,
        "nauc_precision_at_10_std": 0.060235,
        "nauc_precision_at_10_diff1": 0.334255,
        "nauc_precision_at_20_max": 0.214642,
        "nauc_precision_at_20_std": 0.140892,
        "nauc_precision_at_20_diff1": 0.286318,
        "nauc_precision_at_100_max": 0.229004,
        "nauc_precision_at_100_std": 0.189616,
        "nauc_precision_at_100_diff1": 0.172961,
        "nauc_precision_at_1000_max": 0.21211,
        "nauc_precision_at_1000_std": 0.175873,
        "nauc_precision_at_1000_diff1": 0.070493,
        "nauc_mrr_at_1_max": 0.310992,
        "nauc_mrr_at_1_std": 0.096544,
        "nauc_mrr_at_1_diff1": 0.528891,
        "nauc_mrr_at_3_max": 0.273311,
        "nauc_mrr_at_3_std": 0.093624,
        "nauc_mrr_at_3_diff1": 0.447834,
        "nauc_mrr_at_5_max": 0.28178,
        "nauc_mrr_at_5_std": 0.090767,
        "nauc_mrr_at_5_diff1": 0.466321,
        "nauc_mrr_at_10_max": 0.281712,
        "nauc_mrr_at_10_std": 0.088636,
        "nauc_mrr_at_10_diff1": 0.464682,
        "nauc_mrr_at_20_max": 0.282074,
        "nauc_mrr_at_20_std": 0.093044,
        "nauc_mrr_at_20_diff1": 0.462596,
        "nauc_mrr_at_100_max": 0.282966,
        "nauc_mrr_at_100_std": 0.094044,
        "nauc_mrr_at_100_diff1": 0.462474,
        "nauc_mrr_at_1000_max": 0.283115,
        "nauc_mrr_at_1000_std": 0.094114,
        "nauc_mrr_at_1000_diff1": 0.462575,
        "main_score": 0.44252,
        "hf_subset": "korean",
        "languages": [
          "kor-Kore"
        ]
      }
    ]
  },
  "evaluation_time": 335.32268834114075,
  "kg_co2_emissions": null
}