{
  "dataset_revision": "d67138e705d963e346253a80e59676ddb418810a",
  "task_name": "MultiLongDocRetrieval",
  "mteb_version": "1.31.1",
  "scores": {
    "dev": [
      {
        "ndcg_at_1": 0.15,
        "ndcg_at_3": 0.18393,
        "ndcg_at_5": 0.19382,
        "ndcg_at_10": 0.21136,
        "ndcg_at_20": 0.22377,
        "ndcg_at_100": 0.24586,
        "ndcg_at_1000": 0.28698,
        "map_at_1": 0.15,
        "map_at_3": 0.175,
        "map_at_5": 0.18025,
        "map_at_10": 0.18735,
        "map_at_20": 0.19064,
        "map_at_100": 0.19327,
        "map_at_1000": 0.19464,
        "recall_at_1": 0.15,
        "recall_at_3": 0.21,
        "recall_at_5": 0.235,
        "recall_at_10": 0.29,
        "recall_at_20": 0.34,
        "recall_at_100": 0.465,
        "recall_at_1000": 0.8,
        "precision_at_1": 0.15,
        "precision_at_3": 0.07,
        "precision_at_5": 0.047,
        "precision_at_10": 0.029,
        "precision_at_20": 0.017,
        "precision_at_100": 0.00465,
        "precision_at_1000": 0.0008,
        "mrr_at_1": 0.15,
        "mrr_at_3": 0.175,
        "mrr_at_5": 0.18025,
        "mrr_at_10": 0.187351,
        "mrr_at_20": 0.190644,
        "mrr_at_100": 0.193266,
        "mrr_at_1000": 0.194638,
        "nauc_ndcg_at_1_max": 0.434412,
        "nauc_ndcg_at_1_std": 0.048866,
        "nauc_ndcg_at_1_diff1": 0.473864,
        "nauc_ndcg_at_3_max": 0.414801,
        "nauc_ndcg_at_3_std": 0.076545,
        "nauc_ndcg_at_3_diff1": 0.417371,
        "nauc_ndcg_at_5_max": 0.394737,
        "nauc_ndcg_at_5_std": 0.06532,
        "nauc_ndcg_at_5_diff1": 0.406072,
        "nauc_ndcg_at_10_max": 0.367238,
        "nauc_ndcg_at_10_std": 0.097566,
        "nauc_ndcg_at_10_diff1": 0.400172,
        "nauc_ndcg_at_20_max": 0.382776,
        "nauc_ndcg_at_20_std": 0.10334,
        "nauc_ndcg_at_20_diff1": 0.410158,
        "nauc_ndcg_at_100_max": 0.385706,
        "nauc_ndcg_at_100_std": 0.11678,
        "nauc_ndcg_at_100_diff1": 0.389176,
        "nauc_ndcg_at_1000_max": 0.391967,
        "nauc_ndcg_at_1000_std": 0.12183,
        "nauc_ndcg_at_1000_diff1": 0.393088,
        "nauc_map_at_1_max": 0.434412,
        "nauc_map_at_1_std": 0.048866,
        "nauc_map_at_1_diff1": 0.473864,
        "nauc_map_at_3_max": 0.420537,
        "nauc_map_at_3_std": 0.067626,
        "nauc_map_at_3_diff1": 0.428824,
        "nauc_map_at_5_max": 0.409126,
        "nauc_map_at_5_std": 0.061113,
        "nauc_map_at_5_diff1": 0.422399,
        "nauc_map_at_10_max": 0.396692,
        "nauc_map_at_10_std": 0.075501,
        "nauc_map_at_10_diff1": 0.419394,
        "nauc_map_at_20_max": 0.402264,
        "nauc_map_at_20_std": 0.077115,
        "nauc_map_at_20_diff1": 0.422602,
        "nauc_map_at_100_max": 0.403729,
        "nauc_map_at_100_std": 0.079882,
        "nauc_map_at_100_diff1": 0.420287,
        "nauc_map_at_1000_max": 0.403884,
        "nauc_map_at_1000_std": 0.079834,
        "nauc_map_at_1000_diff1": 0.420705,
        "nauc_recall_at_1_max": 0.434412,
        "nauc_recall_at_1_std": 0.048866,
        "nauc_recall_at_1_diff1": 0.473864,
        "nauc_recall_at_3_max": 0.39975,
        "nauc_recall_at_3_std": 0.100171,
        "nauc_recall_at_3_diff1": 0.388672,
        "nauc_recall_at_5_max": 0.356301,
        "nauc_recall_at_5_std": 0.075335,
        "nauc_recall_at_5_diff1": 0.364795,
        "nauc_recall_at_10_max": 0.289288,
        "nauc_recall_at_10_std": 0.157054,
        "nauc_recall_at_10_diff1": 0.353832,
        "nauc_recall_at_20_max": 0.335932,
        "nauc_recall_at_20_std": 0.174627,
        "nauc_recall_at_20_diff1": 0.385689,
        "nauc_recall_at_100_max": 0.33748,
        "nauc_recall_at_100_std": 0.222731,
        "nauc_recall_at_100_diff1": 0.285828,
        "nauc_recall_at_1000_max": 0.374825,
        "nauc_recall_at_1000_std": 0.386526,
        "nauc_recall_at_1000_diff1": 0.220005,
        "nauc_precision_at_1_max": 0.434412,
        "nauc_precision_at_1_std": 0.048866,
        "nauc_precision_at_1_diff1": 0.473864,
        "nauc_precision_at_3_max": 0.39975,
        "nauc_precision_at_3_std": 0.100171,
        "nauc_precision_at_3_diff1": 0.388672,
        "nauc_precision_at_5_max": 0.356301,
        "nauc_precision_at_5_std": 0.075335,
        "nauc_precision_at_5_diff1": 0.364795,
        "nauc_precision_at_10_max": 0.289288,
        "nauc_precision_at_10_std": 0.157054,
        "nauc_precision_at_10_diff1": 0.353832,
        "nauc_precision_at_20_max": 0.335932,
        "nauc_precision_at_20_std": 0.174627,
        "nauc_precision_at_20_diff1": 0.385689,
        "nauc_precision_at_100_max": 0.33748,
        "nauc_precision_at_100_std": 0.222731,
        "nauc_precision_at_100_diff1": 0.285828,
        "nauc_precision_at_1000_max": 0.374825,
        "nauc_precision_at_1000_std": 0.386526,
        "nauc_precision_at_1000_diff1": 0.220005,
        "nauc_mrr_at_1_max": 0.434412,
        "nauc_mrr_at_1_std": 0.048866,
        "nauc_mrr_at_1_diff1": 0.473864,
        "nauc_mrr_at_3_max": 0.420537,
        "nauc_mrr_at_3_std": 0.067626,
        "nauc_mrr_at_3_diff1": 0.428824,
        "nauc_mrr_at_5_max": 0.409126,
        "nauc_mrr_at_5_std": 0.061113,
        "nauc_mrr_at_5_diff1": 0.422399,
        "nauc_mrr_at_10_max": 0.396692,
        "nauc_mrr_at_10_std": 0.075501,
        "nauc_mrr_at_10_diff1": 0.419394,
        "nauc_mrr_at_20_max": 0.402264,
        "nauc_mrr_at_20_std": 0.077115,
        "nauc_mrr_at_20_diff1": 0.422602,
        "nauc_mrr_at_100_max": 0.403729,
        "nauc_mrr_at_100_std": 0.079882,
        "nauc_mrr_at_100_diff1": 0.420287,
        "nauc_mrr_at_1000_max": 0.403884,
        "nauc_mrr_at_1000_std": 0.079834,
        "nauc_mrr_at_1000_diff1": 0.420705,
        "main_score": 0.21136,
        "hf_subset": "ko",
        "languages": [
          "kor-Hang"
        ]
      }
    ],
    "test": [
      {
        "ndcg_at_1": 0.15,
        "ndcg_at_3": 0.19024,
        "ndcg_at_5": 0.20078,
        "ndcg_at_10": 0.21009,
        "ndcg_at_20": 0.22551,
        "ndcg_at_100": 0.24701,
        "ndcg_at_1000": 0.28357,
        "map_at_1": 0.15,
        "map_at_3": 0.18,
        "map_at_5": 0.186,
        "map_at_10": 0.18961,
        "map_at_20": 0.19397,
        "map_at_100": 0.19668,
        "map_at_1000": 0.19786,
        "recall_at_1": 0.15,
        "recall_at_3": 0.22,
        "recall_at_5": 0.245,
        "recall_at_10": 0.275,
        "recall_at_20": 0.335,
        "recall_at_100": 0.455,
        "recall_at_1000": 0.755,
        "precision_at_1": 0.15,
        "precision_at_3": 0.07333,
        "precision_at_5": 0.049,
        "precision_at_10": 0.0275,
        "precision_at_20": 0.01675,
        "precision_at_100": 0.00455,
        "precision_at_1000": 0.00076,
        "mrr_at_1": 0.15,
        "mrr_at_3": 0.18,
        "mrr_at_5": 0.186,
        "mrr_at_10": 0.189609,
        "mrr_at_20": 0.19397,
        "mrr_at_100": 0.196681,
        "mrr_at_1000": 0.197861,
        "nauc_ndcg_at_1_max": 0.452485,
        "nauc_ndcg_at_1_std": -0.029422,
        "nauc_ndcg_at_1_diff1": 0.574932,
        "nauc_ndcg_at_3_max": 0.379739,
        "nauc_ndcg_at_3_std": -0.008302,
        "nauc_ndcg_at_3_diff1": 0.5236,
        "nauc_ndcg_at_5_max": 0.375072,
        "nauc_ndcg_at_5_std": -0.003793,
        "nauc_ndcg_at_5_diff1": 0.504231,
        "nauc_ndcg_at_10_max": 0.356398,
        "nauc_ndcg_at_10_std": 0.004614,
        "nauc_ndcg_at_10_diff1": 0.479549,
        "nauc_ndcg_at_20_max": 0.372443,
        "nauc_ndcg_at_20_std": 0.029204,
        "nauc_ndcg_at_20_diff1": 0.473274,
        "nauc_ndcg_at_100_max": 0.351756,
        "nauc_ndcg_at_100_std": 0.039268,
        "nauc_ndcg_at_100_diff1": 0.448135,
        "nauc_ndcg_at_1000_max": 0.36982,
        "nauc_ndcg_at_1000_std": 0.063627,
        "nauc_ndcg_at_1000_diff1": 0.461004,
        "nauc_map_at_1_max": 0.452485,
        "nauc_map_at_1_std": -0.029422,
        "nauc_map_at_1_diff1": 0.574932,
        "nauc_map_at_3_max": 0.395844,