{
  "dataset_revision": "main",
  "task_name": "PublicHealthQA",
  "mteb_version": "1.31.1",
  "scores": {
    "test": [
      {
        "ndcg_at_1": 0.53247,
        "ndcg_at_3": 0.67486,
        "ndcg_at_5": 0.69609,
        "ndcg_at_10": 0.73209,
        "ndcg_at_20": 0.73896,
        "ndcg_at_100": 0.74576,
        "ndcg_at_1000": 0.74576,
        "map_at_1": 0.53247,
        "map_at_3": 0.64286,
        "map_at_5": 0.65455,
        "map_at_10": 0.6684,
        "map_at_20": 0.67044,
        "map_at_100": 0.6712,
        "map_at_1000": 0.6712,
        "recall_at_1": 0.53247,
        "recall_at_3": 0.76623,
        "recall_at_5": 0.81818,
        "recall_at_10": 0.93506,
        "recall_at_20": 0.96104,
        "recall_at_100": 1.0,
        "recall_at_1000": 1.0,
        "precision_at_1": 0.53247,
        "precision_at_3": 0.25541,
        "precision_at_5": 0.16364,
        "precision_at_10": 0.09351,
        "precision_at_20": 0.04805,
        "precision_at_100": 0.01,
        "precision_at_1000": 0.001,
        "mrr_at_1": 0.532468,
        "mrr_at_3": 0.642857,
        "mrr_at_5": 0.654545,
        "mrr_at_10": 0.668398,
        "mrr_at_20": 0.670445,
        "mrr_at_100": 0.671201,
        "mrr_at_1000": 0.671201,
        "nauc_ndcg_at_1_max": 0.248143,
        "nauc_ndcg_at_1_std": 0.046953,
        "nauc_ndcg_at_1_diff1": 0.455388,
        "nauc_ndcg_at_3_max": 0.289413,
        "nauc_ndcg_at_3_std": 0.155317,
        "nauc_ndcg_at_3_diff1": 0.402888,
        "nauc_ndcg_at_5_max": 0.257781,
        "nauc_ndcg_at_5_std": 0.129381,
        "nauc_ndcg_at_5_diff1": 0.395606,
        "nauc_ndcg_at_10_max": 0.234278,
        "nauc_ndcg_at_10_std": 0.14244,
        "nauc_ndcg_at_10_diff1": 0.384051,
        "nauc_ndcg_at_20_max": 0.272261,
        "nauc_ndcg_at_20_std": 0.146262,
        "nauc_ndcg_at_20_diff1": 0.419928,
        "nauc_ndcg_at_100_max": 0.265336,
        "nauc_ndcg_at_100_std": 0.127196,
        "nauc_ndcg_at_100_diff1": 0.41589,
        "nauc_ndcg_at_1000_max": 0.265336,
        "nauc_ndcg_at_1000_std": 0.127196,
        "nauc_ndcg_at_1000_diff1": 0.41589,
        "nauc_map_at_1_max": 0.248143,
        "nauc_map_at_1_std": 0.046953,
        "nauc_map_at_1_diff1": 0.455388,
        "nauc_map_at_3_max": 0.28279,
        "nauc_map_at_3_std": 0.130118,
        "nauc_map_at_3_diff1": 0.420427,
        "nauc_map_at_5_max": 0.26602,
        "nauc_map_at_5_std": 0.115333,
        "nauc_map_at_5_diff1": 0.415895,
        "nauc_map_at_10_max": 0.258264,
        "nauc_map_at_10_std": 0.118807,
        "nauc_map_at_10_diff1": 0.411615,
        "nauc_map_at_20_max": 0.266942,
        "nauc_map_at_20_std": 0.119093,
        "nauc_map_at_20_diff1": 0.420831,
        "nauc_map_at_100_max": 0.266205,
        "nauc_map_at_100_std": 0.117253,
        "nauc_map_at_100_diff1": 0.420545,
        "nauc_map_at_1000_max": 0.266205,
        "nauc_map_at_1000_std": 0.117253,
        "nauc_map_at_1000_diff1": 0.420545,
        "nauc_recall_at_1_max": 0.248143,
        "nauc_recall_at_1_std": 0.046953,
        "nauc_recall_at_1_diff1": 0.455388,
        "nauc_recall_at_3_max": 0.311759,
        "nauc_recall_at_3_std": 0.248137,
        "nauc_recall_at_3_diff1": 0.334617,
        "nauc_recall_at_5_max": 0.210947,
        "nauc_recall_at_5_std": 0.185147,
        "nauc_recall_at_5_diff1": 0.302992,
        "nauc_recall_at_10_max": -0.101772,
        "nauc_recall_at_10_std": 0.414984,
        "nauc_recall_at_10_diff1": 0.060884,
        "nauc_recall_at_20_max": 0.462755,
        "nauc_recall_at_20_std": 0.693506,
        "nauc_recall_at_20_diff1": 0.545122,
        "nauc_recall_at_100_max": NaN,
        "nauc_recall_at_100_std": NaN,
        "nauc_recall_at_100_diff1": NaN,
        "nauc_recall_at_1000_max": NaN,
        "nauc_recall_at_1000_std": NaN,
        "nauc_recall_at_1000_diff1": NaN,
        "nauc_precision_at_1_max": 0.248143,
        "nauc_precision_at_1_std": 0.046953,
        "nauc_precision_at_1_diff1": 0.455388,
        "nauc_precision_at_3_max": 0.311759,
        "nauc_precision_at_3_std": 0.248137,
        "nauc_precision_at_3_diff1": 0.334617,
        "nauc_precision_at_5_max": 0.210947,
        "nauc_precision_at_5_std": 0.185147,
        "nauc_precision_at_5_diff1": 0.302992,
        "nauc_precision_at_10_max": -0.101772,
        "nauc_precision_at_10_std": 0.414984,
        "nauc_precision_at_10_diff1": 0.060884,
        "nauc_precision_at_20_max": 0.462755,
        "nauc_precision_at_20_std": 0.693506,
        "nauc_precision_at_20_diff1": 0.545122,
        "nauc_precision_at_100_max": 1.0,
        "nauc_precision_at_100_std": 1.0,
        "nauc_precision_at_100_diff1": 1.0,
        "nauc_precision_at_1000_max": NaN,
        "nauc_precision_at_1000_std": NaN,
        "nauc_precision_at_1000_diff1": NaN,
        "nauc_mrr_at_1_max": 0.248143,
        "nauc_mrr_at_1_std": 0.046953,
        "nauc_mrr_at_1_diff1": 0.455388,
        "nauc_mrr_at_3_max": 0.28279,
        "nauc_mrr_at_3_std": 0.130118,
        "nauc_mrr_at_3_diff1": 0.420427,
        "nauc_mrr_at_5_max": 0.26602,
        "nauc_mrr_at_5_std": 0.115333,
        "nauc_mrr_at_5_diff1": 0.415895,
        "nauc_mrr_at_10_max": 0.258264,
        "nauc_mrr_at_10_std": 0.118807,
        "nauc_mrr_at_10_diff1": 0.411615,
        "nauc_mrr_at_20_max": 0.266942,
        "nauc_mrr_at_20_std": 0.119093,
        "nauc_mrr_at_20_diff1": 0.420831,
        "nauc_mrr_at_100_max": 0.266205,
        "nauc_mrr_at_100_std": 0.117253,
        "nauc_mrr_at_100_diff1": 0.420545,
        "nauc_mrr_at_1000_max": 0.266205,
        "nauc_mrr_at_1000_std": 0.117253,
        "nauc_mrr_at_1000_diff1": 0.420545,
        "main_score": 0.73209,
        "hf_subset": "korean",
        "languages": [
          "kor-Hang"
        ]
      }
    ]
  },
  "evaluation_time": 0.2809295654296875,
  "kg_co2_emissions": null
}