{
  "dataset_revision": "c99d599f0a6ab9b85b065da6f9d94f9cf731679f",
  "task_name": "XPQARetrieval",
  "mteb_version": "1.31.1",
  "scores": {
    "test": [
      {
        "ndcg_at_1": 0.18654,
        "ndcg_at_3": 0.1935,
        "ndcg_at_5": 0.20878,
        "ndcg_at_10": 0.23,
        "ndcg_at_20": 0.2526,
        "ndcg_at_100": 0.30094,
        "ndcg_at_1000": 0.35266,
        "map_at_1": 0.13132,
        "map_at_3": 0.1724,
        "map_at_5": 0.18386,
        "map_at_10": 0.19317,
        "map_at_20": 0.19974,
        "map_at_100": 0.20662,
        "map_at_1000": 0.20871,
        "recall_at_1": 0.13132,
        "recall_at_3": 0.20466,
        "recall_at_5": 0.24146,
        "recall_at_10": 0.30069,
        "recall_at_20": 0.38254,
        "recall_at_100": 0.62439,
        "recall_at_1000": 1.0,
        "precision_at_1": 0.18654,
        "precision_at_3": 0.10398,
        "precision_at_5": 0.07462,
        "precision_at_10": 0.04709,
        "precision_at_20": 0.02966,
        "precision_at_100": 0.00969,
        "precision_at_1000": 0.00156,
        "mrr_at_1": 0.188073,
        "mrr_at_3": 0.218145,
        "mrr_at_5": 0.226478,
        "mrr_at_10": 0.234856,
        "mrr_at_20": 0.240963,
        "mrr_at_100": 0.246395,
        "mrr_at_1000": 0.247647,
        "nauc_ndcg_at_1_max": 0.13167,
        "nauc_ndcg_at_1_std": -0.253887,
        "nauc_ndcg_at_1_diff1": 0.511911,
        "nauc_ndcg_at_3_max": 0.12435,
        "nauc_ndcg_at_3_std": -0.244451,
        "nauc_ndcg_at_3_diff1": 0.420406,
        "nauc_ndcg_at_5_max": 0.120711,
        "nauc_ndcg_at_5_std": -0.232071,
        "nauc_ndcg_at_5_diff1": 0.413195,
        "nauc_ndcg_at_10_max": 0.1297,
        "nauc_ndcg_at_10_std": -0.226131,
        "nauc_ndcg_at_10_diff1": 0.389252,
        "nauc_ndcg_at_20_max": 0.140063,
        "nauc_ndcg_at_20_std": -0.21088,
        "nauc_ndcg_at_20_diff1": 0.38287,
        "nauc_ndcg_at_100_max": 0.159769,
        "nauc_ndcg_at_100_std": -0.183974,
        "nauc_ndcg_at_100_diff1": 0.370751,
        "nauc_ndcg_at_1000_max": 0.142126,
        "nauc_ndcg_at_1000_std": -0.207963,
        "nauc_ndcg_at_1000_diff1": 0.393016,
        "nauc_map_at_1_max": 0.110844,
        "nauc_map_at_1_std": -0.209679,
        "nauc_map_at_1_diff1": 0.505598,
        "nauc_map_at_3_max": 0.125781,
        "nauc_map_at_3_std": -0.235019,
        "nauc_map_at_3_diff1": 0.43192,
        "nauc_map_at_5_max": 0.120794,
        "nauc_map_at_5_std": -0.231814,
        "nauc_map_at_5_diff1": 0.424662,
        "nauc_map_at_10_max": 0.122996,
        "nauc_map_at_10_std": -0.229517,
        "nauc_map_at_10_diff1": 0.41263,
        "nauc_map_at_20_max": 0.126491,
        "nauc_map_at_20_std": -0.22636,
        "nauc_map_at_20_diff1": 0.412347,
        "nauc_map_at_100_max": 0.128743,
        "nauc_map_at_100_std": -0.22321,
        "nauc_map_at_100_diff1": 0.410456,
        "nauc_map_at_1000_max": 0.128571,
        "nauc_map_at_1000_std": -0.223608,
        "nauc_map_at_1000_diff1": 0.411328,
        "nauc_recall_at_1_max": 0.110844,
        "nauc_recall_at_1_std": -0.209679,
        "nauc_recall_at_1_diff1": 0.505598,
        "nauc_recall_at_3_max": 0.134351,
        "nauc_recall_at_3_std": -0.222603,
        "nauc_recall_at_3_diff1": 0.372972,
        "nauc_recall_at_5_max": 0.120056,
        "nauc_recall_at_5_std": -0.198146,
        "nauc_recall_at_5_diff1": 0.350763,
        "nauc_recall_at_10_max": 0.150469,
        "nauc_recall_at_10_std": -0.177647,
        "nauc_recall_at_10_diff1": 0.291519,
        "nauc_recall_at_20_max": 0.174393,
        "nauc_recall_at_20_std": -0.127519,
        "nauc_recall_at_20_diff1": 0.263927,
        "nauc_recall_at_100_max": 0.264116,
        "nauc_recall_at_100_std": 0.006118,
        "nauc_recall_at_100_diff1": 0.181642,
        "nauc_recall_at_1000_max": NaN,
        "nauc_recall_at_1000_std": NaN,
        "nauc_recall_at_1000_diff1": NaN,
        "nauc_precision_at_1_max": 0.13167,
        "nauc_precision_at_1_std": -0.253887,
        "nauc_precision_at_1_diff1": 0.511911,
        "nauc_precision_at_3_max": 0.124803,
        "nauc_precision_at_3_std": -0.275274,
        "nauc_precision_at_3_diff1": 0.338741,
        "nauc_precision_at_5_max": 0.101109,
        "nauc_precision_at_5_std": -0.258709,
        "nauc_precision_at_5_diff1": 0.312156,
        "nauc_precision_at_10_max": 0.100446,
        "nauc_precision_at_10_std": -0.242335,
        "nauc_precision_at_10_diff1": 0.249549,
        "nauc_precision_at_20_max": 0.135921,
        "nauc_precision_at_20_std": -0.190517,
        "nauc_precision_at_20_diff1": 0.243886,
        "nauc_precision_at_100_max": 0.191346,
        "nauc_precision_at_100_std": -0.035105,
        "nauc_precision_at_100_diff1": 0.146798,
        "nauc_precision_at_1000_max": 0.037795,
        "nauc_precision_at_1000_std": -0.018029,
        "nauc_precision_at_1000_diff1": 0.025706,
        "nauc_mrr_at_1_max": 0.128839,
        "nauc_mrr_at_1_std": -0.252945,
        "nauc_mrr_at_1_diff1": 0.503084,
        "nauc_mrr_at_3_max": 0.122026,
        "nauc_mrr_at_3_std": -0.259516,
        "nauc_mrr_at_3_diff1": 0.451671,
        "nauc_mrr_at_5_max": 0.11905,
        "nauc_mrr_at_5_std": -0.252798,
        "nauc_mrr_at_5_diff1": 0.447139,
        "nauc_mrr_at_10_max": 0.122243,
        "nauc_mrr_at_10_std": -0.25136,
        "nauc_mrr_at_10_diff1": 0.437718,
        "nauc_mrr_at_20_max": 0.124331,
        "nauc_mrr_at_20_std": -0.246137,
        "nauc_mrr_at_20_diff1": 0.434454,
        "nauc_mrr_at_100_max": 0.126162,
        "nauc_mrr_at_100_std": -0.242969,
        "nauc_mrr_at_100_diff1": 0.432463,
        "nauc_mrr_at_1000_max": 0.125682,
        "nauc_mrr_at_1000_std": -0.243761,
        "nauc_mrr_at_1000_diff1": 0.433251,
        "main_score": 0.23,
        "hf_subset": "kor-kor",
        "languages": [
          "kor-Hang",
          "kor-Hang"
        ]
      },
      {
        "ndcg_at_1": 0.20031,
        "ndcg_at_3": 0.19881,
        "ndcg_at_5": 0.21469,
        "ndcg_at_10": 0.24378,
        "ndcg_at_20": 0.2688,
        "ndcg_at_100": 0.31906,
        "ndcg_at_1000": 0.36968,
        "map_at_1": 0.10691,
        "map_at_3": 0.16067,
        "map_at_5": 0.17875,
        "map_at_10": 0.19351,
        "map_at_20": 0.20164,
        "map_at_100": 0.20959,
        "map_at_1000": 0.21208,
        "recall_at_1": 0.10691,
        "recall_at_3": 0.19574,
        "recall_at_5": 0.24786,
        "recall_at_10": 0.32146,
        "recall_at_20": 0.40339,
        "recall_at_100": 0.64151,
        "recall_at_1000": 0.98703,
        "precision_at_1": 0.20031,
        "precision_at_3": 0.13201,
        "precision_at_5": 0.10122,
        "precision_at_10": 0.06651,
        "precision_at_20": 0.04151,
        "precision_at_100": 0.01289,
        "precision_at_1000": 0.00193,
        "mrr_at_1": 0.200306,
        "mrr_at_3": 0.241081,
        "mrr_at_5": 0.252396,
        "mrr_at_10": 0.262439,
        "mrr_at_20": 0.268629,
        "mrr_at_100": 0.273414,
        "mrr_at_1000": 0.274607,
        "nauc_ndcg_at_1_max": 0.176154,
        "nauc_ndcg_at_1_std": -0.20358,
        "nauc_ndcg_at_1_diff1": 0.46267,
        "nauc_ndcg_at_3_max": 0.17555,
        "nauc_ndcg_at_3_std": -0.190758,
        "nauc_ndcg_at_3_diff1": 0.38792,
        "nauc_ndcg_at_5_max": 0.169593,
        "nauc_ndcg_at_5_std": -0.172872,
        "nauc_ndcg_at_5_diff1": 0.378167,
        "nauc_ndcg_at_10_max": 0.170522,
        "nauc_ndcg_at_10_std": -0.166212,
        "nauc_ndcg_at_10_diff1": 0.367199,
        "nauc_ndcg_at_20_max": 0.174088,
        "nauc_ndcg_at_20_std": -0.158561,
        "nauc_ndcg_at_20_diff1": 0.358111,
        "nauc_ndcg_at_100_max": 0.202139,
        "nauc_ndcg_at_100_std": -0.107319,
        "nauc_ndcg_at_100_diff1": 0.35342,
        "nauc_ndcg_at_1000_max": 0.188847,
        "nauc_ndcg_at_1000_std": -0.141537,
        "nauc_ndcg_at_1000_diff1": 0.359497,
        "nauc_map_at_1_max": 0.142926,
        "nauc_map_at_1_std": -0.218129,