{
  "dataset_revision": "fd7df84ac089bbec763b1c6bb1b56e985df5cc5c",
  "task_name": "AutoRAGRetrieval",
  "mteb_version": "1.31.1",
  "scores": {
    "test": [
      {
        "ndcg_at_1": 0.73684,
        "ndcg_at_3": 0.84847,
        "ndcg_at_5": 0.86243,
        "ndcg_at_10": 0.87076,
        "ndcg_at_20": 0.8751,
        "ndcg_at_100": 0.8751,
        "ndcg_at_1000": 0.8751,
        "map_at_1": 0.73684,
        "map_at_3": 0.8231,
        "map_at_5": 0.83056,
        "map_at_10": 0.83388,
        "map_at_20": 0.83501,
        "map_at_100": 0.83501,
        "map_at_1000": 0.83501,
        "recall_at_1": 0.73684,
        "recall_at_3": 0.92105,
        "recall_at_5": 0.95614,
        "recall_at_10": 0.98246,
        "recall_at_20": 1.0,
        "recall_at_100": 1.0,
        "recall_at_1000": 1.0,
        "precision_at_1": 0.73684,
        "precision_at_3": 0.30702,
        "precision_at_5": 0.19123,
        "precision_at_10": 0.09825,
        "precision_at_20": 0.05,
        "precision_at_100": 0.01,
        "precision_at_1000": 0.001,
        "mrr_at_1": 0.736842,
        "mrr_at_3": 0.823099,
        "mrr_at_5": 0.830556,
        "mrr_at_10": 0.83388,
        "mrr_at_20": 0.835013,
        "mrr_at_100": 0.835013,
        "mrr_at_1000": 0.835013,
        "nauc_ndcg_at_1_max": 0.065167,
        "nauc_ndcg_at_1_std": -0.574049,
        "nauc_ndcg_at_1_diff1": 0.85592,
        "nauc_ndcg_at_3_max": 0.215449,
        "nauc_ndcg_at_3_std": -0.62872,
        "nauc_ndcg_at_3_diff1": 0.813741,
        "nauc_ndcg_at_5_max": 0.203463,
        "nauc_ndcg_at_5_std": -0.666077,
        "nauc_ndcg_at_5_diff1": 0.836702,
        "nauc_ndcg_at_10_max": 0.156481,
        "nauc_ndcg_at_10_std": -0.641323,
        "nauc_ndcg_at_10_diff1": 0.835098,
        "nauc_ndcg_at_20_max": 0.141863,
        "nauc_ndcg_at_20_std": -0.628672,
        "nauc_ndcg_at_20_diff1": 0.839869,
        "nauc_ndcg_at_100_max": 0.141863,
        "nauc_ndcg_at_100_std": -0.628672,
        "nauc_ndcg_at_100_diff1": 0.839869,
        "nauc_ndcg_at_1000_max": 0.141863,
        "nauc_ndcg_at_1000_std": -0.628672,
        "nauc_ndcg_at_1000_diff1": 0.839869,
        "nauc_map_at_1_max": 0.065167,
        "nauc_map_at_1_std": -0.574049,
        "nauc_map_at_1_diff1": 0.85592,
        "nauc_map_at_3_max": 0.15938,
        "nauc_map_at_3_std": -0.616759,
        "nauc_map_at_3_diff1": 0.829642,
        "nauc_map_at_5_max": 0.151053,
        "nauc_map_at_5_std": -0.633542,
        "nauc_map_at_5_diff1": 0.840851,
        "nauc_map_at_10_max": 0.135153,
        "nauc_map_at_10_std": -0.625369,
        "nauc_map_at_10_diff1": 0.840596,
        "nauc_map_at_20_max": 0.132124,
        "nauc_map_at_20_std": -0.622612,
        "nauc_map_at_20_diff1": 0.841608,
        "nauc_map_at_100_max": 0.132124,
        "nauc_map_at_100_std": -0.622612,
        "nauc_map_at_100_diff1": 0.841608,
        "nauc_map_at_1000_max": 0.132124,
        "nauc_map_at_1000_std": -0.622612,
        "nauc_map_at_1000_diff1": 0.841608,
        "nauc_recall_at_1_max": 0.065167,
        "nauc_recall_at_1_std": -0.574049,
        "nauc_recall_at_1_diff1": 0.85592,
        "nauc_recall_at_3_max": 0.548918,
        "nauc_recall_at_3_std": -0.693225,
        "nauc_recall_at_3_diff1": 0.719042,
        "nauc_recall_at_5_max": 0.734426,
        "nauc_recall_at_5_std": -0.999727,
        "nauc_recall_at_5_diff1": 0.803349,
        "nauc_recall_at_10_max": 0.539967,
        "nauc_recall_at_10_std": -0.962931,
        "nauc_recall_at_10_diff1": 0.712274,
        "nauc_recall_at_20_max": NaN,
        "nauc_recall_at_20_std": NaN,
        "nauc_recall_at_20_diff1": NaN,
        "nauc_recall_at_100_max": NaN,
        "nauc_recall_at_100_std": NaN,
        "nauc_recall_at_100_diff1": NaN,
        "nauc_recall_at_1000_max": NaN,
        "nauc_recall_at_1000_std": NaN,
        "nauc_recall_at_1000_diff1": NaN,
        "nauc_precision_at_1_max": 0.065167,
        "nauc_precision_at_1_std": -0.574049,
        "nauc_precision_at_1_diff1": 0.85592,
        "nauc_precision_at_3_max": 0.548918,
        "nauc_precision_at_3_std": -0.693225,
        "nauc_precision_at_3_diff1": 0.719042,
        "nauc_precision_at_5_max": 0.734426,
        "nauc_precision_at_5_std": -0.999727,
        "nauc_precision_at_5_diff1": 0.803349,
        "nauc_precision_at_10_max": 0.539967,
        "nauc_precision_at_10_std": -0.962931,
        "nauc_precision_at_10_diff1": 0.712274,
        "nauc_precision_at_20_max": 1.0,
        "nauc_precision_at_20_std": 1.0,
        "nauc_precision_at_20_diff1": 1.0,
        "nauc_precision_at_100_max": 1.0,
        "nauc_precision_at_100_std": 1.0,
        "nauc_precision_at_100_diff1": 1.0,
        "nauc_precision_at_1000_max": 1.0,
        "nauc_precision_at_1000_std": 1.0,
        "nauc_precision_at_1000_diff1": 1.0,
        "nauc_mrr_at_1_max": 0.065167,
        "nauc_mrr_at_1_std": -0.574049,
        "nauc_mrr_at_1_diff1": 0.85592,
        "nauc_mrr_at_3_max": 0.15938,
        "nauc_mrr_at_3_std": -0.616759,
        "nauc_mrr_at_3_diff1": 0.829642,
        "nauc_mrr_at_5_max": 0.151053,
        "nauc_mrr_at_5_std": -0.633542,
        "nauc_mrr_at_5_diff1": 0.840851,
        "nauc_mrr_at_10_max": 0.135153,
        "nauc_mrr_at_10_std": -0.625369,
        "nauc_mrr_at_10_diff1": 0.840596,
        "nauc_mrr_at_20_max": 0.132124,
        "nauc_mrr_at_20_std": -0.622612,
        "nauc_mrr_at_20_diff1": 0.841608,
        "nauc_mrr_at_100_max": 0.132124,
        "nauc_mrr_at_100_std": -0.622612,
        "nauc_mrr_at_100_diff1": 0.841608,
        "nauc_mrr_at_1000_max": 0.132124,
        "nauc_mrr_at_1000_std": -0.622612,
        "nauc_mrr_at_1000_diff1": 0.841608,
        "main_score": 0.87076,
        "hf_subset": "default",
        "languages": [
          "kor-Hang"
        ]
      }
    ]
  },
  "evaluation_time": 3.898264169692993,
  "kg_co2_emissions": null
}