{
  "dataset_revision": "75b399394a9803252cfec289d103de462763db7c",
  "task_name": "BelebeleRetrieval",
  "mteb_version": "1.31.1",
  "scores": {
    "test": [
      {
        "ndcg_at_1": 0.90778,
        "ndcg_at_3": 0.94389,
        "ndcg_at_5": 0.948,
        "ndcg_at_10": 0.95019,
        "ndcg_at_20": 0.95047,
        "ndcg_at_100": 0.95212,
        "ndcg_at_1000": 0.95285,
        "map_at_1": 0.90778,
        "map_at_3": 0.93556,
        "map_at_5": 0.93783,
        "map_at_10": 0.93876,
        "map_at_20": 0.93883,
        "map_at_100": 0.93907,
        "map_at_1000": 0.9391,
        "recall_at_1": 0.90778,
        "recall_at_3": 0.96778,
        "recall_at_5": 0.97778,
        "recall_at_10": 0.98444,
        "recall_at_20": 0.98556,
        "recall_at_100": 0.99444,
        "recall_at_1000": 1.0,
        "precision_at_1": 0.90778,
        "precision_at_3": 0.32259,
        "precision_at_5": 0.19556,
        "precision_at_10": 0.09844,
        "precision_at_20": 0.04928,
        "precision_at_100": 0.00994,
        "precision_at_1000": 0.001,
        "mrr_at_1": 0.907778,
        "mrr_at_3": 0.935556,
        "mrr_at_5": 0.937833,
        "mrr_at_10": 0.938756,
        "mrr_at_20": 0.93883,
        "mrr_at_100": 0.939068,
        "mrr_at_1000": 0.939097,
        "nauc_ndcg_at_1_max": 0.803545,
        "nauc_ndcg_at_1_std": -0.058582,
        "nauc_ndcg_at_1_diff1": 0.926653,
        "nauc_ndcg_at_3_max": 0.84107,
        "nauc_ndcg_at_3_std": -0.042141,
        "nauc_ndcg_at_3_diff1": 0.931563,
        "nauc_ndcg_at_5_max": 0.838696,
        "nauc_ndcg_at_5_std": -0.006393,
        "nauc_ndcg_at_5_diff1": 0.929651,
        "nauc_ndcg_at_10_max": 0.835397,
        "nauc_ndcg_at_10_std": -0.034705,
        "nauc_ndcg_at_10_diff1": 0.930474,
        "nauc_ndcg_at_20_max": 0.834474,
        "nauc_ndcg_at_20_std": -0.035588,
        "nauc_ndcg_at_20_diff1": 0.930817,
        "nauc_ndcg_at_100_max": 0.832028,
        "nauc_ndcg_at_100_std": -0.023947,
        "nauc_ndcg_at_100_diff1": 0.92976,
        "nauc_ndcg_at_1000_max": 0.829818,
        "nauc_ndcg_at_1000_std": -0.034694,
        "nauc_ndcg_at_1000_diff1": 0.929484,
        "nauc_map_at_1_max": 0.803545,
        "nauc_map_at_1_std": -0.058582,
        "nauc_map_at_1_diff1": 0.926653,
        "nauc_map_at_3_max": 0.828584,
        "nauc_map_at_3_std": -0.050976,
        "nauc_map_at_3_diff1": 0.929543,
        "nauc_map_at_5_max": 0.827058,
        "nauc_map_at_5_std": -0.034059,
        "nauc_map_at_5_diff1": 0.928538,
        "nauc_map_at_10_max": 0.825674,
        "nauc_map_at_10_std": -0.044254,
        "nauc_map_at_10_diff1": 0.928666,
        "nauc_map_at_20_max": 0.825463,
        "nauc_map_at_20_std": -0.044456,
        "nauc_map_at_20_diff1": 0.928738,
        "nauc_map_at_100_max": 0.825211,
        "nauc_map_at_100_std": -0.042846,
        "nauc_map_at_100_diff1": 0.928672,
        "nauc_map_at_1000_max": 0.825138,
        "nauc_map_at_1000_std": -0.043204,
        "nauc_map_at_1000_diff1": 0.928663,
        "nauc_recall_at_1_max": 0.803545,
        "nauc_recall_at_1_std": -0.058582,
        "nauc_recall_at_1_diff1": 0.926653,
        "nauc_recall_at_3_max": 0.912747,
        "nauc_recall_at_3_std": 0.011462,
        "nauc_recall_at_3_diff1": 0.943495,
        "nauc_recall_at_5_max": 0.931139,
        "nauc_recall_at_5_std": 0.231162,
        "nauc_recall_at_5_diff1": 0.938492,
        "nauc_recall_at_10_max": 0.940143,
        "nauc_recall_at_10_std": 0.058023,
        "nauc_recall_at_10_diff1": 0.953315,
        "nauc_recall_at_20_max": 0.935538,
        "nauc_recall_at_20_std": 0.053042,
        "nauc_recall_at_20_diff1": 0.959779,
        "nauc_recall_at_100_max": 0.973856,
        "nauc_recall_at_100_std": 0.661158,
        "nauc_recall_at_100_diff1": 0.947712,
        "nauc_recall_at_1000_max": NaN,
        "nauc_recall_at_1000_std": NaN,
        "nauc_recall_at_1000_diff1": NaN,
        "nauc_precision_at_1_max": 0.803545,
        "nauc_precision_at_1_std": -0.058582,
        "nauc_precision_at_1_diff1": 0.926653,
        "nauc_precision_at_3_max": 0.912747,
        "nauc_precision_at_3_std": 0.011462,
        "nauc_precision_at_3_diff1": 0.943495,
        "nauc_precision_at_5_max": 0.931139,
        "nauc_precision_at_5_std": 0.231162,
        "nauc_precision_at_5_diff1": 0.938492,
        "nauc_precision_at_10_max": 0.940143,
        "nauc_precision_at_10_std": 0.058023,
        "nauc_precision_at_10_diff1": 0.953315,
        "nauc_precision_at_20_max": 0.935538,
        "nauc_precision_at_20_std": 0.053042,
        "nauc_precision_at_20_diff1": 0.959779,
        "nauc_precision_at_100_max": 0.973856,
        "nauc_precision_at_100_std": 0.661158,
        "nauc_precision_at_100_diff1": 0.947712,
        "nauc_precision_at_1000_max": NaN,
        "nauc_precision_at_1000_std": NaN,
        "nauc_precision_at_1000_diff1": NaN,
        "nauc_mrr_at_1_max": 0.803545,
        "nauc_mrr_at_1_std": -0.058582,
        "nauc_mrr_at_1_diff1": 0.926653,
        "nauc_mrr_at_3_max": 0.828584,
        "nauc_mrr_at_3_std": -0.050976,
        "nauc_mrr_at_3_diff1": 0.929543,
        "nauc_mrr_at_5_max": 0.827058,
        "nauc_mrr_at_5_std": -0.034059,
        "nauc_mrr_at_5_diff1": 0.928538,
        "nauc_mrr_at_10_max": 0.825674,
        "nauc_mrr_at_10_std": -0.044254,
        "nauc_mrr_at_10_diff1": 0.928666,
        "nauc_mrr_at_20_max": 0.825463,
        "nauc_mrr_at_20_std": -0.044456,
        "nauc_mrr_at_20_diff1": 0.928738,
        "nauc_mrr_at_100_max": 0.825211,
        "nauc_mrr_at_100_std": -0.042846,
        "nauc_mrr_at_100_diff1": 0.928672,
        "nauc_mrr_at_1000_max": 0.825138,
        "nauc_mrr_at_1000_std": -0.043204,
        "nauc_mrr_at_1000_diff1": 0.928663,
        "main_score": 0.95019,
        "hf_subset": "kor_Hang-kor_Hang",
        "languages": [
          "kor-Hang",
          "kor-Hang"
        ]
      },
      {
        "ndcg_at_1": 0.85556,
        "ndcg_at_3": 0.91329,
        "ndcg_at_5": 0.91559,
        "ndcg_at_10": 0.92379,
        "ndcg_at_20": 0.92544,
        "ndcg_at_100": 0.92625,
        "ndcg_at_1000": 0.92683,
        "map_at_1": 0.85556,
        "map_at_3": 0.89907,
        "map_at_5": 0.90035,
        "map_at_10": 0.90391,
        "map_at_20": 0.90435,
        "map_at_100": 0.90445,
        "map_at_1000": 0.90448,
        "recall_at_1": 0.85556,
        "recall_at_3": 0.95444,
        "recall_at_5": 0.96,
        "recall_at_10": 0.98444,
        "recall_at_20": 0.99111,
        "recall_at_100": 0.99556,
        "recall_at_1000": 1.0,
        "precision_at_1": 0.85556,
        "precision_at_3": 0.31815,
        "precision_at_5": 0.192,
        "precision_at_10": 0.09844,
        "precision_at_20": 0.04956,
        "precision_at_100": 0.00996,
        "precision_at_1000": 0.001,
        "mrr_at_1": 0.855556,
        "mrr_at_3": 0.899074,
        "mrr_at_5": 0.900352,
        "mrr_at_10": 0.90391,
        "mrr_at_20": 0.904352,
        "mrr_at_100": 0.904453,
        "mrr_at_1000": 0.904476,
        "nauc_ndcg_at_1_max": 0.740968,
        "nauc_ndcg_at_1_std": -0.085018,
        "nauc_ndcg_at_1_diff1": 0.906555,
        "nauc_ndcg_at_3_max": 0.771886,
        "nauc_ndcg_at_3_std": -0.021081,
        "nauc_ndcg_at_3_diff1": 0.885825,
        "nauc_ndcg_at_5_max": 0.768115,
        "nauc_ndcg_at_5_std": -0.022108,
        "nauc_ndcg_at_5_diff1": 0.8834,
        "nauc_ndcg_at_10_max": 0.764387,
        "nauc_ndcg_at_10_std": -0.011099,
        "nauc_ndcg_at_10_diff1": 0.884415,
        "nauc_ndcg_at_20_max": 0.760638,
        "nauc_ndcg_at_20_std": -0.027694,
        "nauc_ndcg_at_20_diff1": 0.885996,
        "nauc_ndcg_at_100_max": 0.761676,
        "nauc_ndcg_at_100_std": -0.027978,
        "nauc_ndcg_at_100_diff1": 0.888933,
        "nauc_ndcg_at_1000_max": 0.759746,
        "nauc_ndcg_at_1000_std": -0.034342,
        "nauc_ndcg_at_1000_diff1": 0.889117,
        "nauc_map_at_1_max": 0.740968,
        "nauc_map_at_1_std": -0.085018,