{
  "dataset_revision": "75b399394a9803252cfec289d103de462763db7c",
  "task_name": "BelebeleRetrieval",
  "mteb_version": "1.31.1",
  "scores": {
    "test": [
      {
        "ndcg_at_1": 0.90778,
        "ndcg_at_3": 0.94389,
        "ndcg_at_5": 0.948,
        "ndcg_at_10": 0.95019,
        "ndcg_at_20": 0.95047,
        "ndcg_at_100": 0.95212,
        "ndcg_at_1000": 0.95285,
        "map_at_1": 0.90778,
        "map_at_3": 0.93556,
        "map_at_5": 0.93783,
        "map_at_10": 0.93876,
        "map_at_20": 0.93883,
        "map_at_100": 0.93907,
        "map_at_1000": 0.9391,
        "recall_at_1": 0.90778,
        "recall_at_3": 0.96778,
        "recall_at_5": 0.97778,
        "recall_at_10": 0.98444,
        "recall_at_20": 0.98556,
        "recall_at_100": 0.99444,
        "recall_at_1000": 1.0,
        "precision_at_1": 0.90778,
        "precision_at_3": 0.32259,
        "precision_at_5": 0.19556,
        "precision_at_10": 0.09844,
        "precision_at_20": 0.04928,
        "precision_at_100": 0.00994,
        "precision_at_1000": 0.001,
        "mrr_at_1": 0.907778,
        "mrr_at_3": 0.935556,
        "mrr_at_5": 0.937833,
        "mrr_at_10": 0.938756,
        "mrr_at_20": 0.93883,
        "mrr_at_100": 0.939068,
        "mrr_at_1000": 0.939097,
        "nauc_ndcg_at_1_max": 0.803545,
        "nauc_ndcg_at_1_std": -0.058582,
        "nauc_ndcg_at_1_diff1": 0.924882,
        "nauc_ndcg_at_3_max": 0.84107,
        "nauc_ndcg_at_3_std": -0.042141,
        "nauc_ndcg_at_3_diff1": 0.930107,
        "nauc_ndcg_at_5_max": 0.838696,
        "nauc_ndcg_at_5_std": -0.006393,
        "nauc_ndcg_at_5_diff1": 0.928079,
        "nauc_ndcg_at_10_max": 0.835397,
        "nauc_ndcg_at_10_std": -0.034705,
        "nauc_ndcg_at_10_diff1": 0.928834,
        "nauc_ndcg_at_20_max": 0.834474,
        "nauc_ndcg_at_20_std": -0.035588,
        "nauc_ndcg_at_20_diff1": 0.929168,
        "nauc_ndcg_at_100_max": 0.832028,
        "nauc_ndcg_at_100_std": -0.023947,
        "nauc_ndcg_at_100_diff1": 0.928054,
        "nauc_ndcg_at_1000_max": 0.829818,
        "nauc_ndcg_at_1000_std": -0.034697,
        "nauc_ndcg_at_1000_diff1": 0.927751,
        "nauc_map_at_1_max": 0.803545,
        "nauc_map_at_1_std": -0.058582,
        "nauc_map_at_1_diff1": 0.924882,
        "nauc_map_at_3_max": 0.828584,
        "nauc_map_at_3_std": -0.050976,
        "nauc_map_at_3_diff1": 0.927852,
        "nauc_map_at_5_max": 0.827058,
        "nauc_map_at_5_std": -0.034059,
        "nauc_map_at_5_diff1": 0.926786,
        "nauc_map_at_10_max": 0.825674,
        "nauc_map_at_10_std": -0.044254,
        "nauc_map_at_10_diff1": 0.926887,
        "nauc_map_at_20_max": 0.825463,
        "nauc_map_at_20_std": -0.044456,
        "nauc_map_at_20_diff1": 0.926957,
        "nauc_map_at_100_max": 0.825211,
        "nauc_map_at_100_std": -0.042846,
        "nauc_map_at_100_diff1": 0.926884,
        "nauc_map_at_1000_max": 0.825138,
        "nauc_map_at_1000_std": -0.043204,
        "nauc_map_at_1000_diff1": 0.926874,
        "nauc_recall_at_1_max": 0.803545,
        "nauc_recall_at_1_std": -0.058582,
        "nauc_recall_at_1_diff1": 0.924882,
        "nauc_recall_at_3_max": 0.912747,
        "nauc_recall_at_3_std": 0.011462,
        "nauc_recall_at_3_diff1": 0.943495,
        "nauc_recall_at_5_max": 0.931139,
        "nauc_recall_at_5_std": 0.231162,
        "nauc_recall_at_5_diff1": 0.938492,
        "nauc_recall_at_10_max": 0.940143,
        "nauc_recall_at_10_std": 0.058023,
        "nauc_recall_at_10_diff1": 0.953315,
        "nauc_recall_at_20_max": 0.935538,
        "nauc_recall_at_20_std": 0.053042,
        "nauc_recall_at_20_diff1": 0.959779,
        "nauc_recall_at_100_max": 0.973856,
        "nauc_recall_at_100_std": 0.661158,
        "nauc_recall_at_100_diff1": 0.947712,
        "nauc_recall_at_1000_max": NaN,
        "nauc_recall_at_1000_std": NaN,
        "nauc_recall_at_1000_diff1": NaN,
        "nauc_precision_at_1_max": 0.803545,
        "nauc_precision_at_1_std": -0.058582,
        "nauc_precision_at_1_diff1": 0.924882,
        "nauc_precision_at_3_max": 0.912747,
        "nauc_precision_at_3_std": 0.011462,
        "nauc_precision_at_3_diff1": 0.943495,
        "nauc_precision_at_5_max": 0.931139,
        "nauc_precision_at_5_std": 0.231162,
        "nauc_precision_at_5_diff1": 0.938492,
        "nauc_precision_at_10_max": 0.940143,
        "nauc_precision_at_10_std": 0.058023,
        "nauc_precision_at_10_diff1": 0.953315,
        "nauc_precision_at_20_max": 0.935538,
        "nauc_precision_at_20_std": 0.053042,
        "nauc_precision_at_20_diff1": 0.959779,
        "nauc_precision_at_100_max": 0.973856,
        "nauc_precision_at_100_std": 0.661158,
        "nauc_precision_at_100_diff1": 0.947712,
        "nauc_precision_at_1000_max": NaN,
        "nauc_precision_at_1000_std": NaN,
        "nauc_precision_at_1000_diff1": NaN,
        "nauc_mrr_at_1_max": 0.803545,
        "nauc_mrr_at_1_std": -0.058582,
        "nauc_mrr_at_1_diff1": 0.924882,
        "nauc_mrr_at_3_max": 0.828584,
        "nauc_mrr_at_3_std": -0.050976,
        "nauc_mrr_at_3_diff1": 0.927852,
        "nauc_mrr_at_5_max": 0.827058,
        "nauc_mrr_at_5_std": -0.034059,
        "nauc_mrr_at_5_diff1": 0.926786,
        "nauc_mrr_at_10_max": 0.825674,
        "nauc_mrr_at_10_std": -0.044254,
        "nauc_mrr_at_10_diff1": 0.926887,
        "nauc_mrr_at_20_max": 0.825463,
        "nauc_mrr_at_20_std": -0.044456,
        "nauc_mrr_at_20_diff1": 0.926957,
        "nauc_mrr_at_100_max": 0.825211,
        "nauc_mrr_at_100_std": -0.042846,
        "nauc_mrr_at_100_diff1": 0.926884,
        "nauc_mrr_at_1000_max": 0.825138,
        "nauc_mrr_at_1000_std": -0.043204,
        "nauc_mrr_at_1000_diff1": 0.926874,
        "main_score": 0.95019,
        "hf_subset": "kor_Hang-kor_Hang",
        "languages": [
          "kor-Hang",
          "kor-Hang"
        ]
      },
      {
        "ndcg_at_1": 0.85556,
        "ndcg_at_3": 0.91315,
        "ndcg_at_5": 0.91587,
        "ndcg_at_10": 0.92367,
        "ndcg_at_20": 0.92533,
        "ndcg_at_100": 0.92614,
        "ndcg_at_1000": 0.92671,
        "map_at_1": 0.85556,
        "map_at_3": 0.89889,
        "map_at_5": 0.90039,
        "map_at_10": 0.90376,
        "map_at_20": 0.9042,
        "map_at_100": 0.90431,
        "map_at_1000": 0.90433,
        "recall_at_1": 0.85556,
        "recall_at_3": 0.95444,
        "recall_at_5": 0.96111,
        "recall_at_10": 0.98444,
        "recall_at_20": 0.99111,
        "recall_at_100": 0.99556,
        "recall_at_1000": 1.0,
        "precision_at_1": 0.85556,
        "precision_at_3": 0.31815,
        "precision_at_5": 0.19222,
        "precision_at_10": 0.09844,
        "precision_at_20": 0.04956,
        "precision_at_100": 0.00996,
        "precision_at_1000": 0.001,
        "mrr_at_1": 0.855556,
        "mrr_at_3": 0.898889,
        "mrr_at_5": 0.900389,
        "mrr_at_10": 0.903761,
        "mrr_at_20": 0.904204,
        "mrr_at_100": 0.904305,
        "mrr_at_1000": 0.904328,
        "nauc_ndcg_at_1_max": 0.740968,
        "nauc_ndcg_at_1_std": -0.085018,
        "nauc_ndcg_at_1_diff1": 0.906555,
        "nauc_ndcg_at_3_max": 0.7718,
        "nauc_ndcg_at_3_std": -0.020834,
        "nauc_ndcg_at_3_diff1": 0.887238,
        "nauc_ndcg_at_5_max": 0.766817,
        "nauc_ndcg_at_5_std": -0.024873,
        "nauc_ndcg_at_5_diff1": 0.88571,
        "nauc_ndcg_at_10_max": 0.764196,
        "nauc_ndcg_at_10_std": -0.011096,
        "nauc_ndcg_at_10_diff1": 0.886106,
        "nauc_ndcg_at_20_max": 0.760449,
        "nauc_ndcg_at_20_std": -0.027665,
        "nauc_ndcg_at_20_diff1": 0.887146,
        "nauc_ndcg_at_100_max": 0.761483,
        "nauc_ndcg_at_100_std": -0.02794,
        "nauc_ndcg_at_100_diff1": 0.89009,
        "nauc_ndcg_at_1000_max": 0.759555,
        "nauc_ndcg_at_1000_std": -0.034295,
        "nauc_ndcg_at_1000_diff1": 0.890284,
        "nauc_map_at_1_max": 0.740968,
        "nauc_map_at_1_std": -0.085018,