{
  "dataset_revision": "d243889a3eb6654029dbd7e7f9319ae31d58f97c",
  "task_name": "Ko-StrategyQA",
  "mteb_version": "1.31.1",
  "scores": {
    "dev": [
      {
        "ndcg_at_1": 0.76182,
        "ndcg_at_3": 0.7541,
        "ndcg_at_5": 0.78408,
        "ndcg_at_10": 0.79981,
        "ndcg_at_20": 0.80677,
        "ndcg_at_100": 0.81424,
        "ndcg_at_1000": 0.82281,
        "map_at_1": 0.49595,
        "map_at_3": 0.71473,
        "map_at_5": 0.74555,
        "map_at_10": 0.75578,
        "map_at_20": 0.75894,
        "map_at_100": 0.76038,
        "map_at_1000": 0.76079,
        "recall_at_1": 0.49595,
        "recall_at_3": 0.76087,
        "recall_at_5": 0.82177,
        "recall_at_10": 0.85963,
        "recall_at_20": 0.88024,
        "recall_at_100": 0.91267,
        "recall_at_1000": 0.96824,
        "precision_at_1": 0.76182,
        "precision_at_3": 0.44764,
        "precision_at_5": 0.3,
        "precision_at_10": 0.15912,
        "precision_at_20": 0.08226,
        "precision_at_100": 0.01716,
        "precision_at_1000": 0.00184,
        "mrr_at_1": 0.761824,
        "mrr_at_3": 0.808277,
        "mrr_at_5": 0.812584,
        "mrr_at_10": 0.815413,
        "mrr_at_20": 0.81599,
        "mrr_at_100": 0.816709,
        "mrr_at_1000": 0.816865,
        "nauc_ndcg_at_1_max": 0.615571,
        "nauc_ndcg_at_1_std": 0.261642,
        "nauc_ndcg_at_1_diff1": 0.704587,
        "nauc_ndcg_at_3_max": 0.621606,
        "nauc_ndcg_at_3_std": 0.229707,
        "nauc_ndcg_at_3_diff1": 0.624267,
        "nauc_ndcg_at_5_max": 0.669216,
        "nauc_ndcg_at_5_std": 0.299896,
        "nauc_ndcg_at_5_diff1": 0.631986,
        "nauc_ndcg_at_10_max": 0.685652,
        "nauc_ndcg_at_10_std": 0.344763,
        "nauc_ndcg_at_10_diff1": 0.640827,
        "nauc_ndcg_at_20_max": 0.690332,
        "nauc_ndcg_at_20_std": 0.357104,
        "nauc_ndcg_at_20_diff1": 0.642533,
        "nauc_ndcg_at_100_max": 0.689484,
        "nauc_ndcg_at_100_std": 0.361388,
        "nauc_ndcg_at_100_diff1": 0.644758,
        "nauc_ndcg_at_1000_max": 0.678163,
        "nauc_ndcg_at_1000_std": 0.344844,
        "nauc_ndcg_at_1000_diff1": 0.64399,
        "nauc_map_at_1_max": 0.273282,
        "nauc_map_at_1_std": 0.002198,
        "nauc_map_at_1_diff1": 0.64536,
        "nauc_map_at_3_max": 0.5679,
        "nauc_map_at_3_std": 0.17518,
        "nauc_map_at_3_diff1": 0.614895,
        "nauc_map_at_5_max": 0.609798,
        "nauc_map_at_5_std": 0.223364,
        "nauc_map_at_5_diff1": 0.616958,
        "nauc_map_at_10_max": 0.620302,
        "nauc_map_at_10_std": 0.25062,
        "nauc_map_at_10_diff1": 0.620995,
        "nauc_map_at_20_max": 0.621984,
        "nauc_map_at_20_std": 0.255457,
        "nauc_map_at_20_diff1": 0.621198,
        "nauc_map_at_100_max": 0.622524,
        "nauc_map_at_100_std": 0.257262,
        "nauc_map_at_100_diff1": 0.622079,
        "nauc_map_at_1000_max": 0.622042,
        "nauc_map_at_1000_std": 0.256531,
        "nauc_map_at_1000_diff1": 0.622009,
        "nauc_recall_at_1_max": 0.273282,
        "nauc_recall_at_1_std": 0.002198,
        "nauc_recall_at_1_diff1": 0.64536,
        "nauc_recall_at_3_max": 0.639001,
        "nauc_recall_at_3_std": 0.233626,
        "nauc_recall_at_3_diff1": 0.591629,
        "nauc_recall_at_5_max": 0.747306,
        "nauc_recall_at_5_std": 0.391205,
        "nauc_recall_at_5_diff1": 0.598524,
        "nauc_recall_at_10_max": 0.811865,
        "nauc_recall_at_10_std": 0.547802,
        "nauc_recall_at_10_diff1": 0.621877,
        "nauc_recall_at_20_max": 0.859455,
        "nauc_recall_at_20_std": 0.63551,
        "nauc_recall_at_20_diff1": 0.635264,
        "nauc_recall_at_100_max": 0.902231,
        "nauc_recall_at_100_std": 0.747557,
        "nauc_recall_at_100_diff1": 0.647647,
        "nauc_recall_at_1000_max": 0.916075,
        "nauc_recall_at_1000_std": 0.879498,
        "nauc_recall_at_1000_diff1": 0.662774,
        "nauc_precision_at_1_max": 0.615571,
        "nauc_precision_at_1_std": 0.261642,
        "nauc_precision_at_1_diff1": 0.704587,
        "nauc_precision_at_3_max": 0.405545,
        "nauc_precision_at_3_std": 0.279137,
        "nauc_precision_at_3_diff1": 0.016214,
        "nauc_precision_at_5_max": 0.330371,
        "nauc_precision_at_5_std": 0.305806,
        "nauc_precision_at_5_diff1": -0.079646,
        "nauc_precision_at_10_max": 0.278977,
        "nauc_precision_at_10_std": 0.335629,
        "nauc_precision_at_10_diff1": -0.130103,
        "nauc_precision_at_20_max": 0.239069,
        "nauc_precision_at_20_std": 0.331524,
        "nauc_precision_at_20_diff1": -0.164177,
        "nauc_precision_at_100_max": 0.178789,
        "nauc_precision_at_100_std": 0.312899,
        "nauc_precision_at_100_diff1": -0.220165,
        "nauc_precision_at_1000_max": 0.025097,
        "nauc_precision_at_1000_std": 0.202246,
        "nauc_precision_at_1000_diff1": -0.348344,
        "nauc_mrr_at_1_max": 0.615571,
        "nauc_mrr_at_1_std": 0.261642,
        "nauc_mrr_at_1_diff1": 0.704587,
        "nauc_mrr_at_3_max": 0.702214,
        "nauc_mrr_at_3_std": 0.3518,
        "nauc_mrr_at_3_diff1": 0.698453,
        "nauc_mrr_at_5_max": 0.703718,
        "nauc_mrr_at_5_std": 0.367437,
        "nauc_mrr_at_5_diff1": 0.698448,
        "nauc_mrr_at_10_max": 0.703614,
        "nauc_mrr_at_10_std": 0.370276,
        "nauc_mrr_at_10_diff1": 0.701506,
        "nauc_mrr_at_20_max": 0.702834,
        "nauc_mrr_at_20_std": 0.369192,
        "nauc_mrr_at_20_diff1": 0.701342,
        "nauc_mrr_at_100_max": 0.701913,
        "nauc_mrr_at_100_std": 0.368201,
        "nauc_mrr_at_100_diff1": 0.701248,
        "nauc_mrr_at_1000_max": 0.701704,
        "nauc_mrr_at_1000_std": 0.367892,
        "nauc_mrr_at_1000_diff1": 0.701255,
        "main_score": 0.79981,
        "hf_subset": "default",
        "languages": [
          "kor-Hang"
        ]
      }
    ]
  },
  "evaluation_time": 22.145045042037964,
  "kg_co2_emissions": null
}