{
  "dataset_revision": "d243889a3eb6654029dbd7e7f9319ae31d58f97c",
  "task_name": "Ko-StrategyQA",
  "mteb_version": "1.21.6",
  "scores": {
    "dev": [
      {
        "ndcg_at_1": 0.76182,
        "ndcg_at_3": 0.7545,
        "ndcg_at_5": 0.78417,
        "ndcg_at_10": 0.7999,
        "ndcg_at_20": 0.80687,
        "ndcg_at_100": 0.8145,
        "ndcg_at_1000": 0.82292,
        "map_at_1": 0.49595,
        "map_at_3": 0.71511,
        "map_at_5": 0.74568,
        "map_at_10": 0.7559,
        "map_at_20": 0.75907,
        "map_at_100": 0.76054,
        "map_at_1000": 0.76093,
        "recall_at_1": 0.49595,
        "recall_at_3": 0.76143,
        "recall_at_5": 0.82177,
        "recall_at_10": 0.85963,
        "recall_at_20": 0.88024,
        "recall_at_100": 0.91352,
        "recall_at_1000": 0.96824,
        "precision_at_1": 0.76182,
        "precision_at_3": 0.4482,
        "precision_at_5": 0.3,
        "precision_at_10": 0.15912,
        "precision_at_20": 0.08226,
        "precision_at_100": 0.01718,
        "precision_at_1000": 0.00184,
        "mrr_at_1": 0.761824,
        "mrr_at_3": 0.808277,
        "mrr_at_5": 0.812669,
        "mrr_at_10": 0.815498,
        "mrr_at_20": 0.816074,
        "mrr_at_100": 0.816796,
        "mrr_at_1000": 0.816951,
        "nauc_ndcg_at_1_max": 0.614025,
        "nauc_ndcg_at_1_std": 0.261642,
        "nauc_ndcg_at_1_diff1": 0.701575,
        "nauc_ndcg_at_3_max": 0.62098,
        "nauc_ndcg_at_3_std": 0.230317,
        "nauc_ndcg_at_3_diff1": 0.625084,
        "nauc_ndcg_at_5_max": 0.668734,
        "nauc_ndcg_at_5_std": 0.300087,
        "nauc_ndcg_at_5_diff1": 0.630877,
        "nauc_ndcg_at_10_max": 0.685111,
        "nauc_ndcg_at_10_std": 0.344968,
        "nauc_ndcg_at_10_diff1": 0.640037,
        "nauc_ndcg_at_20_max": 0.689795,
        "nauc_ndcg_at_20_std": 0.357351,
        "nauc_ndcg_at_20_diff1": 0.641725,
        "nauc_ndcg_at_100_max": 0.688772,
        "nauc_ndcg_at_100_std": 0.361662,
        "nauc_ndcg_at_100_diff1": 0.643659,
        "nauc_ndcg_at_1000_max": 0.677585,
        "nauc_ndcg_at_1000_std": 0.345124,
        "nauc_ndcg_at_1000_diff1": 0.642909,
        "nauc_map_at_1_max": 0.272905,
        "nauc_map_at_1_std": 0.002876,
        "nauc_map_at_1_diff1": 0.646467,
        "nauc_map_at_3_max": 0.567092,
        "nauc_map_at_3_std": 0.175638,
        "nauc_map_at_3_diff1": 0.615539,
        "nauc_map_at_5_max": 0.609239,
        "nauc_map_at_5_std": 0.223555,
        "nauc_map_at_5_diff1": 0.616314,
        "nauc_map_at_10_max": 0.619726,
        "nauc_map_at_10_std": 0.250831,
        "nauc_map_at_10_diff1": 0.620354,
        "nauc_map_at_20_max": 0.621416,
        "nauc_map_at_20_std": 0.255703,
        "nauc_map_at_20_diff1": 0.620546,
        "nauc_map_at_100_max": 0.621935,
        "nauc_map_at_100_std": 0.257508,
        "nauc_map_at_100_diff1": 0.621364,
        "nauc_map_at_1000_max": 0.621471,
        "nauc_map_at_1000_std": 0.256787,
        "nauc_map_at_1000_diff1": 0.6213,
        "nauc_recall_at_1_max": 0.272905,
        "nauc_recall_at_1_std": 0.002876,
        "nauc_recall_at_1_diff1": 0.646467,
        "nauc_recall_at_3_max": 0.638878,
        "nauc_recall_at_3_std": 0.234589,
        "nauc_recall_at_3_diff1": 0.59418,
        "nauc_recall_at_5_max": 0.747306,
        "nauc_recall_at_5_std": 0.391205,
        "nauc_recall_at_5_diff1": 0.597477,
        "nauc_recall_at_10_max": 0.811865,
        "nauc_recall_at_10_std": 0.547802,
        "nauc_recall_at_10_diff1": 0.622797,
        "nauc_recall_at_20_max": 0.859455,
        "nauc_recall_at_20_std": 0.63551,
        "nauc_recall_at_20_diff1": 0.636328,
        "nauc_recall_at_100_max": 0.901394,
        "nauc_recall_at_100_std": 0.750433,
        "nauc_recall_at_100_diff1": 0.646077,
        "nauc_recall_at_1000_max": 0.916075,
        "nauc_recall_at_1000_std": 0.879498,
        "nauc_recall_at_1000_diff1": 0.662774,
        "nauc_precision_at_1_max": 0.614025,
        "nauc_precision_at_1_std": 0.261642,
        "nauc_precision_at_1_diff1": 0.701575,
        "nauc_precision_at_3_max": 0.404117,
        "nauc_precision_at_3_std": 0.279052,
        "nauc_precision_at_3_diff1": 0.014184,
        "nauc_precision_at_5_max": 0.330371,
        "nauc_precision_at_5_std": 0.305218,
        "nauc_precision_at_5_diff1": -0.083218,
        "nauc_precision_at_10_max": 0.278977,
        "nauc_precision_at_10_std": 0.335057,
        "nauc_precision_at_10_diff1": -0.133429,
        "nauc_precision_at_20_max": 0.239069,
        "nauc_precision_at_20_std": 0.330963,
        "nauc_precision_at_20_diff1": -0.16744,
        "nauc_precision_at_100_max": 0.176842,
        "nauc_precision_at_100_std": 0.311736,
        "nauc_precision_at_100_diff1": -0.225768,
        "nauc_precision_at_1000_max": 0.025097,
        "nauc_precision_at_1000_std": 0.201658,
        "nauc_precision_at_1000_diff1": -0.352137,
        "nauc_mrr_at_1_max": 0.614025,
        "nauc_mrr_at_1_std": 0.261642,
        "nauc_mrr_at_1_diff1": 0.701575,
        "nauc_mrr_at_3_max": 0.701277,
        "nauc_mrr_at_3_std": 0.3518,
        "nauc_mrr_at_3_diff1": 0.695926,
        "nauc_mrr_at_5_max": 0.702635,
        "nauc_mrr_at_5_std": 0.367677,
        "nauc_mrr_at_5_diff1": 0.695743,
        "nauc_mrr_at_10_max": 0.702514,
        "nauc_mrr_at_10_std": 0.37052,
        "nauc_mrr_at_10_diff1": 0.699126,
        "nauc_mrr_at_20_max": 0.70173,
        "nauc_mrr_at_20_std": 0.369437,
        "nauc_mrr_at_20_diff1": 0.698954,
        "nauc_mrr_at_100_max": 0.700801,
        "nauc_mrr_at_100_std": 0.368442,
        "nauc_mrr_at_100_diff1": 0.698849,
        "nauc_mrr_at_1000_max": 0.700591,
        "nauc_mrr_at_1000_std": 0.368133,
        "nauc_mrr_at_1000_diff1": 0.698854,
        "main_score": 0.7999,
        "hf_subset": "default",
        "languages": [
          "kor-Hang"
        ]
      }
    ]
  },
  "evaluation_time": 120.75947451591492,
  "kg_co2_emissions": null
}