{
  "dataset_revision": "main",
  "task_name": "MIRACLRetrieval",
  "mteb_version": "1.21.6",
  "scores": {
    "dev": [
      {
        "ndcg_at_1": 0.64319,
        "ndcg_at_3": 0.63092,
        "ndcg_at_5": 0.64564,
        "ndcg_at_10": 0.68157,
        "ndcg_at_20": 0.71623,
        "ndcg_at_100": 0.73858,
        "ndcg_at_1000": 0.7451,
        "map_at_1": 0.40126,
        "map_at_3": 0.51814,
        "map_at_5": 0.55611,
        "map_at_10": 0.59121,
        "map_at_20": 0.61048,
        "map_at_100": 0.61787,
        "map_at_1000": 0.61845,
        "recall_at_1": 0.40126,
        "recall_at_3": 0.58407,
        "recall_at_5": 0.66815,
        "recall_at_10": 0.77895,
        "recall_at_20": 0.87459,
        "recall_at_100": 0.95436,
        "recall_at_1000": 0.99296,
        "precision_at_1": 0.64319,
        "precision_at_3": 0.37715,
        "precision_at_5": 0.28263,
        "precision_at_10": 0.177,
        "precision_at_20": 0.1061,
        "precision_at_100": 0.02451,
        "precision_at_1000": 0.00256,
        "mrr_at_1": 0.643192,
        "mrr_at_3": 0.722222,
        "mrr_at_5": 0.731612,
        "mrr_at_10": 0.740785,
        "mrr_at_20": 0.743542,
        "mrr_at_100": 0.743799,
        "mrr_at_1000": 0.74388,
        "nauc_ndcg_at_1_max": 0.418025,
        "nauc_ndcg_at_1_std": 0.141527,
        "nauc_ndcg_at_1_diff1": 0.350911,
        "nauc_ndcg_at_3_max": 0.389608,
        "nauc_ndcg_at_3_std": 0.066272,
        "nauc_ndcg_at_3_diff1": 0.297137,
        "nauc_ndcg_at_5_max": 0.3766,
        "nauc_ndcg_at_5_std": 0.031175,
        "nauc_ndcg_at_5_diff1": 0.313027,
        "nauc_ndcg_at_10_max": 0.392274,
        "nauc_ndcg_at_10_std": 0.06215,
        "nauc_ndcg_at_10_diff1": 0.296271,
        "nauc_ndcg_at_20_max": 0.41232,
        "nauc_ndcg_at_20_std": 0.126069,
        "nauc_ndcg_at_20_diff1": 0.290829,
        "nauc_ndcg_at_100_max": 0.430835,
        "nauc_ndcg_at_100_std": 0.145252,
        "nauc_ndcg_at_100_diff1": 0.294684,
        "nauc_ndcg_at_1000_max": 0.425904,
        "nauc_ndcg_at_1000_std": 0.135031,
        "nauc_ndcg_at_1000_diff1": 0.293088,
        "nauc_map_at_1_max": 0.241848,
        "nauc_map_at_1_std": -0.118254,
        "nauc_map_at_1_diff1": 0.457322,
        "nauc_map_at_3_max": 0.303597,
        "nauc_map_at_3_std": -0.064791,
        "nauc_map_at_3_diff1": 0.366994,
        "nauc_map_at_5_max": 0.317647,
        "nauc_map_at_5_std": -0.048155,
        "nauc_map_at_5_diff1": 0.349392,
        "nauc_map_at_10_max": 0.347327,
        "nauc_map_at_10_std": -0.002871,
        "nauc_map_at_10_diff1": 0.327944,
        "nauc_map_at_20_max": 0.359119,
        "nauc_map_at_20_std": 0.032617,
        "nauc_map_at_20_diff1": 0.31913,
        "nauc_map_at_100_max": 0.366819,
        "nauc_map_at_100_std": 0.04224,
        "nauc_map_at_100_diff1": 0.318221,
        "nauc_map_at_1000_max": 0.366912,
        "nauc_map_at_1000_std": 0.041759,
        "nauc_map_at_1000_diff1": 0.318344,
        "nauc_recall_at_1_max": 0.241848,
        "nauc_recall_at_1_std": -0.118254,
        "nauc_recall_at_1_diff1": 0.457322,
        "nauc_recall_at_3_max": 0.299411,
        "nauc_recall_at_3_std": -0.086247,
        "nauc_recall_at_3_diff1": 0.317932,
        "nauc_recall_at_5_max": 0.289107,
        "nauc_recall_at_5_std": -0.113191,
        "nauc_recall_at_5_diff1": 0.287347,
        "nauc_recall_at_10_max": 0.329945,
        "nauc_recall_at_10_std": 0.019325,
        "nauc_recall_at_10_diff1": 0.211357,
        "nauc_recall_at_20_max": 0.391822,
        "nauc_recall_at_20_std": 0.255635,
        "nauc_recall_at_20_diff1": 0.218277,
        "nauc_recall_at_100_max": 0.647316,
        "nauc_recall_at_100_std": 0.566925,
        "nauc_recall_at_100_diff1": 0.353585,
        "nauc_recall_at_1000_max": 1.0,
        "nauc_recall_at_1000_std": 1.0,
        "nauc_recall_at_1000_diff1": 0.609708,
        "nauc_precision_at_1_max": 0.418025,
        "nauc_precision_at_1_std": 0.141527,
        "nauc_precision_at_1_diff1": 0.350911,
        "nauc_precision_at_3_max": 0.277168,
        "nauc_precision_at_3_std": 0.296765,
        "nauc_precision_at_3_diff1": -0.152035,
        "nauc_precision_at_5_max": 0.201806,
        "nauc_precision_at_5_std": 0.301295,
        "nauc_precision_at_5_diff1": -0.206681,
        "nauc_precision_at_10_max": 0.178954,
        "nauc_precision_at_10_std": 0.372459,
        "nauc_precision_at_10_diff1": -0.270715,
        "nauc_precision_at_20_max": 0.139584,
        "nauc_precision_at_20_std": 0.417198,
        "nauc_precision_at_20_diff1": -0.286054,
        "nauc_precision_at_100_max": 0.117258,
        "nauc_precision_at_100_std": 0.403073,
        "nauc_precision_at_100_diff1": -0.271039,
        "nauc_precision_at_1000_max": 0.09153,
        "nauc_precision_at_1000_std": 0.370089,
        "nauc_precision_at_1000_diff1": -0.279217,
        "nauc_mrr_at_1_max": 0.418025,
        "nauc_mrr_at_1_std": 0.141527,
        "nauc_mrr_at_1_diff1": 0.350911,
        "nauc_mrr_at_3_max": 0.476687,
        "nauc_mrr_at_3_std": 0.19241,
        "nauc_mrr_at_3_diff1": 0.294637,
        "nauc_mrr_at_5_max": 0.468326,
        "nauc_mrr_at_5_std": 0.172536,
        "nauc_mrr_at_5_diff1": 0.29644,
        "nauc_mrr_at_10_max": 0.472805,
        "nauc_mrr_at_10_std": 0.186911,
        "nauc_mrr_at_10_diff1": 0.299354,
        "nauc_mrr_at_20_max": 0.469419,
        "nauc_mrr_at_20_std": 0.186845,
        "nauc_mrr_at_20_diff1": 0.299805,
        "nauc_mrr_at_100_max": 0.469152,
        "nauc_mrr_at_100_std": 0.186332,
        "nauc_mrr_at_100_diff1": 0.300123,
        "nauc_mrr_at_1000_max": 0.469017,
        "nauc_mrr_at_1000_std": 0.186168,
        "nauc_mrr_at_1000_diff1": 0.300252,
        "main_score": 0.68157,
        "hf_subset": "ko",
        "languages": [
          "kor-Kore"
        ]
      }
    ]
  },
  "evaluation_time": 10866.9804418087,
  "kg_co2_emissions": null
}