{
  "dataset_revision": "fc24a3ce8f09746410daee3d5cd823ff7a0675b7",
  "task_name": "MrTidyRetrieval",
  "mteb_version": "1.21.6",
  "scores": {
    "test": [
      {
        "ndcg_at_1": 0.44893,
        "ndcg_at_3": 0.53551,
        "ndcg_at_5": 0.56295,
        "ndcg_at_10": 0.59092,
        "ndcg_at_20": 0.60819,
        "ndcg_at_100": 0.62813,
        "ndcg_at_1000": 0.63513,
        "map_at_1": 0.41449,
        "map_at_3": 0.50205,
        "map_at_5": 0.51788,
        "map_at_10": 0.53133,
        "map_at_20": 0.53695,
        "map_at_100": 0.54014,
        "map_at_1000": 0.54042,
        "recall_at_1": 0.41449,
        "recall_at_3": 0.60293,
        "recall_at_5": 0.66667,
        "recall_at_10": 0.74624,
        "recall_at_20": 0.80918,
        "recall_at_100": 0.91013,
        "recall_at_1000": 0.96318,
        "precision_at_1": 0.44893,
        "precision_at_3": 0.22407,
        "precision_at_5": 0.15012,
        "precision_at_10": 0.08575,
        "precision_at_20": 0.04691,
        "precision_at_100": 0.01062,
        "precision_at_1000": 0.00112,
        "mrr_at_1": 0.448931,
        "mrr_at_3": 0.532462,
        "mrr_at_5": 0.54707,
        "mrr_at_10": 0.55664,
        "mrr_at_20": 0.560524,
        "mrr_at_100": 0.563012,
        "mrr_at_1000": 0.563258,
        "nauc_ndcg_at_1_max": 0.46382,
        "nauc_ndcg_at_1_std": 0.020944,
        "nauc_ndcg_at_1_diff1": 0.541324,
        "nauc_ndcg_at_3_max": 0.455264,
        "nauc_ndcg_at_3_std": 0.091935,
        "nauc_ndcg_at_3_diff1": 0.437052,
        "nauc_ndcg_at_5_max": 0.445921,
        "nauc_ndcg_at_5_std": 0.082727,
        "nauc_ndcg_at_5_diff1": 0.434188,
        "nauc_ndcg_at_10_max": 0.4541,
        "nauc_ndcg_at_10_std": 0.088446,
        "nauc_ndcg_at_10_diff1": 0.426756,
        "nauc_ndcg_at_20_max": 0.450817,
        "nauc_ndcg_at_20_std": 0.089577,
        "nauc_ndcg_at_20_diff1": 0.420949,
        "nauc_ndcg_at_100_max": 0.463446,
        "nauc_ndcg_at_100_std": 0.089819,
        "nauc_ndcg_at_100_diff1": 0.436819,
        "nauc_ndcg_at_1000_max": 0.459856,
        "nauc_ndcg_at_1000_std": 0.083848,
        "nauc_ndcg_at_1000_diff1": 0.4413,
        "nauc_map_at_1_max": 0.421572,
        "nauc_map_at_1_std": 0.00283,
        "nauc_map_at_1_diff1": 0.505448,
        "nauc_map_at_3_max": 0.437627,
        "nauc_map_at_3_std": 0.060121,
        "nauc_map_at_3_diff1": 0.448115,
        "nauc_map_at_5_max": 0.434329,
        "nauc_map_at_5_std": 0.056771,
        "nauc_map_at_5_diff1": 0.448608,
        "nauc_map_at_10_max": 0.436934,
        "nauc_map_at_10_std": 0.05951,
        "nauc_map_at_10_diff1": 0.444649,
        "nauc_map_at_20_max": 0.435557,
        "nauc_map_at_20_std": 0.059837,
        "nauc_map_at_20_diff1": 0.442731,
        "nauc_map_at_100_max": 0.437744,
        "nauc_map_at_100_std": 0.059625,
        "nauc_map_at_100_diff1": 0.445463,
        "nauc_map_at_1000_max": 0.437639,
        "nauc_map_at_1000_std": 0.0595,
        "nauc_map_at_1000_diff1": 0.445645,
        "nauc_recall_at_1_max": 0.421572,
        "nauc_recall_at_1_std": 0.00283,
        "nauc_recall_at_1_diff1": 0.505448,
        "nauc_recall_at_3_max": 0.457277,
        "nauc_recall_at_3_std": 0.16318,
        "nauc_recall_at_3_diff1": 0.362044,
        "nauc_recall_at_5_max": 0.428103,
        "nauc_recall_at_5_std": 0.137472,
        "nauc_recall_at_5_diff1": 0.344122,
        "nauc_recall_at_10_max": 0.459757,
        "nauc_recall_at_10_std": 0.168446,
        "nauc_recall_at_10_diff1": 0.300797,
        "nauc_recall_at_20_max": 0.450426,
        "nauc_recall_at_20_std": 0.198789,
        "nauc_recall_at_20_diff1": 0.242019,
        "nauc_recall_at_100_max": 0.630929,
        "nauc_recall_at_100_std": 0.30797,
        "nauc_recall_at_100_diff1": 0.299712,
        "nauc_recall_at_1000_max": 0.683232,
        "nauc_recall_at_1000_std": 0.282184,
        "nauc_recall_at_1000_diff1": 0.353519,
        "nauc_precision_at_1_max": 0.46382,
        "nauc_precision_at_1_std": 0.020944,
        "nauc_precision_at_1_diff1": 0.541324,
        "nauc_precision_at_3_max": 0.4482,
        "nauc_precision_at_3_std": 0.176583,
        "nauc_precision_at_3_diff1": 0.351772,
        "nauc_precision_at_5_max": 0.392259,
        "nauc_precision_at_5_std": 0.167015,
        "nauc_precision_at_5_diff1": 0.303985,
        "nauc_precision_at_10_max": 0.308423,
        "nauc_precision_at_10_std": 0.172186,
        "nauc_precision_at_10_diff1": 0.172134,
        "nauc_precision_at_20_max": 0.224559,
        "nauc_precision_at_20_std": 0.169829,
        "nauc_precision_at_20_diff1": 0.074729,
        "nauc_precision_at_100_max": 0.184778,
        "nauc_precision_at_100_std": 0.156845,
        "nauc_precision_at_100_diff1": 0.047777,
        "nauc_precision_at_1000_max": 0.077079,
        "nauc_precision_at_1000_std": 0.109687,
        "nauc_precision_at_1000_diff1": -0.01916,
        "nauc_mrr_at_1_max": 0.46382,
        "nauc_mrr_at_1_std": 0.020944,
        "nauc_mrr_at_1_diff1": 0.541324,
        "nauc_mrr_at_3_max": 0.484222,
        "nauc_mrr_at_3_std": 0.087616,
        "nauc_mrr_at_3_diff1": 0.482752,
        "nauc_mrr_at_5_max": 0.476133,
        "nauc_mrr_at_5_std": 0.080856,
        "nauc_mrr_at_5_diff1": 0.477907,
        "nauc_mrr_at_10_max": 0.480353,
        "nauc_mrr_at_10_std": 0.080922,
        "nauc_mrr_at_10_diff1": 0.478511,
        "nauc_mrr_at_20_max": 0.479131,
        "nauc_mrr_at_20_std": 0.079193,
        "nauc_mrr_at_20_diff1": 0.478262,
        "nauc_mrr_at_100_max": 0.480192,
        "nauc_mrr_at_100_std": 0.079458,
        "nauc_mrr_at_100_diff1": 0.479629,
        "nauc_mrr_at_1000_max": 0.480079,
        "nauc_mrr_at_1000_std": 0.079232,
        "nauc_mrr_at_1000_diff1": 0.47984,
        "main_score": 0.59092,
        "hf_subset": "korean",
        "languages": [
          "kor-Kore"
        ]
      }
    ]
  },
  "evaluation_time": 11014.441509008408,
  "kg_co2_emissions": null
}