{
  "dataset_revision": "fc24a3ce8f09746410daee3d5cd823ff7a0675b7",
  "task_name": "MrTidyRetrieval",
  "mteb_version": "1.31.1",
  "scores": {
    "test": [
      {
        "ndcg_at_1": 0.44893,
        "ndcg_at_3": 0.53551,
        "ndcg_at_5": 0.56295,
        "ndcg_at_10": 0.59092,
        "ndcg_at_20": 0.60818,
        "ndcg_at_100": 0.62814,
        "ndcg_at_1000": 0.63514,
        "map_at_1": 0.41449,
        "map_at_3": 0.50205,
        "map_at_5": 0.51788,
        "map_at_10": 0.53133,
        "map_at_20": 0.53694,
        "map_at_100": 0.54014,
        "map_at_1000": 0.54042,
        "recall_at_1": 0.41449,
        "recall_at_3": 0.60293,
        "recall_at_5": 0.66667,
        "recall_at_10": 0.74624,
        "recall_at_20": 0.80918,
        "recall_at_100": 0.91013,
        "recall_at_1000": 0.96318,
        "precision_at_1": 0.44893,
        "precision_at_3": 0.22407,
        "precision_at_5": 0.15012,
        "precision_at_10": 0.08575,
        "precision_at_20": 0.04691,
        "precision_at_100": 0.01062,
        "precision_at_1000": 0.00112,
        "mrr_at_1": 0.448931,
        "mrr_at_3": 0.532462,
        "mrr_at_5": 0.54707,
        "mrr_at_10": 0.55664,
        "mrr_at_20": 0.560524,
        "mrr_at_100": 0.563021,
        "mrr_at_1000": 0.563267,
        "nauc_ndcg_at_1_max": 0.467753,
        "nauc_ndcg_at_1_std": 0.020944,
        "nauc_ndcg_at_1_diff1": 0.540669,
        "nauc_ndcg_at_3_max": 0.457463,
        "nauc_ndcg_at_3_std": 0.09181,
        "nauc_ndcg_at_3_diff1": 0.435735,
        "nauc_ndcg_at_5_max": 0.448223,
        "nauc_ndcg_at_5_std": 0.082596,
        "nauc_ndcg_at_5_diff1": 0.433293,
        "nauc_ndcg_at_10_max": 0.456538,
        "nauc_ndcg_at_10_std": 0.088307,
        "nauc_ndcg_at_10_diff1": 0.426184,
        "nauc_ndcg_at_20_max": 0.452965,
        "nauc_ndcg_at_20_std": 0.089412,
        "nauc_ndcg_at_20_diff1": 0.420714,
        "nauc_ndcg_at_100_max": 0.465694,
        "nauc_ndcg_at_100_std": 0.089607,
        "nauc_ndcg_at_100_diff1": 0.436268,
        "nauc_ndcg_at_1000_max": 0.462165,
        "nauc_ndcg_at_1000_std": 0.083635,
        "nauc_ndcg_at_1000_diff1": 0.440734,
        "nauc_map_at_1_max": 0.425488,
        "nauc_map_at_1_std": 0.00283,
        "nauc_map_at_1_diff1": 0.504796,
        "nauc_map_at_3_max": 0.440108,
        "nauc_map_at_3_std": 0.059967,
        "nauc_map_at_3_diff1": 0.446959,
        "nauc_map_at_5_max": 0.436871,
        "nauc_map_at_5_std": 0.056613,
        "nauc_map_at_5_diff1": 0.447689,
        "nauc_map_at_10_max": 0.439537,
        "nauc_map_at_10_std": 0.059349,
        "nauc_map_at_10_diff1": 0.44387,
        "nauc_map_at_20_max": 0.438106,
        "nauc_map_at_20_std": 0.059649,
        "nauc_map_at_20_diff1": 0.442062,
        "nauc_map_at_100_max": 0.440293,
        "nauc_map_at_100_std": 0.059415,
        "nauc_map_at_100_diff1": 0.44476,
        "nauc_map_at_1000_max": 0.440191,
        "nauc_map_at_1000_std": 0.05929,
        "nauc_map_at_1000_diff1": 0.444941,
        "nauc_recall_at_1_max": 0.425488,
        "nauc_recall_at_1_std": 0.00283,
        "nauc_recall_at_1_diff1": 0.504796,
        "nauc_recall_at_3_max": 0.458567,
        "nauc_recall_at_3_std": 0.16318,
        "nauc_recall_at_3_diff1": 0.360286,
        "nauc_recall_at_5_max": 0.429544,
        "nauc_recall_at_5_std": 0.137472,
        "nauc_recall_at_5_diff1": 0.343419,
        "nauc_recall_at_10_max": 0.461524,
        "nauc_recall_at_10_std": 0.168446,
        "nauc_recall_at_10_diff1": 0.30131,
        "nauc_recall_at_20_max": 0.450426,
        "nauc_recall_at_20_std": 0.198789,
        "nauc_recall_at_20_diff1": 0.244629,
        "nauc_recall_at_100_max": 0.630929,
        "nauc_recall_at_100_std": 0.30797,
        "nauc_recall_at_100_diff1": 0.299712,
        "nauc_recall_at_1000_max": 0.683232,
        "nauc_recall_at_1000_std": 0.282184,
        "nauc_recall_at_1000_diff1": 0.353519,
        "nauc_precision_at_1_max": 0.467753,
        "nauc_precision_at_1_std": 0.020944,
        "nauc_precision_at_1_diff1": 0.540669,
        "nauc_precision_at_3_max": 0.449374,
        "nauc_precision_at_3_std": 0.176583,
        "nauc_precision_at_3_diff1": 0.350172,
        "nauc_precision_at_5_max": 0.393475,
        "nauc_precision_at_5_std": 0.167015,
        "nauc_precision_at_5_diff1": 0.303392,
        "nauc_precision_at_10_max": 0.309581,
        "nauc_precision_at_10_std": 0.172186,
        "nauc_precision_at_10_diff1": 0.17247,
        "nauc_precision_at_20_max": 0.223418,
        "nauc_precision_at_20_std": 0.169829,
        "nauc_precision_at_20_diff1": 0.07606,
        "nauc_precision_at_100_max": 0.18349,
        "nauc_precision_at_100_std": 0.156845,
        "nauc_precision_at_100_diff1": 0.047777,
        "nauc_precision_at_1000_max": 0.075621,
        "nauc_precision_at_1000_std": 0.109687,
        "nauc_precision_at_1000_diff1": -0.01916,
        "nauc_mrr_at_1_max": 0.467753,
        "nauc_mrr_at_1_std": 0.020944,
        "nauc_mrr_at_1_diff1": 0.540669,
        "nauc_mrr_at_3_max": 0.48675,
        "nauc_mrr_at_3_std": 0.087459,
        "nauc_mrr_at_3_diff1": 0.481574,
        "nauc_mrr_at_5_max": 0.478727,
        "nauc_mrr_at_5_std": 0.080695,
        "nauc_mrr_at_5_diff1": 0.476969,
        "nauc_mrr_at_10_max": 0.483005,
        "nauc_mrr_at_10_std": 0.080757,
        "nauc_mrr_at_10_diff1": 0.477717,
        "nauc_mrr_at_20_max": 0.481729,
        "nauc_mrr_at_20_std": 0.079026,
        "nauc_mrr_at_20_diff1": 0.477562,
        "nauc_mrr_at_100_max": 0.482795,
        "nauc_mrr_at_100_std": 0.079275,
        "nauc_mrr_at_100_diff1": 0.478899,
        "nauc_mrr_at_1000_max": 0.482685,
        "nauc_mrr_at_1000_std": 0.079049,
        "nauc_mrr_at_1000_diff1": 0.479109,
        "main_score": 0.59092,
        "hf_subset": "korean",
        "languages": [
          "kor-Kore"
        ]
      }
    ]
  },
  "evaluation_time": 1924.2289276123047,
  "kg_co2_emissions": null
}