{
  "dataset_revision": "d67138e705d963e346253a80e59676ddb418810a",
  "task_name": "MultiLongDocRetrieval",
  "mteb_version": "1.31.1",
  "scores": {
    "dev": [
      {
        "ndcg_at_1": 0.37,
        "ndcg_at_3": 0.42797,
        "ndcg_at_5": 0.45465,
        "ndcg_at_10": 0.47528,
        "ndcg_at_20": 0.49286,
        "ndcg_at_100": 0.52736,
        "ndcg_at_1000": 0.54319,
        "map_at_1": 0.37,
        "map_at_3": 0.415,
        "map_at_5": 0.42975,
        "map_at_10": 0.43803,
        "map_at_20": 0.4428,
        "map_at_100": 0.44762,
        "map_at_1000": 0.4482,
        "recall_at_1": 0.37,
        "recall_at_3": 0.465,
        "recall_at_5": 0.53,
        "recall_at_10": 0.595,
        "recall_at_20": 0.665,
        "recall_at_100": 0.85,
        "recall_at_1000": 0.975,
        "precision_at_1": 0.37,
        "precision_at_3": 0.155,
        "precision_at_5": 0.106,
        "precision_at_10": 0.0595,
        "precision_at_20": 0.03325,
        "precision_at_100": 0.0085,
        "precision_at_1000": 0.00098,
        "mrr_at_1": 0.37,
        "mrr_at_3": 0.415,
        "mrr_at_5": 0.42975,
        "mrr_at_10": 0.438026,
        "mrr_at_20": 0.442797,
        "mrr_at_100": 0.44762,
        "mrr_at_1000": 0.448204,
        "nauc_ndcg_at_1_max": 0.452441,
        "nauc_ndcg_at_1_std": -0.018203,
        "nauc_ndcg_at_1_diff1": 0.649604,
        "nauc_ndcg_at_3_max": 0.477151,
        "nauc_ndcg_at_3_std": 0.037488,
        "nauc_ndcg_at_3_diff1": 0.622469,
        "nauc_ndcg_at_5_max": 0.470111,
        "nauc_ndcg_at_5_std": 0.046974,
        "nauc_ndcg_at_5_diff1": 0.604905,
        "nauc_ndcg_at_10_max": 0.467825,
        "nauc_ndcg_at_10_std": 0.052108,
        "nauc_ndcg_at_10_diff1": 0.600678,
        "nauc_ndcg_at_20_max": 0.492048,
        "nauc_ndcg_at_20_std": 0.066688,
        "nauc_ndcg_at_20_diff1": 0.597068,
        "nauc_ndcg_at_100_max": 0.494038,
        "nauc_ndcg_at_100_std": 0.084458,
        "nauc_ndcg_at_100_diff1": 0.593019,
        "nauc_ndcg_at_1000_max": 0.483867,
        "nauc_ndcg_at_1000_std": 0.068466,
        "nauc_ndcg_at_1000_diff1": 0.604675,
        "nauc_map_at_1_max": 0.452441,
        "nauc_map_at_1_std": -0.018203,
        "nauc_map_at_1_diff1": 0.649604,
        "nauc_map_at_3_max": 0.470701,
        "nauc_map_at_3_std": 0.024512,
        "nauc_map_at_3_diff1": 0.628294,
        "nauc_map_at_5_max": 0.466954,
        "nauc_map_at_5_std": 0.029141,
        "nauc_map_at_5_diff1": 0.618972,
        "nauc_map_at_10_max": 0.465723,
        "nauc_map_at_10_std": 0.031078,
        "nauc_map_at_10_diff1": 0.616985,
        "nauc_map_at_20_max": 0.471497,
        "nauc_map_at_20_std": 0.034512,
        "nauc_map_at_20_diff1": 0.616329,
        "nauc_map_at_100_max": 0.472059,
        "nauc_map_at_100_std": 0.036924,
        "nauc_map_at_100_diff1": 0.616382,
        "nauc_map_at_1000_max": 0.471777,
        "nauc_map_at_1000_std": 0.036528,
        "nauc_map_at_1000_diff1": 0.616816,
        "nauc_recall_at_1_max": 0.452441,
        "nauc_recall_at_1_std": -0.018203,
        "nauc_recall_at_1_diff1": 0.649604,
        "nauc_recall_at_3_max": 0.496048,
        "nauc_recall_at_3_std": 0.074911,
        "nauc_recall_at_3_diff1": 0.605886,
        "nauc_recall_at_5_max": 0.478488,
        "nauc_recall_at_5_std": 0.102318,
        "nauc_recall_at_5_diff1": 0.559994,
        "nauc_recall_at_10_max": 0.473087,
        "nauc_recall_at_10_std": 0.123547,
        "nauc_recall_at_10_diff1": 0.544895,
        "nauc_recall_at_20_max": 0.593887,
        "nauc_recall_at_20_std": 0.204443,
        "nauc_recall_at_20_diff1": 0.518667,
        "nauc_recall_at_100_max": 0.694891,
        "nauc_recall_at_100_std": 0.523706,
        "nauc_recall_at_100_diff1": 0.387455,
        "nauc_recall_at_1000_max": 0.645191,
        "nauc_recall_at_1000_std": 0.973856,
        "nauc_recall_at_1000_diff1": 0.453035,
        "nauc_precision_at_1_max": 0.452441,
        "nauc_precision_at_1_std": -0.018203,
        "nauc_precision_at_1_diff1": 0.649604,
        "nauc_precision_at_3_max": 0.496048,
        "nauc_precision_at_3_std": 0.074911,
        "nauc_precision_at_3_diff1": 0.605886,
        "nauc_precision_at_5_max": 0.478488,
        "nauc_precision_at_5_std": 0.102318,
        "nauc_precision_at_5_diff1": 0.559994,
        "nauc_precision_at_10_max": 0.473087,
        "nauc_precision_at_10_std": 0.123547,
        "nauc_precision_at_10_diff1": 0.544895,
        "nauc_precision_at_20_max": 0.593887,
        "nauc_precision_at_20_std": 0.204443,
        "nauc_precision_at_20_diff1": 0.518667,
        "nauc_precision_at_100_max": 0.694891,
        "nauc_precision_at_100_std": 0.523706,
        "nauc_precision_at_100_diff1": 0.387455,
        "nauc_precision_at_1000_max": 0.645191,
        "nauc_precision_at_1000_std": 0.973856,
        "nauc_precision_at_1000_diff1": 0.453035,
        "nauc_mrr_at_1_max": 0.452441,
        "nauc_mrr_at_1_std": -0.018203,
        "nauc_mrr_at_1_diff1": 0.649604,
        "nauc_mrr_at_3_max": 0.470701,
        "nauc_mrr_at_3_std": 0.024512,
        "nauc_mrr_at_3_diff1": 0.628294,
        "nauc_mrr_at_5_max": 0.466954,
        "nauc_mrr_at_5_std": 0.029141,
        "nauc_mrr_at_5_diff1": 0.618972,
        "nauc_mrr_at_10_max": 0.465723,
        "nauc_mrr_at_10_std": 0.031078,
        "nauc_mrr_at_10_diff1": 0.616985,
        "nauc_mrr_at_20_max": 0.471497,
        "nauc_mrr_at_20_std": 0.034512,
        "nauc_mrr_at_20_diff1": 0.616329,
        "nauc_mrr_at_100_max": 0.472059,
        "nauc_mrr_at_100_std": 0.036924,
        "nauc_mrr_at_100_diff1": 0.616382,
        "nauc_mrr_at_1000_max": 0.471777,
        "nauc_mrr_at_1000_std": 0.036528,
        "nauc_mrr_at_1000_diff1": 0.616816,
        "main_score": 0.47528,
        "hf_subset": "ko",
        "languages": [
          "kor-Hang"
        ]
      }
    ],
    "test": [
      {
        "ndcg_at_1": 0.345,
        "ndcg_at_3": 0.41678,
        "ndcg_at_5": 0.43335,
        "ndcg_at_10": 0.45209,
        "ndcg_at_20": 0.47233,
        "ndcg_at_100": 0.49803,
        "ndcg_at_1000": 0.51884,
        "map_at_1": 0.345,
        "map_at_3": 0.4,
        "map_at_5": 0.40925,
        "map_at_10": 0.4166,
        "map_at_20": 0.42217,
        "map_at_100": 0.42593,
        "map_at_1000": 0.42669,
        "recall_at_1": 0.345,
        "recall_at_3": 0.465,
        "recall_at_5": 0.505,
        "recall_at_10": 0.565,
        "recall_at_20": 0.645,
        "recall_at_100": 0.78,
        "recall_at_1000": 0.945,
        "precision_at_1": 0.345,
        "precision_at_3": 0.155,
        "precision_at_5": 0.101,
        "precision_at_10": 0.0565,
        "precision_at_20": 0.03225,
        "precision_at_100": 0.0078,
        "precision_at_1000": 0.00095,
        "mrr_at_1": 0.345,
        "mrr_at_3": 0.4,
        "mrr_at_5": 0.40925,
        "mrr_at_10": 0.416603,
        "mrr_at_20": 0.422171,
        "mrr_at_100": 0.425928,
        "mrr_at_1000": 0.426689,
        "nauc_ndcg_at_1_max": 0.454386,
        "nauc_ndcg_at_1_std": -0.039274,
        "nauc_ndcg_at_1_diff1": 0.651395,
        "nauc_ndcg_at_3_max": 0.437897,
        "nauc_ndcg_at_3_std": -0.001092,
        "nauc_ndcg_at_3_diff1": 0.617187,
        "nauc_ndcg_at_5_max": 0.442884,
        "nauc_ndcg_at_5_std": 0.016693,
        "nauc_ndcg_at_5_diff1": 0.61489,
        "nauc_ndcg_at_10_max": 0.452884,
        "nauc_ndcg_at_10_std": 0.034226,
        "nauc_ndcg_at_10_diff1": 0.625709,
        "nauc_ndcg_at_20_max": 0.446467,
        "nauc_ndcg_at_20_std": 0.046878,
        "nauc_ndcg_at_20_diff1": 0.618223,
        "nauc_ndcg_at_100_max": 0.452703,
        "nauc_ndcg_at_100_std": 0.058997,
        "nauc_ndcg_at_100_diff1": 0.614921,
        "nauc_ndcg_at_1000_max": 0.452369,
        "nauc_ndcg_at_1000_std": 0.054647,
        "nauc_ndcg_at_1000_diff1": 0.619861,
        "nauc_map_at_1_max": 0.454386,
        "nauc_map_at_1_std": -0.039274,
        "nauc_map_at_1_diff1": 0.651395,