{
  "dataset_revision": "d67138e705d963e346253a80e59676ddb418810a",
  "task_name": "MultiLongDocRetrieval",
  "mteb_version": "1.21.6",
  "scores": {
    "dev": [
      {
        "ndcg_at_1": 0.37,
        "ndcg_at_3": 0.42797,
        "ndcg_at_5": 0.45465,
        "ndcg_at_10": 0.47528,
        "ndcg_at_20": 0.49279,
        "ndcg_at_100": 0.52728,
        "ndcg_at_1000": 0.54311,
        "map_at_1": 0.37,
        "map_at_3": 0.415,
        "map_at_5": 0.42975,
        "map_at_10": 0.43803,
        "map_at_20": 0.44274,
        "map_at_100": 0.44755,
        "map_at_1000": 0.44814,
        "recall_at_1": 0.37,
        "recall_at_3": 0.465,
        "recall_at_5": 0.53,
        "recall_at_10": 0.595,
        "recall_at_20": 0.665,
        "recall_at_100": 0.85,
        "recall_at_1000": 0.975,
        "precision_at_1": 0.37,
        "precision_at_3": 0.155,
        "precision_at_5": 0.106,
        "precision_at_10": 0.0595,
        "precision_at_20": 0.03325,
        "precision_at_100": 0.0085,
        "precision_at_1000": 0.00098,
        "mrr_at_1": 0.37,
        "mrr_at_3": 0.415,
        "mrr_at_5": 0.42975,
        "mrr_at_10": 0.438026,
        "mrr_at_20": 0.442737,
        "mrr_at_100": 0.447555,
        "mrr_at_1000": 0.448138,
        "nauc_ndcg_at_1_max": 0.452441,
        "nauc_ndcg_at_1_std": -0.018203,
        "nauc_ndcg_at_1_diff1": 0.65166,
        "nauc_ndcg_at_3_max": 0.477151,
        "nauc_ndcg_at_3_std": 0.037488,
        "nauc_ndcg_at_3_diff1": 0.624535,
        "nauc_ndcg_at_5_max": 0.468576,
        "nauc_ndcg_at_5_std": 0.035081,
        "nauc_ndcg_at_5_diff1": 0.610375,
        "nauc_ndcg_at_10_max": 0.467701,
        "nauc_ndcg_at_10_std": 0.051146,
        "nauc_ndcg_at_10_diff1": 0.60673,
        "nauc_ndcg_at_20_max": 0.491939,
        "nauc_ndcg_at_20_std": 0.065654,
        "nauc_ndcg_at_20_diff1": 0.601935,
        "nauc_ndcg_at_100_max": 0.49402,
        "nauc_ndcg_at_100_std": 0.083501,
        "nauc_ndcg_at_100_diff1": 0.597839,
        "nauc_ndcg_at_1000_max": 0.483865,
        "nauc_ndcg_at_1000_std": 0.067484,
        "nauc_ndcg_at_1000_diff1": 0.609425,
        "nauc_map_at_1_max": 0.452441,
        "nauc_map_at_1_std": -0.018203,
        "nauc_map_at_1_diff1": 0.65166,
        "nauc_map_at_3_max": 0.470701,
        "nauc_map_at_3_std": 0.024512,
        "nauc_map_at_3_diff1": 0.630357,
        "nauc_map_at_5_max": 0.466168,
        "nauc_map_at_5_std": 0.023049,
        "nauc_map_at_5_diff1": 0.622837,
        "nauc_map_at_10_max": 0.465591,
        "nauc_map_at_10_std": 0.030054,
        "nauc_map_at_10_diff1": 0.621022,
        "nauc_map_at_20_max": 0.47138,
        "nauc_map_at_20_std": 0.033448,
        "nauc_map_at_20_diff1": 0.620108,
        "nauc_map_at_100_max": 0.471999,
        "nauc_map_at_100_std": 0.035941,
        "nauc_map_at_100_diff1": 0.620158,
        "nauc_map_at_1000_max": 0.471719,
        "nauc_map_at_1000_std": 0.035547,
        "nauc_map_at_1000_diff1": 0.62059,
        "nauc_recall_at_1_max": 0.452441,
        "nauc_recall_at_1_std": -0.018203,
        "nauc_recall_at_1_diff1": 0.65166,
        "nauc_recall_at_3_max": 0.496048,
        "nauc_recall_at_3_std": 0.074911,
        "nauc_recall_at_3_diff1": 0.60796,
        "nauc_recall_at_5_max": 0.474398,
        "nauc_recall_at_5_std": 0.07064,
        "nauc_recall_at_5_diff1": 0.570888,
        "nauc_recall_at_10_max": 0.473087,
        "nauc_recall_at_10_std": 0.123547,
        "nauc_recall_at_10_diff1": 0.558398,
        "nauc_recall_at_20_max": 0.593887,
        "nauc_recall_at_20_std": 0.204443,
        "nauc_recall_at_20_diff1": 0.526963,
        "nauc_recall_at_100_max": 0.694891,
        "nauc_recall_at_100_std": 0.523706,
        "nauc_recall_at_100_diff1": 0.397706,
        "nauc_recall_at_1000_max": 0.645191,
        "nauc_recall_at_1000_std": 0.973856,
        "nauc_recall_at_1000_diff1": 0.482446,
        "nauc_precision_at_1_max": 0.452441,
        "nauc_precision_at_1_std": -0.018203,
        "nauc_precision_at_1_diff1": 0.65166,
        "nauc_precision_at_3_max": 0.496048,
        "nauc_precision_at_3_std": 0.074911,
        "nauc_precision_at_3_diff1": 0.60796,
        "nauc_precision_at_5_max": 0.474398,
        "nauc_precision_at_5_std": 0.07064,
        "nauc_precision_at_5_diff1": 0.570888,
        "nauc_precision_at_10_max": 0.473087,
        "nauc_precision_at_10_std": 0.123547,
        "nauc_precision_at_10_diff1": 0.558398,
        "nauc_precision_at_20_max": 0.593887,
        "nauc_precision_at_20_std": 0.204443,
        "nauc_precision_at_20_diff1": 0.526963,
        "nauc_precision_at_100_max": 0.694891,
        "nauc_precision_at_100_std": 0.523706,
        "nauc_precision_at_100_diff1": 0.397706,
        "nauc_precision_at_1000_max": 0.645191,
        "nauc_precision_at_1000_std": 0.973856,
        "nauc_precision_at_1000_diff1": 0.482446,
        "nauc_mrr_at_1_max": 0.452441,
        "nauc_mrr_at_1_std": -0.018203,
        "nauc_mrr_at_1_diff1": 0.65166,
        "nauc_mrr_at_3_max": 0.470701,
        "nauc_mrr_at_3_std": 0.024512,
        "nauc_mrr_at_3_diff1": 0.630357,
        "nauc_mrr_at_5_max": 0.466168,
        "nauc_mrr_at_5_std": 0.023049,
        "nauc_mrr_at_5_diff1": 0.622837,
        "nauc_mrr_at_10_max": 0.465591,
        "nauc_mrr_at_10_std": 0.030054,
        "nauc_mrr_at_10_diff1": 0.621022,
        "nauc_mrr_at_20_max": 0.47138,
        "nauc_mrr_at_20_std": 0.033448,
        "nauc_mrr_at_20_diff1": 0.620108,
        "nauc_mrr_at_100_max": 0.471999,
        "nauc_mrr_at_100_std": 0.035941,
        "nauc_mrr_at_100_diff1": 0.620158,
        "nauc_mrr_at_1000_max": 0.471719,
        "nauc_mrr_at_1000_std": 0.035547,
        "nauc_mrr_at_1000_diff1": 0.62059,
        "main_score": 0.47528,
        "hf_subset": "ko",
        "languages": [
          "kor-Hang"
        ]
      }
    ],
    "test": [
      {
        "ndcg_at_1": 0.345,
        "ndcg_at_3": 0.41678,
        "ndcg_at_5": 0.43335,
        "ndcg_at_10": 0.45209,
        "ndcg_at_20": 0.47345,
        "ndcg_at_100": 0.49803,
        "ndcg_at_1000": 0.51884,
        "map_at_1": 0.345,
        "map_at_3": 0.4,
        "map_at_5": 0.40925,
        "map_at_10": 0.4166,
        "map_at_20": 0.4224,
        "map_at_100": 0.42592,
        "map_at_1000": 0.42668,
        "recall_at_1": 0.345,
        "recall_at_3": 0.465,
        "recall_at_5": 0.505,
        "recall_at_10": 0.565,
        "recall_at_20": 0.65,
        "recall_at_100": 0.78,
        "recall_at_1000": 0.945,
        "precision_at_1": 0.345,
        "precision_at_3": 0.155,
        "precision_at_5": 0.101,
        "precision_at_10": 0.0565,
        "precision_at_20": 0.0325,
        "precision_at_100": 0.0078,
        "precision_at_1000": 0.00095,
        "mrr_at_1": 0.345,
        "mrr_at_3": 0.4,
        "mrr_at_5": 0.40925,
        "mrr_at_10": 0.416603,
        "mrr_at_20": 0.422402,
        "mrr_at_100": 0.425924,
        "mrr_at_1000": 0.426684,
        "nauc_ndcg_at_1_max": 0.454386,
        "nauc_ndcg_at_1_std": -0.039274,
        "nauc_ndcg_at_1_diff1": 0.651395,
        "nauc_ndcg_at_3_max": 0.437897,
        "nauc_ndcg_at_3_std": -0.001092,
        "nauc_ndcg_at_3_diff1": 0.617187,
        "nauc_ndcg_at_5_max": 0.444176,
        "nauc_ndcg_at_5_std": 0.016693,
        "nauc_ndcg_at_5_diff1": 0.61489,
        "nauc_ndcg_at_10_max": 0.454201,
        "nauc_ndcg_at_10_std": 0.034226,
        "nauc_ndcg_at_10_diff1": 0.624684,
        "nauc_ndcg_at_20_max": 0.452611,
        "nauc_ndcg_at_20_std": 0.046561,
        "nauc_ndcg_at_20_diff1": 0.617859,
        "nauc_ndcg_at_100_max": 0.453509,
        "nauc_ndcg_at_100_std": 0.05897,
        "nauc_ndcg_at_100_diff1": 0.614857,
        "nauc_ndcg_at_1000_max": 0.45323,
        "nauc_ndcg_at_1000_std": 0.054619,
        "nauc_ndcg_at_1000_diff1": 0.620109,
        "nauc_map_at_1_max": 0.454386,
        "nauc_map_at_1_std": -0.039274,
        "nauc_map_at_1_diff1": 0.651395,
        "nauc_map_at_3_max": 0.439205,