{
  "dataset_revision": "main",
  "task_name": "PublicHealthQA",
  "mteb_version": "1.31.1",
  "scores": {
    "test": [
      {
        "ndcg_at_1": 0.68831,
        "ndcg_at_3": 0.78154,
        "ndcg_at_5": 0.80277,
        "ndcg_at_10": 0.81902,
        "ndcg_at_20": 0.82243,
        "ndcg_at_100": 0.83006,
        "ndcg_at_1000": 0.83006,
        "map_at_1": 0.68831,
        "map_at_3": 0.75974,
        "map_at_5": 0.77143,
        "map_at_10": 0.77779,
        "map_at_20": 0.77879,
        "map_at_100": 0.77998,
        "map_at_1000": 0.77998,
        "recall_at_1": 0.68831,
        "recall_at_3": 0.84416,
        "recall_at_5": 0.8961,
        "recall_at_10": 0.94805,
        "recall_at_20": 0.96104,
        "recall_at_100": 1.0,
        "recall_at_1000": 1.0,
        "precision_at_1": 0.68831,
        "precision_at_3": 0.28139,
        "precision_at_5": 0.17922,
        "precision_at_10": 0.09481,
        "precision_at_20": 0.04805,
        "precision_at_100": 0.01,
        "precision_at_1000": 0.001,
        "mrr_at_1": 0.688312,
        "mrr_at_3": 0.75974,
        "mrr_at_5": 0.771429,
        "mrr_at_10": 0.777793,
        "mrr_at_20": 0.778792,
        "mrr_at_100": 0.779981,
        "mrr_at_1000": 0.779981,
        "nauc_ndcg_at_1_max": 0.308626,
        "nauc_ndcg_at_1_std": -0.228579,
        "nauc_ndcg_at_1_diff1": 0.675029,
        "nauc_ndcg_at_3_max": 0.318182,
        "nauc_ndcg_at_3_std": -0.190897,
        "nauc_ndcg_at_3_diff1": 0.635362,
        "nauc_ndcg_at_5_max": 0.298169,
        "nauc_ndcg_at_5_std": -0.22,
        "nauc_ndcg_at_5_diff1": 0.622442,
        "nauc_ndcg_at_10_max": 0.28325,
        "nauc_ndcg_at_10_std": -0.216454,
        "nauc_ndcg_at_10_diff1": 0.608042,
        "nauc_ndcg_at_20_max": 0.28164,
        "nauc_ndcg_at_20_std": -0.196018,
        "nauc_ndcg_at_20_diff1": 0.605572,
        "nauc_ndcg_at_100_max": 0.306584,
        "nauc_ndcg_at_100_std": -0.205919,
        "nauc_ndcg_at_100_diff1": 0.637876,
        "nauc_ndcg_at_1000_max": 0.306584,
        "nauc_ndcg_at_1000_std": -0.205919,
        "nauc_ndcg_at_1000_diff1": 0.637876,
        "nauc_map_at_1_max": 0.308626,
        "nauc_map_at_1_std": -0.228579,
        "nauc_map_at_1_diff1": 0.675029,
        "nauc_map_at_3_max": 0.321412,
        "nauc_map_at_3_std": -0.19738,
        "nauc_map_at_3_diff1": 0.649719,
        "nauc_map_at_5_max": 0.310439,
        "nauc_map_at_5_std": -0.215003,
        "nauc_map_at_5_diff1": 0.644563,
        "nauc_map_at_10_max": 0.306062,
        "nauc_map_at_10_std": -0.214029,
        "nauc_map_at_10_diff1": 0.641036,
        "nauc_map_at_20_max": 0.305797,
        "nauc_map_at_20_std": -0.209166,
        "nauc_map_at_20_diff1": 0.640619,
        "nauc_map_at_100_max": 0.310424,
        "nauc_map_at_100_std": -0.209341,
        "nauc_map_at_100_diff1": 0.645903,
        "nauc_map_at_1000_max": 0.310424,
        "nauc_map_at_1000_std": -0.209341,
        "nauc_map_at_1000_diff1": 0.645903,
        "nauc_recall_at_1_max": 0.308626,
        "nauc_recall_at_1_std": -0.228579,
        "nauc_recall_at_1_diff1": 0.675029,
        "nauc_recall_at_3_max": 0.301279,
        "nauc_recall_at_3_std": -0.167045,
        "nauc_recall_at_3_diff1": 0.574785,
        "nauc_recall_at_5_max": 0.221933,
        "nauc_recall_at_5_std": -0.252462,
        "nauc_recall_at_5_diff1": 0.491378,
        "nauc_recall_at_10_max": -0.003678,
        "nauc_recall_at_10_std": -0.242704,
        "nauc_recall_at_10_diff1": 0.208922,
        "nauc_recall_at_20_max": -0.124209,
        "nauc_recall_at_20_std": 0.064517,
        "nauc_recall_at_20_diff1": 0.037695,
        "nauc_recall_at_100_max": NaN,
        "nauc_recall_at_100_std": NaN,
        "nauc_recall_at_100_diff1": NaN,
        "nauc_recall_at_1000_max": NaN,
        "nauc_recall_at_1000_std": NaN,
        "nauc_recall_at_1000_diff1": NaN,
        "nauc_precision_at_1_max": 0.308626,
        "nauc_precision_at_1_std": -0.228579,
        "nauc_precision_at_1_diff1": 0.675029,
        "nauc_precision_at_3_max": 0.301279,
        "nauc_precision_at_3_std": -0.167045,
        "nauc_precision_at_3_diff1": 0.574785,
        "nauc_precision_at_5_max": 0.221933,
        "nauc_precision_at_5_std": -0.252462,
        "nauc_precision_at_5_diff1": 0.491378,
        "nauc_precision_at_10_max": -0.003678,
        "nauc_precision_at_10_std": -0.242704,
        "nauc_precision_at_10_diff1": 0.208922,
        "nauc_precision_at_20_max": -0.124209,
        "nauc_precision_at_20_std": 0.064517,
        "nauc_precision_at_20_diff1": 0.037695,
        "nauc_precision_at_100_max": 1.0,
        "nauc_precision_at_100_std": 1.0,
        "nauc_precision_at_100_diff1": 1.0,
        "nauc_precision_at_1000_max": NaN,
        "nauc_precision_at_1000_std": NaN,
        "nauc_precision_at_1000_diff1": NaN,
        "nauc_mrr_at_1_max": 0.308626,
        "nauc_mrr_at_1_std": -0.228579,
        "nauc_mrr_at_1_diff1": 0.675029,
        "nauc_mrr_at_3_max": 0.321412,
        "nauc_mrr_at_3_std": -0.19738,
        "nauc_mrr_at_3_diff1": 0.649719,
        "nauc_mrr_at_5_max": 0.310439,
        "nauc_mrr_at_5_std": -0.215003,
        "nauc_mrr_at_5_diff1": 0.644563,
        "nauc_mrr_at_10_max": 0.306062,
        "nauc_mrr_at_10_std": -0.214029,
        "nauc_mrr_at_10_diff1": 0.641036,
        "nauc_mrr_at_20_max": 0.305797,
        "nauc_mrr_at_20_std": -0.209166,
        "nauc_mrr_at_20_diff1": 0.640619,
        "nauc_mrr_at_100_max": 0.310424,
        "nauc_mrr_at_100_std": -0.209341,
        "nauc_mrr_at_100_diff1": 0.645903,
        "nauc_mrr_at_1000_max": 0.310424,
        "nauc_mrr_at_1000_std": -0.209341,
        "nauc_mrr_at_1000_diff1": 0.645903,
        "main_score": 0.81902,
        "hf_subset": "korean",
        "languages": [
          "kor-Hang"
        ]
      }
    ]
  },
  "evaluation_time": 0.49492979049682617,
  "kg_co2_emissions": null
}