{
  "dataset_revision": "main",
  "task_name": "PublicHealthQA",
  "mteb_version": "1.21.6",
  "scores": {
    "test": [
      {
        "ndcg_at_1": 0.68831,
        "ndcg_at_3": 0.78154,
        "ndcg_at_5": 0.80277,
        "ndcg_at_10": 0.81925,
        "ndcg_at_20": 0.82266,
        "ndcg_at_100": 0.83027,
        "ndcg_at_1000": 0.83027,
        "map_at_1": 0.68831,
        "map_at_3": 0.75974,
        "map_at_5": 0.77143,
        "map_at_10": 0.77803,
        "map_at_20": 0.77902,
        "map_at_100": 0.7802,
        "map_at_1000": 0.7802,
        "recall_at_1": 0.68831,
        "recall_at_3": 0.84416,
        "recall_at_5": 0.8961,
        "recall_at_10": 0.94805,
        "recall_at_20": 0.96104,
        "recall_at_100": 1.0,
        "recall_at_1000": 1.0,
        "precision_at_1": 0.68831,
        "precision_at_3": 0.28139,
        "precision_at_5": 0.17922,
        "precision_at_10": 0.09481,
        "precision_at_20": 0.04805,
        "precision_at_100": 0.01,
        "precision_at_1000": 0.001,
        "mrr_at_1": 0.688312,
        "mrr_at_3": 0.75974,
        "mrr_at_5": 0.771429,
        "mrr_at_10": 0.778025,
        "mrr_at_20": 0.779024,
        "mrr_at_100": 0.780204,
        "mrr_at_1000": 0.780204,
        "nauc_ndcg_at_1_max": 0.308626,
        "nauc_ndcg_at_1_std": -0.228579,
        "nauc_ndcg_at_1_diff1": 0.655737,
        "nauc_ndcg_at_3_max": 0.318182,
        "nauc_ndcg_at_3_std": -0.190897,
        "nauc_ndcg_at_3_diff1": 0.625745,
        "nauc_ndcg_at_5_max": 0.298169,
        "nauc_ndcg_at_5_std": -0.22,
        "nauc_ndcg_at_5_diff1": 0.611828,
        "nauc_ndcg_at_10_max": 0.283477,
        "nauc_ndcg_at_10_std": -0.216946,
        "nauc_ndcg_at_10_diff1": 0.595781,
        "nauc_ndcg_at_20_max": 0.281869,
        "nauc_ndcg_at_20_std": -0.19649,
        "nauc_ndcg_at_20_diff1": 0.593043,
        "nauc_ndcg_at_100_max": 0.306941,
        "nauc_ndcg_at_100_std": -0.206296,
        "nauc_ndcg_at_100_diff1": 0.624753,
        "nauc_ndcg_at_1000_max": 0.306941,
        "nauc_ndcg_at_1000_std": -0.206296,
        "nauc_ndcg_at_1000_diff1": 0.624753,
        "nauc_map_at_1_max": 0.308626,
        "nauc_map_at_1_std": -0.228579,
        "nauc_map_at_1_diff1": 0.655737,
        "nauc_map_at_3_max": 0.321412,
        "nauc_map_at_3_std": -0.19738,
        "nauc_map_at_3_diff1": 0.637696,
        "nauc_map_at_5_max": 0.310439,
        "nauc_map_at_5_std": -0.215003,
        "nauc_map_at_5_diff1": 0.631938,
        "nauc_map_at_10_max": 0.306275,
        "nauc_map_at_10_std": -0.214431,
        "nauc_map_at_10_diff1": 0.627561,
        "nauc_map_at_20_max": 0.306011,
        "nauc_map_at_20_std": -0.209564,
        "nauc_map_at_20_diff1": 0.627074,
        "nauc_map_at_100_max": 0.310676,
        "nauc_map_at_100_std": -0.209687,
        "nauc_map_at_100_diff1": 0.632279,
        "nauc_map_at_1000_max": 0.310676,
        "nauc_map_at_1000_std": -0.209687,
        "nauc_map_at_1000_diff1": 0.632279,
        "nauc_recall_at_1_max": 0.308626,
        "nauc_recall_at_1_std": -0.228579,
        "nauc_recall_at_1_diff1": 0.655737,
        "nauc_recall_at_3_max": 0.301279,
        "nauc_recall_at_3_std": -0.167045,
        "nauc_recall_at_3_diff1": 0.574785,
        "nauc_recall_at_5_max": 0.221933,
        "nauc_recall_at_5_std": -0.252462,
        "nauc_recall_at_5_diff1": 0.491378,
        "nauc_recall_at_10_max": -0.003678,
        "nauc_recall_at_10_std": -0.242704,
        "nauc_recall_at_10_diff1": 0.208922,
        "nauc_recall_at_20_max": -0.124209,
        "nauc_recall_at_20_std": 0.064517,
        "nauc_recall_at_20_diff1": 0.037695,
        "nauc_recall_at_100_max": NaN,
        "nauc_recall_at_100_std": NaN,
        "nauc_recall_at_100_diff1": NaN,
        "nauc_recall_at_1000_max": NaN,
        "nauc_recall_at_1000_std": NaN,
        "nauc_recall_at_1000_diff1": NaN,
        "nauc_precision_at_1_max": 0.308626,
        "nauc_precision_at_1_std": -0.228579,
        "nauc_precision_at_1_diff1": 0.655737,
        "nauc_precision_at_3_max": 0.301279,
        "nauc_precision_at_3_std": -0.167045,
        "nauc_precision_at_3_diff1": 0.574785,
        "nauc_precision_at_5_max": 0.221933,
        "nauc_precision_at_5_std": -0.252462,
        "nauc_precision_at_5_diff1": 0.491378,
        "nauc_precision_at_10_max": -0.003678,
        "nauc_precision_at_10_std": -0.242704,
        "nauc_precision_at_10_diff1": 0.208922,
        "nauc_precision_at_20_max": -0.124209,
        "nauc_precision_at_20_std": 0.064517,
        "nauc_precision_at_20_diff1": 0.037695,
        "nauc_precision_at_100_max": 1.0,
        "nauc_precision_at_100_std": 1.0,
        "nauc_precision_at_100_diff1": 1.0,
        "nauc_precision_at_1000_max": NaN,
        "nauc_precision_at_1000_std": NaN,
        "nauc_precision_at_1000_diff1": NaN,
        "nauc_mrr_at_1_max": 0.308626,
        "nauc_mrr_at_1_std": -0.228579,
        "nauc_mrr_at_1_diff1": 0.655737,
        "nauc_mrr_at_3_max": 0.321412,
        "nauc_mrr_at_3_std": -0.19738,
        "nauc_mrr_at_3_diff1": 0.637696,
        "nauc_mrr_at_5_max": 0.310439,
        "nauc_mrr_at_5_std": -0.215003,
        "nauc_mrr_at_5_diff1": 0.631938,
        "nauc_mrr_at_10_max": 0.306275,
        "nauc_mrr_at_10_std": -0.214431,
        "nauc_mrr_at_10_diff1": 0.627561,
        "nauc_mrr_at_20_max": 0.306011,
        "nauc_mrr_at_20_std": -0.209564,
        "nauc_mrr_at_20_diff1": 0.627074,
        "nauc_mrr_at_100_max": 0.310676,
        "nauc_mrr_at_100_std": -0.209687,
        "nauc_mrr_at_100_diff1": 0.632279,
        "nauc_mrr_at_1000_max": 0.310676,
        "nauc_mrr_at_1000_std": -0.209687,
        "nauc_mrr_at_1000_diff1": 0.632279,
        "main_score": 0.81925,
        "hf_subset": "korean",
        "languages": [
          "kor-Hang"
        ]
      }
    ]
  },
  "evaluation_time": 1.9287936687469482,
  "kg_co2_emissions": null
}