{
  "dataset_revision": "c99d599f0a6ab9b85b065da6f9d94f9cf731679f",
  "task_name": "XPQARetrieval",
  "mteb_version": "1.31.1",
  "scores": {
    "test": [
      {
        "ndcg_at_1": 0.29817,
        "ndcg_at_3": 0.32562,
        "ndcg_at_5": 0.34814,
        "ndcg_at_10": 0.38136,
        "ndcg_at_20": 0.40338,
        "ndcg_at_100": 0.45402,
        "ndcg_at_1000": 0.47931,
        "map_at_1": 0.20831,
        "map_at_3": 0.29414,
        "map_at_5": 0.3122,
        "map_at_10": 0.32908,
        "map_at_20": 0.33605,
        "map_at_100": 0.34389,
        "map_at_1000": 0.34504,
        "recall_at_1": 0.20831,
        "recall_at_3": 0.34778,
        "recall_at_5": 0.40398,
        "recall_at_10": 0.49478,
        "recall_at_20": 0.57146,
        "recall_at_100": 0.81863,
        "recall_at_1000": 1.0,
        "precision_at_1": 0.29817,
        "precision_at_3": 0.18145,
        "precision_at_5": 0.12813,
        "precision_at_10": 0.07859,
        "precision_at_20": 0.04557,
        "precision_at_100": 0.01306,
        "precision_at_1000": 0.00156,
        "mrr_at_1": 0.296636,
        "mrr_at_3": 0.348879,
        "mrr_at_5": 0.360805,
        "mrr_at_10": 0.371838,
        "mrr_at_20": 0.377281,
        "mrr_at_100": 0.382901,
        "mrr_at_1000": 0.383697,
        "nauc_ndcg_at_1_max": 0.179211,
        "nauc_ndcg_at_1_std": -0.302098,
        "nauc_ndcg_at_1_diff1": 0.534802,
        "nauc_ndcg_at_3_max": 0.181901,
        "nauc_ndcg_at_3_std": -0.293255,
        "nauc_ndcg_at_3_diff1": 0.479565,
        "nauc_ndcg_at_5_max": 0.172343,
        "nauc_ndcg_at_5_std": -0.308909,
        "nauc_ndcg_at_5_diff1": 0.475436,
        "nauc_ndcg_at_10_max": 0.180139,
        "nauc_ndcg_at_10_std": -0.307053,
        "nauc_ndcg_at_10_diff1": 0.483669,
        "nauc_ndcg_at_20_max": 0.188484,
        "nauc_ndcg_at_20_std": -0.296006,
        "nauc_ndcg_at_20_diff1": 0.477341,
        "nauc_ndcg_at_100_max": 0.211619,
        "nauc_ndcg_at_100_std": -0.247962,
        "nauc_ndcg_at_100_diff1": 0.476962,
        "nauc_ndcg_at_1000_max": 0.196417,
        "nauc_ndcg_at_1000_std": -0.277535,
        "nauc_ndcg_at_1000_diff1": 0.481971,
        "nauc_map_at_1_max": 0.140316,
        "nauc_map_at_1_std": -0.271087,
        "nauc_map_at_1_diff1": 0.545612,
        "nauc_map_at_3_max": 0.183591,
        "nauc_map_at_3_std": -0.287621,
        "nauc_map_at_3_diff1": 0.481347,
        "nauc_map_at_5_max": 0.178916,
        "nauc_map_at_5_std": -0.302222,
        "nauc_map_at_5_diff1": 0.4793,
        "nauc_map_at_10_max": 0.180641,
        "nauc_map_at_10_std": -0.303863,
        "nauc_map_at_10_diff1": 0.482037,
        "nauc_map_at_20_max": 0.182871,
        "nauc_map_at_20_std": -0.301994,
        "nauc_map_at_20_diff1": 0.481096,
        "nauc_map_at_100_max": 0.185714,
        "nauc_map_at_100_std": -0.294924,
        "nauc_map_at_100_diff1": 0.481261,
        "nauc_map_at_1000_max": 0.185217,
        "nauc_map_at_1000_std": -0.296043,
        "nauc_map_at_1000_diff1": 0.481336,
        "nauc_recall_at_1_max": 0.140316,
        "nauc_recall_at_1_std": -0.271087,
        "nauc_recall_at_1_diff1": 0.545612,
        "nauc_recall_at_3_max": 0.176409,
        "nauc_recall_at_3_std": -0.273774,
        "nauc_recall_at_3_diff1": 0.437992,
        "nauc_recall_at_5_max": 0.151198,
        "nauc_recall_at_5_std": -0.313378,
        "nauc_recall_at_5_diff1": 0.427717,
        "nauc_recall_at_10_max": 0.17051,
        "nauc_recall_at_10_std": -0.301517,
        "nauc_recall_at_10_diff1": 0.444929,
        "nauc_recall_at_20_max": 0.200838,
        "nauc_recall_at_20_std": -0.259205,
        "nauc_recall_at_20_diff1": 0.416033,
        "nauc_recall_at_100_max": 0.391323,
        "nauc_recall_at_100_std": 0.138514,
        "nauc_recall_at_100_diff1": 0.365729,
        "nauc_recall_at_1000_max": NaN,
        "nauc_recall_at_1000_std": NaN,
        "nauc_recall_at_1000_diff1": NaN,
        "nauc_precision_at_1_max": 0.179211,
        "nauc_precision_at_1_std": -0.302098,
        "nauc_precision_at_1_diff1": 0.534802,
        "nauc_precision_at_3_max": 0.19322,
        "nauc_precision_at_3_std": -0.265535,
        "nauc_precision_at_3_diff1": 0.338089,
        "nauc_precision_at_5_max": 0.168395,
        "nauc_precision_at_5_std": -0.280409,
        "nauc_precision_at_5_diff1": 0.312183,
        "nauc_precision_at_10_max": 0.16462,
        "nauc_precision_at_10_std": -0.256445,
        "nauc_precision_at_10_diff1": 0.294712,
        "nauc_precision_at_20_max": 0.167231,
        "nauc_precision_at_20_std": -0.211221,
        "nauc_precision_at_20_diff1": 0.252206,
        "nauc_precision_at_100_max": 0.212522,
        "nauc_precision_at_100_std": 0.06126,
        "nauc_precision_at_100_diff1": 0.116848,
        "nauc_precision_at_1000_max": 0.133829,
        "nauc_precision_at_1000_std": 0.041224,
        "nauc_precision_at_1000_diff1": 0.011564,
        "nauc_mrr_at_1_max": 0.181609,
        "nauc_mrr_at_1_std": -0.307977,
        "nauc_mrr_at_1_diff1": 0.540592,
        "nauc_mrr_at_3_max": 0.183254,
        "nauc_mrr_at_3_std": -0.298097,
        "nauc_mrr_at_3_diff1": 0.507431,
        "nauc_mrr_at_5_max": 0.175,
        "nauc_mrr_at_5_std": -0.306138,
        "nauc_mrr_at_5_diff1": 0.504097,
        "nauc_mrr_at_10_max": 0.180207,
        "nauc_mrr_at_10_std": -0.303519,
        "nauc_mrr_at_10_diff1": 0.508286,
        "nauc_mrr_at_20_max": 0.183639,
        "nauc_mrr_at_20_std": -0.298188,
        "nauc_mrr_at_20_diff1": 0.506347,
        "nauc_mrr_at_100_max": 0.185451,
        "nauc_mrr_at_100_std": -0.293762,
        "nauc_mrr_at_100_diff1": 0.506173,
        "nauc_mrr_at_1000_max": 0.184818,
        "nauc_mrr_at_1000_std": -0.294937,
        "nauc_mrr_at_1000_diff1": 0.506353,
        "main_score": 0.38136,
        "hf_subset": "kor-kor",
        "languages": [
          "kor-Hang",
          "kor-Hang"
        ]
      },
      {
        "ndcg_at_1": 0.28135,
        "ndcg_at_3": 0.30684,
        "ndcg_at_5": 0.3301,
        "ndcg_at_10": 0.36466,
        "ndcg_at_20": 0.38747,
        "ndcg_at_100": 0.44394,
        "ndcg_at_1000": 0.47299,
        "map_at_1": 0.16195,
        "map_at_3": 0.25461,
        "map_at_5": 0.28316,
        "map_at_10": 0.30247,
        "map_at_20": 0.31045,
        "map_at_100": 0.32029,
        "map_at_1000": 0.32204,
        "recall_at_1": 0.16195,
        "recall_at_3": 0.31007,
        "recall_at_5": 0.38512,
        "recall_at_10": 0.47031,
        "recall_at_20": 0.54559,
        "recall_at_100": 0.80691,
        "recall_at_1000": 0.99949,
        "precision_at_1": 0.28135,
        "precision_at_3": 0.20133,
        "precision_at_5": 0.15535,
        "precision_at_10": 0.09694,
        "precision_at_20": 0.05604,
        "precision_at_100": 0.01609,
        "precision_at_1000": 0.00195,
        "mrr_at_1": 0.281346,
        "mrr_at_3": 0.346075,
        "mrr_at_5": 0.360984,
        "mrr_at_10": 0.371373,
        "mrr_at_20": 0.37634,
        "mrr_at_100": 0.382118,
        "mrr_at_1000": 0.38282,
        "nauc_ndcg_at_1_max": 0.094105,
        "nauc_ndcg_at_1_std": -0.316474,
        "nauc_ndcg_at_1_diff1": 0.516674,
        "nauc_ndcg_at_3_max": 0.045864,
        "nauc_ndcg_at_3_std": -0.342749,
        "nauc_ndcg_at_3_diff1": 0.429682,
        "nauc_ndcg_at_5_max": 0.034406,
        "nauc_ndcg_at_5_std": -0.348447,
        "nauc_ndcg_at_5_diff1": 0.407175,
        "nauc_ndcg_at_10_max": 0.034665,
        "nauc_ndcg_at_10_std": -0.346739,
        "nauc_ndcg_at_10_diff1": 0.402668,
        "nauc_ndcg_at_20_max": 0.038853,
        "nauc_ndcg_at_20_std": -0.344171,
        "nauc_ndcg_at_20_diff1": 0.401849,
        "nauc_ndcg_at_100_max": 0.048673,
        "nauc_ndcg_at_100_std": -0.320553,
        "nauc_ndcg_at_100_diff1": 0.399994,
        "nauc_ndcg_at_1000_max": 0.055498,
        "nauc_ndcg_at_1000_std": -0.325038,
        "nauc_ndcg_at_1000_diff1": 0.411696,
        "nauc_map_at_1_max": 0.068529,