{
  "dataset_revision": "c99d599f0a6ab9b85b065da6f9d94f9cf731679f",
  "task_name": "XPQARetrieval",
  "mteb_version": "1.21.6",
  "scores": {
    "test": [
      {
        "ndcg_at_1": 0.29969,
        "ndcg_at_3": 0.32585,
        "ndcg_at_5": 0.34837,
        "ndcg_at_10": 0.38158,
        "ndcg_at_20": 0.4036,
        "ndcg_at_100": 0.45425,
        "ndcg_at_1000": 0.47954,
        "map_at_1": 0.20907,
        "map_at_3": 0.2944,
        "map_at_5": 0.31246,
        "map_at_10": 0.32934,
        "map_at_20": 0.33631,
        "map_at_100": 0.34415,
        "map_at_1000": 0.3453,
        "recall_at_1": 0.20907,
        "recall_at_3": 0.34778,
        "recall_at_5": 0.40398,
        "recall_at_10": 0.49478,
        "recall_at_20": 0.57146,
        "recall_at_100": 0.81863,
        "recall_at_1000": 1.0,
        "precision_at_1": 0.29969,
        "precision_at_3": 0.18145,
        "precision_at_5": 0.12813,
        "precision_at_10": 0.07859,
        "precision_at_20": 0.04557,
        "precision_at_100": 0.01306,
        "precision_at_1000": 0.00156,
        "mrr_at_1": 0.298165,
        "mrr_at_3": 0.349388,
        "mrr_at_5": 0.361315,
        "mrr_at_10": 0.372384,
        "mrr_at_20": 0.377904,
        "mrr_at_100": 0.383454,
        "mrr_at_1000": 0.384251,
        "nauc_ndcg_at_1_max": 0.185255,
        "nauc_ndcg_at_1_std": -0.293629,
        "nauc_ndcg_at_1_diff1": 0.52904,
        "nauc_ndcg_at_3_max": 0.182618,
        "nauc_ndcg_at_3_std": -0.29233,
        "nauc_ndcg_at_3_diff1": 0.478231,
        "nauc_ndcg_at_5_max": 0.173084,
        "nauc_ndcg_at_5_std": -0.308008,
        "nauc_ndcg_at_5_diff1": 0.474155,
        "nauc_ndcg_at_10_max": 0.180935,
        "nauc_ndcg_at_10_std": -0.30623,
        "nauc_ndcg_at_10_diff1": 0.482508,
        "nauc_ndcg_at_20_max": 0.189305,
        "nauc_ndcg_at_20_std": -0.295186,
        "nauc_ndcg_at_20_diff1": 0.476185,
        "nauc_ndcg_at_100_max": 0.212514,
        "nauc_ndcg_at_100_std": -0.247023,
        "nauc_ndcg_at_100_diff1": 0.475654,
        "nauc_ndcg_at_1000_max": 0.197363,
        "nauc_ndcg_at_1000_std": -0.276491,
        "nauc_ndcg_at_1000_diff1": 0.480516,
        "nauc_map_at_1_max": 0.142274,
        "nauc_map_at_1_std": -0.26814,
        "nauc_map_at_1_diff1": 0.542024,
        "nauc_map_at_3_max": 0.184188,
        "nauc_map_at_3_std": -0.286823,
        "nauc_map_at_3_diff1": 0.479828,
        "nauc_map_at_5_max": 0.179512,
        "nauc_map_at_5_std": -0.301422,
        "nauc_map_at_5_diff1": 0.477793,
        "nauc_map_at_10_max": 0.181279,
        "nauc_map_at_10_std": -0.303136,
        "nauc_map_at_10_diff1": 0.480646,
        "nauc_map_at_20_max": 0.183516,
        "nauc_map_at_20_std": -0.301271,
        "nauc_map_at_20_diff1": 0.479709,
        "nauc_map_at_100_max": 0.186373,
        "nauc_map_at_100_std": -0.294181,
        "nauc_map_at_100_diff1": 0.479856,
        "nauc_map_at_1000_max": 0.185876,
        "nauc_map_at_1000_std": -0.295295,
        "nauc_map_at_1000_diff1": 0.479925,
        "nauc_recall_at_1_max": 0.142274,
        "nauc_recall_at_1_std": -0.26814,
        "nauc_recall_at_1_diff1": 0.542024,
        "nauc_recall_at_3_max": 0.176409,
        "nauc_recall_at_3_std": -0.273774,
        "nauc_recall_at_3_diff1": 0.437992,
        "nauc_recall_at_5_max": 0.151198,
        "nauc_recall_at_5_std": -0.313378,
        "nauc_recall_at_5_diff1": 0.427717,
        "nauc_recall_at_10_max": 0.17051,
        "nauc_recall_at_10_std": -0.301517,
        "nauc_recall_at_10_diff1": 0.444929,
        "nauc_recall_at_20_max": 0.200838,
        "nauc_recall_at_20_std": -0.259205,
        "nauc_recall_at_20_diff1": 0.416033,
        "nauc_recall_at_100_max": 0.391323,
        "nauc_recall_at_100_std": 0.138514,
        "nauc_recall_at_100_diff1": 0.365729,
        "nauc_recall_at_1000_max": NaN,
        "nauc_recall_at_1000_std": NaN,
        "nauc_recall_at_1000_diff1": NaN,
        "nauc_precision_at_1_max": 0.185255,
        "nauc_precision_at_1_std": -0.293629,
        "nauc_precision_at_1_diff1": 0.52904,
        "nauc_precision_at_3_max": 0.19322,
        "nauc_precision_at_3_std": -0.265535,
        "nauc_precision_at_3_diff1": 0.338089,
        "nauc_precision_at_5_max": 0.168395,
        "nauc_precision_at_5_std": -0.280409,
        "nauc_precision_at_5_diff1": 0.312183,
        "nauc_precision_at_10_max": 0.16462,
        "nauc_precision_at_10_std": -0.256445,
        "nauc_precision_at_10_diff1": 0.294712,
        "nauc_precision_at_20_max": 0.167231,
        "nauc_precision_at_20_std": -0.211221,
        "nauc_precision_at_20_diff1": 0.252206,
        "nauc_precision_at_100_max": 0.212522,
        "nauc_precision_at_100_std": 0.06126,
        "nauc_precision_at_100_diff1": 0.116848,
        "nauc_precision_at_1000_max": 0.133829,
        "nauc_precision_at_1000_std": 0.041224,
        "nauc_precision_at_1000_diff1": 0.011564,
        "nauc_mrr_at_1_max": 0.185517,
        "nauc_mrr_at_1_std": -0.298726,
        "nauc_mrr_at_1_diff1": 0.534802,
        "nauc_mrr_at_3_max": 0.184778,
        "nauc_mrr_at_3_std": -0.294455,
        "nauc_mrr_at_3_diff1": 0.504579,
        "nauc_mrr_at_5_max": 0.17654,
        "nauc_mrr_at_5_std": -0.302472,
        "nauc_mrr_at_5_diff1": 0.501237,
        "nauc_mrr_at_10_max": 0.181937,
        "nauc_mrr_at_10_std": -0.299648,
        "nauc_mrr_at_10_diff1": 0.505392,
        "nauc_mrr_at_20_max": 0.185438,
        "nauc_mrr_at_20_std": -0.293949,
        "nauc_mrr_at_20_diff1": 0.503537,
        "nauc_mrr_at_100_max": 0.18721,
        "nauc_mrr_at_100_std": -0.289807,
        "nauc_mrr_at_100_diff1": 0.503231,
        "nauc_mrr_at_1000_max": 0.186581,
        "nauc_mrr_at_1000_std": -0.290973,
        "nauc_mrr_at_1000_diff1": 0.503404,
        "main_score": 0.38158,
        "hf_subset": "kor-kor",
        "languages": [
          "kor-Hang",
          "kor-Hang"
        ]
      },
      {
        "ndcg_at_1": 0.28135,
        "ndcg_at_3": 0.30664,
        "ndcg_at_5": 0.33055,
        "ndcg_at_10": 0.36466,
        "ndcg_at_20": 0.3875,
        "ndcg_at_100": 0.44398,
        "ndcg_at_1000": 0.47303,
        "map_at_1": 0.16195,
        "map_at_3": 0.25435,
        "map_at_5": 0.28328,
        "map_at_10": 0.30242,
        "map_at_20": 0.31044,
        "map_at_100": 0.32028,
        "map_at_1000": 0.32203,
        "recall_at_1": 0.16195,
        "recall_at_3": 0.31007,
        "recall_at_5": 0.38665,
        "recall_at_10": 0.47031,
        "recall_at_20": 0.54559,
        "recall_at_100": 0.80691,
        "recall_at_1000": 0.99949,
        "precision_at_1": 0.28135,
        "precision_at_3": 0.20133,
        "precision_at_5": 0.15566,
        "precision_at_10": 0.09694,
        "precision_at_20": 0.05604,
        "precision_at_100": 0.01609,
        "precision_at_1000": 0.00195,
        "mrr_at_1": 0.281346,
        "mrr_at_3": 0.345821,
        "mrr_at_5": 0.360805,
        "mrr_at_10": 0.371258,
        "mrr_at_20": 0.376241,
        "mrr_at_100": 0.382019,
        "mrr_at_1000": 0.382721,
        "nauc_ndcg_at_1_max": 0.094105,
        "nauc_ndcg_at_1_std": -0.316474,
        "nauc_ndcg_at_1_diff1": 0.516674,
        "nauc_ndcg_at_3_max": 0.045168,
        "nauc_ndcg_at_3_std": -0.343558,
        "nauc_ndcg_at_3_diff1": 0.42946,
        "nauc_ndcg_at_5_max": 0.033593,
        "nauc_ndcg_at_5_std": -0.348724,
        "nauc_ndcg_at_5_diff1": 0.405359,
        "nauc_ndcg_at_10_max": 0.034196,
        "nauc_ndcg_at_10_std": -0.347105,
        "nauc_ndcg_at_10_diff1": 0.402682,
        "nauc_ndcg_at_20_max": 0.038368,
        "nauc_ndcg_at_20_std": -0.344478,
        "nauc_ndcg_at_20_diff1": 0.401801,
        "nauc_ndcg_at_100_max": 0.048155,
        "nauc_ndcg_at_100_std": -0.320897,
        "nauc_ndcg_at_100_diff1": 0.399984,
        "nauc_ndcg_at_1000_max": 0.054938,
        "nauc_ndcg_at_1000_std": -0.32543,
        "nauc_ndcg_at_1000_diff1": 0.41171,
        "nauc_map_at_1_max": 0.068529,