{
  "dataset_revision": "c99d599f0a6ab9b85b065da6f9d94f9cf731679f",
  "task_name": "XPQARetrieval",
  "mteb_version": "1.31.1",
  "scores": {
    "test": [
      {
        "ndcg_at_1": 0.29969,
        "ndcg_at_3": 0.32598,
        "ndcg_at_5": 0.3485,
        "ndcg_at_10": 0.3817,
        "ndcg_at_20": 0.40388,
        "ndcg_at_100": 0.45447,
        "ndcg_at_1000": 0.47964,
        "map_at_1": 0.20958,
        "map_at_3": 0.29465,
        "map_at_5": 0.31271,
        "map_at_10": 0.32957,
        "map_at_20": 0.33661,
        "map_at_100": 0.34437,
        "map_at_1000": 0.34552,
        "recall_at_1": 0.20958,
        "recall_at_3": 0.34778,
        "recall_at_5": 0.40398,
        "recall_at_10": 0.49478,
        "recall_at_20": 0.57197,
        "recall_at_100": 0.81965,
        "recall_at_1000": 1.0,
        "precision_at_1": 0.29969,
        "precision_at_3": 0.18145,
        "precision_at_5": 0.12813,
        "precision_at_10": 0.07859,
        "precision_at_20": 0.04564,
        "precision_at_100": 0.01306,
        "precision_at_1000": 0.00156,
        "mrr_at_1": 0.298165,
        "mrr_at_3": 0.349388,
        "mrr_at_5": 0.361315,
        "mrr_at_10": 0.372375,
        "mrr_at_20": 0.377917,
        "mrr_at_100": 0.383473,
        "mrr_at_1000": 0.384254,
        "nauc_ndcg_at_1_max": 0.182074,
        "nauc_ndcg_at_1_std": -0.301178,
        "nauc_ndcg_at_1_diff1": 0.530435,
        "nauc_ndcg_at_3_max": 0.182045,
        "nauc_ndcg_at_3_std": -0.294166,
        "nauc_ndcg_at_3_diff1": 0.479097,
        "nauc_ndcg_at_5_max": 0.172497,
        "nauc_ndcg_at_5_std": -0.309811,
        "nauc_ndcg_at_5_diff1": 0.474109,
        "nauc_ndcg_at_10_max": 0.18029,
        "nauc_ndcg_at_10_std": -0.308088,
        "nauc_ndcg_at_10_diff1": 0.482305,
        "nauc_ndcg_at_20_max": 0.18861,
        "nauc_ndcg_at_20_std": -0.297654,
        "nauc_ndcg_at_20_diff1": 0.475895,
        "nauc_ndcg_at_100_max": 0.210644,
        "nauc_ndcg_at_100_std": -0.249799,
        "nauc_ndcg_at_100_diff1": 0.475163,
        "nauc_ndcg_at_1000_max": 0.196577,
        "nauc_ndcg_at_1000_std": -0.278894,
        "nauc_ndcg_at_1000_diff1": 0.480412,
        "nauc_map_at_1_max": 0.138569,
        "nauc_map_at_1_std": -0.272958,
        "nauc_map_at_1_diff1": 0.540093,
        "nauc_map_at_3_max": 0.183118,
        "nauc_map_at_3_std": -0.28901,
        "nauc_map_at_3_diff1": 0.480237,
        "nauc_map_at_5_max": 0.178452,
        "nauc_map_at_5_std": -0.303584,
        "nauc_map_at_5_diff1": 0.477664,
        "nauc_map_at_10_max": 0.180143,
        "nauc_map_at_10_std": -0.305348,
        "nauc_map_at_10_diff1": 0.480343,
        "nauc_map_at_20_max": 0.18228,
        "nauc_map_at_20_std": -0.303747,
        "nauc_map_at_20_diff1": 0.479282,
        "nauc_map_at_100_max": 0.185166,
        "nauc_map_at_100_std": -0.296522,
        "nauc_map_at_100_diff1": 0.479486,
        "nauc_map_at_1000_max": 0.184755,
        "nauc_map_at_1000_std": -0.297612,
        "nauc_map_at_1000_diff1": 0.479588,
        "nauc_recall_at_1_max": 0.138569,
        "nauc_recall_at_1_std": -0.272958,
        "nauc_recall_at_1_diff1": 0.540093,
        "nauc_recall_at_3_max": 0.17698,
        "nauc_recall_at_3_std": -0.273774,
        "nauc_recall_at_3_diff1": 0.439366,
        "nauc_recall_at_5_max": 0.151762,
        "nauc_recall_at_5_std": -0.313378,
        "nauc_recall_at_5_diff1": 0.427247,
        "nauc_recall_at_10_max": 0.171377,
        "nauc_recall_at_10_std": -0.301517,
        "nauc_recall_at_10_diff1": 0.444447,
        "nauc_recall_at_20_max": 0.2019,
        "nauc_recall_at_20_std": -0.260929,
        "nauc_recall_at_20_diff1": 0.415494,
        "nauc_recall_at_100_max": 0.380685,
        "nauc_recall_at_100_std": 0.13432,
        "nauc_recall_at_100_diff1": 0.360808,
        "nauc_recall_at_1000_max": NaN,
        "nauc_recall_at_1000_std": NaN,
        "nauc_recall_at_1000_diff1": NaN,
        "nauc_precision_at_1_max": 0.182074,
        "nauc_precision_at_1_std": -0.301178,
        "nauc_precision_at_1_diff1": 0.530435,
        "nauc_precision_at_3_max": 0.194243,
        "nauc_precision_at_3_std": -0.265535,
        "nauc_precision_at_3_diff1": 0.339294,
        "nauc_precision_at_5_max": 0.169327,
        "nauc_precision_at_5_std": -0.280409,
        "nauc_precision_at_5_diff1": 0.311963,
        "nauc_precision_at_10_max": 0.165887,
        "nauc_precision_at_10_std": -0.256445,
        "nauc_precision_at_10_diff1": 0.294513,
        "nauc_precision_at_20_max": 0.166657,
        "nauc_precision_at_20_std": -0.212523,
        "nauc_precision_at_20_diff1": 0.250236,
        "nauc_precision_at_100_max": 0.208765,
        "nauc_precision_at_100_std": 0.061097,
        "nauc_precision_at_100_diff1": 0.113134,
        "nauc_precision_at_1000_max": 0.134715,
        "nauc_precision_at_1000_std": 0.041224,
        "nauc_precision_at_1000_diff1": 0.011174,
        "nauc_mrr_at_1_max": 0.17882,
        "nauc_mrr_at_1_std": -0.309667,
        "nauc_mrr_at_1_diff1": 0.5362,
        "nauc_mrr_at_3_max": 0.181929,
        "nauc_mrr_at_3_std": -0.299805,
        "nauc_mrr_at_3_diff1": 0.505947,
        "nauc_mrr_at_5_max": 0.173678,
        "nauc_mrr_at_5_std": -0.307845,
        "nauc_mrr_at_5_diff1": 0.502148,
        "nauc_mrr_at_10_max": 0.178888,
        "nauc_mrr_at_10_std": -0.305236,
        "nauc_mrr_at_10_diff1": 0.506344,
        "nauc_mrr_at_20_max": 0.182543,
        "nauc_mrr_at_20_std": -0.29948,
        "nauc_mrr_at_20_diff1": 0.504451,
        "nauc_mrr_at_100_max": 0.184196,
        "nauc_mrr_at_100_std": -0.295483,
        "nauc_mrr_at_100_diff1": 0.504173,
        "nauc_mrr_at_1000_max": 0.183596,
        "nauc_mrr_at_1000_std": -0.296618,
        "nauc_mrr_at_1000_diff1": 0.504335,
        "main_score": 0.3817,
        "hf_subset": "kor-kor",
        "languages": [
          "kor-Hang",
          "kor-Hang"
        ]
      },
      {
        "ndcg_at_1": 0.28135,
        "ndcg_at_3": 0.30664,
        "ndcg_at_5": 0.33055,
        "ndcg_at_10": 0.36506,
        "ndcg_at_20": 0.38765,
        "ndcg_at_100": 0.4443,
        "ndcg_at_1000": 0.47317,
        "map_at_1": 0.16195,
        "map_at_3": 0.25435,
        "map_at_5": 0.28328,
        "map_at_10": 0.30272,
        "map_at_20": 0.3106,
        "map_at_100": 0.32047,
        "map_at_1000": 0.32219,
        "recall_at_1": 0.16195,
        "recall_at_3": 0.31007,
        "recall_at_5": 0.38665,
        "recall_at_10": 0.47108,
        "recall_at_20": 0.54559,
        "recall_at_100": 0.80767,
        "recall_at_1000": 0.99949,
        "precision_at_1": 0.28135,
        "precision_at_3": 0.20133,
        "precision_at_5": 0.15566,
        "precision_at_10": 0.09709,
        "precision_at_20": 0.05604,
        "precision_at_100": 0.01612,
        "precision_at_1000": 0.00195,
        "mrr_at_1": 0.281346,
        "mrr_at_3": 0.346075,
        "mrr_at_5": 0.360678,
        "mrr_at_10": 0.371413,
        "mrr_at_20": 0.37637,
        "mrr_at_100": 0.382147,
        "mrr_at_1000": 0.382849,
        "nauc_ndcg_at_1_max": 0.093338,
        "nauc_ndcg_at_1_std": -0.316474,
        "nauc_ndcg_at_1_diff1": 0.516078,
        "nauc_ndcg_at_3_max": 0.044377,
        "nauc_ndcg_at_3_std": -0.343558,
        "nauc_ndcg_at_3_diff1": 0.429415,
        "nauc_ndcg_at_5_max": 0.032795,
        "nauc_ndcg_at_5_std": -0.348724,
        "nauc_ndcg_at_5_diff1": 0.405314,
        "nauc_ndcg_at_10_max": 0.032383,
        "nauc_ndcg_at_10_std": -0.34802,
        "nauc_ndcg_at_10_diff1": 0.402424,
        "nauc_ndcg_at_20_max": 0.037312,
        "nauc_ndcg_at_20_std": -0.344724,
        "nauc_ndcg_at_20_diff1": 0.401752,
        "nauc_ndcg_at_100_max": 0.046892,
        "nauc_ndcg_at_100_std": -0.320008,
        "nauc_ndcg_at_100_diff1": 0.399343,
        "nauc_ndcg_at_1000_max": 0.053785,
        "nauc_ndcg_at_1000_std": -0.325566,
        "nauc_ndcg_at_1000_diff1": 0.41152,
        "nauc_map_at_1_max": 0.067432,