{
  "dataset_revision": "fd7df84ac089bbec763b1c6bb1b56e985df5cc5c",
  "evaluation_time": 1549.6882767677307,
  "kg_co2_emissions": null,
  "mteb_version": "1.19.4",
  "scores": {
    "test": [
      {
        "hf_subset": "default",
        "languages": [
          "kor-Hang"
        ],
        "main_score": 0.70782,
        "map_at_1": 0.54386,
        "map_at_10": 0.65351,
        "map_at_100": 0.65816,
        "map_at_1000": 0.65822,
        "map_at_20": 0.65658,
        "map_at_3": 0.62427,
        "map_at_5": 0.64313,
        "mrr_at_1": 0.543859649122807,
        "mrr_at_10": 0.6535087719298245,
        "mrr_at_100": 0.6581566406059242,
        "mrr_at_1000": 0.6582175567852613,
        "mrr_at_20": 0.6565841687552212,
        "mrr_at_3": 0.6242690058479534,
        "mrr_at_5": 0.6431286549707603,
        "nauc_map_at_1000_diff1": 0.4589811760453532,
        "nauc_map_at_1000_max": 0.10234092569414859,
        "nauc_map_at_1000_std": -0.356311102381068,
        "nauc_map_at_100_diff1": 0.45883771525940487,
        "nauc_map_at_100_max": 0.10218882872908919,
        "nauc_map_at_100_std": -0.3563584758354272,
        "nauc_map_at_10_diff1": 0.45785560488749766,
        "nauc_map_at_10_max": 0.1083158493065166,
        "nauc_map_at_10_std": -0.3542947811883265,
        "nauc_map_at_1_diff1": 0.45100389919557227,
        "nauc_map_at_1_max": 0.07773262230195767,
        "nauc_map_at_1_std": -0.29191787775456185,
        "nauc_map_at_20_diff1": 0.45889280176699143,
        "nauc_map_at_20_max": 0.1041613429769374,
        "nauc_map_at_20_std": -0.3562801591947266,
        "nauc_map_at_3_diff1": 0.4581271634272649,
        "nauc_map_at_3_max": 0.07010811847042181,
        "nauc_map_at_3_std": -0.36784309569200174,
        "nauc_map_at_5_diff1": 0.46628806215271035,
        "nauc_map_at_5_max": 0.0998584281053696,
        "nauc_map_at_5_std": -0.37400894462811973,
        "nauc_mrr_at_1000_diff1": 0.4589811760453532,
        "nauc_mrr_at_1000_max": 0.10234092569414859,
        "nauc_mrr_at_1000_std": -0.356311102381068,
        "nauc_mrr_at_100_diff1": 0.45883771525940487,
        "nauc_mrr_at_100_max": 0.10218882872908919,
        "nauc_mrr_at_100_std": -0.3563584758354272,
        "nauc_mrr_at_10_diff1": 0.45785560488749766,
        "nauc_mrr_at_10_max": 0.1083158493065166,
        "nauc_mrr_at_10_std": -0.3542947811883265,
        "nauc_mrr_at_1_diff1": 0.45100389919557227,
        "nauc_mrr_at_1_max": 0.07773262230195767,
        "nauc_mrr_at_1_std": -0.29191787775456185,
        "nauc_mrr_at_20_diff1": 0.45889280176699143,
        "nauc_mrr_at_20_max": 0.1041613429769374,
        "nauc_mrr_at_20_std": -0.3562801591947266,
        "nauc_mrr_at_3_diff1": 0.4581271634272649,
        "nauc_mrr_at_3_max": 0.07010811847042181,
        "nauc_mrr_at_3_std": -0.36784309569200174,
        "nauc_mrr_at_5_diff1": 0.46628806215271035,
        "nauc_mrr_at_5_max": 0.0998584281053696,
        "nauc_mrr_at_5_std": -0.37400894462811973,
        "nauc_ndcg_at_1000_diff1": 0.4579233057407457,
        "nauc_ndcg_at_1000_max": 0.11353070121982693,
        "nauc_ndcg_at_1000_std": -0.36344840933846423,
        "nauc_ndcg_at_100_diff1": 0.45430840688203755,
        "nauc_ndcg_at_100_max": 0.10962723815228848,
        "nauc_ndcg_at_100_std": -0.3646029972953465,
        "nauc_ndcg_at_10_diff1": 0.4503205658127994,
        "nauc_ndcg_at_10_max": 0.1462947779227858,
        "nauc_ndcg_at_10_std": -0.3628340802117219,
        "nauc_ndcg_at_1_diff1": 0.45100389919557227,
        "nauc_ndcg_at_1_max": 0.07773262230195767,
        "nauc_ndcg_at_1_std": -0.29191787775456185,
        "nauc_ndcg_at_20_diff1": 0.4570695553298544,
        "nauc_ndcg_at_20_max": 0.13210328427557108,
        "nauc_ndcg_at_20_std": -0.3660073237106156,
        "nauc_ndcg_at_3_diff1": 0.45833625612690976,
        "nauc_ndcg_at_3_max": 0.0708825922620583,
        "nauc_ndcg_at_3_std": -0.3897144449317193,
        "nauc_ndcg_at_5_diff1": 0.47257932918610845,
        "nauc_ndcg_at_5_max": 0.1250269996217293,
        "nauc_ndcg_at_5_std": -0.40588530243383514,
        "nauc_precision_at_1000_diff1": 1.0,
        "nauc_precision_at_1000_max": 1.0,
        "nauc_precision_at_1000_std": 1.0,
        "nauc_precision_at_100_diff1": -0.16932645024141074,
        "nauc_precision_at_100_max": -0.5637901180614636,
        "nauc_precision_at_100_std": -0.5637901180614636,
        "nauc_precision_at_10_diff1": 0.3830070681610025,
        "nauc_precision_at_10_max": 0.418519573108106,
        "nauc_precision_at_10_std": -0.4009186122719858,
        "nauc_precision_at_1_diff1": 0.45100389919557227,
        "nauc_precision_at_1_max": 0.07773262230195767,
        "nauc_precision_at_1_std": -0.29191787775456185,
        "nauc_precision_at_20_diff1": 0.4392864027297254,
        "nauc_precision_at_20_max": 0.41063793833902507,
        "nauc_precision_at_20_std": -0.4208684992861658,
        "nauc_precision_at_3_diff1": 0.45816122675541565,
        "nauc_precision_at_3_max": 0.07498683816017587,
        "nauc_precision_at_3_std": -0.4649198530675704,
        "nauc_precision_at_5_diff1": 0.5008433631808221,
        "nauc_precision_at_5_max": 0.24698005260037342,
        "nauc_precision_at_5_std": -0.5508019949459134,
        "nauc_recall_at_1000_diff1": NaN,
        "nauc_recall_at_1000_max": NaN,
        "nauc_recall_at_1000_std": NaN,
        "nauc_recall_at_100_diff1": -0.16932645024147489,
        "nauc_recall_at_100_max": -0.5637901180615443,
        "nauc_recall_at_100_std": -0.5637901180615443,
        "nauc_recall_at_10_diff1": 0.38300706816100444,
        "nauc_recall_at_10_max": 0.4185195731081076,
        "nauc_recall_at_10_std": -0.40091861227198716,
        "nauc_recall_at_1_diff1": 0.45100389919557227,
        "nauc_recall_at_1_max": 0.07773262230195767,
        "nauc_recall_at_1_std": -0.29191787775456185,
        "nauc_recall_at_20_diff1": 0.43928640272972663,
        "nauc_recall_at_20_max": 0.4106379383390254,
        "nauc_recall_at_20_std": -0.420868499286167,
        "nauc_recall_at_3_diff1": 0.45816122675541615,
        "nauc_recall_at_3_max": 0.07498683816017519,
        "nauc_recall_at_3_std": -0.4649198530675706,
        "nauc_recall_at_5_diff1": 0.5008433631808211,
        "nauc_recall_at_5_max": 0.24698005260037348,
        "nauc_recall_at_5_std": -0.5508019949459128,
        "ndcg_at_1": 0.54386,
        "ndcg_at_10": 0.70782,
        "ndcg_at_100": 0.73155,
        "ndcg_at_1000": 0.73278,
        "ndcg_at_20": 0.71895,
        "ndcg_at_3": 0.6509,
        "ndcg_at_5": 0.68413,
        "precision_at_1": 0.54386,
        "precision_at_10": 0.08772,
        "precision_at_100": 0.00991,
        "precision_at_1000": 0.001,
        "precision_at_20": 0.04605,
        "precision_at_3": 0.24269,
        "precision_at_5": 0.1614,
        "recall_at_1": 0.54386,
        "recall_at_10": 0.87719,
        "recall_at_100": 0.99123,
        "recall_at_1000": 1.0,
        "recall_at_20": 0.92105,
        "recall_at_3": 0.72807,
        "recall_at_5": 0.80702
      }
    ]
  },
  "task_name": "AutoRAGRetrieval"
}