{
  "dataset_revision": "d243889a3eb6654029dbd7e7f9319ae31d58f97c",
  "evaluation_time": 26252.303451776505,
  "kg_co2_emissions": null,
  "mteb_version": "1.19.4",
  "scores": {
    "dev": [
      {
        "hf_subset": "default",
        "languages": [
          "kor-Hang"
        ],
        "main_score": 0.77042,
        "map_at_1": 0.46592,
        "map_at_10": 0.72027,
        "map_at_100": 0.72551,
        "map_at_1000": 0.72587,
        "map_at_20": 0.7237,
        "map_at_3": 0.67501,
        "map_at_5": 0.70711,
        "mrr_at_1": 0.7195945945945946,
        "mrr_at_10": 0.7861949002574001,
        "mrr_at_100": 0.7875507651031451,
        "mrr_at_1000": 0.7878467841424145,
        "mrr_at_20": 0.7870200135825133,
        "mrr_at_3": 0.777027027027027,
        "mrr_at_5": 0.7842060810810809,
        "nauc_map_at_1000_diff1": 0.5798460629285543,
        "nauc_map_at_1000_max": 0.5709365893012763,
        "nauc_map_at_1000_std": 0.24963229926789668,
        "nauc_map_at_100_diff1": 0.579850903420959,
        "nauc_map_at_100_max": 0.5713400656786721,
        "nauc_map_at_100_std": 0.24999648567848107,
        "nauc_map_at_10_diff1": 0.5803471345606962,
        "nauc_map_at_10_max": 0.5712431756202678,
        "nauc_map_at_10_std": 0.2421700727422,
        "nauc_map_at_1_diff1": 0.5512870662759014,
        "nauc_map_at_1_max": 0.22338378158416522,
        "nauc_map_at_1_std": 0.00987834782975795,
        "nauc_map_at_20_diff1": 0.5796823602883358,
        "nauc_map_at_20_max": 0.5705266832163431,
        "nauc_map_at_20_std": 0.2468221196093924,
        "nauc_map_at_3_diff1": 0.5607918178010085,
        "nauc_map_at_3_max": 0.5245880639557309,
        "nauc_map_at_3_std": 0.18915077275137712,
        "nauc_map_at_5_diff1": 0.5721320973412499,
        "nauc_map_at_5_max": 0.5576511822270637,
        "nauc_map_at_5_std": 0.21990609077755557,
        "nauc_mrr_at_1000_diff1": 0.6488061140795381,
        "nauc_mrr_at_1000_max": 0.6093968304137143,
        "nauc_mrr_at_1000_std": 0.318541599167972,
        "nauc_mrr_at_100_diff1": 0.6489704492564633,
        "nauc_mrr_at_100_max": 0.6098143688186834,
        "nauc_mrr_at_100_std": 0.31903470358423563,
        "nauc_mrr_at_10_diff1": 0.6486553682311893,
        "nauc_mrr_at_10_max": 0.6112651859819409,
        "nauc_mrr_at_10_std": 0.3203063096386445,
        "nauc_mrr_at_1_diff1": 0.6206797143265911,
        "nauc_mrr_at_1_max": 0.4945201476497312,
        "nauc_mrr_at_1_std": 0.1972028407123734,
        "nauc_mrr_at_20_diff1": 0.6488366321442393,
        "nauc_mrr_at_20_max": 0.6098816742420539,
        "nauc_mrr_at_20_std": 0.3181061242841399,
        "nauc_mrr_at_3_diff1": 0.6483813289040319,
        "nauc_mrr_at_3_max": 0.6135880843665676,
        "nauc_mrr_at_3_std": 0.317010318288184,
        "nauc_mrr_at_5_diff1": 0.6464749557254158,
        "nauc_mrr_at_5_max": 0.6146318548989139,
        "nauc_mrr_at_5_std": 0.3227119161042139,
        "nauc_ndcg_at_1000_diff1": 0.6113128952769129,
        "nauc_ndcg_at_1000_max": 0.621181818996922,
        "nauc_ndcg_at_1000_std": 0.32647263494138723,
        "nauc_ndcg_at_100_diff1": 0.6098657037764337,
        "nauc_ndcg_at_100_max": 0.6320186725086027,
        "nauc_ndcg_at_100_std": 0.33838728012231184,
        "nauc_ndcg_at_10_diff1": 0.6077329427579963,
        "nauc_ndcg_at_10_max": 0.6315137058304188,
        "nauc_ndcg_at_10_std": 0.31395351203019783,
        "nauc_ndcg_at_1_diff1": 0.6206797143265911,
        "nauc_ndcg_at_1_max": 0.4945201476497312,
        "nauc_ndcg_at_1_std": 0.1972028407123734,
        "nauc_ndcg_at_20_diff1": 0.6070561082184659,
        "nauc_ndcg_at_20_max": 0.6292145515101722,
        "nauc_ndcg_at_20_std": 0.3227008210375962,
        "nauc_ndcg_at_3_diff1": 0.5867661134954778,
        "nauc_ndcg_at_3_max": 0.5794669490947111,
        "nauc_ndcg_at_3_std": 0.24828332002512565,
        "nauc_ndcg_at_5_diff1": 0.5926357588594711,
        "nauc_ndcg_at_5_max": 0.610982040152071,
        "nauc_ndcg_at_5_std": 0.28090467113558243,
        "nauc_precision_at_1000_diff1": -0.1935591294276986,
        "nauc_precision_at_1000_max": 0.10619685387536802,
        "nauc_precision_at_1000_std": 0.2468394907699279,
        "nauc_precision_at_100_diff1": -0.0900605496254096,
        "nauc_precision_at_100_max": 0.2429950066850094,
        "nauc_precision_at_100_std": 0.3289252874196544,
        "nauc_precision_at_10_diff1": 0.0018350440784743298,
        "nauc_precision_at_10_max": 0.33957770539706905,
        "nauc_precision_at_10_std": 0.31891611215728227,
        "nauc_precision_at_1_diff1": 0.6206797143265911,
        "nauc_precision_at_1_max": 0.4945201476497312,
        "nauc_precision_at_1_std": 0.1972028407123734,
        "nauc_precision_at_20_diff1": -0.03365736454035419,
        "nauc_precision_at_20_max": 0.30114386228196793,
        "nauc_precision_at_20_std": 0.32274309305272564,
        "nauc_precision_at_3_diff1": 0.12755097872349536,
        "nauc_precision_at_3_max": 0.46353058962173,
        "nauc_precision_at_3_std": 0.3097186037482983,
        "nauc_precision_at_5_diff1": 0.04223451425936662,
        "nauc_precision_at_5_max": 0.3925891263112398,
        "nauc_precision_at_5_std": 0.30983738011566825,
        "nauc_recall_at_1000_diff1": 0.7872997351004211,
        "nauc_recall_at_1000_max": 0.9011890957279892,
        "nauc_recall_at_1000_std": 0.8485183303325131,
        "nauc_recall_at_100_diff1": 0.6607507229672478,
        "nauc_recall_at_100_max": 0.8665929700563204,
        "nauc_recall_at_100_std": 0.6988902010210113,
        "nauc_recall_at_10_diff1": 0.6153792478846523,
        "nauc_recall_at_10_max": 0.7718276200957296,
        "nauc_recall_at_10_std": 0.45811084641605715,
        "nauc_recall_at_1_diff1": 0.5512870662759014,
        "nauc_recall_at_1_max": 0.22338378158416522,
        "nauc_recall_at_1_std": 0.00987834782975795,
        "nauc_recall_at_20_diff1": 0.6229462319927663,
        "nauc_recall_at_20_max": 0.7874474748052596,
        "nauc_recall_at_20_std": 0.5121623906656506,
        "nauc_recall_at_3_diff1": 0.5522361870538924,
        "nauc_recall_at_3_max": 0.5990514608940101,
        "nauc_recall_at_3_std": 0.2546656850956461,
        "nauc_recall_at_5_diff1": 0.5715206663883843,
        "nauc_recall_at_5_max": 0.6907112067834904,
        "nauc_recall_at_5_std": 0.34368037183961025,
        "ndcg_at_1": 0.71959,
        "ndcg_at_10": 0.77042,
        "ndcg_at_100": 0.78684,
        "ndcg_at_1000": 0.7957,
        "ndcg_at_20": 0.77812,
        "ndcg_at_3": 0.7189,
        "ndcg_at_5": 0.75232,
        "precision_at_1": 0.71959,
        "precision_at_10": 0.15625,
        "precision_at_100": 0.01701,
        "precision_at_1000": 0.00183,
        "precision_at_20": 0.08074,
        "precision_at_3": 0.42849,
        "precision_at_5": 0.29122,
        "recall_at_1": 0.46592,
        "recall_at_10": 0.84045,
        "recall_at_100": 0.90191,
        "recall_at_1000": 0.95898,
        "recall_at_20": 0.86444,
        "recall_at_3": 0.72924,
        "recall_at_5": 0.79788
      }
    ]
  },
  "task_name": "Ko-StrategyQA"
}