{
  "dataset_revision": "main",
  "evaluation_time": 1186423.9800457954,
  "kg_co2_emissions": null,
  "mteb_version": "1.20.1",
  "scores": {
    "dev": [
      {
        "hf_subset": "ko",
        "languages": [
          "kor-Kore"
        ],
        "main_score": 0.55798,
        "map_at_1": 0.29203,
        "map_at_10": 0.46203,
        "map_at_100": 0.48745,
        "map_at_1000": 0.48846,
        "map_at_20": 0.47661,
        "map_at_3": 0.40607,
        "map_at_5": 0.43463,
        "mrr_at_1": 0.49765258215962443,
        "mrr_at_10": 0.6230289142260972,
        "mrr_at_100": 0.6277851950173721,
        "mrr_at_1000": 0.6279549678842242,
        "mrr_at_20": 0.6266624066568468,
        "mrr_at_3": 0.60093896713615,
        "mrr_at_5": 0.6126760563380279,
        "nauc_map_at_1000_diff1": 0.491194883591401,
        "nauc_map_at_1000_max": 0.4069872070975119,
        "nauc_map_at_1000_std": 0.1503680269848714,
        "nauc_map_at_100_diff1": 0.4913454233702117,
        "nauc_map_at_100_max": 0.40729458264289015,
        "nauc_map_at_100_std": 0.15028625396742795,
        "nauc_map_at_10_diff1": 0.48358147289855585,
        "nauc_map_at_10_max": 0.401153758256364,
        "nauc_map_at_10_std": 0.13214457746948782,
        "nauc_map_at_1_diff1": 0.5406803589896482,
        "nauc_map_at_1_max": 0.37956385631507095,
        "nauc_map_at_1_std": 0.01951489431069034,
        "nauc_map_at_20_diff1": 0.4881433473837766,
        "nauc_map_at_20_max": 0.40653494240357857,
        "nauc_map_at_20_std": 0.13840323230776408,
        "nauc_map_at_3_diff1": 0.5007445498318888,
        "nauc_map_at_3_max": 0.39660095984986155,
        "nauc_map_at_3_std": 0.10303331423281582,
        "nauc_map_at_5_diff1": 0.4795533699889755,
        "nauc_map_at_5_max": 0.39376258695768596,
        "nauc_map_at_5_std": 0.1272747061807712,
        "nauc_mrr_at_1000_diff1": 0.4864620495031914,
        "nauc_mrr_at_1000_max": 0.41944207225633723,
        "nauc_mrr_at_1000_std": 0.2139266544276021,
        "nauc_mrr_at_100_diff1": 0.48654660037253383,
        "nauc_mrr_at_100_max": 0.41972927438876206,
        "nauc_mrr_at_100_std": 0.2143479051340134,
        "nauc_mrr_at_10_diff1": 0.48504116206277675,
        "nauc_mrr_at_10_max": 0.42189655584570024,
        "nauc_mrr_at_10_std": 0.21635367595331065,
        "nauc_mrr_at_1_diff1": 0.503902511177942,
        "nauc_mrr_at_1_max": 0.37842900420373343,
        "nauc_mrr_at_1_std": 0.13358952143755706,
        "nauc_mrr_at_20_diff1": 0.4870227638485244,
        "nauc_mrr_at_20_max": 0.42038872245430065,
        "nauc_mrr_at_20_std": 0.21523868650702208,
        "nauc_mrr_at_3_diff1": 0.48157473054556565,
        "nauc_mrr_at_3_max": 0.4240310174815224,
        "nauc_mrr_at_3_std": 0.2193030086323231,
        "nauc_mrr_at_5_diff1": 0.4823847363954533,
        "nauc_mrr_at_5_max": 0.4204479083239435,
        "nauc_mrr_at_5_std": 0.22258727059077912,
        "nauc_ndcg_at_1000_diff1": 0.4997349532235543,
        "nauc_ndcg_at_1000_max": 0.4298387606599779,
        "nauc_ndcg_at_1000_std": 0.22086264873797648,
        "nauc_ndcg_at_100_diff1": 0.5044444671929433,
        "nauc_ndcg_at_100_max": 0.4380204415938954,
        "nauc_ndcg_at_100_std": 0.23084687735018677,
        "nauc_ndcg_at_10_diff1": 0.47565872284869415,
        "nauc_ndcg_at_10_max": 0.41736335785305456,
        "nauc_ndcg_at_10_std": 0.1817944693451711,
        "nauc_ndcg_at_1_diff1": 0.503902511177942,
        "nauc_ndcg_at_1_max": 0.37842900420373343,
        "nauc_ndcg_at_1_std": 0.13358952143755706,
        "nauc_ndcg_at_20_diff1": 0.49225862046154123,
        "nauc_ndcg_at_20_max": 0.42426048013735657,
        "nauc_ndcg_at_20_std": 0.194972162210241,
        "nauc_ndcg_at_3_diff1": 0.47687923026335577,
        "nauc_ndcg_at_3_max": 0.40531035894440326,
        "nauc_ndcg_at_3_std": 0.19084986432153023,
        "nauc_ndcg_at_5_diff1": 0.4657060987971936,
        "nauc_ndcg_at_5_max": 0.39069416975755794,
        "nauc_ndcg_at_5_std": 0.1940174168936946,
        "nauc_precision_at_1000_diff1": -0.11961975615453432,
        "nauc_precision_at_1000_max": -0.05579563542470387,
        "nauc_precision_at_1000_std": 0.20820953474163356,
        "nauc_precision_at_100_diff1": -0.07510979845535082,
        "nauc_precision_at_100_max": -0.014431689714078318,
        "nauc_precision_at_100_std": 0.24395066530154658,
        "nauc_precision_at_10_diff1": 0.0033959763225131613,
        "nauc_precision_at_10_max": 0.09943027216073655,
        "nauc_precision_at_10_std": 0.26396146250865166,
        "nauc_precision_at_1_diff1": 0.503902511177942,
        "nauc_precision_at_1_max": 0.37842900420373343,
        "nauc_precision_at_1_std": 0.13358952143755706,
        "nauc_precision_at_20_diff1": -0.03237023973607798,
        "nauc_precision_at_20_max": 0.051844987113912645,
        "nauc_precision_at_20_std": 0.24372696384200618,
        "nauc_precision_at_3_diff1": 0.15365445388164742,
        "nauc_precision_at_3_max": 0.25053447360765924,
        "nauc_precision_at_3_std": 0.29623151747718696,
        "nauc_precision_at_5_diff1": 0.04820706512058263,
        "nauc_precision_at_5_max": 0.15270339762587773,
        "nauc_precision_at_5_std": 0.2983220616107835,
        "nauc_recall_at_1000_diff1": 0.7973836608766782,
        "nauc_recall_at_1000_max": 0.5872450504603903,
        "nauc_recall_at_1000_std": 0.6800368078340461,
        "nauc_recall_at_100_diff1": 0.5701935430871975,
        "nauc_recall_at_100_max": 0.5487692759263737,
        "nauc_recall_at_100_std": 0.521275254554224,
        "nauc_recall_at_10_diff1": 0.3682811335069578,
        "nauc_recall_at_10_max": 0.3614076934322836,
        "nauc_recall_at_10_std": 0.1854444416214071,
        "nauc_recall_at_1_diff1": 0.5406803589896482,
        "nauc_recall_at_1_max": 0.37956385631507095,
        "nauc_recall_at_1_std": 0.01951489431069034,
        "nauc_recall_at_20_diff1": 0.42827597952233176,
        "nauc_recall_at_20_max": 0.3692076115465993,
        "nauc_recall_at_20_std": 0.23099687906425917,
        "nauc_recall_at_3_diff1": 0.42526025206025636,
        "nauc_recall_at_3_max": 0.3747420478623814,
        "nauc_recall_at_3_std": 0.14258382259602792,
        "nauc_recall_at_5_diff1": 0.37441114533135217,
        "nauc_recall_at_5_max": 0.3510166504479535,
        "nauc_recall_at_5_std": 0.19577868823310826,
        "ndcg_at_1": 0.49765,
        "ndcg_at_10": 0.55798,
        "ndcg_at_100": 0.62582,
        "ndcg_at_1000": 0.63931,
        "ndcg_at_20": 0.58864,
        "ndcg_at_3": 0.51786,
        "ndcg_at_5": 0.52451,
        "precision_at_1": 0.49765,
        "precision_at_10": 0.14883,
        "precision_at_100": 0.02282,
        "precision_at_1000": 0.00252,
        "precision_at_20": 0.08873,
        "precision_at_3": 0.32238,
        "precision_at_5": 0.23286,
        "recall_at_1": 0.29203,
        "recall_at_10": 0.66858,
        "recall_at_100": 0.89209,
        "recall_at_1000": 0.97269,
        "recall_at_20": 0.7564,
        "recall_at_3": 0.49825,
        "recall_at_5": 0.56757
      }
    ]
  },
  "task_name": "MIRACLRetrieval"
}