{
  "dataset_revision": "fc24a3ce8f09746410daee3d5cd823ff7a0675b7",
  "evaluation_time": 1455631.1653485298,
  "kg_co2_emissions": null,
  "mteb_version": "1.21.6",
  "scores": {
    "test": [
      {
        "hf_subset": "korean",
        "languages": [
          "kor-Kore"
        ],
        "main_score": 0.40347,
        "map_at_1": 0.2312,
        "map_at_10": 0.34018,
        "map_at_100": 0.35384,
        "map_at_1000": 0.35433,
        "map_at_20": 0.34932,
        "map_at_3": 0.30681,
        "map_at_5": 0.3253,
        "mrr_at_1": 0.2494061757719715,
        "mrr_at_10": 0.35903272631301125,
        "mrr_at_100": 0.3706073589603738,
        "mrr_at_1000": 0.3709959642055801,
        "mrr_at_20": 0.3667203837232443,
        "mrr_at_3": 0.32818685669041964,
        "mrr_at_5": 0.34481393507521774,
        "nauc_map_at_1000_diff1": 0.35314835099740105,
        "nauc_map_at_1000_max": 0.3184028824344834,
        "nauc_map_at_1000_std": 0.1432921331223796,
        "nauc_map_at_100_diff1": 0.35296058643756734,
        "nauc_map_at_100_max": 0.31841688633705867,
        "nauc_map_at_100_std": 0.14349656279043632,
        "nauc_map_at_10_diff1": 0.35112506194836135,
        "nauc_map_at_10_max": 0.31491953489216773,
        "nauc_map_at_10_std": 0.13911813914615137,
        "nauc_map_at_1_diff1": 0.4093468304996029,
        "nauc_map_at_1_max": 0.327725215421424,
        "nauc_map_at_1_std": 0.09909470695069918,
        "nauc_map_at_20_diff1": 0.35100121453234423,
        "nauc_map_at_20_max": 0.3181574024852935,
        "nauc_map_at_20_std": 0.14559399484397795,
        "nauc_map_at_3_diff1": 0.3756745099127106,
        "nauc_map_at_3_max": 0.32612578483522403,
        "nauc_map_at_3_std": 0.13379369457944715,
        "nauc_map_at_5_diff1": 0.3568498924051157,
        "nauc_map_at_5_max": 0.31074286391034067,
        "nauc_map_at_5_std": 0.1293251651765584,
        "nauc_mrr_at_1000_diff1": 0.364977531152561,
        "nauc_mrr_at_1000_max": 0.33340877689458087,
        "nauc_mrr_at_1000_std": 0.1452165152480756,
        "nauc_mrr_at_100_diff1": 0.3647663369033261,
        "nauc_mrr_at_100_max": 0.33343770667477374,
        "nauc_mrr_at_100_std": 0.14535532653439698,
        "nauc_mrr_at_10_diff1": 0.36456902168528393,
        "nauc_mrr_at_10_max": 0.33150060580676827,
        "nauc_mrr_at_10_std": 0.1417761017055953,
        "nauc_mrr_at_1_diff1": 0.41959061576722323,
        "nauc_mrr_at_1_max": 0.3433839178533463,
        "nauc_mrr_at_1_std": 0.0974870864589389,
        "nauc_mrr_at_20_diff1": 0.36332755358638935,
        "nauc_mrr_at_20_max": 0.33339240206318743,
        "nauc_mrr_at_20_std": 0.14724678496394428,
        "nauc_mrr_at_3_diff1": 0.38550657045567355,
        "nauc_mrr_at_3_max": 0.3415972835297517,
        "nauc_mrr_at_3_std": 0.14372554311864696,
        "nauc_mrr_at_5_diff1": 0.36792261359578443,
        "nauc_mrr_at_5_max": 0.32610972899994883,
        "nauc_mrr_at_5_std": 0.13251527197477345,
        "nauc_ndcg_at_1000_diff1": 0.33995483891551825,
        "nauc_ndcg_at_1000_max": 0.32613427563168335,
        "nauc_ndcg_at_1000_std": 0.16820157108978356,
        "nauc_ndcg_at_100_diff1": 0.333763670806927,
        "nauc_ndcg_at_100_max": 0.3232036273021733,
        "nauc_ndcg_at_100_std": 0.17143680193565985,
        "nauc_ndcg_at_10_diff1": 0.32351652052150365,
        "nauc_ndcg_at_10_max": 0.3092628191110229,
        "nauc_ndcg_at_10_std": 0.15760843232563637,
        "nauc_ndcg_at_1_diff1": 0.41959061576722323,
        "nauc_ndcg_at_1_max": 0.3433839178533463,
        "nauc_ndcg_at_1_std": 0.0974870864589389,
        "nauc_ndcg_at_20_diff1": 0.3184009538690653,
        "nauc_ndcg_at_20_max": 0.31759749112137114,
        "nauc_ndcg_at_20_std": 0.18107837405928612,
        "nauc_ndcg_at_3_diff1": 0.3684020079755906,
        "nauc_ndcg_at_3_max": 0.3289719410412564,
        "nauc_ndcg_at_3_std": 0.1477630747515411,
        "nauc_ndcg_at_5_diff1": 0.33512227447065757,
        "nauc_ndcg_at_5_max": 0.30012607008251885,
        "nauc_ndcg_at_5_std": 0.13502330718572497,
        "nauc_precision_at_1000_diff1": 0.06521978170848006,
        "nauc_precision_at_1000_max": 0.12105515582448478,
        "nauc_precision_at_1000_std": 0.03867644111859382,
        "nauc_precision_at_100_diff1": 0.12353944797790105,
        "nauc_precision_at_100_max": 0.1913192006044018,
        "nauc_precision_at_100_std": 0.14174840682942003,
        "nauc_precision_at_10_diff1": 0.1965669422940171,
        "nauc_precision_at_10_max": 0.25496564994278625,
        "nauc_precision_at_10_std": 0.18820923954238694,
        "nauc_precision_at_1_diff1": 0.41959061576722323,
        "nauc_precision_at_1_max": 0.3433839178533463,
        "nauc_precision_at_1_std": 0.0974870864589389,
        "nauc_precision_at_20_diff1": 0.11676195546241633,
        "nauc_precision_at_20_max": 0.21904929672037599,
        "nauc_precision_at_20_std": 0.23147430316311335,
        "nauc_precision_at_3_diff1": 0.34674459790480033,
        "nauc_precision_at_3_max": 0.33319229819409746,
        "nauc_precision_at_3_std": 0.1752854772824614,
        "nauc_precision_at_5_diff1": 0.24789066663662582,
        "nauc_precision_at_5_max": 0.2485642215680406,
        "nauc_precision_at_5_std": 0.14710195968857806,
        "nauc_recall_at_1000_diff1": 0.2548683272740943,
        "nauc_recall_at_1000_max": 0.5855865374228014,
        "nauc_recall_at_1000_std": 0.7160706897978473,
        "nauc_recall_at_100_diff1": 0.21085262386402295,
        "nauc_recall_at_100_max": 0.3527713843700616,
        "nauc_recall_at_100_std": 0.38591614385520506,
        "nauc_recall_at_10_diff1": 0.21019952954619286,
        "nauc_recall_at_10_max": 0.2622111605771992,
        "nauc_recall_at_10_std": 0.20840494045508398,
        "nauc_recall_at_1_diff1": 0.4093468304996029,
        "nauc_recall_at_1_max": 0.327725215421424,
        "nauc_recall_at_1_std": 0.09909470695069918,
        "nauc_recall_at_20_diff1": 0.1573821569814531,
        "nauc_recall_at_20_max": 0.288872669243251,
        "nauc_recall_at_20_std": 0.3308644175315028,
        "nauc_recall_at_3_diff1": 0.3337416059993435,
        "nauc_recall_at_3_max": 0.3171886527151158,
        "nauc_recall_at_3_std": 0.1724507303422492,
        "nauc_recall_at_5_diff1": 0.2552725017557499,
        "nauc_recall_at_5_max": 0.24659826971970386,
        "nauc_recall_at_5_std": 0.13957583477761074,
        "ndcg_at_1": 0.24941,
        "ndcg_at_10": 0.40347,
        "ndcg_at_100": 0.46451,
        "ndcg_at_1000": 0.47738,
        "ndcg_at_20": 0.43455,
        "ndcg_at_3": 0.33662,
        "ndcg_at_5": 0.36865,
        "precision_at_1": 0.24941,
        "precision_at_10": 0.06508,
        "precision_at_100": 0.00981,
        "precision_at_1000": 0.0011,
        "precision_at_20": 0.03979,
        "precision_at_3": 0.14727,
        "precision_at_5": 0.10594,
        "recall_at_1": 0.2312,
        "recall_at_10": 0.58155,
        "recall_at_100": 0.85234,
        "recall_at_1000": 0.95051,
        "recall_at_20": 0.69873,
        "recall_at_3": 0.40222,
        "recall_at_5": 0.47783
      }
    ]
  },
  "task_name": "MrTidyRetrieval"
}