{
  "dataset_revision": "d67138e705d963e346253a80e59676ddb418810a",
  "evaluation_time": 12127.463791370392,
  "kg_co2_emissions": null,
  "mteb_version": "1.20.1",
  "scores": {
    "dev": [
      {
        "hf_subset": "ko",
        "languages": [
          "kor-Hang"
        ],
        "main_score": 0.24346,
        "map_at_1": 0.16,
        "map_at_10": 0.21462,
        "map_at_100": 0.22418,
        "map_at_1000": 0.22525,
        "map_at_20": 0.2195,
        "map_at_3": 0.19833,
        "map_at_5": 0.20933,
        "mrr_at_1": 0.16,
        "mrr_at_10": 0.21461507936507943,
        "mrr_at_100": 0.22417548602107892,
        "mrr_at_1000": 0.22525155738712846,
        "mrr_at_20": 0.21949745576061366,
        "mrr_at_3": 0.19833333333333336,
        "mrr_at_5": 0.20933333333333334,
        "nauc_map_at_1000_diff1": 0.49929863529099233,
        "nauc_map_at_1000_max": 0.41971415809226786,
        "nauc_map_at_1000_std": 0.09531890382009271,
        "nauc_map_at_100_diff1": 0.4990409957299045,
        "nauc_map_at_100_max": 0.41987897706351596,
        "nauc_map_at_100_std": 0.0952393361704494,
        "nauc_map_at_10_diff1": 0.5062956213852428,
        "nauc_map_at_10_max": 0.4243765133769566,
        "nauc_map_at_10_std": 0.08795426579167952,
        "nauc_map_at_1_diff1": 0.6395663696420342,
        "nauc_map_at_1_max": 0.4531898141035488,
        "nauc_map_at_1_std": 0.05106391150714374,
        "nauc_map_at_20_diff1": 0.496346158552349,
        "nauc_map_at_20_max": 0.4192185873029332,
        "nauc_map_at_20_std": 0.09161467444411081,
        "nauc_map_at_3_diff1": 0.5307151722565736,
        "nauc_map_at_3_max": 0.4392240081280448,
        "nauc_map_at_3_std": 0.08356857193516706,
        "nauc_map_at_5_diff1": 0.5156828411866133,
        "nauc_map_at_5_max": 0.43736539278879716,
        "nauc_map_at_5_std": 0.08712073248344535,
        "nauc_mrr_at_1000_diff1": 0.49929863529099233,
        "nauc_mrr_at_1000_max": 0.41971415809226786,
        "nauc_mrr_at_1000_std": 0.09531890382009271,
        "nauc_mrr_at_100_diff1": 0.4990409957299045,
        "nauc_mrr_at_100_max": 0.41987897706351596,
        "nauc_mrr_at_100_std": 0.0952393361704494,
        "nauc_mrr_at_10_diff1": 0.5062956213852428,
        "nauc_mrr_at_10_max": 0.4243765133769566,
        "nauc_mrr_at_10_std": 0.08795426579167952,
        "nauc_mrr_at_1_diff1": 0.6395663696420342,
        "nauc_mrr_at_1_max": 0.4531898141035488,
        "nauc_mrr_at_1_std": 0.05106391150714374,
        "nauc_mrr_at_20_diff1": 0.496346158552349,
        "nauc_mrr_at_20_max": 0.4192185873029332,
        "nauc_mrr_at_20_std": 0.09161467444411081,
        "nauc_mrr_at_3_diff1": 0.5307151722565736,
        "nauc_mrr_at_3_max": 0.4392240081280448,
        "nauc_mrr_at_3_std": 0.08356857193516706,
        "nauc_mrr_at_5_diff1": 0.5156828411866133,
        "nauc_mrr_at_5_max": 0.43736539278879716,
        "nauc_mrr_at_5_std": 0.08712073248344535,
        "nauc_ndcg_at_1000_diff1": 0.45240660942590677,
        "nauc_ndcg_at_1000_max": 0.40142745355267073,
        "nauc_ndcg_at_1000_std": 0.14297847584846893,
        "nauc_ndcg_at_100_diff1": 0.4422257629311109,
        "nauc_ndcg_at_100_max": 0.39084482306992857,
        "nauc_ndcg_at_100_std": 0.1396135977087359,
        "nauc_ndcg_at_10_diff1": 0.4559678485368314,
        "nauc_ndcg_at_10_max": 0.4016152381044367,
        "nauc_ndcg_at_10_std": 0.10065001102931954,
        "nauc_ndcg_at_1_diff1": 0.6395663696420342,
        "nauc_ndcg_at_1_max": 0.4531898141035488,
        "nauc_ndcg_at_1_std": 0.05106391150714374,
        "nauc_ndcg_at_20_diff1": 0.42455881041527677,
        "nauc_ndcg_at_20_max": 0.3829538123114625,
        "nauc_ndcg_at_20_std": 0.11126163095011597,
        "nauc_ndcg_at_3_diff1": 0.5032758392136251,
        "nauc_ndcg_at_3_max": 0.4361327441336674,
        "nauc_ndcg_at_3_std": 0.0920914189387461,
        "nauc_ndcg_at_5_diff1": 0.4768782619701144,
        "nauc_ndcg_at_5_max": 0.4318323517533922,
        "nauc_ndcg_at_5_std": 0.09792981024765775,
        "nauc_precision_at_1000_diff1": 0.29945358643125614,
        "nauc_precision_at_1000_max": 0.4339723950601696,
        "nauc_precision_at_1000_std": 0.5704020719497185,
        "nauc_precision_at_100_diff1": 0.29562207969353155,
        "nauc_precision_at_100_max": 0.30654874191020737,
        "nauc_precision_at_100_std": 0.31555271788025674,
        "nauc_precision_at_10_diff1": 0.32826434865760473,
        "nauc_precision_at_10_max": 0.33699008559722193,
        "nauc_precision_at_10_std": 0.1325528425050969,
        "nauc_precision_at_1_diff1": 0.6395663696420342,
        "nauc_precision_at_1_max": 0.4531898141035488,
        "nauc_precision_at_1_std": 0.05106391150714374,
        "nauc_precision_at_20_diff1": 0.23176493305870235,
        "nauc_precision_at_20_max": 0.27511585993820825,
        "nauc_precision_at_20_std": 0.16388388259526274,
        "nauc_precision_at_3_diff1": 0.43420437425320807,
        "nauc_precision_at_3_max": 0.4284823701416771,
        "nauc_precision_at_3_std": 0.11364597789866632,
        "nauc_precision_at_5_diff1": 0.3807973408349397,
        "nauc_precision_at_5_max": 0.41757201337756206,
        "nauc_precision_at_5_std": 0.12434866122209884,
        "nauc_recall_at_1000_diff1": 0.29945358643125675,
        "nauc_recall_at_1000_max": 0.4339723950601693,
        "nauc_recall_at_1000_std": 0.5704020719497167,
        "nauc_recall_at_100_diff1": 0.29562207969353077,
        "nauc_recall_at_100_max": 0.3065487419102072,
        "nauc_recall_at_100_std": 0.3155527178802567,
        "nauc_recall_at_10_diff1": 0.32826434865760423,
        "nauc_recall_at_10_max": 0.33699008559722154,
        "nauc_recall_at_10_std": 0.1325528425050965,
        "nauc_recall_at_1_diff1": 0.6395663696420342,
        "nauc_recall_at_1_max": 0.4531898141035488,
        "nauc_recall_at_1_std": 0.05106391150714374,
        "nauc_recall_at_20_diff1": 0.23176493305870227,
        "nauc_recall_at_20_max": 0.27511585993820803,
        "nauc_recall_at_20_std": 0.16388388259526257,
        "nauc_recall_at_3_diff1": 0.43420437425320807,
        "nauc_recall_at_3_max": 0.42848237014167706,
        "nauc_recall_at_3_std": 0.11364597789866643,
        "nauc_recall_at_5_diff1": 0.38079734083493955,
        "nauc_recall_at_5_max": 0.4175720133775618,
        "nauc_recall_at_5_std": 0.12434866122209884,
        "ndcg_at_1": 0.16,
        "ndcg_at_10": 0.24346,
        "ndcg_at_100": 0.29392,
        "ndcg_at_1000": 0.3264,
        "ndcg_at_20": 0.26034,
        "ndcg_at_3": 0.21036,
        "ndcg_at_5": 0.23057,
        "precision_at_1": 0.16,
        "precision_at_10": 0.0335,
        "precision_at_100": 0.0058,
        "precision_at_1000": 0.00085,
        "precision_at_20": 0.02,
        "precision_at_3": 0.08167,
        "precision_at_5": 0.059,
        "recall_at_1": 0.16,
        "recall_at_10": 0.335,
        "recall_at_100": 0.58,
        "recall_at_1000": 0.845,
        "recall_at_20": 0.4,
        "recall_at_3": 0.245,
        "recall_at_5": 0.295
      }
    ],
    "test": [
      {
        "hf_subset": "ko",
        "languages": [
          "kor-Hang"
        ],
        "main_score": 0.26801,
        "map_at_1": 0.2,
        "map_at_10": 0.24508,
        "map_at_100": 0.24995,
        "map_at_1000": 0.25111,
        "map_at_20": 0.24643,
        "map_at_3": 0.23417,
        "map_at_5": 0.23917,
        "mrr_at_1": 0.2,
        "mrr_at_10": 0.24508333333333332,
        "mrr_at_100": 0.2499496802510732,
        "mrr_at_1000": 0.25110701532543067,
        "mrr_at_20": 0.24642822199730097,
        "mrr_at_3": 0.2341666666666667,
        "mrr_at_5": 0.23916666666666667,
        "nauc_map_at_1000_diff1": 0.6395355878729584,
        "nauc_map_at_1000_max": 0.365187460643138,
        "nauc_map_at_1000_std": 0.01970574265860572,
        "nauc_map_at_100_diff1": 0.6391681401299727,
        "nauc_map_at_100_max": 0.3650387442985491,
        "nauc_map_at_100_std": 0.01867822705611146,