{
  "dataset_revision": "main",
  "evaluation_time": 88.03694748878479,
  "kg_co2_emissions": null,
  "mteb_version": "1.20.0",
  "scores": {
    "test": [
      {
        "hf_subset": "korean",
        "languages": [
          "kor-Hang"
        ],
        "main_score": 0.8605,
        "map_at_1": 0.72727,
        "map_at_10": 0.82287,
        "map_at_100": 0.8246,
        "map_at_1000": 0.8246,
        "map_at_20": 0.8246,
        "map_at_3": 0.80952,
        "map_at_5": 0.81926,
        "mrr_at_1": 0.7272727272727273,
        "mrr_at_10": 0.8228715728715729,
        "mrr_at_100": 0.8246031746031747,
        "mrr_at_1000": 0.8246031746031747,
        "mrr_at_20": 0.8246031746031747,
        "mrr_at_3": 0.8095238095238095,
        "mrr_at_5": 0.8192640692640693,
        "nauc_map_at_1000_diff1": 0.5941123198806364,
        "nauc_map_at_1000_max": 0.35774172874077775,
        "nauc_map_at_1000_std": -0.03559328712720151,
        "nauc_map_at_100_diff1": 0.5941123198806364,
        "nauc_map_at_100_max": 0.35774172874077775,
        "nauc_map_at_100_std": -0.03559328712720151,
        "nauc_map_at_10_diff1": 0.5963003758717501,
        "nauc_map_at_10_max": 0.36400168489193485,
        "nauc_map_at_10_std": -0.032820874591175796,
        "nauc_map_at_1_diff1": 0.6291397163278336,
        "nauc_map_at_1_max": 0.3512047101861982,
        "nauc_map_at_1_std": -0.02760603176568628,
        "nauc_map_at_20_diff1": 0.5941123198806364,
        "nauc_map_at_20_max": 0.35774172874077775,
        "nauc_map_at_20_std": -0.03559328712720151,
        "nauc_map_at_3_diff1": 0.5683248864352117,
        "nauc_map_at_3_max": 0.3613617400875627,
        "nauc_map_at_3_std": -0.035344875398458854,
        "nauc_map_at_5_diff1": 0.5753457266413127,
        "nauc_map_at_5_max": 0.35922690099588295,
        "nauc_map_at_5_std": -0.030867869425378183,
        "nauc_mrr_at_1000_diff1": 0.5941123198806364,
        "nauc_mrr_at_1000_max": 0.35774172874077775,
        "nauc_mrr_at_1000_std": -0.03559328712720151,
        "nauc_mrr_at_100_diff1": 0.5941123198806364,
        "nauc_mrr_at_100_max": 0.35774172874077775,
        "nauc_mrr_at_100_std": -0.03559328712720151,
        "nauc_mrr_at_10_diff1": 0.5963003758717501,
        "nauc_mrr_at_10_max": 0.36400168489193485,
        "nauc_mrr_at_10_std": -0.032820874591175796,
        "nauc_mrr_at_1_diff1": 0.6291397163278336,
        "nauc_mrr_at_1_max": 0.3512047101861982,
        "nauc_mrr_at_1_std": -0.02760603176568628,
        "nauc_mrr_at_20_diff1": 0.5941123198806364,
        "nauc_mrr_at_20_max": 0.35774172874077775,
        "nauc_mrr_at_20_std": -0.03559328712720151,
        "nauc_mrr_at_3_diff1": 0.5683248864352117,
        "nauc_mrr_at_3_max": 0.3613617400875627,
        "nauc_mrr_at_3_std": -0.035344875398458854,
        "nauc_mrr_at_5_diff1": 0.5753457266413127,
        "nauc_mrr_at_5_max": 0.35922690099588295,
        "nauc_mrr_at_5_std": -0.030867869425378183,
        "nauc_ndcg_at_1000_diff1": 0.5923204922760418,
        "nauc_ndcg_at_1000_max": 0.3617737751423526,
        "nauc_ndcg_at_1000_std": -0.035546633374422584,
        "nauc_ndcg_at_100_diff1": 0.5923204922760418,
        "nauc_ndcg_at_100_max": 0.3617737751423526,
        "nauc_ndcg_at_100_std": -0.035546633374422584,
        "nauc_ndcg_at_10_diff1": 0.6027625914595975,
        "nauc_ndcg_at_10_max": 0.3911779598535934,
        "nauc_ndcg_at_10_std": -0.02243478615895175,
        "nauc_ndcg_at_1_diff1": 0.6291397163278336,
        "nauc_ndcg_at_1_max": 0.3512047101861982,
        "nauc_ndcg_at_1_std": -0.02760603176568628,
        "nauc_ndcg_at_20_diff1": 0.5923204922760418,
        "nauc_ndcg_at_20_max": 0.3617737751423526,
        "nauc_ndcg_at_20_std": -0.035546633374422584,
        "nauc_ndcg_at_3_diff1": 0.5389406858000926,
        "nauc_ndcg_at_3_max": 0.3764518408506499,
        "nauc_ndcg_at_3_std": -0.034403886138833065,
        "nauc_ndcg_at_5_diff1": 0.5499029401176652,
        "nauc_ndcg_at_5_max": 0.3738836785483251,
        "nauc_ndcg_at_5_std": -0.024967315629729113,
        "nauc_precision_at_1000_diff1": NaN,
        "nauc_precision_at_1000_max": NaN,
        "nauc_precision_at_1000_std": NaN,
        "nauc_precision_at_100_diff1": 1.0,
        "nauc_precision_at_100_max": 1.0,
        "nauc_precision_at_100_std": 1.0,
        "nauc_precision_at_10_diff1": 0.7956576740092968,
        "nauc_precision_at_10_max": 0.9343563512361485,
        "nauc_precision_at_10_std": 0.21977808756952869,
        "nauc_precision_at_1_diff1": 0.6291397163278336,
        "nauc_precision_at_1_max": 0.3512047101861982,
        "nauc_precision_at_1_std": -0.02760603176568628,
        "nauc_precision_at_20_diff1": 1.0,
        "nauc_precision_at_20_max": 1.0,
        "nauc_precision_at_20_std": 1.0,
        "nauc_precision_at_3_diff1": 0.37827560700261104,
        "nauc_precision_at_3_max": 0.46448289340790067,
        "nauc_precision_at_3_std": -0.02672054880618261,
        "nauc_precision_at_5_diff1": 0.3239156642506275,
        "nauc_precision_at_5_max": 0.5150116195409513,
        "nauc_precision_at_5_std": 0.03597587103073941,
        "nauc_recall_at_1000_diff1": NaN,
        "nauc_recall_at_1000_max": NaN,
        "nauc_recall_at_1000_std": NaN,
        "nauc_recall_at_100_diff1": NaN,
        "nauc_recall_at_100_max": NaN,
        "nauc_recall_at_100_std": NaN,
        "nauc_recall_at_10_diff1": 0.7956576740092982,
        "nauc_recall_at_10_max": 0.9343563512361502,
        "nauc_recall_at_10_std": 0.21977808756952488,
        "nauc_recall_at_1_diff1": 0.6291397163278336,
        "nauc_recall_at_1_max": 0.3512047101861982,
        "nauc_recall_at_1_std": -0.02760603176568628,
        "nauc_recall_at_20_diff1": NaN,
        "nauc_recall_at_20_max": NaN,
        "nauc_recall_at_20_std": NaN,
        "nauc_recall_at_3_diff1": 0.37827560700261204,
        "nauc_recall_at_3_max": 0.4644828934079003,
        "nauc_recall_at_3_std": -0.026720548806184068,
        "nauc_recall_at_5_diff1": 0.3239156642506218,
        "nauc_recall_at_5_max": 0.5150116195409485,
        "nauc_recall_at_5_std": 0.035975871030735844,
        "ndcg_at_1": 0.72727,
        "ndcg_at_10": 0.8605,
        "ndcg_at_100": 0.86699,
        "ndcg_at_1000": 0.86699,
        "ndcg_at_20": 0.86699,
        "ndcg_at_3": 0.83519,
        "ndcg_at_5": 0.85197,
        "precision_at_1": 0.72727,
        "precision_at_10": 0.0974,
        "precision_at_100": 0.01,
        "precision_at_1000": 0.001,
        "precision_at_20": 0.05,
        "precision_at_3": 0.30303,
        "precision_at_5": 0.18961,
        "recall_at_1": 0.72727,
        "recall_at_10": 0.97403,
        "recall_at_100": 1.0,
        "recall_at_1000": 1.0,
        "recall_at_20": 1.0,
        "recall_at_3": 0.90909,
        "recall_at_5": 0.94805
      }
    ]
  },
  "task_name": "PublicHealthQA"
}