{
  "dataset_revision": "d243889a3eb6654029dbd7e7f9319ae31d58f97c",
  "evaluation_time": 20.74926519393921,
  "kg_co2_emissions": null,
  "mteb_version": "1.19.4",
  "scores": {
    "dev": [
      {
        "hf_subset": "default",
        "languages": [
          "kor-Hang"
        ],
        "main_score": 0.65097,
        "map_at_1": 0.37409,
        "map_at_10": 0.58031,
        "map_at_100": 0.59031,
        "map_at_1000": 0.5909,
        "map_at_20": 0.5873,
        "map_at_3": 0.53023,
        "map_at_5": 0.56176,
        "mrr_at_1": 0.5844594594594594,
        "mrr_at_10": 0.6746159105534107,
        "mrr_at_100": 0.677604599211867,
        "mrr_at_1000": 0.6777892991738226,
        "mrr_at_20": 0.6764324160197807,
        "mrr_at_3": 0.6573761261261261,
        "mrr_at_5": 0.6688626126126125,
        "nauc_map_at_1000_diff1": 0.30437588062635906,
        "nauc_map_at_1000_max": 0.4390854193045797,
        "nauc_map_at_1000_std": 0.14446283271908086,
        "nauc_map_at_100_diff1": 0.30444645347431776,
        "nauc_map_at_100_max": 0.43931312052110805,
        "nauc_map_at_100_std": 0.14435130630753498,
        "nauc_map_at_10_diff1": 0.30418203912088493,
        "nauc_map_at_10_max": 0.4366218414760577,
        "nauc_map_at_10_std": 0.1378511395654776,
        "nauc_map_at_1_diff1": 0.4087465742894733,
        "nauc_map_at_1_max": 0.25766176850386774,
        "nauc_map_at_1_std": 0.055245934886855,
        "nauc_map_at_20_diff1": 0.30456349353261336,
        "nauc_map_at_20_max": 0.4391665415776432,
        "nauc_map_at_20_std": 0.1421171019566587,
        "nauc_map_at_3_diff1": 0.31526050997633975,
        "nauc_map_at_3_max": 0.37018839340712634,
        "nauc_map_at_3_std": 0.08429713272536982,
        "nauc_map_at_5_diff1": 0.3069323555381713,
        "nauc_map_at_5_max": 0.41802740453050763,
        "nauc_map_at_5_std": 0.11909808743170387,
        "nauc_mrr_at_1000_diff1": 0.36515183653248784,
        "nauc_mrr_at_1000_max": 0.48358232224139225,
        "nauc_mrr_at_1000_std": 0.21146982434985648,
        "nauc_mrr_at_100_diff1": 0.36507238696029265,
        "nauc_mrr_at_100_max": 0.4838076218430697,
        "nauc_mrr_at_100_std": 0.2116090849112434,
        "nauc_mrr_at_10_diff1": 0.3665187269649373,
        "nauc_mrr_at_10_max": 0.48677214917328243,
        "nauc_mrr_at_10_std": 0.21174175553184899,
        "nauc_mrr_at_1_diff1": 0.40917227698428543,
        "nauc_mrr_at_1_max": 0.41704874435036265,
        "nauc_mrr_at_1_std": 0.16145322996342915,
        "nauc_mrr_at_20_diff1": 0.36586886928481055,
        "nauc_mrr_at_20_max": 0.48521303884222944,
        "nauc_mrr_at_20_std": 0.21170653563898306,
        "nauc_mrr_at_3_diff1": 0.3675254317772204,
        "nauc_mrr_at_3_max": 0.4654506632776554,
        "nauc_mrr_at_3_std": 0.19152422350584644,
        "nauc_mrr_at_5_diff1": 0.36640859610853055,
        "nauc_mrr_at_5_max": 0.4833872713977703,
        "nauc_mrr_at_5_std": 0.20526088902278128,
        "nauc_ndcg_at_1000_diff1": 0.2932746108713316,
        "nauc_ndcg_at_1000_max": 0.4890279378297942,
        "nauc_ndcg_at_1000_std": 0.21070421679328963,
        "nauc_ndcg_at_100_diff1": 0.29457269198991803,
        "nauc_ndcg_at_100_max": 0.4970625190600618,
        "nauc_ndcg_at_100_std": 0.21366100392466914,
        "nauc_ndcg_at_10_diff1": 0.29879033994280735,
        "nauc_ndcg_at_10_max": 0.4960716816141179,
        "nauc_ndcg_at_10_std": 0.19260925022449377,
        "nauc_ndcg_at_1_diff1": 0.40917227698428543,
        "nauc_ndcg_at_1_max": 0.41704874435036265,
        "nauc_ndcg_at_1_std": 0.16145322996342915,
        "nauc_ndcg_at_20_diff1": 0.29662820381530053,
        "nauc_ndcg_at_20_max": 0.49791452080604626,
        "nauc_ndcg_at_20_std": 0.20205453789312205,
        "nauc_ndcg_at_3_diff1": 0.31592108768743415,
        "nauc_ndcg_at_3_max": 0.4039815215837218,
        "nauc_ndcg_at_3_std": 0.11043780715322889,
        "nauc_ndcg_at_5_diff1": 0.3049782661130862,
        "nauc_ndcg_at_5_max": 0.4628313056055861,
        "nauc_ndcg_at_5_std": 0.1576020257597286,
        "nauc_precision_at_1000_diff1": -0.21147644159242057,
        "nauc_precision_at_1000_max": 0.1475822618299784,
        "nauc_precision_at_1000_std": 0.21746299221018425,
        "nauc_precision_at_100_diff1": -0.15702369326136553,
        "nauc_precision_at_100_max": 0.28589498077169495,
        "nauc_precision_at_100_std": 0.2743788996380555,
        "nauc_precision_at_10_diff1": -0.07291814728827116,
        "nauc_precision_at_10_max": 0.40126112733846653,
        "nauc_precision_at_10_std": 0.2539708185779428,
        "nauc_precision_at_1_diff1": 0.40917227698428543,
        "nauc_precision_at_1_max": 0.41704874435036265,
        "nauc_precision_at_1_std": 0.16145322996342915,
        "nauc_precision_at_20_diff1": -0.1024753137898999,
        "nauc_precision_at_20_max": 0.3563278273399836,
        "nauc_precision_at_20_std": 0.25837994338439596,
        "nauc_precision_at_3_diff1": 0.04041036837743305,
        "nauc_precision_at_3_max": 0.3779530001169553,
        "nauc_precision_at_3_std": 0.1542555866037716,
        "nauc_precision_at_5_diff1": -0.0149201805828455,
        "nauc_precision_at_5_max": 0.41480676647959547,
        "nauc_precision_at_5_std": 0.21427245371226203,
        "nauc_recall_at_1000_diff1": -0.15379458116866024,
        "nauc_recall_at_1000_max": 0.7442018036133632,
        "nauc_recall_at_1000_std": 0.7578319183569155,
        "nauc_recall_at_100_diff1": 0.11383562452978276,
        "nauc_recall_at_100_max": 0.6856710794648846,
        "nauc_recall_at_100_std": 0.4913330834868765,
        "nauc_recall_at_10_diff1": 0.2037742079617328,
        "nauc_recall_at_10_max": 0.596721438173084,
        "nauc_recall_at_10_std": 0.2821691194081661,
        "nauc_recall_at_1_diff1": 0.4087465742894733,
        "nauc_recall_at_1_max": 0.25766176850386774,
        "nauc_recall_at_1_std": 0.055245934886855,
        "nauc_recall_at_20_diff1": 0.17475890305806785,
        "nauc_recall_at_20_max": 0.6203287851827303,
        "nauc_recall_at_20_std": 0.3347291769139317,
        "nauc_recall_at_3_diff1": 0.26487208047481864,
        "nauc_recall_at_3_max": 0.3756905143946326,
        "nauc_recall_at_3_std": 0.08518989523236246,
        "nauc_recall_at_5_diff1": 0.2342458831468749,
        "nauc_recall_at_5_max": 0.5001635759627852,
        "nauc_recall_at_5_std": 0.1804476515557575,
        "ndcg_at_1": 0.58446,
        "ndcg_at_10": 0.65097,
        "ndcg_at_100": 0.68332,
        "ndcg_at_1000": 0.69489,
        "ndcg_at_20": 0.66748,
        "ndcg_at_3": 0.58339,
        "ndcg_at_5": 0.6209,
        "precision_at_1": 0.58446,
        "precision_at_10": 0.13801,
        "precision_at_100": 0.01645,
        "precision_at_1000": 0.00182,
        "precision_at_20": 0.07441,
        "precision_at_3": 0.3491,
        "precision_at_5": 0.24291,
        "recall_at_1": 0.37409,
        "recall_at_10": 0.7541,
        "recall_at_100": 0.87558,
        "recall_at_1000": 0.94941,
        "recall_at_20": 0.80756,
        "recall_at_3": 0.60173,
        "recall_at_5": 0.68135
      }
    ]
  },
  "task_name": "Ko-StrategyQA"
}