{
  "dataset_revision": "main",
  "evaluation_time": 5007.700176239014,
  "kg_co2_emissions": null,
  "mteb_version": "1.19.4",
  "scores": {
    "dev": [
      {
        "hf_subset": "ko",
        "languages": [
          "kor-Kore"
        ],
        "main_score": 0.36698,
        "map_at_1": 0.19445,
        "map_at_10": 0.28928,
        "map_at_100": 0.30966,
        "map_at_1000": 0.31195,
        "map_at_20": 0.29975,
        "map_at_3": 0.24441,
        "map_at_5": 0.27145,
        "mrr_at_1": 0.28169014084507044,
        "mrr_at_10": 0.39602615694165005,
        "mrr_at_100": 0.4042702928182023,
        "mrr_at_1000": 0.40451989571053387,
        "mrr_at_20": 0.40173810805814913,
        "mrr_at_3": 0.3482003129890454,
        "mrr_at_5": 0.3805946791862286,
        "nauc_map_at_1000_diff1": 0.4084812687318048,
        "nauc_map_at_1000_max": 0.29140202294213974,
        "nauc_map_at_1000_std": -0.10630821534195593,
        "nauc_map_at_100_diff1": 0.40742723296453154,
        "nauc_map_at_100_max": 0.28975427407538223,
        "nauc_map_at_100_std": -0.1106351903100884,
        "nauc_map_at_10_diff1": 0.4121116125647296,
        "nauc_map_at_10_max": 0.2894274577639449,
        "nauc_map_at_10_std": -0.12285121600162507,
        "nauc_map_at_1_diff1": 0.4761051522790686,
        "nauc_map_at_1_max": 0.3119569418707627,
        "nauc_map_at_1_std": -0.14522459005957955,
        "nauc_map_at_20_diff1": 0.40590849052549394,
        "nauc_map_at_20_max": 0.28201228278198365,
        "nauc_map_at_20_std": -0.1205107948403296,
        "nauc_map_at_3_diff1": 0.4408380154587492,
        "nauc_map_at_3_max": 0.30494179600376997,
        "nauc_map_at_3_std": -0.1382146965430355,
        "nauc_map_at_5_diff1": 0.41801699399093833,
        "nauc_map_at_5_max": 0.3025665385521116,
        "nauc_map_at_5_std": -0.13301925778263518,
        "nauc_mrr_at_1000_diff1": 0.41134115398046606,
        "nauc_mrr_at_1000_max": 0.3125498108612434,
        "nauc_mrr_at_1000_std": 0.044174739506616,
        "nauc_mrr_at_100_diff1": 0.4111987547500878,
        "nauc_mrr_at_100_max": 0.31258283685850924,
        "nauc_mrr_at_100_std": 0.044483320664040475,
        "nauc_mrr_at_10_diff1": 0.41212585672574054,
        "nauc_mrr_at_10_max": 0.3120882974896019,
        "nauc_mrr_at_10_std": 0.045639875989178576,
        "nauc_mrr_at_1_diff1": 0.45527743554327094,
        "nauc_mrr_at_1_max": 0.32212490304705027,
        "nauc_mrr_at_1_std": -0.03182439808400793,
        "nauc_mrr_at_20_diff1": 0.41136406408372556,
        "nauc_mrr_at_20_max": 0.3134288175021971,
        "nauc_mrr_at_20_std": 0.04672064188547081,
        "nauc_mrr_at_3_diff1": 0.44480535457371284,
        "nauc_mrr_at_3_max": 0.2981907381271467,
        "nauc_mrr_at_3_std": 0.008714004445038616,
        "nauc_mrr_at_5_diff1": 0.4163770936930242,
        "nauc_mrr_at_5_max": 0.3126931142367139,
        "nauc_mrr_at_5_std": 0.026265454008010135,
        "nauc_ndcg_at_1000_diff1": 0.38205007930521095,
        "nauc_ndcg_at_1000_max": 0.3092002379525429,
        "nauc_ndcg_at_1000_std": 0.016782053477124366,
        "nauc_ndcg_at_100_diff1": 0.36866426092238114,
        "nauc_ndcg_at_100_max": 0.2853766989148958,
        "nauc_ndcg_at_100_std": -0.021193940154560918,
        "nauc_ndcg_at_10_diff1": 0.3805717938979542,
        "nauc_ndcg_at_10_max": 0.272095190874917,
        "nauc_ndcg_at_10_std": -0.07059390730970473,
        "nauc_ndcg_at_1_diff1": 0.45527743554327094,
        "nauc_ndcg_at_1_max": 0.32212490304705027,
        "nauc_ndcg_at_1_std": -0.03182439808400793,
        "nauc_ndcg_at_20_diff1": 0.36175602830379566,
        "nauc_ndcg_at_20_max": 0.25454157242306663,
        "nauc_ndcg_at_20_std": -0.06349740896234377,
        "nauc_ndcg_at_3_diff1": 0.43204065984406287,
        "nauc_ndcg_at_3_max": 0.2867720765234763,
        "nauc_ndcg_at_3_std": -0.07158473283164735,
        "nauc_ndcg_at_5_diff1": 0.39748832233752823,
        "nauc_ndcg_at_5_max": 0.29677453559710093,
        "nauc_ndcg_at_5_std": -0.07779659140585396,
        "nauc_precision_at_1000_diff1": 0.021860807014730633,
        "nauc_precision_at_1000_max": 0.1700264921174884,
        "nauc_precision_at_1000_std": 0.5077164288944549,
        "nauc_precision_at_100_diff1": 0.0026157449960968254,
        "nauc_precision_at_100_max": 0.13205715256460054,
        "nauc_precision_at_100_std": 0.4236211729103046,
        "nauc_precision_at_10_diff1": 0.15964955193684693,
        "nauc_precision_at_10_max": 0.14733342867957075,
        "nauc_precision_at_10_std": 0.2156510659448347,
        "nauc_precision_at_1_diff1": 0.45527743554327094,
        "nauc_precision_at_1_max": 0.32212490304705027,
        "nauc_precision_at_1_std": -0.03182439808400793,
        "nauc_precision_at_20_diff1": 0.0701739835664581,
        "nauc_precision_at_20_max": 0.05933737286117831,
        "nauc_precision_at_20_std": 0.265477884150881,
        "nauc_precision_at_3_diff1": 0.37724174833700597,
        "nauc_precision_at_3_max": 0.24736180718912662,
        "nauc_precision_at_3_std": 0.03344389979387605,
        "nauc_precision_at_5_diff1": 0.22976789382336985,
        "nauc_precision_at_5_max": 0.21889460837802935,
        "nauc_precision_at_5_std": 0.10690416667822458,
        "nauc_recall_at_1000_diff1": 0.04980217844861664,
        "nauc_recall_at_1000_max": 0.29036332846210466,
        "nauc_recall_at_1000_std": 0.48176575107864594,
        "nauc_recall_at_100_diff1": 0.12291797709788775,
        "nauc_recall_at_100_max": 0.1316840073623182,
        "nauc_recall_at_100_std": 0.03737203628432888,
        "nauc_recall_at_10_diff1": 0.2600474672179701,
        "nauc_recall_at_10_max": 0.17919696888471337,
        "nauc_recall_at_10_std": -0.08346349816900192,
        "nauc_recall_at_1_diff1": 0.4761051522790686,
        "nauc_recall_at_1_max": 0.3119569418707627,
        "nauc_recall_at_1_std": -0.14522459005957955,
        "nauc_recall_at_20_diff1": 0.16428844908711895,
        "nauc_recall_at_20_max": 0.09292750326518946,
        "nauc_recall_at_20_std": -0.0829316444707036,
        "nauc_recall_at_3_diff1": 0.3765871397580306,
        "nauc_recall_at_3_max": 0.25291263723238044,
        "nauc_recall_at_3_std": -0.1234198085587421,
        "nauc_recall_at_5_diff1": 0.29894607365177606,
        "nauc_recall_at_5_max": 0.25233533039098743,
        "nauc_recall_at_5_std": -0.11015172084505716,
        "ndcg_at_1": 0.28169,
        "ndcg_at_10": 0.36698,
        "ndcg_at_100": 0.44518,
        "ndcg_at_1000": 0.47453,
        "ndcg_at_20": 0.39691,
        "ndcg_at_3": 0.29756,
        "ndcg_at_5": 0.33325,
        "precision_at_1": 0.28169,
        "precision_at_10": 0.09484,
        "precision_at_100": 0.0184,
        "precision_at_1000": 0.00243,
        "precision_at_20": 0.06009,
        "precision_at_3": 0.16432,
        "precision_at_5": 0.14085,
        "recall_at_1": 0.19445,
        "recall_at_10": 0.48427,
        "recall_at_100": 0.7644,
        "recall_at_1000": 0.92632,
        "recall_at_20": 0.57682,
        "recall_at_3": 0.29714,
        "recall_at_5": 0.39071
      }
    ]
  },
  "task_name": "MIRACLRetrieval"
}