{
  "dataset_revision": "fc24a3ce8f09746410daee3d5cd823ff7a0675b7",
  "evaluation_time": 5739.107554197311,
  "kg_co2_emissions": null,
  "mteb_version": "1.19.4",
  "scores": {
    "test": [
      {
        "hf_subset": "korean",
        "languages": [
          "kor-Kore"
        ],
        "main_score": 0.29475,
        "map_at_1": 0.15994,
        "map_at_10": 0.24016,
        "map_at_100": 0.25386,
        "map_at_1000": 0.2545,
        "map_at_20": 0.24889,
        "map_at_3": 0.21002,
        "map_at_5": 0.22369,
        "mrr_at_1": 0.171021377672209,
        "mrr_at_10": 0.2549004637484446,
        "mrr_at_100": 0.26794031250774775,
        "mrr_at_1000": 0.26847337014089206,
        "mrr_at_20": 0.2639186069456764,
        "mrr_at_3": 0.22525732383214553,
        "mrr_at_5": 0.23867775138558972,
        "nauc_map_at_1000_diff1": 0.2832741558778889,
        "nauc_map_at_1000_max": 0.30161766318839106,
        "nauc_map_at_1000_std": 0.04624985557103702,
        "nauc_map_at_100_diff1": 0.28351451499813074,
        "nauc_map_at_100_max": 0.3017353312134317,
        "nauc_map_at_100_std": 0.046188252226174134,
        "nauc_map_at_10_diff1": 0.2873674844384835,
        "nauc_map_at_10_max": 0.2961876664066545,
        "nauc_map_at_10_std": 0.03522190540459761,
        "nauc_map_at_1_diff1": 0.3532324565822577,
        "nauc_map_at_1_max": 0.31141505949053216,
        "nauc_map_at_1_std": -0.0017967262011835588,
        "nauc_map_at_20_diff1": 0.2834184172144873,
        "nauc_map_at_20_max": 0.3021113046991481,
        "nauc_map_at_20_std": 0.04309878962922,
        "nauc_map_at_3_diff1": 0.29965140104816035,
        "nauc_map_at_3_max": 0.2857684495528775,
        "nauc_map_at_3_std": 0.02136024520165048,
        "nauc_map_at_5_diff1": 0.2900758061449452,
        "nauc_map_at_5_max": 0.2943250232991835,
        "nauc_map_at_5_std": 0.029069130820721243,
        "nauc_mrr_at_1000_diff1": 0.28276618529454395,
        "nauc_mrr_at_1000_max": 0.2912140553907691,
        "nauc_mrr_at_1000_std": 0.03867367679906866,
        "nauc_mrr_at_100_diff1": 0.28295833248122726,
        "nauc_mrr_at_100_max": 0.29122806177171007,
        "nauc_mrr_at_100_std": 0.03849294096824469,
        "nauc_mrr_at_10_diff1": 0.2859160120511703,
        "nauc_mrr_at_10_max": 0.28592697013598267,
        "nauc_mrr_at_10_std": 0.03010924502414894,
        "nauc_mrr_at_1_diff1": 0.35540723505482436,
        "nauc_mrr_at_1_max": 0.29163834385425874,
        "nauc_mrr_at_1_std": 0.0005053015896857002,
        "nauc_mrr_at_20_diff1": 0.28269824716550424,
        "nauc_mrr_at_20_max": 0.2917184843577354,
        "nauc_mrr_at_20_std": 0.03713132895915048,
        "nauc_mrr_at_3_diff1": 0.2977194535633791,
        "nauc_mrr_at_3_max": 0.2784285287605545,
        "nauc_mrr_at_3_std": 0.018894261124117226,
        "nauc_mrr_at_5_diff1": 0.28836334301901656,
        "nauc_mrr_at_5_max": 0.28161635076441177,
        "nauc_mrr_at_5_std": 0.024303594069320034,
        "nauc_ndcg_at_1000_diff1": 0.24307593673364616,
        "nauc_ndcg_at_1000_max": 0.30427955135745827,
        "nauc_ndcg_at_1000_std": 0.09256710826288128,
        "nauc_ndcg_at_100_diff1": 0.2459229848753632,
        "nauc_ndcg_at_100_max": 0.3048337087510945,
        "nauc_ndcg_at_100_std": 0.09015904011893983,
        "nauc_ndcg_at_10_diff1": 0.2614472292832507,
        "nauc_ndcg_at_10_max": 0.293958878411953,
        "nauc_ndcg_at_10_std": 0.050346231843163544,
        "nauc_ndcg_at_1_diff1": 0.35540723505482436,
        "nauc_ndcg_at_1_max": 0.29163834385425874,
        "nauc_ndcg_at_1_std": 0.0005053015896857002,
        "nauc_ndcg_at_20_diff1": 0.2485736870889863,
        "nauc_ndcg_at_20_max": 0.3115124284024338,
        "nauc_ndcg_at_20_std": 0.07518431151250228,
        "nauc_ndcg_at_3_diff1": 0.28398424015189655,
        "nauc_ndcg_at_3_max": 0.27606340962541187,
        "nauc_ndcg_at_3_std": 0.02569983191968628,
        "nauc_ndcg_at_5_diff1": 0.2678088098509297,
        "nauc_ndcg_at_5_max": 0.2866300761568848,
        "nauc_ndcg_at_5_std": 0.03716130547179914,
        "nauc_precision_at_1000_diff1": -0.07783157126497497,
        "nauc_precision_at_1000_max": 0.13358263047313396,
        "nauc_precision_at_1000_std": 0.24496327497755185,
        "nauc_precision_at_100_diff1": 0.017689799956194612,
        "nauc_precision_at_100_max": 0.20403447718635603,
        "nauc_precision_at_100_std": 0.23161778135054684,
        "nauc_precision_at_10_diff1": 0.17140859062943214,
        "nauc_precision_at_10_max": 0.27080895548185246,
        "nauc_precision_at_10_std": 0.1111213686879615,
        "nauc_precision_at_1_diff1": 0.35540723505482436,
        "nauc_precision_at_1_max": 0.29163834385425874,
        "nauc_precision_at_1_std": 0.0005053015896857002,
        "nauc_precision_at_20_diff1": 0.10519977097057016,
        "nauc_precision_at_20_max": 0.30075017277433147,
        "nauc_precision_at_20_std": 0.1781342399350624,
        "nauc_precision_at_3_diff1": 0.24146327962265618,
        "nauc_precision_at_3_max": 0.2445917921216271,
        "nauc_precision_at_3_std": 0.04325814748725382,
        "nauc_precision_at_5_diff1": 0.19315517422178646,
        "nauc_precision_at_5_max": 0.2584422143296543,
        "nauc_precision_at_5_std": 0.06843086536044221,
        "nauc_recall_at_1000_diff1": -0.08690101389912284,
        "nauc_recall_at_1000_max": 0.29308317670098727,
        "nauc_recall_at_1000_std": 0.5138372988334909,
        "nauc_recall_at_100_diff1": 0.08061134719287578,
        "nauc_recall_at_100_max": 0.2971842687439878,
        "nauc_recall_at_100_std": 0.2959580996054577,
        "nauc_recall_at_10_diff1": 0.19210787059840054,
        "nauc_recall_at_10_max": 0.2878230698778371,
        "nauc_recall_at_10_std": 0.08857407115755006,
        "nauc_recall_at_1_diff1": 0.3532324565822577,
        "nauc_recall_at_1_max": 0.31141505949053216,
        "nauc_recall_at_1_std": -0.0017967262011835588,
        "nauc_recall_at_20_diff1": 0.14136043973459164,
        "nauc_recall_at_20_max": 0.34190086037125317,
        "nauc_recall_at_20_std": 0.17748696144241338,
        "nauc_recall_at_3_diff1": 0.24367381453168466,
        "nauc_recall_at_3_max": 0.25134463133508317,
        "nauc_recall_at_3_std": 0.03721642499267232,
        "nauc_recall_at_5_diff1": 0.2099661026221608,
        "nauc_recall_at_5_max": 0.26844222350013386,
        "nauc_recall_at_5_std": 0.05834148443622969,
        "ndcg_at_1": 0.17102,
        "ndcg_at_10": 0.29475,
        "ndcg_at_100": 0.35874,
        "ndcg_at_1000": 0.3762,
        "ndcg_at_20": 0.32582,
        "ndcg_at_3": 0.23167,
        "ndcg_at_5": 0.25587,
        "precision_at_1": 0.17102,
        "precision_at_10": 0.05131,
        "precision_at_100": 0.00853,
        "precision_at_1000": 0.00101,
        "precision_at_20": 0.03242,
        "precision_at_3": 0.10214,
        "precision_at_5": 0.07506,
        "recall_at_1": 0.15994,
        "recall_at_10": 0.4521,
        "recall_at_100": 0.73872,
        "recall_at_1000": 0.8749,
        "recall_at_20": 0.56968,
        "recall_at_3": 0.28029,
        "recall_at_5": 0.3369
      }
    ]
  },
  "task_name": "MrTidyRetrieval"
}