{
  "dataset_revision": "d67138e705d963e346253a80e59676ddb418810a",
  "evaluation_time": 85.13093566894531,
  "kg_co2_emissions": null,
  "mteb_version": "1.19.4",
  "scores": {
    "dev": [
      {
        "hf_subset": "ko",
        "languages": [
          "kor-Hang"
        ],
        "main_score": 0.20416,
        "map_at_1": 0.135,
        "map_at_10": 0.17894,
        "map_at_100": 0.18859,
        "map_at_1000": 0.18957,
        "map_at_20": 0.18362,
        "map_at_3": 0.1625,
        "map_at_5": 0.1735,
        "mrr_at_1": 0.135,
        "mrr_at_10": 0.17894047619047626,
        "mrr_at_100": 0.18858983326557305,
        "mrr_at_1000": 0.18956992828534505,
        "mrr_at_20": 0.1836249715197084,
        "mrr_at_3": 0.1625,
        "mrr_at_5": 0.1735,
        "nauc_map_at_1000_diff1": 0.28100437217058716,
        "nauc_map_at_1000_max": 0.2448855574076613,
        "nauc_map_at_1000_std": 0.022598480125543625,
        "nauc_map_at_100_diff1": 0.2818682896804877,
        "nauc_map_at_100_max": 0.24413728054766345,
        "nauc_map_at_100_std": 0.022166492634078164,
        "nauc_map_at_10_diff1": 0.28819146637250814,
        "nauc_map_at_10_max": 0.2467101224318175,
        "nauc_map_at_10_std": 0.014691870202771925,
        "nauc_map_at_1_diff1": 0.3201864740929537,
        "nauc_map_at_1_max": 0.25431057957280867,
        "nauc_map_at_1_std": 0.00884444880131574,
        "nauc_map_at_20_diff1": 0.28311700608141116,
        "nauc_map_at_20_max": 0.24345349652236448,
        "nauc_map_at_20_std": 0.018089583525167617,
        "nauc_map_at_3_diff1": 0.27856041375056345,
        "nauc_map_at_3_max": 0.2593722568859576,
        "nauc_map_at_3_std": 0.017636592251666545,
        "nauc_map_at_5_diff1": 0.28811910521569867,
        "nauc_map_at_5_max": 0.25953710224194465,
        "nauc_map_at_5_std": 0.024596692690859713,
        "nauc_mrr_at_1000_diff1": 0.28100437217058716,
        "nauc_mrr_at_1000_max": 0.2448855574076613,
        "nauc_mrr_at_1000_std": 0.022598480125543625,
        "nauc_mrr_at_100_diff1": 0.2818682896804877,
        "nauc_mrr_at_100_max": 0.24413728054766345,
        "nauc_mrr_at_100_std": 0.022166492634078164,
        "nauc_mrr_at_10_diff1": 0.28819146637250814,
        "nauc_mrr_at_10_max": 0.2467101224318175,
        "nauc_mrr_at_10_std": 0.014691870202771925,
        "nauc_mrr_at_1_diff1": 0.3201864740929537,
        "nauc_mrr_at_1_max": 0.25431057957280867,
        "nauc_mrr_at_1_std": 0.00884444880131574,
        "nauc_mrr_at_20_diff1": 0.28311700608141116,
        "nauc_mrr_at_20_max": 0.24345349652236448,
        "nauc_mrr_at_20_std": 0.018089583525167617,
        "nauc_mrr_at_3_diff1": 0.27856041375056345,
        "nauc_mrr_at_3_max": 0.2593722568859576,
        "nauc_mrr_at_3_std": 0.017636592251666545,
        "nauc_mrr_at_5_diff1": 0.28811910521569867,
        "nauc_mrr_at_5_max": 0.25953710224194465,
        "nauc_mrr_at_5_std": 0.024596692690859713,
        "nauc_ndcg_at_1000_diff1": 0.24243284227693745,
        "nauc_ndcg_at_1000_max": 0.2608444179252126,
        "nauc_ndcg_at_1000_std": 0.07399856069567344,
        "nauc_ndcg_at_100_diff1": 0.26198693575850857,
        "nauc_ndcg_at_100_max": 0.23388406296093836,
        "nauc_ndcg_at_100_std": 0.060943683503428735,
        "nauc_ndcg_at_10_diff1": 0.2857293233276634,
        "nauc_ndcg_at_10_max": 0.2343710688976858,
        "nauc_ndcg_at_10_std": 0.013418260645036978,
        "nauc_ndcg_at_1_diff1": 0.3201864740929537,
        "nauc_ndcg_at_1_max": 0.25431057957280867,
        "nauc_ndcg_at_1_std": 0.00884444880131574,
        "nauc_ndcg_at_20_diff1": 0.27044040348149756,
        "nauc_ndcg_at_20_max": 0.22410170866757315,
        "nauc_ndcg_at_20_std": 0.02671959107582927,
        "nauc_ndcg_at_3_diff1": 0.26546702841368613,
        "nauc_ndcg_at_3_max": 0.2592203101653777,
        "nauc_ndcg_at_3_std": 0.02261190025854227,
        "nauc_ndcg_at_5_diff1": 0.2839466403374545,
        "nauc_ndcg_at_5_max": 0.26065311707716504,
        "nauc_ndcg_at_5_std": 0.03478102079103265,
        "nauc_precision_at_1000_diff1": -0.08150677387377493,
        "nauc_precision_at_1000_max": 0.5487801519991193,
        "nauc_precision_at_1000_std": 0.516989756581121,
        "nauc_precision_at_100_diff1": 0.20105868139695682,
        "nauc_precision_at_100_max": 0.22047249593217744,
        "nauc_precision_at_100_std": 0.21731600522357344,
        "nauc_precision_at_10_diff1": 0.28463493514498056,
        "nauc_precision_at_10_max": 0.201947381907077,
        "nauc_precision_at_10_std": 0.007271518500820812,
        "nauc_precision_at_1_diff1": 0.3201864740929537,
        "nauc_precision_at_1_max": 0.25431057957280867,
        "nauc_precision_at_1_std": 0.00884444880131574,
        "nauc_precision_at_20_diff1": 0.2394694094977542,
        "nauc_precision_at_20_max": 0.17202101843387688,
        "nauc_precision_at_20_std": 0.05227644896321772,
        "nauc_precision_at_3_diff1": 0.23210035169215806,
        "nauc_precision_at_3_max": 0.25841549092766,
        "nauc_precision_at_3_std": 0.03581988749145475,
        "nauc_precision_at_5_diff1": 0.2768752365614542,
        "nauc_precision_at_5_max": 0.26370943202986424,
        "nauc_precision_at_5_std": 0.060849172127680186,
        "nauc_recall_at_1000_diff1": -0.08150677387377446,
        "nauc_recall_at_1000_max": 0.5487801519991184,
        "nauc_recall_at_1000_std": 0.5169897565811207,
        "nauc_recall_at_100_diff1": 0.20105868139695665,
        "nauc_recall_at_100_max": 0.22047249593217721,
        "nauc_recall_at_100_std": 0.21731600522357278,
        "nauc_recall_at_10_diff1": 0.2846349351449803,
        "nauc_recall_at_10_max": 0.20194738190707712,
        "nauc_recall_at_10_std": 0.007271518500820617,
        "nauc_recall_at_1_diff1": 0.3201864740929537,
        "nauc_recall_at_1_max": 0.25431057957280867,
        "nauc_recall_at_1_std": 0.00884444880131574,
        "nauc_recall_at_20_diff1": 0.23946940949775433,
        "nauc_recall_at_20_max": 0.17202101843387663,
        "nauc_recall_at_20_std": 0.05227644896321764,
        "nauc_recall_at_3_diff1": 0.23210035169215812,
        "nauc_recall_at_3_max": 0.2584154909276601,
        "nauc_recall_at_3_std": 0.03581988749145466,
        "nauc_recall_at_5_diff1": 0.27687523656145396,
        "nauc_recall_at_5_max": 0.26370943202986435,
        "nauc_recall_at_5_std": 0.0608491721276802,
        "ndcg_at_1": 0.135,
        "ndcg_at_10": 0.20416,
        "ndcg_at_100": 0.25717,
        "ndcg_at_1000": 0.29012,
        "ndcg_at_20": 0.22164,
        "ndcg_at_3": 0.17089,
        "ndcg_at_5": 0.19111,
        "precision_at_1": 0.135,
        "precision_at_10": 0.0285,
        "precision_at_100": 0.00545,
        "precision_at_1000": 0.00082,
        "precision_at_20": 0.01775,
        "precision_at_3": 0.065,
        "precision_at_5": 0.049,
        "recall_at_1": 0.135,
        "recall_at_10": 0.285,
        "recall_at_100": 0.545,
        "recall_at_1000": 0.82,
        "recall_at_20": 0.355,
        "recall_at_3": 0.195,
        "recall_at_5": 0.245
      }
    ],
    "test": [
      {
        "hf_subset": "ko",
        "languages": [
          "kor-Hang"
        ],
        "main_score": 0.21749,
        "map_at_1": 0.15,
        "map_at_10": 0.19059,
        "map_at_100": 0.19693,
        "map_at_1000": 0.19789,
        "map_at_20": 0.1941,
        "map_at_3": 0.17167,
        "map_at_5": 0.18367,
        "mrr_at_1": 0.15,
        "mrr_at_10": 0.19058928571428577,
        "mrr_at_100": 0.19692929063561926,
        "mrr_at_1000": 0.1978932938205996,
        "mrr_at_20": 0.19410260521212538,
        "mrr_at_3": 0.17166666666666663,
        "mrr_at_5": 0.18366666666666664,
        "nauc_map_at_1000_diff1": 0.5218625299201293,
        "nauc_map_at_1000_max": 0.37079832709704313,
        "nauc_map_at_1000_std": 0.009330179985214605,
        "nauc_map_at_100_diff1": 0.5222179195043319,
        "nauc_map_at_100_max": 0.3704980486474256,