{
  "dataset_revision": "main",
  "evaluation_time": 0.5960137844085693,
  "kg_co2_emissions": null,
  "mteb_version": "1.19.4",
  "scores": {
    "test": [
      {
        "hf_subset": "korean",
        "languages": [
          "kor-Hang"
        ],
        "main_score": 0.69212,
        "map_at_1": 0.51948,
        "map_at_10": 0.62536,
        "map_at_100": 0.63083,
        "map_at_1000": 0.63083,
        "map_at_20": 0.6294,
        "map_at_3": 0.58658,
        "map_at_5": 0.60087,
        "mrr_at_1": 0.5194805194805194,
        "mrr_at_10": 0.6253555967841682,
        "mrr_at_100": 0.6308311676381538,
        "mrr_at_1000": 0.6308311676381538,
        "mrr_at_20": 0.629400037192245,
        "mrr_at_3": 0.5865800865800868,
        "mrr_at_5": 0.600865800865801,
        "nauc_map_at_1000_diff1": 0.5904540290551432,
        "nauc_map_at_1000_max": 0.1705997040097517,
        "nauc_map_at_1000_std": -0.07632464300606626,
        "nauc_map_at_100_diff1": 0.5904540290551432,
        "nauc_map_at_100_max": 0.1705997040097517,
        "nauc_map_at_100_std": -0.07632464300606626,
        "nauc_map_at_10_diff1": 0.5810613919569926,
        "nauc_map_at_10_max": 0.165288215922278,
        "nauc_map_at_10_std": -0.07756012340475889,
        "nauc_map_at_1_diff1": 0.6191580005022813,
        "nauc_map_at_1_max": 0.17833218944439605,
        "nauc_map_at_1_std": -0.09107595840831198,
        "nauc_map_at_20_diff1": 0.5884560790280374,
        "nauc_map_at_20_max": 0.17054182222192502,
        "nauc_map_at_20_std": -0.07343464303680558,
        "nauc_map_at_3_diff1": 0.6090085648305908,
        "nauc_map_at_3_max": 0.19453931071063257,
        "nauc_map_at_3_std": -0.06795354806260433,
        "nauc_map_at_5_diff1": 0.5957441004664911,
        "nauc_map_at_5_max": 0.17021323168919492,
        "nauc_map_at_5_std": -0.08837204248824297,
        "nauc_mrr_at_1000_diff1": 0.5904540290551432,
        "nauc_mrr_at_1000_max": 0.1705997040097517,
        "nauc_mrr_at_1000_std": -0.07632464300606626,
        "nauc_mrr_at_100_diff1": 0.5904540290551432,
        "nauc_mrr_at_100_max": 0.1705997040097517,
        "nauc_mrr_at_100_std": -0.07632464300606626,
        "nauc_mrr_at_10_diff1": 0.5810613919569926,
        "nauc_mrr_at_10_max": 0.165288215922278,
        "nauc_mrr_at_10_std": -0.07756012340475889,
        "nauc_mrr_at_1_diff1": 0.6191580005022813,
        "nauc_mrr_at_1_max": 0.17833218944439605,
        "nauc_mrr_at_1_std": -0.09107595840831198,
        "nauc_mrr_at_20_diff1": 0.5884560790280374,
        "nauc_mrr_at_20_max": 0.17054182222192502,
        "nauc_mrr_at_20_std": -0.07343464303680558,
        "nauc_mrr_at_3_diff1": 0.6090085648305908,
        "nauc_mrr_at_3_max": 0.19453931071063257,
        "nauc_mrr_at_3_std": -0.06795354806260433,
        "nauc_mrr_at_5_diff1": 0.5957441004664911,
        "nauc_mrr_at_5_max": 0.17021323168919492,
        "nauc_mrr_at_5_std": -0.08837204248824297,
        "nauc_ndcg_at_1000_diff1": 0.5832707848906321,
        "nauc_ndcg_at_1000_max": 0.165379178631264,
        "nauc_ndcg_at_1000_std": -0.07407865099638525,
        "nauc_ndcg_at_100_diff1": 0.5832707848906321,
        "nauc_ndcg_at_100_max": 0.165379178631264,
        "nauc_ndcg_at_100_std": -0.07407865099638525,
        "nauc_ndcg_at_10_diff1": 0.5414290115530259,
        "nauc_ndcg_at_10_max": 0.1416500440311118,
        "nauc_ndcg_at_10_std": -0.07114074202061504,
        "nauc_ndcg_at_1_diff1": 0.6191580005022813,
        "nauc_ndcg_at_1_max": 0.17833218944439605,
        "nauc_ndcg_at_1_std": -0.09107595840831198,
        "nauc_ndcg_at_20_diff1": 0.5701308148180418,
        "nauc_ndcg_at_20_max": 0.16441559243571785,
        "nauc_ndcg_at_20_std": -0.05461644829084728,
        "nauc_ndcg_at_3_diff1": 0.606960998871192,
        "nauc_ndcg_at_3_max": 0.19845868240059197,
        "nauc_ndcg_at_3_std": -0.06157170762240057,
        "nauc_ndcg_at_5_diff1": 0.5820742198586897,
        "nauc_ndcg_at_5_max": 0.15190511865290174,
        "nauc_ndcg_at_5_std": -0.10189164153807106,
        "nauc_precision_at_1000_diff1": NaN,
        "nauc_precision_at_1000_max": NaN,
        "nauc_precision_at_1000_std": NaN,
        "nauc_precision_at_100_diff1": 1.0,
        "nauc_precision_at_100_max": 1.0,
        "nauc_precision_at_100_std": 1.0,
        "nauc_precision_at_10_diff1": 0.13376374524588608,
        "nauc_precision_at_10_max": -0.08900787547969854,
        "nauc_precision_at_10_std": 0.007388603659539997,
        "nauc_precision_at_1_diff1": 0.6191580005022813,
        "nauc_precision_at_1_max": 0.17833218944439605,
        "nauc_precision_at_1_std": -0.09107595840831198,
        "nauc_precision_at_20_diff1": 0.22227871181478126,
        "nauc_precision_at_20_max": 0.1301604202575047,
        "nauc_precision_at_20_std": 0.4627549073276905,
        "nauc_precision_at_3_diff1": 0.6007076905121849,
        "nauc_precision_at_3_max": 0.21083305884213124,
        "nauc_precision_at_3_std": -0.041012324527044994,
        "nauc_precision_at_5_diff1": 0.5262303207900256,
        "nauc_precision_at_5_max": 0.07201028555000641,
        "nauc_precision_at_5_std": -0.16349277608293908,
        "nauc_recall_at_1000_diff1": NaN,
        "nauc_recall_at_1000_max": NaN,
        "nauc_recall_at_1000_std": NaN,
        "nauc_recall_at_100_diff1": NaN,
        "nauc_recall_at_100_max": NaN,
        "nauc_recall_at_100_std": NaN,
        "nauc_recall_at_10_diff1": 0.13376374524588425,
        "nauc_recall_at_10_max": -0.08900787547969922,
        "nauc_recall_at_10_std": 0.007388603659539275,
        "nauc_recall_at_1_diff1": 0.6191580005022813,
        "nauc_recall_at_1_max": 0.17833218944439605,
        "nauc_recall_at_1_std": -0.09107595840831198,
        "nauc_recall_at_20_diff1": 0.22227871181477624,
        "nauc_recall_at_20_max": 0.13016042025750219,
        "nauc_recall_at_20_std": 0.4627549073276888,
        "nauc_recall_at_3_diff1": 0.6007076905121846,
        "nauc_recall_at_3_max": 0.21083305884213052,
        "nauc_recall_at_3_std": -0.04101232452704562,
        "nauc_recall_at_5_diff1": 0.5262303207900242,
        "nauc_recall_at_5_max": 0.0720102855500049,
        "nauc_recall_at_5_std": -0.16349277608294063,
        "ndcg_at_1": 0.51948,
        "ndcg_at_10": 0.69212,
        "ndcg_at_100": 0.71389,
        "ndcg_at_1000": 0.71389,
        "ndcg_at_20": 0.70581,
        "ndcg_at_3": 0.60931,
        "ndcg_at_5": 0.63556,
        "precision_at_1": 0.51948,
        "precision_at_10": 0.09091,
        "precision_at_100": 0.01,
        "precision_at_1000": 0.001,
        "precision_at_20": 0.04805,
        "precision_at_3": 0.22511,
        "precision_at_5": 0.14805,
        "recall_at_1": 0.51948,
        "recall_at_10": 0.90909,
        "recall_at_100": 1.0,
        "recall_at_1000": 1.0,
        "recall_at_20": 0.96104,
        "recall_at_3": 0.67532,
        "recall_at_5": 0.74026
      }
    ]
  },
  "task_name": "PublicHealthQA"
}