{
  "dataset_revision": "fd7df84ac089bbec763b1c6bb1b56e985df5cc5c",
  "evaluation_time": 19.277517318725586,
  "kg_co2_emissions": null,
  "mteb_version": "1.20.0",
  "scores": {
    "test": [
      {
        "hf_subset": "default",
        "languages": [
          "kor-Hang"
        ],
        "main_score": 0.72946,
        "map_at_1": 0.55263,
        "map_at_10": 0.67118,
        "map_at_100": 0.67467,
        "map_at_1000": 0.67467,
        "map_at_20": 0.67281,
        "map_at_3": 0.64474,
        "map_at_5": 0.66053,
        "mrr_at_1": 0.5526315789473685,
        "mrr_at_10": 0.6711849067112226,
        "mrr_at_100": 0.6746715904241167,
        "mrr_at_1000": 0.6746715904241167,
        "mrr_at_20": 0.6728147984339936,
        "mrr_at_3": 0.6447368421052632,
        "mrr_at_5": 0.6605263157894737,
        "nauc_map_at_1000_diff1": 0.6707428725853308,
        "nauc_map_at_1000_max": 0.36408406762747764,
        "nauc_map_at_1000_std": -0.20570630552244473,
        "nauc_map_at_100_diff1": 0.6707428725853308,
        "nauc_map_at_100_max": 0.36408406762747764,
        "nauc_map_at_100_std": -0.20570630552244473,
        "nauc_map_at_10_diff1": 0.6694228696798035,
        "nauc_map_at_10_max": 0.36958077127650485,
        "nauc_map_at_10_std": -0.2031257096763581,
        "nauc_map_at_1_diff1": 0.6675668434290756,
        "nauc_map_at_1_max": 0.2661749445307839,
        "nauc_map_at_1_std": -0.21180878980375847,
        "nauc_map_at_20_diff1": 0.6699889586317481,
        "nauc_map_at_20_max": 0.3658466072887328,
        "nauc_map_at_20_std": -0.20962057627984584,
        "nauc_map_at_3_diff1": 0.6862468818525479,
        "nauc_map_at_3_max": 0.3838859599279802,
        "nauc_map_at_3_std": -0.18434990538136026,
        "nauc_map_at_5_diff1": 0.6734220459216618,
        "nauc_map_at_5_max": 0.3715153642651667,
        "nauc_map_at_5_std": -0.19638862477177044,
        "nauc_mrr_at_1000_diff1": 0.6707428725853308,
        "nauc_mrr_at_1000_max": 0.36408406762747764,
        "nauc_mrr_at_1000_std": -0.20570630552244473,
        "nauc_mrr_at_100_diff1": 0.6707428725853308,
        "nauc_mrr_at_100_max": 0.36408406762747764,
        "nauc_mrr_at_100_std": -0.20570630552244473,
        "nauc_mrr_at_10_diff1": 0.6694228696798035,
        "nauc_mrr_at_10_max": 0.36958077127650485,
        "nauc_mrr_at_10_std": -0.2031257096763581,
        "nauc_mrr_at_1_diff1": 0.6675668434290756,
        "nauc_mrr_at_1_max": 0.2661749445307839,
        "nauc_mrr_at_1_std": -0.21180878980375847,
        "nauc_mrr_at_20_diff1": 0.6699889586317481,
        "nauc_mrr_at_20_max": 0.3658466072887328,
        "nauc_mrr_at_20_std": -0.20962057627984584,
        "nauc_mrr_at_3_diff1": 0.6862468818525479,
        "nauc_mrr_at_3_max": 0.3838859599279802,
        "nauc_mrr_at_3_std": -0.18434990538136026,
        "nauc_mrr_at_5_diff1": 0.6734220459216618,
        "nauc_mrr_at_5_max": 0.3715153642651667,
        "nauc_mrr_at_5_std": -0.19638862477177044,
        "nauc_ndcg_at_1000_diff1": 0.6671740713837205,
        "nauc_ndcg_at_1000_max": 0.3756626204320296,
        "nauc_ndcg_at_1000_std": -0.21166796127675785,
        "nauc_ndcg_at_100_diff1": 0.6671740713837205,
        "nauc_ndcg_at_100_max": 0.3756626204320296,
        "nauc_ndcg_at_100_std": -0.21166796127675785,
        "nauc_ndcg_at_10_diff1": 0.6568831312543059,
        "nauc_ndcg_at_10_max": 0.4052814278786497,
        "nauc_ndcg_at_10_std": -0.2119241383539628,
        "nauc_ndcg_at_1_diff1": 0.6675668434290756,
        "nauc_ndcg_at_1_max": 0.2661749445307839,
        "nauc_ndcg_at_1_std": -0.21180878980375847,
        "nauc_ndcg_at_20_diff1": 0.6594793623983968,
        "nauc_ndcg_at_20_max": 0.3885895716791715,
        "nauc_ndcg_at_20_std": -0.24290058030624878,
        "nauc_ndcg_at_3_diff1": 0.6928031605606169,
        "nauc_ndcg_at_3_max": 0.4232920523897769,
        "nauc_ndcg_at_3_std": -0.17400981818457717,
        "nauc_ndcg_at_5_diff1": 0.6676229670124798,
        "nauc_ndcg_at_5_max": 0.403635040677057,
        "nauc_ndcg_at_5_std": -0.19753091492323405,
        "nauc_precision_at_1000_diff1": 1.0,
        "nauc_precision_at_1000_max": 1.0,
        "nauc_precision_at_1000_std": 1.0,
        "nauc_precision_at_100_diff1": 1.0,
        "nauc_precision_at_100_max": 1.0,
        "nauc_precision_at_100_std": 1.0,
        "nauc_precision_at_10_diff1": 0.5288063479518919,
        "nauc_precision_at_10_max": 0.708870042679463,
        "nauc_precision_at_10_std": -0.30338470765024184,
        "nauc_precision_at_1_diff1": 0.6675668434290756,
        "nauc_precision_at_1_max": 0.2661749445307839,
        "nauc_precision_at_1_std": -0.21180878980375847,
        "nauc_precision_at_20_diff1": 0.5125144625120732,
        "nauc_precision_at_20_max": 0.6027016763741028,
        "nauc_precision_at_20_std": -0.7797707674708182,
        "nauc_precision_at_3_diff1": 0.7174378963535222,
        "nauc_precision_at_3_max": 0.570515649257075,
        "nauc_precision_at_3_std": -0.13484764350266676,
        "nauc_precision_at_5_diff1": 0.6323812858648742,
        "nauc_precision_at_5_max": 0.5549884337148923,
        "nauc_precision_at_5_std": -0.20953464522227783,
        "nauc_recall_at_1000_diff1": NaN,
        "nauc_recall_at_1000_max": NaN,
        "nauc_recall_at_1000_std": NaN,
        "nauc_recall_at_100_diff1": NaN,
        "nauc_recall_at_100_max": NaN,
        "nauc_recall_at_100_std": NaN,
        "nauc_recall_at_10_diff1": 0.5288063479518927,
        "nauc_recall_at_10_max": 0.7088700426794637,
        "nauc_recall_at_10_std": -0.3033847076502421,
        "nauc_recall_at_1_diff1": 0.6675668434290756,
        "nauc_recall_at_1_max": 0.2661749445307839,
        "nauc_recall_at_1_std": -0.21180878980375847,
        "nauc_recall_at_20_diff1": 0.5125144625120719,
        "nauc_recall_at_20_max": 0.602701676374104,
        "nauc_recall_at_20_std": -0.7797707674708185,
        "nauc_recall_at_3_diff1": 0.717437896353523,
        "nauc_recall_at_3_max": 0.5705156492570749,
        "nauc_recall_at_3_std": -0.13484764350266565,
        "nauc_recall_at_5_diff1": 0.6323812858648742,
        "nauc_recall_at_5_max": 0.5549884337148914,
        "nauc_recall_at_5_std": -0.20953464522227613,
        "ndcg_at_1": 0.55263,
        "ndcg_at_10": 0.72946,
        "ndcg_at_100": 0.74777,
        "ndcg_at_1000": 0.74777,
        "ndcg_at_20": 0.73587,
        "ndcg_at_3": 0.67512,
        "ndcg_at_5": 0.70381,
        "precision_at_1": 0.55263,
        "precision_at_10": 0.09123,
        "precision_at_100": 0.01,
        "precision_at_1000": 0.001,
        "precision_at_20": 0.04693,
        "precision_at_3": 0.25439,
        "precision_at_5": 0.16667,
        "recall_at_1": 0.55263,
        "recall_at_10": 0.91228,
        "recall_at_100": 1.0,
        "recall_at_1000": 1.0,
        "recall_at_20": 0.9386,
        "recall_at_3": 0.76316,
        "recall_at_5": 0.83333
      }
    ]
  },
  "task_name": "AutoRAGRetrieval"
}