{
  "dataset_revision": "main",
  "evaluation_time": 11371.988452672958,
  "kg_co2_emissions": null,
  "mteb_version": "1.20.0",
  "scores": {
    "dev": [
      {
        "hf_subset": "ko",
        "languages": [
          "kor-Kore"
        ],
        "main_score": 0.59892,
        "map_at_1": 0.33166,
        "map_at_10": 0.50683,
        "map_at_100": 0.53331,
        "map_at_1000": 0.53409,
        "map_at_20": 0.5235,
        "map_at_3": 0.43921,
        "map_at_5": 0.47596,
        "mrr_at_1": 0.539906103286385,
        "mrr_at_10": 0.654562560548476,
        "mrr_at_100": 0.6584680305976771,
        "mrr_at_1000": 0.6586721474663049,
        "mrr_at_20": 0.6570736531540831,
        "mrr_at_3": 0.6330203442879497,
        "mrr_at_5": 0.647809076682316,
        "nauc_map_at_1000_diff1": 0.3356785312787551,
        "nauc_map_at_1000_max": 0.3235511706611351,
        "nauc_map_at_1000_std": -0.07993364772635123,
        "nauc_map_at_100_diff1": 0.3355767982975825,
        "nauc_map_at_100_max": 0.32366533560928623,
        "nauc_map_at_100_std": -0.08006408616329992,
        "nauc_map_at_10_diff1": 0.33847390960408513,
        "nauc_map_at_10_max": 0.3027052556364594,
        "nauc_map_at_10_std": -0.130456084374079,
        "nauc_map_at_1_diff1": 0.4436529715971849,
        "nauc_map_at_1_max": 0.2197593675886129,
        "nauc_map_at_1_std": -0.2338662252219611,
        "nauc_map_at_20_diff1": 0.33870857019496,
        "nauc_map_at_20_max": 0.3128885452188113,
        "nauc_map_at_20_std": -0.09798507583805648,
        "nauc_map_at_3_diff1": 0.37776447643229705,
        "nauc_map_at_3_max": 0.2767416668664703,
        "nauc_map_at_3_std": -0.19863192356358927,
        "nauc_map_at_5_diff1": 0.3561167429750661,
        "nauc_map_at_5_max": 0.2849009688135222,
        "nauc_map_at_5_std": -0.18058479036602415,
        "nauc_mrr_at_1000_diff1": 0.26418759775085326,
        "nauc_mrr_at_1000_max": 0.42615412318814566,
        "nauc_mrr_at_1000_std": 0.16920356600320913,
        "nauc_mrr_at_100_diff1": 0.26416301871133957,
        "nauc_mrr_at_100_max": 0.4264119448078765,
        "nauc_mrr_at_100_std": 0.16948480024623644,
        "nauc_mrr_at_10_diff1": 0.2635977730704618,
        "nauc_mrr_at_10_max": 0.42979782822917384,
        "nauc_mrr_at_10_std": 0.1722637550445164,
        "nauc_mrr_at_1_diff1": 0.31806203990846843,
        "nauc_mrr_at_1_max": 0.3772431818974325,
        "nauc_mrr_at_1_std": 0.10571097874830919,
        "nauc_mrr_at_20_diff1": 0.2650788317901155,
        "nauc_mrr_at_20_max": 0.4272246710009317,
        "nauc_mrr_at_20_std": 0.16955994974903277,
        "nauc_mrr_at_3_diff1": 0.26143767164359477,
        "nauc_mrr_at_3_max": 0.4207971187432844,
        "nauc_mrr_at_3_std": 0.17140995146958404,
        "nauc_mrr_at_5_diff1": 0.25139687618821654,
        "nauc_mrr_at_5_max": 0.42323570646317255,
        "nauc_mrr_at_5_std": 0.16558258004255935,
        "nauc_ndcg_at_1000_diff1": 0.29958892618620975,
        "nauc_ndcg_at_1000_max": 0.38501029247145113,
        "nauc_ndcg_at_1000_std": 0.059259573627608066,
        "nauc_ndcg_at_100_diff1": 0.3009377107043353,
        "nauc_ndcg_at_100_max": 0.39527292405597536,
        "nauc_ndcg_at_100_std": 0.06903667287487025,
        "nauc_ndcg_at_10_diff1": 0.30065589964999173,
        "nauc_ndcg_at_10_max": 0.34411859353149415,
        "nauc_ndcg_at_10_std": -0.03588746180506714,
        "nauc_ndcg_at_1_diff1": 0.31806203990846843,
        "nauc_ndcg_at_1_max": 0.3772431818974325,
        "nauc_ndcg_at_1_std": 0.10571097874830919,
        "nauc_ndcg_at_20_diff1": 0.30998840438403896,
        "nauc_ndcg_at_20_max": 0.3663471267563369,
        "nauc_ndcg_at_20_std": 0.01414153978661343,
        "nauc_ndcg_at_3_diff1": 0.30193750136919056,
        "nauc_ndcg_at_3_max": 0.3458377385105322,
        "nauc_ndcg_at_3_std": 0.004422511116013512,
        "nauc_ndcg_at_5_diff1": 0.3042528293597453,
        "nauc_ndcg_at_5_max": 0.329355225386227,
        "nauc_ndcg_at_5_std": -0.04888581154378307,
        "nauc_precision_at_1000_diff1": -0.22484858090221838,
        "nauc_precision_at_1000_max": 0.14007405630073602,
        "nauc_precision_at_1000_std": 0.5620988868690893,
        "nauc_precision_at_100_diff1": -0.20199411739609105,
        "nauc_precision_at_100_max": 0.18794875350999649,
        "nauc_precision_at_100_std": 0.5848460512676487,
        "nauc_precision_at_10_diff1": -0.1780495088533368,
        "nauc_precision_at_10_max": 0.23748412451595022,
        "nauc_precision_at_10_std": 0.49889886269187383,
        "nauc_precision_at_1_diff1": 0.31806203990846843,
        "nauc_precision_at_1_max": 0.3772431818974325,
        "nauc_precision_at_1_std": 0.10571097874830919,
        "nauc_precision_at_20_diff1": -0.17607522736467468,
        "nauc_precision_at_20_max": 0.21173930270938313,
        "nauc_precision_at_20_std": 0.5620839514918033,
        "nauc_precision_at_3_diff1": -0.04710361351541399,
        "nauc_precision_at_3_max": 0.3553157438328994,
        "nauc_precision_at_3_std": 0.34595623758315647,
        "nauc_precision_at_5_diff1": -0.14216537428749043,
        "nauc_precision_at_5_max": 0.27558625362486805,
        "nauc_precision_at_5_std": 0.4195412647387249,
        "nauc_recall_at_1000_diff1": 0.3746757572669107,
        "nauc_recall_at_1000_max": 0.5928548386757957,
        "nauc_recall_at_1000_std": 0.5142911199199388,
        "nauc_recall_at_100_diff1": 0.28745646235411654,
        "nauc_recall_at_100_max": 0.5775877005126822,
        "nauc_recall_at_100_std": 0.3759204362505022,
        "nauc_recall_at_10_diff1": 0.23963010961221182,
        "nauc_recall_at_10_max": 0.2713974290618537,
        "nauc_recall_at_10_std": -0.10668557001230727,
        "nauc_recall_at_1_diff1": 0.4436529715971849,
        "nauc_recall_at_1_max": 0.2197593675886129,
        "nauc_recall_at_1_std": -0.2338662252219611,
        "nauc_recall_at_20_diff1": 0.28452710089292077,
        "nauc_recall_at_20_max": 0.32921281235198213,
        "nauc_recall_at_20_std": -0.0009927656338690539,
        "nauc_recall_at_3_diff1": 0.31662499652398335,
        "nauc_recall_at_3_max": 0.2300903670686967,
        "nauc_recall_at_3_std": -0.20219157373562308,
        "nauc_recall_at_5_diff1": 0.24517982270251407,
        "nauc_recall_at_5_max": 0.21475414644023236,
        "nauc_recall_at_5_std": -0.2104959961896699,
        "ndcg_at_1": 0.53991,
        "ndcg_at_10": 0.59892,
        "ndcg_at_100": 0.66341,
        "ndcg_at_1000": 0.67497,
        "ndcg_at_20": 0.63091,
        "ndcg_at_3": 0.55108,
        "ndcg_at_5": 0.56797,
        "precision_at_1": 0.53991,
        "precision_at_10": 0.15822,
        "precision_at_100": 0.02357,
        "precision_at_1000": 0.00254,
        "precision_at_20": 0.09507,
        "precision_at_3": 0.33959,
        "precision_at_5": 0.25352,
        "recall_at_1": 0.33166,
        "recall_at_10": 0.70097,
        "recall_at_100": 0.91204,
        "recall_at_1000": 0.98419,
        "recall_at_20": 0.79295,
        "recall_at_3": 0.50931,
        "recall_at_5": 0.60515
      }
    ]
  },
  "task_name": "MIRACLRetrieval"
}