{
  "dataset_revision": "fc24a3ce8f09746410daee3d5cd823ff7a0675b7",
  "evaluation_time": 11457.999158143997,
  "kg_co2_emissions": null,
  "mteb_version": "1.20.0",
  "scores": {
    "test": [
      {
        "hf_subset": "korean",
        "languages": [
          "kor-Kore"
        ],
        "main_score": 0.55011,
        "map_at_1": 0.37173,
        "map_at_10": 0.49022,
        "map_at_100": 0.49864,
        "map_at_1000": 0.49898,
        "map_at_20": 0.49577,
        "map_at_3": 0.45322,
        "map_at_5": 0.47929,
        "mrr_at_1": 0.40617577197149646,
        "mrr_at_10": 0.5142206763940729,
        "mrr_at_100": 0.5211613964658944,
        "mrr_at_1000": 0.5213639580879118,
        "mrr_at_20": 0.5188662330481526,
        "mrr_at_3": 0.48218527315914494,
        "mrr_at_5": 0.5058194774346793,
        "nauc_map_at_1000_diff1": 0.3534765508644741,
        "nauc_map_at_1000_max": 0.362924613909079,
        "nauc_map_at_1000_std": 0.022637065199890526,
        "nauc_map_at_100_diff1": 0.353334465744014,
        "nauc_map_at_100_max": 0.3627436546134224,
        "nauc_map_at_100_std": 0.022577027925581254,
        "nauc_map_at_10_diff1": 0.35081454613547175,
        "nauc_map_at_10_max": 0.35824316801536765,
        "nauc_map_at_10_std": 0.018621993483028804,
        "nauc_map_at_1_diff1": 0.4394346374015472,
        "nauc_map_at_1_max": 0.35914751186291155,
        "nauc_map_at_1_std": -0.03112772622952899,
        "nauc_map_at_20_diff1": 0.3515758956767678,
        "nauc_map_at_20_max": 0.36139434521556835,
        "nauc_map_at_20_std": 0.022340965234366888,
        "nauc_map_at_3_diff1": 0.3643412305788555,
        "nauc_map_at_3_max": 0.35824502290711857,
        "nauc_map_at_3_std": 0.007773972628907927,
        "nauc_map_at_5_diff1": 0.3542438089845706,
        "nauc_map_at_5_max": 0.35294327035520345,
        "nauc_map_at_5_std": 0.012824952270608616,
        "nauc_mrr_at_1000_diff1": 0.37030847743191486,
        "nauc_mrr_at_1000_max": 0.4014409059065291,
        "nauc_mrr_at_1000_std": 0.04284497455893501,
        "nauc_mrr_at_100_diff1": 0.37021214811364633,
        "nauc_mrr_at_100_max": 0.4014604238515054,
        "nauc_mrr_at_100_std": 0.042864488196709745,
        "nauc_mrr_at_10_diff1": 0.36840780492276015,
        "nauc_mrr_at_10_max": 0.3985126565719115,
        "nauc_mrr_at_10_std": 0.040760639604665264,
        "nauc_mrr_at_1_diff1": 0.4476333755929182,
        "nauc_mrr_at_1_max": 0.40326469057519526,
        "nauc_mrr_at_1_std": 0.0072997114123084985,
        "nauc_mrr_at_20_diff1": 0.3696458244513162,
        "nauc_mrr_at_20_max": 0.4017034248300554,
        "nauc_mrr_at_20_std": 0.0426350028542941,
        "nauc_mrr_at_3_diff1": 0.37427363850577317,
        "nauc_mrr_at_3_max": 0.39667457388663585,
        "nauc_mrr_at_3_std": 0.0360488155766075,
        "nauc_mrr_at_5_diff1": 0.37018973625063745,
        "nauc_mrr_at_5_max": 0.39118360580739486,
        "nauc_mrr_at_5_std": 0.035550641671329056,
        "nauc_ndcg_at_1000_diff1": 0.34179738872130816,
        "nauc_ndcg_at_1000_max": 0.38723451860916625,
        "nauc_ndcg_at_1000_std": 0.05766002535067514,
        "nauc_ndcg_at_100_diff1": 0.33198200853952514,
        "nauc_ndcg_at_100_max": 0.3849533600748478,
        "nauc_ndcg_at_100_std": 0.06016231442477039,
        "nauc_ndcg_at_10_diff1": 0.3213002162445567,
        "nauc_ndcg_at_10_max": 0.3669678880126573,
        "nauc_ndcg_at_10_std": 0.04435716135388231,
        "nauc_ndcg_at_1_diff1": 0.4476333755929182,
        "nauc_ndcg_at_1_max": 0.40326469057519526,
        "nauc_ndcg_at_1_std": 0.0072997114123084985,
        "nauc_ndcg_at_20_diff1": 0.3233671091658442,
        "nauc_ndcg_at_20_max": 0.3784652743856314,
        "nauc_ndcg_at_20_std": 0.05610222103228094,
        "nauc_ndcg_at_3_diff1": 0.34540185310356236,
        "nauc_ndcg_at_3_max": 0.36440518603972377,
        "nauc_ndcg_at_3_std": 0.023929022932015993,
        "nauc_ndcg_at_5_diff1": 0.3292907310376978,
        "nauc_ndcg_at_5_max": 0.3535803636201188,
        "nauc_ndcg_at_5_std": 0.031205350457471002,
        "nauc_precision_at_1000_diff1": 0.038071768151506126,
        "nauc_precision_at_1000_max": 0.2023526720585822,
        "nauc_precision_at_1000_std": 0.2245887465920116,
        "nauc_precision_at_100_diff1": 0.034165106875631755,
        "nauc_precision_at_100_max": 0.2546944915960753,
        "nauc_precision_at_100_std": 0.24449808850665333,
        "nauc_precision_at_10_diff1": 0.10354267350812409,
        "nauc_precision_at_10_max": 0.2800684643390209,
        "nauc_precision_at_10_std": 0.15076718576951242,
        "nauc_precision_at_1_diff1": 0.4476333755929182,
        "nauc_precision_at_1_max": 0.40326469057519526,
        "nauc_precision_at_1_std": 0.0072997114123084985,
        "nauc_precision_at_20_diff1": 0.061548928520456604,
        "nauc_precision_at_20_max": 0.27662177632394025,
        "nauc_precision_at_20_std": 0.2128774243275918,
        "nauc_precision_at_3_diff1": 0.2501330958282208,
        "nauc_precision_at_3_max": 0.34690185014533564,
        "nauc_precision_at_3_std": 0.09171446549360808,
        "nauc_precision_at_5_diff1": 0.1750713626614356,
        "nauc_precision_at_5_max": 0.2914769521390908,
        "nauc_precision_at_5_std": 0.11260780828219168,
        "nauc_recall_at_1000_diff1": 0.370279255219639,
        "nauc_recall_at_1000_max": 0.6750328138256553,
        "nauc_recall_at_1000_std": 0.5043423318119773,
        "nauc_recall_at_100_diff1": 0.14232466984906053,
        "nauc_recall_at_100_max": 0.4792748970125092,
        "nauc_recall_at_100_std": 0.3228399242838028,
        "nauc_recall_at_10_diff1": 0.17444062059210683,
        "nauc_recall_at_10_max": 0.3396516241541569,
        "nauc_recall_at_10_std": 0.11756635139731124,
        "nauc_recall_at_1_diff1": 0.4394346374015472,
        "nauc_recall_at_1_max": 0.35914751186291155,
        "nauc_recall_at_1_std": -0.03112772622952899,
        "nauc_recall_at_20_diff1": 0.15478654557339946,
        "nauc_recall_at_20_max": 0.395072895370965,
        "nauc_recall_at_20_std": 0.18701562249696008,
        "nauc_recall_at_3_diff1": 0.2718140986712021,
        "nauc_recall_at_3_max": 0.3380662842993732,
        "nauc_recall_at_3_std": 0.04541815103444281,
        "nauc_recall_at_5_diff1": 0.2174882358215161,
        "nauc_recall_at_5_max": 0.3016629817024547,
        "nauc_recall_at_5_std": 0.06951134218978933,
        "ndcg_at_1": 0.40618,
        "ndcg_at_10": 0.55011,
        "ndcg_at_100": 0.58706,
        "ndcg_at_1000": 0.59621,
        "ndcg_at_20": 0.56841,
        "ndcg_at_3": 0.48167,
        "ndcg_at_5": 0.52645,
        "precision_at_1": 0.40618,
        "precision_at_10": 0.081,
        "precision_at_100": 0.01014,
        "precision_at_1000": 0.0011,
        "precision_at_20": 0.04489,
        "precision_at_3": 0.19873,
        "precision_at_5": 0.14489,
        "recall_at_1": 0.37173,
        "recall_at_10": 0.70942,
        "recall_at_100": 0.87253,
        "recall_at_1000": 0.94418,
        "recall_at_20": 0.77672,
        "recall_at_3": 0.53603,
        "recall_at_5": 0.64054
      }
    ]
  },
  "task_name": "MrTidyRetrieval"
}