{
  "dataset_revision": "d67138e705d963e346253a80e59676ddb418810a",
  "evaluation_time": 411.78907680511475,
  "kg_co2_emissions": null,
  "mteb_version": "1.20.0",
  "scores": {
    "dev": [
      {
        "hf_subset": "ko",
        "languages": [
          "kor-Hang"
        ],
        "main_score": 0.21968,
        "map_at_1": 0.15,
        "map_at_10": 0.19486,
        "map_at_100": 0.20348,
        "map_at_1000": 0.20422,
        "map_at_20": 0.19862,
        "map_at_3": 0.1825,
        "map_at_5": 0.185,
        "mrr_at_1": 0.15,
        "mrr_at_10": 0.1948611111111111,
        "mrr_at_100": 0.20348075961449408,
        "mrr_at_1000": 0.2042227028085186,
        "mrr_at_20": 0.19861868094066237,
        "mrr_at_3": 0.1825,
        "mrr_at_5": 0.185,
        "nauc_map_at_1000_diff1": 0.5228641163292851,
        "nauc_map_at_1000_max": 0.3412128831254867,
        "nauc_map_at_1000_std": 0.0012824128179374956,
        "nauc_map_at_100_diff1": 0.5229167197883231,
        "nauc_map_at_100_max": 0.3413522374374235,
        "nauc_map_at_100_std": 0.0010966877334498038,
        "nauc_map_at_10_diff1": 0.521436223842329,
        "nauc_map_at_10_max": 0.33387114549522184,
        "nauc_map_at_10_std": -0.006027959979052935,
        "nauc_map_at_1_diff1": 0.6252091523031954,
        "nauc_map_at_1_max": 0.36016530591674234,
        "nauc_map_at_1_std": -0.026327991129926537,
        "nauc_map_at_20_diff1": 0.5205561717274496,
        "nauc_map_at_20_max": 0.335644036778537,
        "nauc_map_at_20_std": -0.004322490258848994,
        "nauc_map_at_3_diff1": 0.5377286501316654,
        "nauc_map_at_3_max": 0.3340684836642245,
        "nauc_map_at_3_std": -0.02057244685965842,
        "nauc_map_at_5_diff1": 0.5309102396475923,
        "nauc_map_at_5_max": 0.34128063601821707,
        "nauc_map_at_5_std": -0.017655472582244612,
        "nauc_mrr_at_1000_diff1": 0.5228641163292851,
        "nauc_mrr_at_1000_max": 0.3412128831254867,
        "nauc_mrr_at_1000_std": 0.0012824128179374956,
        "nauc_mrr_at_100_diff1": 0.5229167197883231,
        "nauc_mrr_at_100_max": 0.3413522374374235,
        "nauc_mrr_at_100_std": 0.0010966877334498038,
        "nauc_mrr_at_10_diff1": 0.521436223842329,
        "nauc_mrr_at_10_max": 0.33387114549522184,
        "nauc_mrr_at_10_std": -0.006027959979052935,
        "nauc_mrr_at_1_diff1": 0.6252091523031954,
        "nauc_mrr_at_1_max": 0.36016530591674234,
        "nauc_mrr_at_1_std": -0.026327991129926537,
        "nauc_mrr_at_20_diff1": 0.5205561717274496,
        "nauc_mrr_at_20_max": 0.335644036778537,
        "nauc_mrr_at_20_std": -0.004322490258848994,
        "nauc_mrr_at_3_diff1": 0.5377286501316654,
        "nauc_mrr_at_3_max": 0.3340684836642245,
        "nauc_mrr_at_3_std": -0.02057244685965842,
        "nauc_mrr_at_5_diff1": 0.5309102396475923,
        "nauc_mrr_at_5_max": 0.34128063601821707,
        "nauc_mrr_at_5_std": -0.017655472582244612,
        "nauc_ndcg_at_1000_diff1": 0.49450756826140746,
        "nauc_ndcg_at_1000_max": 0.3625588888678582,
        "nauc_ndcg_at_1000_std": 0.06012473989322547,
        "nauc_ndcg_at_100_diff1": 0.4933383125619591,
        "nauc_ndcg_at_100_max": 0.36004732048036603,
        "nauc_ndcg_at_100_std": 0.05438097701534137,
        "nauc_ndcg_at_10_diff1": 0.4866665045019168,
        "nauc_ndcg_at_10_max": 0.32095272853954526,
        "nauc_ndcg_at_10_std": 0.011149336322515323,
        "nauc_ndcg_at_1_diff1": 0.6252091523031954,
        "nauc_ndcg_at_1_max": 0.36016530591674234,
        "nauc_ndcg_at_1_std": -0.026327991129926537,
        "nauc_ndcg_at_20_diff1": 0.4826000708364039,
        "nauc_ndcg_at_20_max": 0.3273890002320808,
        "nauc_ndcg_at_20_std": 0.019339722067390635,
        "nauc_ndcg_at_3_diff1": 0.5172758390255361,
        "nauc_ndcg_at_3_max": 0.3259425664001633,
        "nauc_ndcg_at_3_std": -0.01780903214899896,
        "nauc_ndcg_at_5_diff1": 0.5061486447758137,
        "nauc_ndcg_at_5_max": 0.33797366721555006,
        "nauc_ndcg_at_5_std": -0.012996151109373837,
        "nauc_precision_at_1000_diff1": 0.40466972852093236,
        "nauc_precision_at_1000_max": 0.5651645947050766,
        "nauc_precision_at_1000_std": 0.4529059561882323,
        "nauc_precision_at_100_diff1": 0.4242039205720622,
        "nauc_precision_at_100_max": 0.44951751692396735,
        "nauc_precision_at_100_std": 0.2506511933250036,
        "nauc_precision_at_10_diff1": 0.4020470206728822,
        "nauc_precision_at_10_max": 0.2867450344548034,
        "nauc_precision_at_10_std": 0.05682340224294023,
        "nauc_precision_at_1_diff1": 0.6252091523031954,
        "nauc_precision_at_1_max": 0.36016530591674234,
        "nauc_precision_at_1_std": -0.026327991129926537,
        "nauc_precision_at_20_diff1": 0.3886963441341078,
        "nauc_precision_at_20_max": 0.3091011923160395,
        "nauc_precision_at_20_std": 0.0864544216971267,
        "nauc_precision_at_3_diff1": 0.46614041085247243,
        "nauc_precision_at_3_max": 0.30496161854740966,
        "nauc_precision_at_3_std": -0.01043447182770295,
        "nauc_precision_at_5_diff1": 0.4437546712222209,
        "nauc_precision_at_5_max": 0.33057000350818333,
        "nauc_precision_at_5_std": -0.00048046857125419895,
        "nauc_recall_at_1000_diff1": 0.40466972852093197,
        "nauc_recall_at_1000_max": 0.565164594705076,
        "nauc_recall_at_1000_std": 0.4529059561882311,
        "nauc_recall_at_100_diff1": 0.4242039205720618,
        "nauc_recall_at_100_max": 0.44951751692396746,
        "nauc_recall_at_100_std": 0.2506511933250037,
        "nauc_recall_at_10_diff1": 0.4020470206728819,
        "nauc_recall_at_10_max": 0.28674503445480354,
        "nauc_recall_at_10_std": 0.05682340224293989,
        "nauc_recall_at_1_diff1": 0.6252091523031954,
        "nauc_recall_at_1_max": 0.36016530591674234,
        "nauc_recall_at_1_std": -0.026327991129926537,
        "nauc_recall_at_20_diff1": 0.3886963441341077,
        "nauc_recall_at_20_max": 0.3091011923160393,
        "nauc_recall_at_20_std": 0.08645442169712678,
        "nauc_recall_at_3_diff1": 0.46614041085247204,
        "nauc_recall_at_3_max": 0.3049616185474097,
        "nauc_recall_at_3_std": -0.010434471827703058,
        "nauc_recall_at_5_diff1": 0.4437546712222204,
        "nauc_recall_at_5_max": 0.3305700035081832,
        "nauc_recall_at_5_std": -0.00048046857125430553,
        "ndcg_at_1": 0.15,
        "ndcg_at_10": 0.21968,
        "ndcg_at_100": 0.27014,
        "ndcg_at_1000": 0.29778,
        "ndcg_at_20": 0.23352,
        "ndcg_at_3": 0.1922,
        "ndcg_at_5": 0.19651,
        "precision_at_1": 0.15,
        "precision_at_10": 0.03,
        "precision_at_100": 0.00555,
        "precision_at_1000": 0.00079,
        "precision_at_20": 0.01775,
        "precision_at_3": 0.07333,
        "precision_at_5": 0.046,
        "recall_at_1": 0.15,
        "recall_at_10": 0.3,
        "recall_at_100": 0.555,
        "recall_at_1000": 0.79,
        "recall_at_20": 0.355,
        "recall_at_3": 0.22,
        "recall_at_5": 0.23
      }
    ],
    "test": [
      {
        "hf_subset": "ko",
        "languages": [
          "kor-Hang"
        ],
        "main_score": 0.22787,
        "map_at_1": 0.14,
        "map_at_10": 0.1987,
        "map_at_100": 0.20557,
        "map_at_1000": 0.20665,
        "map_at_20": 0.2017,
        "map_at_3": 0.185,
        "map_at_5": 0.1945,
        "mrr_at_1": 0.14,
        "mrr_at_10": 0.19870039682539684,
        "mrr_at_100": 0.2055687357826064,
        "mrr_at_1000": 0.20664794980331383,
        "mrr_at_20": 0.2016985743015155,
        "mrr_at_3": 0.185,
        "mrr_at_5": 0.19450000000000003,
        "nauc_map_at_1000_diff1": 0.388027241959978,
        "nauc_map_at_1000_max": 0.40123520494204395,
        "nauc_map_at_1000_std": 0.04780702712023158,
        "nauc_map_at_100_diff1": 0.3877132605487392,
        "nauc_map_at_100_max": 0.40102565182458855,
        "nauc_map_at_100_std": 0.04748594852112135,