{
  "dataset_revision": "main",
  "evaluation_time": 1.244837760925293,
  "kg_co2_emissions": null,
  "mteb_version": "1.20.0",
  "scores": {
    "test": [
      {
        "hf_subset": "korean",
        "languages": [
          "kor-Hang"
        ],
        "main_score": 0.77559,
        "map_at_1": 0.61039,
        "map_at_10": 0.72063,
        "map_at_100": 0.72355,
        "map_at_1000": 0.72355,
        "map_at_20": 0.72263,
        "map_at_3": 0.69481,
        "map_at_5": 0.71234,
        "mrr_at_1": 0.6103896103896104,
        "mrr_at_10": 0.7206349206349209,
        "mrr_at_100": 0.7235476992385783,
        "mrr_at_1000": 0.7235476992385783,
        "mrr_at_20": 0.722627246490883,
        "mrr_at_3": 0.6948051948051949,
        "mrr_at_5": 0.7123376623376625,
        "nauc_map_at_1000_diff1": 0.581514277430857,
        "nauc_map_at_1000_max": 0.2600121945421672,
        "nauc_map_at_1000_std": 0.0508272097576097,
        "nauc_map_at_100_diff1": 0.581514277430857,
        "nauc_map_at_100_max": 0.2600121945421672,
        "nauc_map_at_100_std": 0.0508272097576097,
        "nauc_map_at_10_diff1": 0.5798020406094601,
        "nauc_map_at_10_max": 0.25947368479173144,
        "nauc_map_at_10_std": 0.048451816839532806,
        "nauc_map_at_1_diff1": 0.6100966757438426,
        "nauc_map_at_1_max": 0.2804109120002006,
        "nauc_map_at_1_std": 0.05816858573239319,
        "nauc_map_at_20_diff1": 0.5784057148274875,
        "nauc_map_at_20_max": 0.2544781162654774,
        "nauc_map_at_20_std": 0.048219088535449,
        "nauc_map_at_3_diff1": 0.569994023647647,
        "nauc_map_at_3_max": 0.272733130545418,
        "nauc_map_at_3_std": 0.06125117458543027,
        "nauc_map_at_5_diff1": 0.576767098858931,
        "nauc_map_at_5_max": 0.270790922453173,
        "nauc_map_at_5_std": 0.06666333477243593,
        "nauc_mrr_at_1000_diff1": 0.581514277430857,
        "nauc_mrr_at_1000_max": 0.2600121945421672,
        "nauc_mrr_at_1000_std": 0.0508272097576097,
        "nauc_mrr_at_100_diff1": 0.581514277430857,
        "nauc_mrr_at_100_max": 0.2600121945421672,
        "nauc_mrr_at_100_std": 0.0508272097576097,
        "nauc_mrr_at_10_diff1": 0.5798020406094601,
        "nauc_mrr_at_10_max": 0.25947368479173144,
        "nauc_mrr_at_10_std": 0.048451816839532806,
        "nauc_mrr_at_1_diff1": 0.6100966757438426,
        "nauc_mrr_at_1_max": 0.2804109120002006,
        "nauc_mrr_at_1_std": 0.05816858573239319,
        "nauc_mrr_at_20_diff1": 0.5784057148274875,
        "nauc_mrr_at_20_max": 0.2544781162654774,
        "nauc_mrr_at_20_std": 0.048219088535449,
        "nauc_mrr_at_3_diff1": 0.569994023647647,
        "nauc_mrr_at_3_max": 0.272733130545418,
        "nauc_mrr_at_3_std": 0.06125117458543027,
        "nauc_mrr_at_5_diff1": 0.576767098858931,
        "nauc_mrr_at_5_max": 0.270790922453173,
        "nauc_mrr_at_5_std": 0.06666333477243593,
        "nauc_ndcg_at_1000_diff1": 0.5758895970977408,
        "nauc_ndcg_at_1000_max": 0.2563332621286461,
        "nauc_ndcg_at_1000_std": 0.052889533846057366,
        "nauc_ndcg_at_100_diff1": 0.5758895970977408,
        "nauc_ndcg_at_100_max": 0.2563332621286461,
        "nauc_ndcg_at_100_std": 0.052889533846057366,
        "nauc_ndcg_at_10_diff1": 0.5633651886103245,
        "nauc_ndcg_at_10_max": 0.24550419270187773,
        "nauc_ndcg_at_10_std": 0.044610907154761195,
        "nauc_ndcg_at_1_diff1": 0.6100966757438426,
        "nauc_ndcg_at_1_max": 0.2804109120002006,
        "nauc_ndcg_at_1_std": 0.05816858573239319,
        "nauc_ndcg_at_20_diff1": 0.5574381993765986,
        "nauc_ndcg_at_20_max": 0.22284415830217352,
        "nauc_ndcg_at_20_std": 0.03997714559180442,
        "nauc_ndcg_at_3_diff1": 0.5484583236884947,
        "nauc_ndcg_at_3_max": 0.2799253810560104,
        "nauc_ndcg_at_3_std": 0.07669422284650178,
        "nauc_ndcg_at_5_diff1": 0.5557446471304487,
        "nauc_ndcg_at_5_max": 0.2774984592893927,
        "nauc_ndcg_at_5_std": 0.0958730828908401,
        "nauc_precision_at_1000_diff1": NaN,
        "nauc_precision_at_1000_max": NaN,
        "nauc_precision_at_1000_std": NaN,
        "nauc_precision_at_100_diff1": 1.0,
        "nauc_precision_at_100_max": 1.0,
        "nauc_precision_at_100_std": 1.0,
        "nauc_precision_at_10_diff1": 0.3544905465332846,
        "nauc_precision_at_10_max": 0.029424740760962274,
        "nauc_precision_at_10_std": -0.04249064102210631,
        "nauc_precision_at_1_diff1": 0.6100966757438426,
        "nauc_precision_at_1_max": 0.2804109120002006,
        "nauc_precision_at_1_std": 0.05816858573239319,
        "nauc_precision_at_20_diff1": -0.00279858530002641,
        "nauc_precision_at_20_max": -0.8024518412512177,
        "nauc_precision_at_20_std": -0.304759369613741,
        "nauc_precision_at_3_diff1": 0.45974310015268893,
        "nauc_precision_at_3_max": 0.3130926276273598,
        "nauc_precision_at_3_std": 0.14462348982364673,
        "nauc_precision_at_5_diff1": 0.42345017705413346,
        "nauc_precision_at_5_max": 0.32459075504746615,
        "nauc_precision_at_5_std": 0.29382656447244254,
        "nauc_recall_at_1000_diff1": NaN,
        "nauc_recall_at_1000_max": NaN,
        "nauc_recall_at_1000_std": NaN,
        "nauc_recall_at_100_diff1": NaN,
        "nauc_recall_at_100_max": NaN,
        "nauc_recall_at_100_std": NaN,
        "nauc_recall_at_10_diff1": 0.35449054653328155,
        "nauc_recall_at_10_max": 0.029424740760955526,
        "nauc_recall_at_10_std": -0.0424906410221141,
        "nauc_recall_at_1_diff1": 0.6100966757438426,
        "nauc_recall_at_1_max": 0.2804109120002006,
        "nauc_recall_at_1_std": 0.05816858573239319,
        "nauc_recall_at_20_diff1": -0.002798585300030213,
        "nauc_recall_at_20_max": -0.8024518412512368,
        "nauc_recall_at_20_std": -0.3047593696137533,
        "nauc_recall_at_3_diff1": 0.4597431001526878,
        "nauc_recall_at_3_max": 0.31309262762735857,
        "nauc_recall_at_3_std": 0.1446234898236454,
        "nauc_recall_at_5_diff1": 0.42345017705413185,
        "nauc_recall_at_5_max": 0.3245907550474637,
        "nauc_recall_at_5_std": 0.2938265644724397,
        "ndcg_at_1": 0.61039,
        "ndcg_at_10": 0.77559,
        "ndcg_at_100": 0.78768,
        "ndcg_at_1000": 0.78768,
        "ndcg_at_20": 0.78239,
        "ndcg_at_3": 0.7231,
        "ndcg_at_5": 0.75495,
        "precision_at_1": 0.61039,
        "precision_at_10": 0.09481,
        "precision_at_100": 0.01,
        "precision_at_1000": 0.001,
        "precision_at_20": 0.0487,
        "precision_at_3": 0.2684,
        "precision_at_5": 0.17662,
        "recall_at_1": 0.61039,
        "recall_at_10": 0.94805,
        "recall_at_100": 1.0,
        "recall_at_1000": 1.0,
        "recall_at_20": 0.97403,
        "recall_at_3": 0.80519,
        "recall_at_5": 0.88312
      }
    ]
  },
  "task_name": "PublicHealthQA"
}