{
  "dataset_revision": "fd7df84ac089bbec763b1c6bb1b56e985df5cc5c",
  "task_name": "AutoRAGRetrieval",
  "mteb_version": "1.31.1",
  "scores": {
    "test": [
      {
        "ndcg_at_1": 0.64035,
        "ndcg_at_3": 0.74645,
        "ndcg_at_5": 0.78045,
        "ndcg_at_10": 0.79752,
        "ndcg_at_20": 0.80442,
        "ndcg_at_100": 0.80827,
        "ndcg_at_1000": 0.80956,
        "map_at_1": 0.64035,
        "map_at_3": 0.72222,
        "map_at_5": 0.74196,
        "map_at_10": 0.74901,
        "map_at_20": 0.75103,
        "map_at_100": 0.75181,
        "map_at_1000": 0.75189,
        "recall_at_1": 0.64035,
        "recall_at_3": 0.81579,
        "recall_at_5": 0.89474,
        "recall_at_10": 0.94737,
        "recall_at_20": 0.97368,
        "recall_at_100": 0.99123,
        "recall_at_1000": 1.0,
        "precision_at_1": 0.64035,
        "precision_at_3": 0.27193,
        "precision_at_5": 0.17895,
        "precision_at_10": 0.09474,
        "precision_at_20": 0.04868,
        "precision_at_100": 0.00991,
        "precision_at_1000": 0.001,
        "mrr_at_1": 0.640351,
        "mrr_at_3": 0.722222,
        "mrr_at_5": 0.741959,
        "mrr_at_10": 0.749008,
        "mrr_at_20": 0.751028,
        "mrr_at_100": 0.751809,
        "mrr_at_1000": 0.751887,
        "nauc_ndcg_at_1_max": 0.23271,
        "nauc_ndcg_at_1_std": -0.564012,
        "nauc_ndcg_at_1_diff1": 0.711201,
        "nauc_ndcg_at_3_max": 0.263366,
        "nauc_ndcg_at_3_std": -0.576916,
        "nauc_ndcg_at_3_diff1": 0.661691,
        "nauc_ndcg_at_5_max": 0.320108,
        "nauc_ndcg_at_5_std": -0.571664,
        "nauc_ndcg_at_5_diff1": 0.647354,
        "nauc_ndcg_at_10_max": 0.297526,
        "nauc_ndcg_at_10_std": -0.586389,
        "nauc_ndcg_at_10_diff1": 0.63536,
        "nauc_ndcg_at_20_max": 0.290422,
        "nauc_ndcg_at_20_std": -0.578892,
        "nauc_ndcg_at_20_diff1": 0.651998,
        "nauc_ndcg_at_100_max": 0.284189,
        "nauc_ndcg_at_100_std": -0.587392,
        "nauc_ndcg_at_100_diff1": 0.664491,
        "nauc_ndcg_at_1000_max": 0.280711,
        "nauc_ndcg_at_1000_std": -0.578114,
        "nauc_ndcg_at_1000_diff1": 0.665361,
        "nauc_map_at_1_max": 0.23271,
        "nauc_map_at_1_std": -0.564012,
        "nauc_map_at_1_diff1": 0.711201,
        "nauc_map_at_3_max": 0.257089,
        "nauc_map_at_3_std": -0.571317,
        "nauc_map_at_3_diff1": 0.67527,
        "nauc_map_at_5_max": 0.285193,
        "nauc_map_at_5_std": -0.568233,
        "nauc_map_at_5_diff1": 0.669106,
        "nauc_map_at_10_max": 0.276107,
        "nauc_map_at_10_std": -0.573387,
        "nauc_map_at_10_diff1": 0.665824,
        "nauc_map_at_20_max": 0.274187,
        "nauc_map_at_20_std": -0.571752,
        "nauc_map_at_20_diff1": 0.670257,
        "nauc_map_at_100_max": 0.273146,
        "nauc_map_at_100_std": -0.573084,
        "nauc_map_at_100_diff1": 0.672292,
        "nauc_map_at_1000_max": 0.272978,
        "nauc_map_at_1000_std": -0.572642,
        "nauc_map_at_1000_diff1": 0.672336,
        "nauc_recall_at_1_max": 0.23271,
        "nauc_recall_at_1_std": -0.564012,
        "nauc_recall_at_1_diff1": 0.711201,
        "nauc_recall_at_3_max": 0.286603,
        "nauc_recall_at_3_std": -0.600074,
        "nauc_recall_at_3_diff1": 0.608593,
        "nauc_recall_at_5_max": 0.543364,
        "nauc_recall_at_5_std": -0.593001,
        "nauc_recall_at_5_diff1": 0.512571,
        "nauc_recall_at_10_max": 0.538554,
        "nauc_recall_at_10_std": -0.757797,
        "nauc_recall_at_10_diff1": 0.257031,
        "nauc_recall_at_20_max": 0.610642,
        "nauc_recall_at_20_std": -0.732697,
        "nauc_recall_at_20_diff1": 0.266409,
        "nauc_recall_at_100_max": 0.722407,
        "nauc_recall_at_100_std": -1.756536,
        "nauc_recall_at_100_diff1": 0.55476,
        "nauc_recall_at_1000_max": NaN,
        "nauc_recall_at_1000_std": NaN,
        "nauc_recall_at_1000_diff1": NaN,
        "nauc_precision_at_1_max": 0.23271,
        "nauc_precision_at_1_std": -0.564012,
        "nauc_precision_at_1_diff1": 0.711201,
        "nauc_precision_at_3_max": 0.286603,
        "nauc_precision_at_3_std": -0.600074,
        "nauc_precision_at_3_diff1": 0.608593,
        "nauc_precision_at_5_max": 0.543364,
        "nauc_precision_at_5_std": -0.593001,
        "nauc_precision_at_5_diff1": 0.512571,
        "nauc_precision_at_10_max": 0.538554,
        "nauc_precision_at_10_std": -0.757797,
        "nauc_precision_at_10_diff1": 0.257031,
        "nauc_precision_at_20_max": 0.610642,
        "nauc_precision_at_20_std": -0.732697,
        "nauc_precision_at_20_diff1": 0.266409,
        "nauc_precision_at_100_max": 0.722407,
        "nauc_precision_at_100_std": -1.756536,
        "nauc_precision_at_100_diff1": 0.55476,
        "nauc_precision_at_1000_max": 1.0,
        "nauc_precision_at_1000_std": 1.0,
        "nauc_precision_at_1000_diff1": 1.0,
        "nauc_mrr_at_1_max": 0.23271,
        "nauc_mrr_at_1_std": -0.564012,
        "nauc_mrr_at_1_diff1": 0.711201,
        "nauc_mrr_at_3_max": 0.257089,
        "nauc_mrr_at_3_std": -0.571317,
        "nauc_mrr_at_3_diff1": 0.67527,
        "nauc_mrr_at_5_max": 0.285193,
        "nauc_mrr_at_5_std": -0.568233,
        "nauc_mrr_at_5_diff1": 0.669106,
        "nauc_mrr_at_10_max": 0.276107,
        "nauc_mrr_at_10_std": -0.573387,
        "nauc_mrr_at_10_diff1": 0.665824,
        "nauc_mrr_at_20_max": 0.274187,
        "nauc_mrr_at_20_std": -0.571752,
        "nauc_mrr_at_20_diff1": 0.670257,
        "nauc_mrr_at_100_max": 0.273146,
        "nauc_mrr_at_100_std": -0.573084,
        "nauc_mrr_at_100_diff1": 0.672292,
        "nauc_mrr_at_1000_max": 0.272978,
        "nauc_mrr_at_1000_std": -0.572642,
        "nauc_mrr_at_1000_diff1": 0.672336,
        "main_score": 0.79752,
        "hf_subset": "default",
        "languages": [
          "kor-Hang"
        ]
      }
    ]
  },
  "evaluation_time": 5.010849714279175,
  "kg_co2_emissions": null
}