{
  "dataset_revision": "fd7df84ac089bbec763b1c6bb1b56e985df5cc5c",
  "evaluation_time": 12.844457387924194,
  "kg_co2_emissions": null,
  "mteb_version": "1.19.4",
  "scores": {
    "test": [
      {
        "hf_subset": "default",
        "languages": [
          "kor-Hang"
        ],
        "main_score": 0.79752,
        "map_at_1": 0.64035,
        "map_at_10": 0.74901,
        "map_at_100": 0.75181,
        "map_at_1000": 0.75189,
        "map_at_20": 0.75103,
        "map_at_3": 0.72222,
        "map_at_5": 0.74196,
        "mrr_at_1": 0.6403508771929824,
        "mrr_at_10": 0.7490079365079366,
        "mrr_at_100": 0.751808506456676,
        "mrr_at_1000": 0.751886827258681,
        "mrr_at_20": 0.7510283941204995,
        "mrr_at_3": 0.7222222222222223,
        "mrr_at_5": 0.7419590643274855,
        "nauc_map_at_1000_diff1": 0.6723356332353837,
        "nauc_map_at_1000_max": 0.27297805472316405,
        "nauc_map_at_1000_std": -0.5726423683151028,
        "nauc_map_at_100_diff1": 0.6722918045747075,
        "nauc_map_at_100_max": 0.27314558762940006,
        "nauc_map_at_100_std": -0.5730836867712397,
        "nauc_map_at_10_diff1": 0.6658237829761234,
        "nauc_map_at_10_max": 0.27610706400977403,
        "nauc_map_at_10_std": -0.5733871417301553,
        "nauc_map_at_1_diff1": 0.7112013453493657,
        "nauc_map_at_1_max": 0.23271019903304435,
        "nauc_map_at_1_std": -0.5640115753195888,
        "nauc_map_at_20_diff1": 0.6702570196763116,
        "nauc_map_at_20_max": 0.2741873392047378,
        "nauc_map_at_20_std": -0.5717522349353029,
        "nauc_map_at_3_diff1": 0.6752697621006652,
        "nauc_map_at_3_max": 0.2570892542281406,
        "nauc_map_at_3_std": -0.571317005989482,
        "nauc_map_at_5_diff1": 0.6691055922420671,
        "nauc_map_at_5_max": 0.28519256115613123,
        "nauc_map_at_5_std": -0.5682331833213823,
        "nauc_mrr_at_1000_diff1": 0.6723356332353837,
        "nauc_mrr_at_1000_max": 0.27297805472316405,
        "nauc_mrr_at_1000_std": -0.5726423683151028,
        "nauc_mrr_at_100_diff1": 0.6722918045747075,
        "nauc_mrr_at_100_max": 0.27314558762940006,
        "nauc_mrr_at_100_std": -0.5730836867712397,
        "nauc_mrr_at_10_diff1": 0.6658237829761234,
        "nauc_mrr_at_10_max": 0.27610706400977403,
        "nauc_mrr_at_10_std": -0.5733871417301553,
        "nauc_mrr_at_1_diff1": 0.7112013453493657,
        "nauc_mrr_at_1_max": 0.23271019903304435,
        "nauc_mrr_at_1_std": -0.5640115753195888,
        "nauc_mrr_at_20_diff1": 0.6702570196763116,
        "nauc_mrr_at_20_max": 0.2741873392047378,
        "nauc_mrr_at_20_std": -0.5717522349353029,
        "nauc_mrr_at_3_diff1": 0.6752697621006652,
        "nauc_mrr_at_3_max": 0.2570892542281406,
        "nauc_mrr_at_3_std": -0.571317005989482,
        "nauc_mrr_at_5_diff1": 0.6691055922420671,
        "nauc_mrr_at_5_max": 0.28519256115613123,
        "nauc_mrr_at_5_std": -0.5682331833213823,
        "nauc_ndcg_at_1000_diff1": 0.6653614414214758,
        "nauc_ndcg_at_1000_max": 0.2807112227353227,
        "nauc_ndcg_at_1000_std": -0.5781138597877794,
        "nauc_ndcg_at_100_diff1": 0.6644906484817493,
        "nauc_ndcg_at_100_max": 0.2841887894561054,
        "nauc_ndcg_at_100_std": -0.5873918400849422,
        "nauc_ndcg_at_10_diff1": 0.6353600181941691,
        "nauc_ndcg_at_10_max": 0.29752591673557843,
        "nauc_ndcg_at_10_std": -0.5863892017597498,
        "nauc_ndcg_at_1_diff1": 0.7112013453493657,
        "nauc_ndcg_at_1_max": 0.23271019903304435,
        "nauc_ndcg_at_1_std": -0.5640115753195888,
        "nauc_ndcg_at_20_diff1": 0.651997768652368,
        "nauc_ndcg_at_20_max": 0.29042238107218876,
        "nauc_ndcg_at_20_std": -0.5788922792970898,
        "nauc_ndcg_at_3_diff1": 0.6616914652317964,
        "nauc_ndcg_at_3_max": 0.26336568473785094,
        "nauc_ndcg_at_3_std": -0.5769159630372578,
        "nauc_ndcg_at_5_diff1": 0.647354445410905,
        "nauc_ndcg_at_5_max": 0.3201079312415651,
        "nauc_ndcg_at_5_std": -0.5716641026307666,
        "nauc_precision_at_1000_diff1": 1.0,
        "nauc_precision_at_1000_max": 1.0,
        "nauc_precision_at_1000_std": 1.0,
        "nauc_precision_at_100_diff1": 0.554759603617449,
        "nauc_precision_at_100_max": 0.7224066624409552,
        "nauc_precision_at_100_std": -1.7565359911142433,
        "nauc_precision_at_10_diff1": 0.25703130513687805,
        "nauc_precision_at_10_max": 0.5385542979657244,
        "nauc_precision_at_10_std": -0.7577965278796114,
        "nauc_precision_at_1_diff1": 0.7112013453493657,
        "nauc_precision_at_1_max": 0.23271019903304435,
        "nauc_precision_at_1_std": -0.5640115753195888,
        "nauc_precision_at_20_diff1": 0.2664089692459977,
        "nauc_precision_at_20_max": 0.6106419565585748,
        "nauc_precision_at_20_std": -0.7326974857052104,
        "nauc_precision_at_3_diff1": 0.6085926375473378,
        "nauc_precision_at_3_max": 0.28660305534992264,
        "nauc_precision_at_3_std": -0.6000744749701165,
        "nauc_precision_at_5_diff1": 0.5125707346224895,
        "nauc_precision_at_5_max": 0.5433636522514341,
        "nauc_precision_at_5_std": -0.5930010397419233,
        "nauc_recall_at_1000_diff1": NaN,
        "nauc_recall_at_1000_max": NaN,
        "nauc_recall_at_1000_std": NaN,
        "nauc_recall_at_100_diff1": 0.5547596036174103,
        "nauc_recall_at_100_max": 0.7224066624409369,
        "nauc_recall_at_100_std": -1.756535991114336,
        "nauc_recall_at_10_diff1": 0.25703130513688316,
        "nauc_recall_at_10_max": 0.5385542979657265,
        "nauc_recall_at_10_std": -0.7577965278796062,
        "nauc_recall_at_1_diff1": 0.7112013453493657,
        "nauc_recall_at_1_max": 0.23271019903304435,
        "nauc_recall_at_1_std": -0.5640115753195888,
        "nauc_recall_at_20_diff1": 0.26640896924600216,
        "nauc_recall_at_20_max": 0.6106419565585729,
        "nauc_recall_at_20_std": -0.7326974857051948,
        "nauc_recall_at_3_diff1": 0.6085926375473392,
        "nauc_recall_at_3_max": 0.2866030553499234,
        "nauc_recall_at_3_std": -0.6000744749701153,
        "nauc_recall_at_5_diff1": 0.5125707346224897,
        "nauc_recall_at_5_max": 0.5433636522514345,
        "nauc_recall_at_5_std": -0.5930010397419251,
        "ndcg_at_1": 0.64035,
        "ndcg_at_10": 0.79752,
        "ndcg_at_100": 0.80827,
        "ndcg_at_1000": 0.80956,
        "ndcg_at_20": 0.80442,
        "ndcg_at_3": 0.74645,
        "ndcg_at_5": 0.78045,
        "precision_at_1": 0.64035,
        "precision_at_10": 0.09474,
        "precision_at_100": 0.00991,
        "precision_at_1000": 0.001,
        "precision_at_20": 0.04868,
        "precision_at_3": 0.27193,
        "precision_at_5": 0.17895,
        "recall_at_1": 0.64035,
        "recall_at_10": 0.94737,
        "recall_at_100": 0.99123,
        "recall_at_1000": 1.0,
        "recall_at_20": 0.97368,
        "recall_at_3": 0.81579,
        "recall_at_5": 0.89474
      }
    ]
  },
  "task_name": "AutoRAGRetrieval"
}