{
  "dataset_revision": "75b399394a9803252cfec289d103de462763db7c",
  "task_name": "BelebeleRetrieval",
  "mteb_version": "1.31.1",
  "scores": {
    "test": [
      {
        "ndcg_at_1": 0.87778,
        "ndcg_at_3": 0.91932,
        "ndcg_at_5": 0.92263,
        "ndcg_at_10": 0.92868,
        "ndcg_at_20": 0.93071,
        "ndcg_at_100": 0.93292,
        "ndcg_at_1000": 0.9336,
        "map_at_1": 0.87778,
        "map_at_3": 0.90944,
        "map_at_5": 0.91133,
        "map_at_10": 0.9138,
        "map_at_20": 0.91439,
        "map_at_100": 0.91467,
        "map_at_1000": 0.91469,
        "recall_at_1": 0.87778,
        "recall_at_3": 0.94778,
        "recall_at_5": 0.95556,
        "recall_at_10": 0.97444,
        "recall_at_20": 0.98222,
        "recall_at_100": 0.99444,
        "recall_at_1000": 1.0,
        "precision_at_1": 0.87778,
        "precision_at_3": 0.31593,
        "precision_at_5": 0.19111,
        "precision_at_10": 0.09744,
        "precision_at_20": 0.04911,
        "precision_at_100": 0.00994,
        "precision_at_1000": 0.001,
        "mrr_at_1": 0.877778,
        "mrr_at_3": 0.909444,
        "mrr_at_5": 0.911333,
        "mrr_at_10": 0.913799,
        "mrr_at_20": 0.914392,
        "mrr_at_100": 0.914669,
        "mrr_at_1000": 0.914689,
        "nauc_ndcg_at_1_max": 0.799261,
        "nauc_ndcg_at_1_std": 0.113668,
        "nauc_ndcg_at_1_diff1": 0.921555,
        "nauc_ndcg_at_3_max": 0.837978,
        "nauc_ndcg_at_3_std": 0.173811,
        "nauc_ndcg_at_3_diff1": 0.919067,
        "nauc_ndcg_at_5_max": 0.835086,
        "nauc_ndcg_at_5_std": 0.169919,
        "nauc_ndcg_at_5_diff1": 0.917206,
        "nauc_ndcg_at_10_max": 0.828951,
        "nauc_ndcg_at_10_std": 0.159654,
        "nauc_ndcg_at_10_diff1": 0.915096,
        "nauc_ndcg_at_20_max": 0.827167,
        "nauc_ndcg_at_20_std": 0.163104,
        "nauc_ndcg_at_20_diff1": 0.915432,
        "nauc_ndcg_at_100_max": 0.824723,
        "nauc_ndcg_at_100_std": 0.160281,
        "nauc_ndcg_at_100_diff1": 0.916722,
        "nauc_ndcg_at_1000_max": 0.824184,
        "nauc_ndcg_at_1000_std": 0.155123,
        "nauc_ndcg_at_1000_diff1": 0.916758,
        "nauc_map_at_1_max": 0.799261,
        "nauc_map_at_1_std": 0.113668,
        "nauc_map_at_1_diff1": 0.921555,
        "nauc_map_at_3_max": 0.826059,
        "nauc_map_at_3_std": 0.154758,
        "nauc_map_at_3_diff1": 0.919136,
        "nauc_map_at_5_max": 0.824342,
        "nauc_map_at_5_std": 0.15254,
        "nauc_map_at_5_diff1": 0.918218,
        "nauc_map_at_10_max": 0.821718,
        "nauc_map_at_10_std": 0.147762,
        "nauc_map_at_10_diff1": 0.917362,
        "nauc_map_at_20_max": 0.821257,
        "nauc_map_at_20_std": 0.148071,
        "nauc_map_at_20_diff1": 0.917465,
        "nauc_map_at_100_max": 0.820939,
        "nauc_map_at_100_std": 0.147681,
        "nauc_map_at_100_diff1": 0.917563,
        "nauc_map_at_1000_max": 0.820936,
        "nauc_map_at_1000_std": 0.147586,
        "nauc_map_at_1000_diff1": 0.91757,
        "nauc_recall_at_1_max": 0.799261,
        "nauc_recall_at_1_std": 0.113668,
        "nauc_recall_at_1_diff1": 0.921555,
        "nauc_recall_at_3_max": 0.896249,
        "nauc_recall_at_3_std": 0.267368,
        "nauc_recall_at_3_diff1": 0.919244,
        "nauc_recall_at_5_max": 0.894841,
        "nauc_recall_at_5_std": 0.26683,
        "nauc_recall_at_5_diff1": 0.911648,
        "nauc_recall_at_10_max": 0.890695,
        "nauc_recall_at_10_std": 0.26497,
        "nauc_recall_at_10_diff1": 0.892522,
        "nauc_recall_at_20_max": 0.891165,
        "nauc_recall_at_20_std": 0.377042,
        "nauc_recall_at_20_diff1": 0.887372,
        "nauc_recall_at_100_max": 0.884687,
        "nauc_recall_at_100_std": 0.676564,
        "nauc_recall_at_100_diff1": 0.918301,
        "nauc_recall_at_1000_max": NaN,
        "nauc_recall_at_1000_std": NaN,
        "nauc_recall_at_1000_diff1": NaN,
        "nauc_precision_at_1_max": 0.799261,
        "nauc_precision_at_1_std": 0.113668,
        "nauc_precision_at_1_diff1": 0.921555,
        "nauc_precision_at_3_max": 0.896249,
        "nauc_precision_at_3_std": 0.267368,
        "nauc_precision_at_3_diff1": 0.919244,
        "nauc_precision_at_5_max": 0.894841,
        "nauc_precision_at_5_std": 0.26683,
        "nauc_precision_at_5_diff1": 0.911648,
        "nauc_precision_at_10_max": 0.890695,
        "nauc_precision_at_10_std": 0.26497,
        "nauc_precision_at_10_diff1": 0.892522,
        "nauc_precision_at_20_max": 0.891165,
        "nauc_precision_at_20_std": 0.377042,
        "nauc_precision_at_20_diff1": 0.887372,
        "nauc_precision_at_100_max": 0.884687,
        "nauc_precision_at_100_std": 0.676564,
        "nauc_precision_at_100_diff1": 0.918301,
        "nauc_precision_at_1000_max": NaN,
        "nauc_precision_at_1000_std": NaN,
        "nauc_precision_at_1000_diff1": NaN,
        "nauc_mrr_at_1_max": 0.799261,
        "nauc_mrr_at_1_std": 0.113668,
        "nauc_mrr_at_1_diff1": 0.921555,
        "nauc_mrr_at_3_max": 0.826059,
        "nauc_mrr_at_3_std": 0.154758,
        "nauc_mrr_at_3_diff1": 0.919136,
        "nauc_mrr_at_5_max": 0.824342,
        "nauc_mrr_at_5_std": 0.15254,
        "nauc_mrr_at_5_diff1": 0.918218,
        "nauc_mrr_at_10_max": 0.821718,
        "nauc_mrr_at_10_std": 0.147762,
        "nauc_mrr_at_10_diff1": 0.917362,
        "nauc_mrr_at_20_max": 0.821257,
        "nauc_mrr_at_20_std": 0.148071,
        "nauc_mrr_at_20_diff1": 0.917465,
        "nauc_mrr_at_100_max": 0.820939,
        "nauc_mrr_at_100_std": 0.147681,
        "nauc_mrr_at_100_diff1": 0.917563,
        "nauc_mrr_at_1000_max": 0.820936,
        "nauc_mrr_at_1000_std": 0.147586,
        "nauc_mrr_at_1000_diff1": 0.91757,
        "main_score": 0.92868,
        "hf_subset": "kor_Hang-kor_Hang",
        "languages": [
          "kor-Hang",
          "kor-Hang"
        ]
      },
      {
        "ndcg_at_1": 0.72667,
        "ndcg_at_3": 0.79042,
        "ndcg_at_5": 0.80955,
        "ndcg_at_10": 0.82283,
        "ndcg_at_20": 0.82747,
        "ndcg_at_100": 0.83689,
        "ndcg_at_1000": 0.83805,
        "map_at_1": 0.72667,
        "map_at_3": 0.77481,
        "map_at_5": 0.78537,
        "map_at_10": 0.79085,
        "map_at_20": 0.79205,
        "map_at_100": 0.79349,
        "map_at_1000": 0.79354,
        "recall_at_1": 0.72667,
        "recall_at_3": 0.83556,
        "recall_at_5": 0.88222,
        "recall_at_10": 0.92333,
        "recall_at_20": 0.94222,
        "recall_at_100": 0.99111,
        "recall_at_1000": 1.0,
        "precision_at_1": 0.72667,
        "precision_at_3": 0.27852,
        "precision_at_5": 0.17644,
        "precision_at_10": 0.09233,
        "precision_at_20": 0.04711,
        "precision_at_100": 0.00991,
        "precision_at_1000": 0.001,
        "mrr_at_1": 0.726667,
        "mrr_at_3": 0.774815,
        "mrr_at_5": 0.78537,
        "mrr_at_10": 0.790846,
        "mrr_at_20": 0.792053,
        "mrr_at_100": 0.793493,
        "mrr_at_1000": 0.793539,
        "nauc_ndcg_at_1_max": 0.560422,
        "nauc_ndcg_at_1_std": 0.125861,
        "nauc_ndcg_at_1_diff1": 0.843831,
        "nauc_ndcg_at_3_max": 0.567959,
        "nauc_ndcg_at_3_std": 0.156288,
        "nauc_ndcg_at_3_diff1": 0.819582,
        "nauc_ndcg_at_5_max": 0.558783,
        "nauc_ndcg_at_5_std": 0.15612,
        "nauc_ndcg_at_5_diff1": 0.809585,
        "nauc_ndcg_at_10_max": 0.556702,
        "nauc_ndcg_at_10_std": 0.174178,
        "nauc_ndcg_at_10_diff1": 0.810125,
        "nauc_ndcg_at_20_max": 0.562419,
        "nauc_ndcg_at_20_std": 0.170998,
        "nauc_ndcg_at_20_diff1": 0.814619,
        "nauc_ndcg_at_100_max": 0.558823,
        "nauc_ndcg_at_100_std": 0.164807,
        "nauc_ndcg_at_100_diff1": 0.819586,
        "nauc_ndcg_at_1000_max": 0.560666,
        "nauc_ndcg_at_1000_std": 0.159694,
        "nauc_ndcg_at_1000_diff1": 0.81975,
        "nauc_map_at_1_max": 0.560422,
        "nauc_map_at_1_std": 0.125861,