{
  "dataset_revision": "d243889a3eb6654029dbd7e7f9319ae31d58f97c",
  "task_name": "Ko-StrategyQA",
  "mteb_version": "1.31.1",
  "scores": {
    "dev": [
      {
        "ndcg_at_1": 0.73649,
        "ndcg_at_3": 0.71865,
        "ndcg_at_5": 0.7468,
        "ndcg_at_10": 0.76355,
        "ndcg_at_20": 0.77514,
        "ndcg_at_100": 0.78456,
        "ndcg_at_1000": 0.79272,
        "map_at_1": 0.48055,
        "map_at_3": 0.6768,
        "map_at_5": 0.70509,
        "map_at_10": 0.71596,
        "map_at_20": 0.72063,
        "map_at_100": 0.72269,
        "map_at_1000": 0.72304,
        "recall_at_1": 0.48055,
        "recall_at_3": 0.72275,
        "recall_at_5": 0.77861,
        "recall_at_10": 0.82061,
        "recall_at_20": 0.85825,
        "recall_at_100": 0.89764,
        "recall_at_1000": 0.95011,
        "precision_at_1": 0.73649,
        "precision_at_3": 0.42342,
        "precision_at_5": 0.28378,
        "precision_at_10": 0.15084,
        "precision_at_20": 0.07922,
        "precision_at_100": 0.01681,
        "precision_at_1000": 0.00181,
        "mrr_at_1": 0.736486,
        "mrr_at_3": 0.784065,
        "mrr_at_5": 0.788119,
        "mrr_at_10": 0.790355,
        "mrr_at_20": 0.791964,
        "mrr_at_100": 0.792549,
        "mrr_at_1000": 0.792724,
        "nauc_ndcg_at_1_max": 0.685808,
        "nauc_ndcg_at_1_std": 0.376539,
        "nauc_ndcg_at_1_diff1": 0.703953,
        "nauc_ndcg_at_3_max": 0.636291,
        "nauc_ndcg_at_3_std": 0.305678,
        "nauc_ndcg_at_3_diff1": 0.626479,
        "nauc_ndcg_at_5_max": 0.695247,
        "nauc_ndcg_at_5_std": 0.371963,
        "nauc_ndcg_at_5_diff1": 0.625869,
        "nauc_ndcg_at_10_max": 0.718093,
        "nauc_ndcg_at_10_std": 0.407007,
        "nauc_ndcg_at_10_diff1": 0.627852,
        "nauc_ndcg_at_20_max": 0.725828,
        "nauc_ndcg_at_20_std": 0.429835,
        "nauc_ndcg_at_20_diff1": 0.637339,
        "nauc_ndcg_at_100_max": 0.725608,
        "nauc_ndcg_at_100_std": 0.441816,
        "nauc_ndcg_at_100_diff1": 0.642682,
        "nauc_ndcg_at_1000_max": 0.718,
        "nauc_ndcg_at_1000_std": 0.426185,
        "nauc_ndcg_at_1000_diff1": 0.644248,
        "nauc_map_at_1_max": 0.329407,
        "nauc_map_at_1_std": 0.115599,
        "nauc_map_at_1_diff1": 0.601867,
        "nauc_map_at_3_max": 0.58709,
        "nauc_map_at_3_std": 0.251012,
        "nauc_map_at_3_diff1": 0.607329,
        "nauc_map_at_5_max": 0.638856,
        "nauc_map_at_5_std": 0.303147,
        "nauc_map_at_5_diff1": 0.603772,
        "nauc_map_at_10_max": 0.652834,
        "nauc_map_at_10_std": 0.322647,
        "nauc_map_at_10_diff1": 0.606596,
        "nauc_map_at_20_max": 0.657057,
        "nauc_map_at_20_std": 0.331298,
        "nauc_map_at_20_diff1": 0.610744,
        "nauc_map_at_100_max": 0.657123,
        "nauc_map_at_100_std": 0.333517,
        "nauc_map_at_100_diff1": 0.611922,
        "nauc_map_at_1000_max": 0.656793,
        "nauc_map_at_1000_std": 0.33289,
        "nauc_map_at_1000_diff1": 0.612089,
        "nauc_recall_at_1_max": 0.329407,
        "nauc_recall_at_1_std": 0.115599,
        "nauc_recall_at_1_diff1": 0.601867,
        "nauc_recall_at_3_max": 0.612721,
        "nauc_recall_at_3_std": 0.290394,
        "nauc_recall_at_3_diff1": 0.589786,
        "nauc_recall_at_5_max": 0.729553,
        "nauc_recall_at_5_std": 0.422581,
        "nauc_recall_at_5_diff1": 0.587501,
        "nauc_recall_at_10_max": 0.796947,
        "nauc_recall_at_10_std": 0.531512,
        "nauc_recall_at_10_diff1": 0.579409,
        "nauc_recall_at_20_max": 0.844753,
        "nauc_recall_at_20_std": 0.661688,
        "nauc_recall_at_20_diff1": 0.609912,
        "nauc_recall_at_100_max": 0.889595,
        "nauc_recall_at_100_std": 0.842089,
        "nauc_recall_at_100_diff1": 0.640011,
        "nauc_recall_at_1000_max": 0.898898,
        "nauc_recall_at_1000_std": 0.891208,
        "nauc_recall_at_1000_diff1": 0.672351,
        "nauc_precision_at_1_max": 0.685808,
        "nauc_precision_at_1_std": 0.376539,
        "nauc_precision_at_1_diff1": 0.703953,
        "nauc_precision_at_3_max": 0.461276,
        "nauc_precision_at_3_std": 0.293891,
        "nauc_precision_at_3_diff1": 0.132869,
        "nauc_precision_at_5_max": 0.414948,
        "nauc_precision_at_5_std": 0.319882,
        "nauc_precision_at_5_diff1": 0.028931,
        "nauc_precision_at_10_max": 0.379298,
        "nauc_precision_at_10_std": 0.337859,
        "nauc_precision_at_10_diff1": -0.027536,
        "nauc_precision_at_20_max": 0.337253,
        "nauc_precision_at_20_std": 0.34947,
        "nauc_precision_at_20_diff1": -0.061912,
        "nauc_precision_at_100_max": 0.244582,
        "nauc_precision_at_100_std": 0.318622,
        "nauc_precision_at_100_diff1": -0.1126,
        "nauc_precision_at_1000_max": 0.095218,
        "nauc_precision_at_1000_std": 0.190156,
        "nauc_precision_at_1000_diff1": -0.219944,
        "nauc_mrr_at_1_max": 0.685808,
        "nauc_mrr_at_1_std": 0.376539,
        "nauc_mrr_at_1_diff1": 0.703953,
        "nauc_mrr_at_3_max": 0.7518,
        "nauc_mrr_at_3_std": 0.451552,
        "nauc_mrr_at_3_diff1": 0.708751,
        "nauc_mrr_at_5_max": 0.757196,
        "nauc_mrr_at_5_std": 0.459995,
        "nauc_mrr_at_5_diff1": 0.714909,
        "nauc_mrr_at_10_max": 0.75717,
        "nauc_mrr_at_10_std": 0.463582,
        "nauc_mrr_at_10_diff1": 0.713094,
        "nauc_mrr_at_20_max": 0.756051,
        "nauc_mrr_at_20_std": 0.464102,
        "nauc_mrr_at_20_diff1": 0.713429,
        "nauc_mrr_at_100_max": 0.755504,
        "nauc_mrr_at_100_std": 0.463826,
        "nauc_mrr_at_100_diff1": 0.713356,
        "nauc_mrr_at_1000_max": 0.755338,
        "nauc_mrr_at_1000_std": 0.463537,
        "nauc_mrr_at_1000_diff1": 0.713305,
        "main_score": 0.76355,
        "hf_subset": "default",
        "languages": [
          "kor-Hang"
        ]
      }
    ]
  },
  "evaluation_time": 26.16736364364624,
  "kg_co2_emissions": null
}