{
  "dataset_revision": "main",
  "evaluation_time": 10329.316873311996,
  "kg_co2_emissions": null,
  "mteb_version": "1.19.4",
  "scores": {
    "dev": [
      {
        "hf_subset": "ko",
        "languages": [
          "kor-Kore"
        ],
        "main_score": 0.6227,
        "map_at_1": 0.3612,
        "map_at_10": 0.5315,
        "map_at_100": 0.55512,
        "map_at_1000": 0.55614,
        "map_at_20": 0.54556,
        "map_at_3": 0.47674,
        "map_at_5": 0.504,
        "mrr_at_1": 0.5868544600938967,
        "mrr_at_10": 0.6973116476637602,
        "mrr_at_100": 0.7002104887131142,
        "mrr_at_1000": 0.700290787057861,
        "mrr_at_20": 0.6987682505288138,
        "mrr_at_3": 0.6784037558685446,
        "mrr_at_5": 0.6906103286384975,
        "nauc_map_at_1000_diff1": 0.38764854132379667,
        "nauc_map_at_1000_max": 0.3113912044438687,
        "nauc_map_at_1000_std": -0.08692573899236988,
        "nauc_map_at_100_diff1": 0.3875727487743683,
        "nauc_map_at_100_max": 0.31084917316415417,
        "nauc_map_at_100_std": -0.08769034073115611,
        "nauc_map_at_10_diff1": 0.38338772006257255,
        "nauc_map_at_10_max": 0.2976298129992829,
        "nauc_map_at_10_std": -0.1240776524025288,
        "nauc_map_at_1_diff1": 0.48702256214431855,
        "nauc_map_at_1_max": 0.21748772342571,
        "nauc_map_at_1_std": -0.20305923228318654,
        "nauc_map_at_20_diff1": 0.38264216102917853,
        "nauc_map_at_20_max": 0.30415154290066665,
        "nauc_map_at_20_std": -0.09912139862787113,
        "nauc_map_at_3_diff1": 0.4037090768200007,
        "nauc_map_at_3_max": 0.27642763386759206,
        "nauc_map_at_3_std": -0.1810076463974879,
        "nauc_map_at_5_diff1": 0.3966359976722569,
        "nauc_map_at_5_max": 0.286925678426597,
        "nauc_map_at_5_std": -0.15198298329553037,
        "nauc_mrr_at_1000_diff1": 0.41284389043719655,
        "nauc_mrr_at_1000_max": 0.42117004847800693,
        "nauc_mrr_at_1000_std": 0.18800705458167233,
        "nauc_mrr_at_100_diff1": 0.41281828202187665,
        "nauc_mrr_at_100_max": 0.4212382136233428,
        "nauc_mrr_at_100_std": 0.18814564685189714,
        "nauc_mrr_at_10_diff1": 0.4120268901923224,
        "nauc_mrr_at_10_max": 0.422986788214752,
        "nauc_mrr_at_10_std": 0.18811292303183347,
        "nauc_mrr_at_1_diff1": 0.4487596742093259,
        "nauc_mrr_at_1_max": 0.3610578163366466,
        "nauc_mrr_at_1_std": 0.13225259650622362,
        "nauc_mrr_at_20_diff1": 0.41392097470507366,
        "nauc_mrr_at_20_max": 0.42359215144179657,
        "nauc_mrr_at_20_std": 0.19097457002225834,
        "nauc_mrr_at_3_diff1": 0.39752061736475947,
        "nauc_mrr_at_3_max": 0.41555272255813586,
        "nauc_mrr_at_3_std": 0.17157649602889363,
        "nauc_mrr_at_5_diff1": 0.4135361139700035,
        "nauc_mrr_at_5_max": 0.42384273859241994,
        "nauc_mrr_at_5_std": 0.18309769773126172,
        "nauc_ndcg_at_1000_diff1": 0.38558364488923336,
        "nauc_ndcg_at_1000_max": 0.3735443153990054,
        "nauc_ndcg_at_1000_std": 0.04997815724278142,
        "nauc_ndcg_at_100_diff1": 0.38109696465625686,
        "nauc_ndcg_at_100_max": 0.3708687670036079,
        "nauc_ndcg_at_100_std": 0.04744258222085883,
        "nauc_ndcg_at_10_diff1": 0.3655827203180003,
        "nauc_ndcg_at_10_max": 0.3384549245590441,
        "nauc_ndcg_at_10_std": -0.03945198134422429,
        "nauc_ndcg_at_1_diff1": 0.4487596742093259,
        "nauc_ndcg_at_1_max": 0.3610578163366466,
        "nauc_ndcg_at_1_std": 0.13225259650622362,
        "nauc_ndcg_at_20_diff1": 0.37125748141706266,
        "nauc_ndcg_at_20_max": 0.3566575938179187,
        "nauc_ndcg_at_20_std": 0.01618259053944107,
        "nauc_ndcg_at_3_diff1": 0.3744884533156548,
        "nauc_ndcg_at_3_max": 0.36185198492264975,
        "nauc_ndcg_at_3_std": -0.022525070094551996,
        "nauc_ndcg_at_5_diff1": 0.38897678279830183,
        "nauc_ndcg_at_5_max": 0.3506678858363011,
        "nauc_ndcg_at_5_std": -0.04899222506336306,
        "nauc_precision_at_1000_diff1": -0.13646893822028466,
        "nauc_precision_at_1000_max": 0.12066222521534775,
        "nauc_precision_at_1000_std": 0.45459076243223984,
        "nauc_precision_at_100_diff1": -0.12546392835057266,
        "nauc_precision_at_100_max": 0.1385245545085449,
        "nauc_precision_at_100_std": 0.4657881556877765,
        "nauc_precision_at_10_diff1": -0.142336052719195,
        "nauc_precision_at_10_max": 0.19599132675355047,
        "nauc_precision_at_10_std": 0.41448405304099284,
        "nauc_precision_at_1_diff1": 0.4487596742093259,
        "nauc_precision_at_1_max": 0.3610578163366466,
        "nauc_precision_at_1_std": 0.13225259650622362,
        "nauc_precision_at_20_diff1": -0.13734760079468608,
        "nauc_precision_at_20_max": 0.17268688686350742,
        "nauc_precision_at_20_std": 0.4652441859623385,
        "nauc_precision_at_3_diff1": -0.01385469062182767,
        "nauc_precision_at_3_max": 0.2865712095373297,
        "nauc_precision_at_3_std": 0.25408063870871217,
        "nauc_precision_at_5_diff1": -0.0725893843825658,
        "nauc_precision_at_5_max": 0.24986208705825372,
        "nauc_precision_at_5_std": 0.33964597495569715,
        "nauc_recall_at_1000_diff1": 0.43281509968634124,
        "nauc_recall_at_1000_max": 0.7773981194084716,
        "nauc_recall_at_1000_std": 0.7037305348610524,
        "nauc_recall_at_100_diff1": 0.24616775664220159,
        "nauc_recall_at_100_max": 0.4172532948489134,
        "nauc_recall_at_100_std": 0.23724557640896274,
        "nauc_recall_at_10_diff1": 0.26010019285097696,
        "nauc_recall_at_10_max": 0.28609614869854244,
        "nauc_recall_at_10_std": -0.09819697382128093,
        "nauc_recall_at_1_diff1": 0.48702256214431855,
        "nauc_recall_at_1_max": 0.21748772342571,
        "nauc_recall_at_1_std": -0.20305923228318654,
        "nauc_recall_at_20_diff1": 0.26857159375544104,
        "nauc_recall_at_20_max": 0.34876939981112565,
        "nauc_recall_at_20_std": 0.07342454797424504,
        "nauc_recall_at_3_diff1": 0.33046767471167193,
        "nauc_recall_at_3_max": 0.29281890571905794,
        "nauc_recall_at_3_std": -0.18490968486067033,
        "nauc_recall_at_5_diff1": 0.3280496356900794,
        "nauc_recall_at_5_max": 0.2887980433798689,
        "nauc_recall_at_5_std": -0.1628636660793256,
        "ndcg_at_1": 0.58685,
        "ndcg_at_10": 0.6227,
        "ndcg_at_100": 0.68376,
        "ndcg_at_1000": 0.69545,
        "ndcg_at_20": 0.64963,
        "ndcg_at_3": 0.58584,
        "ndcg_at_5": 0.59175,
        "precision_at_1": 0.58685,
        "precision_at_10": 0.1554,
        "precision_at_100": 0.0231,
        "precision_at_1000": 0.00253,
        "precision_at_20": 0.09108,
        "precision_at_3": 0.35055,
        "precision_at_5": 0.24977,
        "recall_at_1": 0.3612,
        "recall_at_10": 0.71449,
        "recall_at_100": 0.91555,
        "recall_at_1000": 0.98075,
        "recall_at_20": 0.78997,
        "recall_at_3": 0.54734,
        "recall_at_5": 0.617
      }
    ]
  },
  "task_name": "MIRACLRetrieval"
}