{
  "dataset_revision": "fc24a3ce8f09746410daee3d5cd823ff7a0675b7",
  "task_name": "MrTidyRetrieval",
  "mteb_version": "1.31.1",
  "scores": {
    "test": [
      {
        "ndcg_at_1": 0.46793,
        "ndcg_at_3": 0.52179,
        "ndcg_at_5": 0.55329,
        "ndcg_at_10": 0.58243,
        "ndcg_at_20": 0.59698,
        "ndcg_at_100": 0.61965,
        "ndcg_at_1000": 0.62874,
        "map_at_1": 0.4331,
        "map_at_3": 0.49736,
        "map_at_5": 0.51678,
        "map_at_10": 0.52911,
        "map_at_20": 0.53378,
        "map_at_100": 0.53747,
        "map_at_1000": 0.53783,
        "recall_at_1": 0.4331,
        "recall_at_3": 0.56532,
        "recall_at_5": 0.63737,
        "recall_at_10": 0.72407,
        "recall_at_20": 0.77553,
        "recall_at_100": 0.88876,
        "recall_at_1000": 0.95843,
        "precision_at_1": 0.46793,
        "precision_at_3": 0.20982,
        "precision_at_5": 0.14394,
        "precision_at_10": 0.08195,
        "precision_at_20": 0.04454,
        "precision_at_100": 0.01036,
        "precision_at_1000": 0.00112,
        "mrr_at_1": 0.467933,
        "mrr_at_3": 0.525732,
        "mrr_at_5": 0.541172,
        "mrr_at_10": 0.553443,
        "mrr_at_20": 0.557282,
        "mrr_at_100": 0.559925,
        "mrr_at_1000": 0.560212,
        "nauc_ndcg_at_1_max": 0.435809,
        "nauc_ndcg_at_1_std": 0.046045,
        "nauc_ndcg_at_1_diff1": 0.491848,
        "nauc_ndcg_at_3_max": 0.414723,
        "nauc_ndcg_at_3_std": 0.055681,
        "nauc_ndcg_at_3_diff1": 0.414842,
        "nauc_ndcg_at_5_max": 0.40276,
        "nauc_ndcg_at_5_std": 0.046687,
        "nauc_ndcg_at_5_diff1": 0.39628,
        "nauc_ndcg_at_10_max": 0.398056,
        "nauc_ndcg_at_10_std": 0.034468,
        "nauc_ndcg_at_10_diff1": 0.401057,
        "nauc_ndcg_at_20_max": 0.399713,
        "nauc_ndcg_at_20_std": 0.034069,
        "nauc_ndcg_at_20_diff1": 0.397723,
        "nauc_ndcg_at_100_max": 0.406495,
        "nauc_ndcg_at_100_std": 0.052637,
        "nauc_ndcg_at_100_diff1": 0.402907,
        "nauc_ndcg_at_1000_max": 0.414758,
        "nauc_ndcg_at_1000_std": 0.055898,
        "nauc_ndcg_at_1000_diff1": 0.412942,
        "nauc_map_at_1_max": 0.409776,
        "nauc_map_at_1_std": 0.051806,
        "nauc_map_at_1_diff1": 0.471614,
        "nauc_map_at_3_max": 0.411483,
        "nauc_map_at_3_std": 0.054165,
        "nauc_map_at_3_diff1": 0.42876,
        "nauc_map_at_5_max": 0.40425,
        "nauc_map_at_5_std": 0.046726,
        "nauc_map_at_5_diff1": 0.415654,
        "nauc_map_at_10_max": 0.402248,
        "nauc_map_at_10_std": 0.042613,
        "nauc_map_at_10_diff1": 0.417617,
        "nauc_map_at_20_max": 0.403352,
        "nauc_map_at_20_std": 0.043125,
        "nauc_map_at_20_diff1": 0.417311,
        "nauc_map_at_100_max": 0.404785,
        "nauc_map_at_100_std": 0.046451,
        "nauc_map_at_100_diff1": 0.418275,
        "nauc_map_at_1000_max": 0.405067,
        "nauc_map_at_1000_std": 0.046571,
        "nauc_map_at_1000_diff1": 0.418657,
        "nauc_recall_at_1_max": 0.409776,
        "nauc_recall_at_1_std": 0.051806,
        "nauc_recall_at_1_diff1": 0.471614,
        "nauc_recall_at_3_max": 0.399679,
        "nauc_recall_at_3_std": 0.058627,
        "nauc_recall_at_3_diff1": 0.36295,
        "nauc_recall_at_5_max": 0.359721,
        "nauc_recall_at_5_std": 0.035197,
        "nauc_recall_at_5_diff1": 0.306594,
        "nauc_recall_at_10_max": 0.330909,
        "nauc_recall_at_10_std": -0.014726,
        "nauc_recall_at_10_diff1": 0.307161,
        "nauc_recall_at_20_max": 0.332016,
        "nauc_recall_at_20_std": -0.029206,
        "nauc_recall_at_20_diff1": 0.279417,
        "nauc_recall_at_100_max": 0.352002,
        "nauc_recall_at_100_std": 0.135576,
        "nauc_recall_at_100_diff1": 0.240361,
        "nauc_recall_at_1000_max": 0.679957,
        "nauc_recall_at_1000_std": 0.433127,
        "nauc_recall_at_1000_diff1": 0.467674,
        "nauc_precision_at_1_max": 0.435809,
        "nauc_precision_at_1_std": 0.046045,
        "nauc_precision_at_1_diff1": 0.491848,
        "nauc_precision_at_3_max": 0.376891,
        "nauc_precision_at_3_std": 0.053321,
        "nauc_precision_at_3_diff1": 0.307477,
        "nauc_precision_at_5_max": 0.305239,
        "nauc_precision_at_5_std": 0.030898,
        "nauc_precision_at_5_diff1": 0.20654,
        "nauc_precision_at_10_max": 0.252736,
        "nauc_precision_at_10_std": -0.017666,
        "nauc_precision_at_10_diff1": 0.168134,
        "nauc_precision_at_20_max": 0.210901,
        "nauc_precision_at_20_std": -0.007908,
        "nauc_precision_at_20_diff1": 0.09761,
        "nauc_precision_at_100_max": 0.116417,
        "nauc_precision_at_100_std": 0.072822,
        "nauc_precision_at_100_diff1": -0.013225,
        "nauc_precision_at_1000_max": 0.09892,
        "nauc_precision_at_1000_std": 0.075259,
        "nauc_precision_at_1000_diff1": -0.021346,
        "nauc_mrr_at_1_max": 0.435809,
        "nauc_mrr_at_1_std": 0.046045,
        "nauc_mrr_at_1_diff1": 0.491848,
        "nauc_mrr_at_3_max": 0.431155,
        "nauc_mrr_at_3_std": 0.053665,
        "nauc_mrr_at_3_diff1": 0.437141,
        "nauc_mrr_at_5_max": 0.428532,
        "nauc_mrr_at_5_std": 0.05306,
        "nauc_mrr_at_5_diff1": 0.434318,
        "nauc_mrr_at_10_max": 0.427515,
        "nauc_mrr_at_10_std": 0.047945,
        "nauc_mrr_at_10_diff1": 0.436521,
        "nauc_mrr_at_20_max": 0.426907,
        "nauc_mrr_at_20_std": 0.046639,
        "nauc_mrr_at_20_diff1": 0.435137,
        "nauc_mrr_at_100_max": 0.4278,
        "nauc_mrr_at_100_std": 0.048469,
        "nauc_mrr_at_100_diff1": 0.436492,
        "nauc_mrr_at_1000_max": 0.428003,
        "nauc_mrr_at_1000_std": 0.048698,
        "nauc_mrr_at_1000_diff1": 0.436672,
        "main_score": 0.58243,
        "hf_subset": "korean",
        "languages": [
          "kor-Kore"
        ]
      }
    ]
  },
  "evaluation_time": 609.5779802799225,
  "kg_co2_emissions": null
}