{
  "dataset_revision": "fc24a3ce8f09746410daee3d5cd823ff7a0675b7",
  "evaluation_time": 10726.250535488129,
  "kg_co2_emissions": null,
  "mteb_version": "1.19.4",
  "scores": {
    "test": [
      {
        "hf_subset": "korean",
        "languages": [
          "kor-Kore"
        ],
        "main_score": 0.58082,
        "map_at_1": 0.43191,
        "map_at_10": 0.5278,
        "map_at_100": 0.53635,
        "map_at_1000": 0.53672,
        "map_at_20": 0.53278,
        "map_at_3": 0.49637,
        "map_at_5": 0.51579,
        "mrr_at_1": 0.4655581947743468,
        "mrr_at_10": 0.5515750480714849,
        "mrr_at_100": 0.5582255676972496,
        "mrr_at_1000": 0.5585150923017264,
        "mrr_at_20": 0.5555904681690624,
        "mrr_at_3": 0.5241488519398259,
        "mrr_at_5": 0.5395882818685669,
        "nauc_map_at_1000_diff1": 0.4185245174995054,
        "nauc_map_at_1000_max": 0.40612966246897475,
        "nauc_map_at_1000_std": 0.048795216003709785,
        "nauc_map_at_100_diff1": 0.41815378361431316,
        "nauc_map_at_100_max": 0.4058548055479725,
        "nauc_map_at_100_std": 0.04868018064681098,
        "nauc_map_at_10_diff1": 0.4175731631836936,
        "nauc_map_at_10_max": 0.4036531634839384,
        "nauc_map_at_10_std": 0.045235507009600294,
        "nauc_map_at_1_diff1": 0.4730432659584148,
        "nauc_map_at_1_max": 0.4116036341712533,
        "nauc_map_at_1_std": 0.05590340783512278,
        "nauc_map_at_20_diff1": 0.4172847311708526,
        "nauc_map_at_20_max": 0.40438924348554933,
        "nauc_map_at_20_std": 0.04522925358150473,
        "nauc_map_at_3_diff1": 0.42754403200834207,
        "nauc_map_at_3_max": 0.41230793882923544,
        "nauc_map_at_3_std": 0.056123248270589544,
        "nauc_map_at_5_diff1": 0.414617225536972,
        "nauc_map_at_5_max": 0.4048782050759969,
        "nauc_map_at_5_std": 0.048760891180866864,
        "nauc_mrr_at_1000_diff1": 0.4391148789521434,
        "nauc_mrr_at_1000_max": 0.43037019215564914,
        "nauc_mrr_at_1000_std": 0.051646723959669176,
        "nauc_mrr_at_100_diff1": 0.4389393375094754,
        "nauc_mrr_at_100_max": 0.4301686328622996,
        "nauc_mrr_at_100_std": 0.051420021276688044,
        "nauc_mrr_at_10_diff1": 0.43897367091817935,
        "nauc_mrr_at_10_max": 0.43005799762942876,
        "nauc_mrr_at_10_std": 0.05127538650954391,
        "nauc_mrr_at_1_diff1": 0.4974245661547362,
        "nauc_mrr_at_1_max": 0.43988998412009594,
        "nauc_mrr_at_1_std": 0.05137648799598571,
        "nauc_mrr_at_20_diff1": 0.437611596877886,
        "nauc_mrr_at_20_max": 0.42924562204504574,
        "nauc_mrr_at_20_std": 0.04957879150663721,
        "nauc_mrr_at_3_diff1": 0.4389111677101245,
        "nauc_mrr_at_3_max": 0.4333270992230221,
        "nauc_mrr_at_3_std": 0.05629367157218375,
        "nauc_mrr_at_5_diff1": 0.4359000531297272,
        "nauc_mrr_at_5_max": 0.4303383727731648,
        "nauc_mrr_at_5_std": 0.055756374223376357,
        "nauc_ndcg_at_1000_diff1": 0.41343247137897293,
        "nauc_ndcg_at_1000_max": 0.4156390723661495,
        "nauc_ndcg_at_1000_std": 0.05808562888891213,
        "nauc_ndcg_at_100_diff1": 0.40359731894318585,
        "nauc_ndcg_at_100_max": 0.40760147296813215,
        "nauc_ndcg_at_100_std": 0.05489362113880834,
        "nauc_ndcg_at_10_diff1": 0.4019025213111373,
        "nauc_ndcg_at_10_max": 0.40016778751314225,
        "nauc_ndcg_at_10_std": 0.0381379917740792,
        "nauc_ndcg_at_1_diff1": 0.4974245661547362,
        "nauc_ndcg_at_1_max": 0.43988998412009594,
        "nauc_ndcg_at_1_std": 0.05137648799598571,
        "nauc_ndcg_at_20_diff1": 0.3985959250925596,
        "nauc_ndcg_at_20_max": 0.4006483776741761,
        "nauc_ndcg_at_20_std": 0.035963086709961394,
        "nauc_ndcg_at_3_diff1": 0.41339294018327666,
        "nauc_ndcg_at_3_max": 0.4154232762476081,
        "nauc_ndcg_at_3_std": 0.05749303837057296,
        "nauc_ndcg_at_5_diff1": 0.3948810565781645,
        "nauc_ndcg_at_5_max": 0.40297811344864953,
        "nauc_ndcg_at_5_std": 0.048612021354227104,
        "nauc_precision_at_1000_diff1": -0.023872356592962996,
        "nauc_precision_at_1000_max": 0.08608031696531497,
        "nauc_precision_at_1000_std": 0.07184301921198236,
        "nauc_precision_at_100_diff1": -0.010290794691752425,
        "nauc_precision_at_100_max": 0.11286433340170968,
        "nauc_precision_at_100_std": 0.07282243793129542,
        "nauc_precision_at_10_diff1": 0.17239822969194146,
        "nauc_precision_at_10_max": 0.25491440587453856,
        "nauc_precision_at_10_std": -0.01136630280583889,
        "nauc_precision_at_1_diff1": 0.4974245661547362,
        "nauc_precision_at_1_max": 0.43988998412009594,
        "nauc_precision_at_1_std": 0.05137648799598571,
        "nauc_precision_at_20_diff1": 0.09807534995702752,
        "nauc_precision_at_20_max": 0.20243662205690297,
        "nauc_precision_at_20_std": -0.009308783166631366,
        "nauc_precision_at_3_diff1": 0.30403982399381463,
        "nauc_precision_at_3_max": 0.376503959358296,
        "nauc_precision_at_3_std": 0.05426784715124511,
        "nauc_precision_at_5_diff1": 0.20336094469303898,
        "nauc_precision_at_5_max": 0.301871787288159,
        "nauc_precision_at_5_std": 0.031832913255998734,
        "nauc_recall_at_1000_diff1": 0.4741332939793106,
        "nauc_recall_at_1000_max": 0.6762796719315332,
        "nauc_recall_at_1000_std": 0.439130909069932,
        "nauc_recall_at_100_diff1": 0.24460260903502526,
        "nauc_recall_at_100_max": 0.3520020445129798,
        "nauc_recall_at_100_std": 0.13716817293473227,
        "nauc_recall_at_10_diff1": 0.3106688966871937,
        "nauc_recall_at_10_max": 0.3366772175043759,
        "nauc_recall_at_10_std": -0.006124281457655288,
        "nauc_recall_at_1_diff1": 0.4730432659584148,
        "nauc_recall_at_1_max": 0.4116036341712533,
        "nauc_recall_at_1_std": 0.05590340783512278,
        "nauc_recall_at_20_diff1": 0.28199555631776185,
        "nauc_recall_at_20_max": 0.3313221032143139,
        "nauc_recall_at_20_std": -0.029706893887273177,
        "nauc_recall_at_3_diff1": 0.3587914593094187,
        "nauc_recall_at_3_max": 0.39924211690350325,
        "nauc_recall_at_3_std": 0.05969615552219959,
        "nauc_recall_at_5_diff1": 0.3017520123963702,
        "nauc_recall_at_5_max": 0.3579689669410457,
        "nauc_recall_at_5_std": 0.036385597059597576,
        "ndcg_at_1": 0.46556,
        "ndcg_at_10": 0.58082,
        "ndcg_at_100": 0.61867,
        "ndcg_at_1000": 0.62788,
        "ndcg_at_20": 0.59634,
        "ndcg_at_3": 0.52094,
        "ndcg_at_5": 0.55244,
        "precision_at_1": 0.46556,
        "precision_at_10": 0.08171,
        "precision_at_100": 0.01036,
        "precision_at_1000": 0.00112,
        "precision_at_20": 0.04466,
        "precision_at_3": 0.20982,
        "precision_at_5": 0.14394,
        "recall_at_1": 0.43191,
        "recall_at_10": 0.72169,
        "recall_at_100": 0.88876,
        "recall_at_1000": 0.95922,
        "recall_at_20": 0.77672,
        "recall_at_3": 0.56532,
        "recall_at_5": 0.63737
      }
    ]
  },
  "task_name": "MrTidyRetrieval"
}