{
  "dataset_revision": "d67138e705d963e346253a80e59676ddb418810a",
  "evaluation_time": 365.5563635826111,
  "kg_co2_emissions": null,
  "mteb_version": "1.19.4",
  "scores": {
    "dev": [
      {
        "hf_subset": "ko",
        "languages": [
          "kor-Hang"
        ],
        "main_score": 0.23766,
        "map_at_1": 0.16,
        "map_at_10": 0.20903,
        "map_at_100": 0.21578,
        "map_at_1000": 0.21688,
        "map_at_20": 0.21168,
        "map_at_3": 0.19167,
        "map_at_5": 0.20242,
        "mrr_at_1": 0.16,
        "mrr_at_10": 0.20903174603174604,
        "mrr_at_100": 0.215783785522135,
        "mrr_at_1000": 0.2168796089420726,
        "mrr_at_20": 0.21167943861693864,
        "mrr_at_3": 0.19166666666666668,
        "mrr_at_5": 0.20241666666666663,
        "nauc_map_at_1000_diff1": 0.4056527499371557,
        "nauc_map_at_1000_max": 0.45971918394837746,
        "nauc_map_at_1000_std": 0.10888775044447328,
        "nauc_map_at_100_diff1": 0.4057775934260692,
        "nauc_map_at_100_max": 0.4593519956984368,
        "nauc_map_at_100_std": 0.10843762042187415,
        "nauc_map_at_10_diff1": 0.4111243025689681,
        "nauc_map_at_10_max": 0.46241285085930794,
        "nauc_map_at_10_std": 0.09961547366420115,
        "nauc_map_at_1_diff1": 0.4773870794284836,
        "nauc_map_at_1_max": 0.5224592871408816,
        "nauc_map_at_1_std": 0.11363112613304648,
        "nauc_map_at_20_diff1": 0.40796056090406,
        "nauc_map_at_20_max": 0.46179111942523543,
        "nauc_map_at_20_std": 0.10283069379805279,
        "nauc_map_at_3_diff1": 0.4344793643094571,
        "nauc_map_at_3_max": 0.48414054809763624,
        "nauc_map_at_3_std": 0.10250367348103344,
        "nauc_map_at_5_diff1": 0.42545269261198565,
        "nauc_map_at_5_max": 0.4792715776070097,
        "nauc_map_at_5_std": 0.10650287220411736,
        "nauc_mrr_at_1000_diff1": 0.4056527499371557,
        "nauc_mrr_at_1000_max": 0.45971918394837746,
        "nauc_mrr_at_1000_std": 0.10888775044447328,
        "nauc_mrr_at_100_diff1": 0.4057775934260692,
        "nauc_mrr_at_100_max": 0.4593519956984368,
        "nauc_mrr_at_100_std": 0.10843762042187415,
        "nauc_mrr_at_10_diff1": 0.4111243025689681,
        "nauc_mrr_at_10_max": 0.46241285085930794,
        "nauc_mrr_at_10_std": 0.09961547366420115,
        "nauc_mrr_at_1_diff1": 0.4773870794284836,
        "nauc_mrr_at_1_max": 0.5224592871408816,
        "nauc_mrr_at_1_std": 0.11363112613304648,
        "nauc_mrr_at_20_diff1": 0.40796056090406,
        "nauc_mrr_at_20_max": 0.46179111942523543,
        "nauc_mrr_at_20_std": 0.10283069379805279,
        "nauc_mrr_at_3_diff1": 0.4344793643094571,
        "nauc_mrr_at_3_max": 0.48414054809763624,
        "nauc_mrr_at_3_std": 0.10250367348103344,
        "nauc_mrr_at_5_diff1": 0.42545269261198565,
        "nauc_mrr_at_5_max": 0.4792715776070097,
        "nauc_mrr_at_5_std": 0.10650287220411736,
        "nauc_ndcg_at_1000_diff1": 0.357629836385146,
        "nauc_ndcg_at_1000_max": 0.42579081969985966,
        "nauc_ndcg_at_1000_std": 0.15118971276323878,
        "nauc_ndcg_at_100_diff1": 0.3582291264246711,
        "nauc_ndcg_at_100_max": 0.4188747272395376,
        "nauc_ndcg_at_100_std": 0.14084513620696146,
        "nauc_ndcg_at_10_diff1": 0.37899637323724716,
        "nauc_ndcg_at_10_max": 0.43004170234676586,
        "nauc_ndcg_at_10_std": 0.09353667167876474,
        "nauc_ndcg_at_1_diff1": 0.4773870794284836,
        "nauc_ndcg_at_1_max": 0.5224592871408816,
        "nauc_ndcg_at_1_std": 0.11363112613304648,
        "nauc_ndcg_at_20_diff1": 0.36734478358022304,
        "nauc_ndcg_at_20_max": 0.4274639301201697,
        "nauc_ndcg_at_20_std": 0.10651189016151837,
        "nauc_ndcg_at_3_diff1": 0.42527666873945985,
        "nauc_ndcg_at_3_max": 0.47536644100741793,
        "nauc_ndcg_at_3_std": 0.10162267713534295,
        "nauc_ndcg_at_5_diff1": 0.41059087810133726,
        "nauc_ndcg_at_5_max": 0.4675405208954469,
        "nauc_ndcg_at_5_std": 0.10930382183498212,
        "nauc_precision_at_1000_diff1": 0.12434933487565131,
        "nauc_precision_at_1000_max": 0.296620672560522,
        "nauc_precision_at_1000_std": 0.48898148038856926,
        "nauc_precision_at_100_diff1": 0.2187673059173419,
        "nauc_precision_at_100_max": 0.3049123166854683,
        "nauc_precision_at_100_std": 0.2800601647694252,
        "nauc_precision_at_10_diff1": 0.29423786129861146,
        "nauc_precision_at_10_max": 0.3431321643966932,
        "nauc_precision_at_10_std": 0.07613398836388804,
        "nauc_precision_at_1_diff1": 0.4773870794284836,
        "nauc_precision_at_1_max": 0.5224592871408816,
        "nauc_precision_at_1_std": 0.11363112613304648,
        "nauc_precision_at_20_diff1": 0.25535068360777796,
        "nauc_precision_at_20_max": 0.33514409955732005,
        "nauc_precision_at_20_std": 0.12291228665822236,
        "nauc_precision_at_3_diff1": 0.4023504827565167,
        "nauc_precision_at_3_max": 0.45330303076524175,
        "nauc_precision_at_3_std": 0.09998322173243263,
        "nauc_precision_at_5_diff1": 0.3740083244874019,
        "nauc_precision_at_5_max": 0.4389421196714906,
        "nauc_precision_at_5_std": 0.11802335325995887,
        "nauc_recall_at_1000_diff1": 0.12434933487565095,
        "nauc_recall_at_1000_max": 0.2966206725605223,
        "nauc_recall_at_1000_std": 0.48898148038856976,
        "nauc_recall_at_100_diff1": 0.21876730591734192,
        "nauc_recall_at_100_max": 0.304912316685468,
        "nauc_recall_at_100_std": 0.2800601647694252,
        "nauc_recall_at_10_diff1": 0.2942378612986113,
        "nauc_recall_at_10_max": 0.34313216439669286,
        "nauc_recall_at_10_std": 0.0761339883638881,
        "nauc_recall_at_1_diff1": 0.4773870794284836,
        "nauc_recall_at_1_max": 0.5224592871408816,
        "nauc_recall_at_1_std": 0.11363112613304648,
        "nauc_recall_at_20_diff1": 0.25535068360777774,
        "nauc_recall_at_20_max": 0.33514409955731994,
        "nauc_recall_at_20_std": 0.12291228665822235,
        "nauc_recall_at_3_diff1": 0.40235048275651664,
        "nauc_recall_at_3_max": 0.45330303076524137,
        "nauc_recall_at_3_std": 0.0999832217324324,
        "nauc_recall_at_5_diff1": 0.3740083244874014,
        "nauc_recall_at_5_max": 0.4389421196714899,
        "nauc_recall_at_5_std": 0.11802335325995847,
        "ndcg_at_1": 0.16,
        "ndcg_at_10": 0.23766,
        "ndcg_at_100": 0.2765,
        "ndcg_at_1000": 0.30876,
        "ndcg_at_20": 0.24761,
        "ndcg_at_3": 0.20155,
        "ndcg_at_5": 0.22155,
        "precision_at_1": 0.16,
        "precision_at_10": 0.033,
        "precision_at_100": 0.00525,
        "precision_at_1000": 0.00079,
        "precision_at_20": 0.0185,
        "precision_at_3": 0.07667,
        "precision_at_5": 0.056,
        "recall_at_1": 0.16,
        "recall_at_10": 0.33,
        "recall_at_100": 0.525,
        "recall_at_1000": 0.785,
        "recall_at_20": 0.37,
        "recall_at_3": 0.23,
        "recall_at_5": 0.28
      }
    ],
    "test": [
      {
        "hf_subset": "ko",
        "languages": [
          "kor-Hang"
        ],
        "main_score": 0.22486,
        "map_at_1": 0.17,
        "map_at_10": 0.20452,
        "map_at_100": 0.21295,
        "map_at_1000": 0.21427,
        "map_at_20": 0.20945,
        "map_at_3": 0.19417,
        "map_at_5": 0.19992,
        "mrr_at_1": 0.17,
        "mrr_at_10": 0.20451984126984127,
        "mrr_at_100": 0.2129479826793562,
        "mrr_at_1000": 0.2142721941179602,
        "mrr_at_20": 0.20945311712281525,
        "mrr_at_3": 0.19416666666666665,
        "mrr_at_5": 0.19991666666666666,
        "nauc_map_at_1000_diff1": 0.5087580113845908,
        "nauc_map_at_1000_max": 0.5179525106865259,
        "nauc_map_at_1000_std": 0.0847410446203826,
        "nauc_map_at_100_diff1": 0.5089305311988365,
        "nauc_map_at_100_max": 0.5178971110642436,
        "nauc_map_at_100_std": 0.08419962372042392,