{
  "dataset_revision": "d67138e705d963e346253a80e59676ddb418810a",
  "task_name": "MultiLongDocRetrieval",
  "mteb_version": "1.31.1",
  "scores": {
    "dev": [
      {
        "ndcg_at_1": 0.16,
        "ndcg_at_3": 0.20155,
        "ndcg_at_5": 0.22155,
        "ndcg_at_10": 0.23766,
        "ndcg_at_20": 0.24761,
        "ndcg_at_100": 0.2765,
        "ndcg_at_1000": 0.30876,
        "map_at_1": 0.16,
        "map_at_3": 0.19167,
        "map_at_5": 0.20242,
        "map_at_10": 0.20903,
        "map_at_20": 0.21168,
        "map_at_100": 0.21578,
        "map_at_1000": 0.21688,
        "recall_at_1": 0.16,
        "recall_at_3": 0.23,
        "recall_at_5": 0.28,
        "recall_at_10": 0.33,
        "recall_at_20": 0.37,
        "recall_at_100": 0.525,
        "recall_at_1000": 0.785,
        "precision_at_1": 0.16,
        "precision_at_3": 0.07667,
        "precision_at_5": 0.056,
        "precision_at_10": 0.033,
        "precision_at_20": 0.0185,
        "precision_at_100": 0.00525,
        "precision_at_1000": 0.00079,
        "mrr_at_1": 0.16,
        "mrr_at_3": 0.191667,
        "mrr_at_5": 0.202417,
        "mrr_at_10": 0.209032,
        "mrr_at_20": 0.211679,
        "mrr_at_100": 0.215784,
        "mrr_at_1000": 0.21688,
        "nauc_ndcg_at_1_max": 0.522459,
        "nauc_ndcg_at_1_std": 0.113631,
        "nauc_ndcg_at_1_diff1": 0.477387,
        "nauc_ndcg_at_3_max": 0.475366,
        "nauc_ndcg_at_3_std": 0.101623,
        "nauc_ndcg_at_3_diff1": 0.425277,
        "nauc_ndcg_at_5_max": 0.467541,
        "nauc_ndcg_at_5_std": 0.109304,
        "nauc_ndcg_at_5_diff1": 0.410591,
        "nauc_ndcg_at_10_max": 0.430042,
        "nauc_ndcg_at_10_std": 0.093537,
        "nauc_ndcg_at_10_diff1": 0.378996,
        "nauc_ndcg_at_20_max": 0.427464,
        "nauc_ndcg_at_20_std": 0.106512,
        "nauc_ndcg_at_20_diff1": 0.367345,
        "nauc_ndcg_at_100_max": 0.418875,
        "nauc_ndcg_at_100_std": 0.140845,
        "nauc_ndcg_at_100_diff1": 0.358229,
        "nauc_ndcg_at_1000_max": 0.425792,
        "nauc_ndcg_at_1000_std": 0.151191,
        "nauc_ndcg_at_1000_diff1": 0.35763,
        "nauc_map_at_1_max": 0.522459,
        "nauc_map_at_1_std": 0.113631,
        "nauc_map_at_1_diff1": 0.477387,
        "nauc_map_at_3_max": 0.484141,
        "nauc_map_at_3_std": 0.102504,
        "nauc_map_at_3_diff1": 0.434479,
        "nauc_map_at_5_max": 0.479272,
        "nauc_map_at_5_std": 0.106503,
        "nauc_map_at_5_diff1": 0.425453,
        "nauc_map_at_10_max": 0.462413,
        "nauc_map_at_10_std": 0.099615,
        "nauc_map_at_10_diff1": 0.411124,
        "nauc_map_at_20_max": 0.461791,
        "nauc_map_at_20_std": 0.102831,
        "nauc_map_at_20_diff1": 0.407961,
        "nauc_map_at_100_max": 0.459352,
        "nauc_map_at_100_std": 0.108438,
        "nauc_map_at_100_diff1": 0.405778,
        "nauc_map_at_1000_max": 0.459719,
        "nauc_map_at_1000_std": 0.108888,
        "nauc_map_at_1000_diff1": 0.405653,
        "nauc_recall_at_1_max": 0.522459,
        "nauc_recall_at_1_std": 0.113631,
        "nauc_recall_at_1_diff1": 0.477387,
        "nauc_recall_at_3_max": 0.453303,
        "nauc_recall_at_3_std": 0.099983,
        "nauc_recall_at_3_diff1": 0.40235,
        "nauc_recall_at_5_max": 0.438942,
        "nauc_recall_at_5_std": 0.118023,
        "nauc_recall_at_5_diff1": 0.374008,
        "nauc_recall_at_10_max": 0.343132,
        "nauc_recall_at_10_std": 0.076134,
        "nauc_recall_at_10_diff1": 0.294238,
        "nauc_recall_at_20_max": 0.335144,
        "nauc_recall_at_20_std": 0.122912,
        "nauc_recall_at_20_diff1": 0.255351,
        "nauc_recall_at_100_max": 0.304912,
        "nauc_recall_at_100_std": 0.28006,
        "nauc_recall_at_100_diff1": 0.218767,
        "nauc_recall_at_1000_max": 0.296621,
        "nauc_recall_at_1000_std": 0.488981,
        "nauc_recall_at_1000_diff1": 0.124349,
        "nauc_precision_at_1_max": 0.522459,
        "nauc_precision_at_1_std": 0.113631,
        "nauc_precision_at_1_diff1": 0.477387,
        "nauc_precision_at_3_max": 0.453303,
        "nauc_precision_at_3_std": 0.099983,
        "nauc_precision_at_3_diff1": 0.40235,
        "nauc_precision_at_5_max": 0.438942,
        "nauc_precision_at_5_std": 0.118023,
        "nauc_precision_at_5_diff1": 0.374008,
        "nauc_precision_at_10_max": 0.343132,
        "nauc_precision_at_10_std": 0.076134,
        "nauc_precision_at_10_diff1": 0.294238,
        "nauc_precision_at_20_max": 0.335144,
        "nauc_precision_at_20_std": 0.122912,
        "nauc_precision_at_20_diff1": 0.255351,
        "nauc_precision_at_100_max": 0.304912,
        "nauc_precision_at_100_std": 0.28006,
        "nauc_precision_at_100_diff1": 0.218767,
        "nauc_precision_at_1000_max": 0.296621,
        "nauc_precision_at_1000_std": 0.488981,
        "nauc_precision_at_1000_diff1": 0.124349,
        "nauc_mrr_at_1_max": 0.522459,
        "nauc_mrr_at_1_std": 0.113631,
        "nauc_mrr_at_1_diff1": 0.477387,
        "nauc_mrr_at_3_max": 0.484141,
        "nauc_mrr_at_3_std": 0.102504,
        "nauc_mrr_at_3_diff1": 0.434479,
        "nauc_mrr_at_5_max": 0.479272,
        "nauc_mrr_at_5_std": 0.106503,
        "nauc_mrr_at_5_diff1": 0.425453,
        "nauc_mrr_at_10_max": 0.462413,
        "nauc_mrr_at_10_std": 0.099615,
        "nauc_mrr_at_10_diff1": 0.411124,
        "nauc_mrr_at_20_max": 0.461791,
        "nauc_mrr_at_20_std": 0.102831,
        "nauc_mrr_at_20_diff1": 0.407961,
        "nauc_mrr_at_100_max": 0.459352,
        "nauc_mrr_at_100_std": 0.108438,
        "nauc_mrr_at_100_diff1": 0.405778,
        "nauc_mrr_at_1000_max": 0.459719,
        "nauc_mrr_at_1000_std": 0.108888,
        "nauc_mrr_at_1000_diff1": 0.405653,
        "main_score": 0.23766,
        "hf_subset": "ko",
        "languages": [
          "kor-Hang"
        ]
      }
    ],
    "test": [
      {
        "ndcg_at_1": 0.17,
        "ndcg_at_3": 0.20327,
        "ndcg_at_5": 0.2136,
        "ndcg_at_10": 0.22486,
        "ndcg_at_20": 0.24349,
        "ndcg_at_100": 0.26791,
        "ndcg_at_1000": 0.30737,
        "map_at_1": 0.17,
        "map_at_3": 0.19417,
        "map_at_5": 0.19992,
        "map_at_10": 0.20452,
        "map_at_20": 0.20945,
        "map_at_100": 0.21295,
        "map_at_1000": 0.21427,
        "recall_at_1": 0.17,
        "recall_at_3": 0.23,
        "recall_at_5": 0.255,
        "recall_at_10": 0.29,
        "recall_at_20": 0.365,
        "recall_at_100": 0.495,
        "recall_at_1000": 0.815,
        "precision_at_1": 0.17,
        "precision_at_3": 0.07667,
        "precision_at_5": 0.051,
        "precision_at_10": 0.029,
        "precision_at_20": 0.01825,
        "precision_at_100": 0.00495,
        "precision_at_1000": 0.00082,
        "mrr_at_1": 0.17,
        "mrr_at_3": 0.194167,
        "mrr_at_5": 0.199917,
        "mrr_at_10": 0.20452,
        "mrr_at_20": 0.209453,
        "mrr_at_100": 0.212948,
        "mrr_at_1000": 0.214272,
        "nauc_ndcg_at_1_max": 0.51807,
        "nauc_ndcg_at_1_std": 0.023433,
        "nauc_ndcg_at_1_diff1": 0.593493,
        "nauc_ndcg_at_3_max": 0.528186,
        "nauc_ndcg_at_3_std": 0.086334,
        "nauc_ndcg_at_3_diff1": 0.502448,
        "nauc_ndcg_at_5_max": 0.518122,
        "nauc_ndcg_at_5_std": 0.10348,
        "nauc_ndcg_at_5_diff1": 0.500253,
        "nauc_ndcg_at_10_max": 0.5307,
        "nauc_ndcg_at_10_std": 0.098279,
        "nauc_ndcg_at_10_diff1": 0.486591,
        "nauc_ndcg_at_20_max": 0.516672,
        "nauc_ndcg_at_20_std": 0.119248,
        "nauc_ndcg_at_20_diff1": 0.466218,
        "nauc_ndcg_at_100_max": 0.499867,
        "nauc_ndcg_at_100_std": 0.11574,
        "nauc_ndcg_at_100_diff1": 0.457613,
        "nauc_ndcg_at_1000_max": 0.507635,
        "nauc_ndcg_at_1000_std": 0.139961,
        "nauc_ndcg_at_1000_diff1": 0.462917,
        "nauc_map_at_1_max": 0.51807,
        "nauc_map_at_1_std": 0.023433,
        "nauc_map_at_1_diff1": 0.593493,
        "nauc_map_at_3_max": 0.525885,