{
  "dataset_revision": "main",
  "task_name": "PublicHealthQA",
  "mteb_version": "1.31.1",
  "scores": {
    "test": [
      {
        "ndcg_at_1": 0.58442,
        "ndcg_at_3": 0.72201,
        "ndcg_at_5": 0.73879,
        "ndcg_at_10": 0.77203,
        "ndcg_at_20": 0.77528,
        "ndcg_at_100": 0.78303,
        "ndcg_at_1000": 0.78303,
        "map_at_1": 0.58442,
        "map_at_3": 0.69264,
        "map_at_5": 0.70238,
        "map_at_10": 0.7159,
        "map_at_20": 0.71677,
        "map_at_100": 0.71802,
        "map_at_1000": 0.71802,
        "recall_at_1": 0.58442,
        "recall_at_3": 0.80519,
        "recall_at_5": 0.84416,
        "recall_at_10": 0.94805,
        "recall_at_20": 0.96104,
        "recall_at_100": 1.0,
        "recall_at_1000": 1.0,
        "precision_at_1": 0.58442,
        "precision_at_3": 0.2684,
        "precision_at_5": 0.16883,
        "precision_at_10": 0.09481,
        "precision_at_20": 0.04805,
        "precision_at_100": 0.01,
        "precision_at_1000": 0.001,
        "mrr_at_1": 0.584416,
        "mrr_at_3": 0.692641,
        "mrr_at_5": 0.702381,
        "mrr_at_10": 0.715904,
        "mrr_at_20": 0.71677,
        "mrr_at_100": 0.718019,
        "mrr_at_1000": 0.718019,
        "nauc_ndcg_at_1_max": 0.163237,
        "nauc_ndcg_at_1_std": -0.154635,
        "nauc_ndcg_at_1_diff1": 0.773085,
        "nauc_ndcg_at_3_max": 0.190945,
        "nauc_ndcg_at_3_std": -0.071511,
        "nauc_ndcg_at_3_diff1": 0.657466,
        "nauc_ndcg_at_5_max": 0.184633,
        "nauc_ndcg_at_5_std": -0.100979,
        "nauc_ndcg_at_5_diff1": 0.655738,
        "nauc_ndcg_at_10_max": 0.171756,
        "nauc_ndcg_at_10_std": -0.085792,
        "nauc_ndcg_at_10_diff1": 0.700022,
        "nauc_ndcg_at_20_max": 0.162145,
        "nauc_ndcg_at_20_std": -0.102446,
        "nauc_ndcg_at_20_diff1": 0.694788,
        "nauc_ndcg_at_100_max": 0.173385,
        "nauc_ndcg_at_100_std": -0.112338,
        "nauc_ndcg_at_100_diff1": 0.697293,
        "nauc_ndcg_at_1000_max": 0.173385,
        "nauc_ndcg_at_1000_std": -0.112338,
        "nauc_ndcg_at_1000_diff1": 0.697293,
        "nauc_map_at_1_max": 0.163237,
        "nauc_map_at_1_std": -0.154635,
        "nauc_map_at_1_diff1": 0.773085,
        "nauc_map_at_3_max": 0.18438,
        "nauc_map_at_3_std": -0.096927,
        "nauc_map_at_3_diff1": 0.689516,
        "nauc_map_at_5_max": 0.180855,
        "nauc_map_at_5_std": -0.113203,
        "nauc_map_at_5_diff1": 0.689721,
        "nauc_map_at_10_max": 0.175763,
        "nauc_map_at_10_std": -0.112593,
        "nauc_map_at_10_diff1": 0.705928,
        "nauc_map_at_20_max": 0.173717,
        "nauc_map_at_20_std": -0.116266,
        "nauc_map_at_20_diff1": 0.704827,
        "nauc_map_at_100_max": 0.174974,
        "nauc_map_at_100_std": -0.11753,
        "nauc_map_at_100_diff1": 0.704912,
        "nauc_map_at_1000_max": 0.174974,
        "nauc_map_at_1000_std": -0.11753,
        "nauc_map_at_1000_diff1": 0.704912,
        "nauc_recall_at_1_max": 0.163237,
        "nauc_recall_at_1_std": -0.154635,
        "nauc_recall_at_1_diff1": 0.773085,
        "nauc_recall_at_3_max": 0.216089,
        "nauc_recall_at_3_std": 0.030038,
        "nauc_recall_at_3_diff1": 0.531292,
        "nauc_recall_at_5_max": 0.200139,
        "nauc_recall_at_5_std": -0.048011,
        "nauc_recall_at_5_diff1": 0.496707,
        "nauc_recall_at_10_max": 0.097914,
        "nauc_recall_at_10_std": 0.314798,
        "nauc_recall_at_10_diff1": 0.71206,
        "nauc_recall_at_20_max": -0.110316,
        "nauc_recall_at_20_std": 0.13016,
        "nauc_recall_at_20_diff1": 0.61608,
        "nauc_recall_at_100_max": NaN,
        "nauc_recall_at_100_std": NaN,
        "nauc_recall_at_100_diff1": NaN,
        "nauc_recall_at_1000_max": NaN,
        "nauc_recall_at_1000_std": NaN,
        "nauc_recall_at_1000_diff1": NaN,
        "nauc_precision_at_1_max": 0.163237,
        "nauc_precision_at_1_std": -0.154635,
        "nauc_precision_at_1_diff1": 0.773085,
        "nauc_precision_at_3_max": 0.216089,
        "nauc_precision_at_3_std": 0.030038,
        "nauc_precision_at_3_diff1": 0.531292,
        "nauc_precision_at_5_max": 0.200139,
        "nauc_precision_at_5_std": -0.048011,
        "nauc_precision_at_5_diff1": 0.496707,
        "nauc_precision_at_10_max": 0.097914,
        "nauc_precision_at_10_std": 0.314798,
        "nauc_precision_at_10_diff1": 0.71206,
        "nauc_precision_at_20_max": -0.110316,
        "nauc_precision_at_20_std": 0.13016,
        "nauc_precision_at_20_diff1": 0.61608,
        "nauc_precision_at_100_max": 1.0,
        "nauc_precision_at_100_std": 1.0,
        "nauc_precision_at_100_diff1": 1.0,
        "nauc_precision_at_1000_max": NaN,
        "nauc_precision_at_1000_std": NaN,
        "nauc_precision_at_1000_diff1": NaN,
        "nauc_mrr_at_1_max": 0.163237,
        "nauc_mrr_at_1_std": -0.154635,
        "nauc_mrr_at_1_diff1": 0.773085,
        "nauc_mrr_at_3_max": 0.18438,
        "nauc_mrr_at_3_std": -0.096927,
        "nauc_mrr_at_3_diff1": 0.689516,
        "nauc_mrr_at_5_max": 0.180855,
        "nauc_mrr_at_5_std": -0.113203,
        "nauc_mrr_at_5_diff1": 0.689721,
        "nauc_mrr_at_10_max": 0.175763,
        "nauc_mrr_at_10_std": -0.112593,
        "nauc_mrr_at_10_diff1": 0.705928,
        "nauc_mrr_at_20_max": 0.173717,
        "nauc_mrr_at_20_std": -0.116266,
        "nauc_mrr_at_20_diff1": 0.704827,
        "nauc_mrr_at_100_max": 0.174974,
        "nauc_mrr_at_100_std": -0.11753,
        "nauc_mrr_at_100_diff1": 0.704912,
        "nauc_mrr_at_1000_max": 0.174974,
        "nauc_mrr_at_1000_std": -0.11753,
        "nauc_mrr_at_1000_diff1": 0.704912,
        "main_score": 0.77203,
        "hf_subset": "korean",
        "languages": [
          "kor-Hang"
        ]
      }
    ]
  },
  "evaluation_time": 0.7811374664306641,
  "kg_co2_emissions": null
}