{
  "dataset_revision": "main",
  "evaluation_time": 2.6252050399780273,
  "kg_co2_emissions": null,
  "mteb_version": "1.19.4",
  "scores": {
    "test": [
      {
        "hf_subset": "korean",
        "languages": [
          "kor-Hang"
        ],
        "main_score": 0.77203,
        "map_at_1": 0.58442,
        "map_at_10": 0.7159,
        "map_at_100": 0.71802,
        "map_at_1000": 0.71802,
        "map_at_20": 0.71677,
        "map_at_3": 0.69264,
        "map_at_5": 0.70238,
        "mrr_at_1": 0.5844155844155844,
        "mrr_at_10": 0.7159039373325088,
        "mrr_at_100": 0.7180190902896827,
        "mrr_at_1000": 0.7180190902896827,
        "mrr_at_20": 0.7167697381983097,
        "mrr_at_3": 0.6926406926406926,
        "mrr_at_5": 0.7023809523809523,
        "nauc_map_at_1000_diff1": 0.7049122955851462,
        "nauc_map_at_1000_max": 0.1749739403055711,
        "nauc_map_at_1000_std": -0.11753044732058268,
        "nauc_map_at_100_diff1": 0.7049122955851462,
        "nauc_map_at_100_max": 0.1749739403055711,
        "nauc_map_at_100_std": -0.11753044732058268,
        "nauc_map_at_10_diff1": 0.7059280638537124,
        "nauc_map_at_10_max": 0.17576332204748918,
        "nauc_map_at_10_std": -0.11259325010112323,
        "nauc_map_at_1_diff1": 0.7730849905549931,
        "nauc_map_at_1_max": 0.16323654437643398,
        "nauc_map_at_1_std": -0.15463541123486912,
        "nauc_map_at_20_diff1": 0.7048274115980733,
        "nauc_map_at_20_max": 0.17371661217517576,
        "nauc_map_at_20_std": -0.11626608139650574,
        "nauc_map_at_3_diff1": 0.6895156048217616,
        "nauc_map_at_3_max": 0.18438045879970635,
        "nauc_map_at_3_std": -0.0969266403909441,
        "nauc_map_at_5_diff1": 0.689721270225883,
        "nauc_map_at_5_max": 0.18085499936323893,
        "nauc_map_at_5_std": -0.11320280218313829,
        "nauc_mrr_at_1000_diff1": 0.7049122955851462,
        "nauc_mrr_at_1000_max": 0.1749739403055711,
        "nauc_mrr_at_1000_std": -0.11753044732058268,
        "nauc_mrr_at_100_diff1": 0.7049122955851462,
        "nauc_mrr_at_100_max": 0.1749739403055711,
        "nauc_mrr_at_100_std": -0.11753044732058268,
        "nauc_mrr_at_10_diff1": 0.7059280638537124,
        "nauc_mrr_at_10_max": 0.17576332204748918,
        "nauc_mrr_at_10_std": -0.11259325010112323,
        "nauc_mrr_at_1_diff1": 0.7730849905549931,
        "nauc_mrr_at_1_max": 0.16323654437643398,
        "nauc_mrr_at_1_std": -0.15463541123486912,
        "nauc_mrr_at_20_diff1": 0.7048274115980733,
        "nauc_mrr_at_20_max": 0.17371661217517576,
        "nauc_mrr_at_20_std": -0.11626608139650574,
        "nauc_mrr_at_3_diff1": 0.6895156048217616,
        "nauc_mrr_at_3_max": 0.18438045879970635,
        "nauc_mrr_at_3_std": -0.0969266403909441,
        "nauc_mrr_at_5_diff1": 0.689721270225883,
        "nauc_mrr_at_5_max": 0.18085499936323893,
        "nauc_mrr_at_5_std": -0.11320280218313829,
        "nauc_ndcg_at_1000_diff1": 0.6972930152328541,
        "nauc_ndcg_at_1000_max": 0.17338517487228328,
        "nauc_ndcg_at_1000_std": -0.1123379011258602,
        "nauc_ndcg_at_100_diff1": 0.6972930152328541,
        "nauc_ndcg_at_100_max": 0.17338517487228328,
        "nauc_ndcg_at_100_std": -0.1123379011258602,
        "nauc_ndcg_at_10_diff1": 0.7000221387691848,
        "nauc_ndcg_at_10_max": 0.17175618246048177,
        "nauc_ndcg_at_10_std": -0.08579200170290963,
        "nauc_ndcg_at_1_diff1": 0.7730849905549931,
        "nauc_ndcg_at_1_max": 0.16323654437643398,
        "nauc_ndcg_at_1_std": -0.15463541123486912,
        "nauc_ndcg_at_20_diff1": 0.6947883208861702,
        "nauc_ndcg_at_20_max": 0.16214537299119408,
        "nauc_ndcg_at_20_std": -0.10244557663552743,
        "nauc_ndcg_at_3_diff1": 0.6574658310748505,
        "nauc_ndcg_at_3_max": 0.19094549989384266,
        "nauc_ndcg_at_3_std": -0.07151120593375672,
        "nauc_ndcg_at_5_diff1": 0.6557380415427442,
        "nauc_ndcg_at_5_max": 0.18463280081684605,
        "nauc_ndcg_at_5_std": -0.1009792734356102,
        "nauc_precision_at_1000_diff1": NaN,
        "nauc_precision_at_1000_max": NaN,
        "nauc_precision_at_1000_std": NaN,
        "nauc_precision_at_100_diff1": 1.0,
        "nauc_precision_at_100_max": 1.0,
        "nauc_precision_at_100_std": 1.0,
        "nauc_precision_at_10_diff1": 0.7120602067801151,
        "nauc_precision_at_10_max": 0.09791382994502315,
        "nauc_precision_at_10_std": 0.31479849081120154,
        "nauc_precision_at_1_diff1": 0.7730849905549931,
        "nauc_precision_at_1_max": 0.16323654437643398,
        "nauc_precision_at_1_std": -0.15463541123486912,
        "nauc_precision_at_20_diff1": 0.616080275706823,
        "nauc_precision_at_20_max": -0.11031577525540454,
        "nauc_precision_at_20_std": 0.1301604202575047,
        "nauc_precision_at_3_diff1": 0.5312918444354878,
        "nauc_precision_at_3_max": 0.2160886881649667,
        "nauc_precision_at_3_std": 0.03003794963804101,
        "nauc_precision_at_5_diff1": 0.4967070686214641,
        "nauc_precision_at_5_max": 0.20013872348340253,
        "nauc_precision_at_5_std": -0.04801064361272453,
        "nauc_recall_at_1000_diff1": NaN,
        "nauc_recall_at_1000_max": NaN,
        "nauc_recall_at_1000_std": NaN,
        "nauc_recall_at_100_diff1": NaN,
        "nauc_recall_at_100_max": NaN,
        "nauc_recall_at_100_std": NaN,
        "nauc_recall_at_10_diff1": 0.7120602067801166,
        "nauc_recall_at_10_max": 0.09791382994501428,
        "nauc_recall_at_10_std": 0.3147984908111977,
        "nauc_recall_at_1_diff1": 0.7730849905549931,
        "nauc_recall_at_1_max": 0.16323654437643398,
        "nauc_recall_at_1_std": -0.15463541123486912,
        "nauc_recall_at_20_diff1": 0.6160802757068197,
        "nauc_recall_at_20_max": -0.1103157752554104,
        "nauc_recall_at_20_std": 0.13016042025750219,
        "nauc_recall_at_3_diff1": 0.5312918444354875,
        "nauc_recall_at_3_max": 0.2160886881649647,
        "nauc_recall_at_3_std": 0.03003794963803853,
        "nauc_recall_at_5_diff1": 0.49670706862146197,
        "nauc_recall_at_5_max": 0.20013872348340017,
        "nauc_recall_at_5_std": -0.048010643612726514,
        "ndcg_at_1": 0.58442,
        "ndcg_at_10": 0.77203,
        "ndcg_at_100": 0.78303,
        "ndcg_at_1000": 0.78303,
        "ndcg_at_20": 0.77528,
        "ndcg_at_3": 0.72201,
        "ndcg_at_5": 0.73879,
        "precision_at_1": 0.58442,
        "precision_at_10": 0.09481,
        "precision_at_100": 0.01,
        "precision_at_1000": 0.001,
        "precision_at_20": 0.04805,
        "precision_at_3": 0.2684,
        "precision_at_5": 0.16883,
        "recall_at_1": 0.58442,
        "recall_at_10": 0.94805,
        "recall_at_100": 1.0,
        "recall_at_1000": 1.0,
        "recall_at_20": 0.96104,
        "recall_at_3": 0.80519,
        "recall_at_5": 0.84416
      }
    ]
  },
  "task_name": "PublicHealthQA"
}