{
  "dataset_revision": "c99d599f0a6ab9b85b065da6f9d94f9cf731679f",
  "task_name": "XPQARetrieval",
  "mteb_version": "1.31.1",
  "scores": {
    "test": [
      {
        "ndcg_at_1": 0.30275,
        "ndcg_at_3": 0.31866,
        "ndcg_at_5": 0.33905,
        "ndcg_at_10": 0.36069,
        "ndcg_at_20": 0.38571,
        "ndcg_at_100": 0.43625,
        "ndcg_at_1000": 0.46606,
        "map_at_1": 0.21481,
        "map_at_3": 0.2905,
        "map_at_5": 0.30786,
        "map_at_10": 0.31819,
        "map_at_20": 0.32627,
        "map_at_100": 0.33387,
        "map_at_1000": 0.33516,
        "recall_at_1": 0.21481,
        "recall_at_3": 0.33372,
        "recall_at_5": 0.38509,
        "recall_at_10": 0.44429,
        "recall_at_20": 0.53168,
        "recall_at_100": 0.78193,
        "recall_at_1000": 1.0,
        "precision_at_1": 0.30275,
        "precision_at_3": 0.17482,
        "precision_at_5": 0.12263,
        "precision_at_10": 0.07141,
        "precision_at_20": 0.04297,
        "precision_at_100": 0.01248,
        "precision_at_1000": 0.00156,
        "mrr_at_1": 0.302752,
        "mrr_at_3": 0.344037,
        "mrr_at_5": 0.353364,
        "mrr_at_10": 0.361356,
        "mrr_at_20": 0.367166,
        "mrr_at_100": 0.372853,
        "mrr_at_1000": 0.373622,
        "nauc_ndcg_at_1_max": 0.223654,
        "nauc_ndcg_at_1_std": -0.266456,
        "nauc_ndcg_at_1_diff1": 0.485046,
        "nauc_ndcg_at_3_max": 0.205499,
        "nauc_ndcg_at_3_std": -0.25336,
        "nauc_ndcg_at_3_diff1": 0.435531,
        "nauc_ndcg_at_5_max": 0.206931,
        "nauc_ndcg_at_5_std": -0.254531,
        "nauc_ndcg_at_5_diff1": 0.422559,
        "nauc_ndcg_at_10_max": 0.199991,
        "nauc_ndcg_at_10_std": -0.26011,
        "nauc_ndcg_at_10_diff1": 0.416277,
        "nauc_ndcg_at_20_max": 0.200357,
        "nauc_ndcg_at_20_std": -0.256038,
        "nauc_ndcg_at_20_diff1": 0.418315,
        "nauc_ndcg_at_100_max": 0.212993,
        "nauc_ndcg_at_100_std": -0.227037,
        "nauc_ndcg_at_100_diff1": 0.41243,
        "nauc_ndcg_at_1000_max": 0.210284,
        "nauc_ndcg_at_1000_std": -0.238515,
        "nauc_ndcg_at_1000_diff1": 0.420501,
        "nauc_map_at_1_max": 0.159597,
        "nauc_map_at_1_std": -0.207963,
        "nauc_map_at_1_diff1": 0.485144,
        "nauc_map_at_3_max": 0.210743,
        "nauc_map_at_3_std": -0.238669,
        "nauc_map_at_3_diff1": 0.442674,
        "nauc_map_at_5_max": 0.213375,
        "nauc_map_at_5_std": -0.242276,
        "nauc_map_at_5_diff1": 0.433298,
        "nauc_map_at_10_max": 0.208192,
        "nauc_map_at_10_std": -0.24702,
        "nauc_map_at_10_diff1": 0.430469,
        "nauc_map_at_20_max": 0.207312,
        "nauc_map_at_20_std": -0.247578,
        "nauc_map_at_20_diff1": 0.430545,
        "nauc_map_at_100_max": 0.209046,
        "nauc_map_at_100_std": -0.242854,
        "nauc_map_at_100_diff1": 0.429354,
        "nauc_map_at_1000_max": 0.208932,
        "nauc_map_at_1000_std": -0.243085,
        "nauc_map_at_1000_diff1": 0.429611,
        "nauc_recall_at_1_max": 0.159597,
        "nauc_recall_at_1_std": -0.207963,
        "nauc_recall_at_1_diff1": 0.485144,
        "nauc_recall_at_3_max": 0.184987,
        "nauc_recall_at_3_std": -0.248623,
        "nauc_recall_at_3_diff1": 0.393631,
        "nauc_recall_at_5_max": 0.187663,
        "nauc_recall_at_5_std": -0.252569,
        "nauc_recall_at_5_diff1": 0.367756,
        "nauc_recall_at_10_max": 0.171325,
        "nauc_recall_at_10_std": -0.26453,
        "nauc_recall_at_10_diff1": 0.349357,
        "nauc_recall_at_20_max": 0.170731,
        "nauc_recall_at_20_std": -0.251104,
        "nauc_recall_at_20_diff1": 0.355124,
        "nauc_recall_at_100_max": 0.228097,
        "nauc_recall_at_100_std": -0.063969,
        "nauc_recall_at_100_diff1": 0.281687,
        "nauc_recall_at_1000_max": NaN,
        "nauc_recall_at_1000_std": NaN,
        "nauc_recall_at_1000_diff1": NaN,
        "nauc_precision_at_1_max": 0.223654,
        "nauc_precision_at_1_std": -0.266456,
        "nauc_precision_at_1_diff1": 0.485046,
        "nauc_precision_at_3_max": 0.230548,
        "nauc_precision_at_3_std": -0.260431,
        "nauc_precision_at_3_diff1": 0.319728,
        "nauc_precision_at_5_max": 0.21126,
        "nauc_precision_at_5_std": -0.242063,
        "nauc_precision_at_5_diff1": 0.273029,
        "nauc_precision_at_10_max": 0.179462,
        "nauc_precision_at_10_std": -0.238944,
        "nauc_precision_at_10_diff1": 0.238366,
        "nauc_precision_at_20_max": 0.163925,
        "nauc_precision_at_20_std": -0.200287,
        "nauc_precision_at_20_diff1": 0.208562,
        "nauc_precision_at_100_max": 0.183117,
        "nauc_precision_at_100_std": 0.001525,
        "nauc_precision_at_100_diff1": 0.08053,
        "nauc_precision_at_1000_max": 0.132812,
        "nauc_precision_at_1000_std": 0.037028,
        "nauc_precision_at_1000_diff1": -0.018914,
        "nauc_mrr_at_1_max": 0.223654,
        "nauc_mrr_at_1_std": -0.266456,
        "nauc_mrr_at_1_diff1": 0.485046,
        "nauc_mrr_at_3_max": 0.208969,
        "nauc_mrr_at_3_std": -0.27309,
        "nauc_mrr_at_3_diff1": 0.45048,
        "nauc_mrr_at_5_max": 0.209721,
        "nauc_mrr_at_5_std": -0.272791,
        "nauc_mrr_at_5_diff1": 0.448813,
        "nauc_mrr_at_10_max": 0.208111,
        "nauc_mrr_at_10_std": -0.272375,
        "nauc_mrr_at_10_diff1": 0.445069,
        "nauc_mrr_at_20_max": 0.209965,
        "nauc_mrr_at_20_std": -0.269327,
        "nauc_mrr_at_20_diff1": 0.446467,
        "nauc_mrr_at_100_max": 0.210658,
        "nauc_mrr_at_100_std": -0.267181,
        "nauc_mrr_at_100_diff1": 0.445971,
        "nauc_mrr_at_1000_max": 0.210535,
        "nauc_mrr_at_1000_std": -0.267426,
        "nauc_mrr_at_1000_diff1": 0.446115,
        "main_score": 0.36069,
        "hf_subset": "kor-kor",
        "languages": [
          "kor-Hang",
          "kor-Hang"
        ]
      },
      {
        "ndcg_at_1": 0.17737,
        "ndcg_at_3": 0.16856,
        "ndcg_at_5": 0.17856,
        "ndcg_at_10": 0.20148,
        "ndcg_at_20": 0.22923,
        "ndcg_at_100": 0.28543,
        "ndcg_at_1000": 0.34227,
        "map_at_1": 0.09414,
        "map_at_3": 0.13541,
        "map_at_5": 0.14789,
        "map_at_10": 0.15803,
        "map_at_20": 0.16692,
        "map_at_100": 0.1757,
        "map_at_1000": 0.17866,
        "recall_at_1": 0.09414,
        "recall_at_3": 0.16374,
        "recall_at_5": 0.20064,
        "recall_at_10": 0.26055,
        "recall_at_20": 0.35497,
        "recall_at_100": 0.61476,
        "recall_at_1000": 0.99592,
        "precision_at_1": 0.17737,
        "precision_at_3": 0.11009,
        "precision_at_5": 0.08135,
        "precision_at_10": 0.05291,
        "precision_at_20": 0.0354,
        "precision_at_100": 0.01229,
        "precision_at_1000": 0.00194,
        "mrr_at_1": 0.17737,
        "mrr_at_3": 0.210245,
        "mrr_at_5": 0.218425,
        "mrr_at_10": 0.228636,
        "mrr_at_20": 0.235077,
        "mrr_at_100": 0.241415,
        "mrr_at_1000": 0.242758,
        "nauc_ndcg_at_1_max": 0.25282,
        "nauc_ndcg_at_1_std": -0.103223,
        "nauc_ndcg_at_1_diff1": 0.403337,
        "nauc_ndcg_at_3_max": 0.219334,
        "nauc_ndcg_at_3_std": -0.097857,
        "nauc_ndcg_at_3_diff1": 0.305403,
        "nauc_ndcg_at_5_max": 0.213003,
        "nauc_ndcg_at_5_std": -0.103677,
        "nauc_ndcg_at_5_diff1": 0.290223,
        "nauc_ndcg_at_10_max": 0.22048,
        "nauc_ndcg_at_10_std": -0.083157,
        "nauc_ndcg_at_10_diff1": 0.279071,
        "nauc_ndcg_at_20_max": 0.246755,
        "nauc_ndcg_at_20_std": -0.050945,
        "nauc_ndcg_at_20_diff1": 0.281927,
        "nauc_ndcg_at_100_max": 0.265483,
        "nauc_ndcg_at_100_std": -0.010871,
        "nauc_ndcg_at_100_diff1": 0.272554,
        "nauc_ndcg_at_1000_max": 0.243436,
        "nauc_ndcg_at_1000_std": -0.037786,
        "nauc_ndcg_at_1000_diff1": 0.285691,
        "nauc_map_at_1_max": 0.250405,