{
  "dataset_revision": "fd7df84ac089bbec763b1c6bb1b56e985df5cc5c",
  "task_name": "AutoRAGRetrieval",
  "mteb_version": "1.31.1",
  "scores": {
    "test": [
      {
        "ndcg_at_1": 0.65789,
        "ndcg_at_3": 0.76493,
        "ndcg_at_5": 0.7785,
        "ndcg_at_10": 0.80068,
        "ndcg_at_20": 0.81411,
        "ndcg_at_100": 0.81411,
        "ndcg_at_1000": 0.81411,
        "map_at_1": 0.65789,
        "map_at_3": 0.7383,
        "map_at_5": 0.74532,
        "map_at_10": 0.75416,
        "map_at_20": 0.7579,
        "map_at_100": 0.7579,
        "map_at_1000": 0.7579,
        "recall_at_1": 0.65789,
        "recall_at_3": 0.84211,
        "recall_at_5": 0.87719,
        "recall_at_10": 0.94737,
        "recall_at_20": 1.0,
        "recall_at_100": 1.0,
        "recall_at_1000": 1.0,
        "precision_at_1": 0.65789,
        "precision_at_3": 0.2807,
        "precision_at_5": 0.17544,
        "precision_at_10": 0.09474,
        "precision_at_20": 0.05,
        "precision_at_100": 0.01,
        "precision_at_1000": 0.001,
        "mrr_at_1": 0.657895,
        "mrr_at_3": 0.738304,
        "mrr_at_5": 0.745322,
        "mrr_at_10": 0.75416,
        "mrr_at_20": 0.757902,
        "mrr_at_100": 0.757902,
        "mrr_at_1000": 0.757902,
        "nauc_ndcg_at_1_max": 0.368723,
        "nauc_ndcg_at_1_std": -0.440139,
        "nauc_ndcg_at_1_diff1": 0.656024,
        "nauc_ndcg_at_3_max": 0.423484,
        "nauc_ndcg_at_3_std": -0.482468,
        "nauc_ndcg_at_3_diff1": 0.624826,
        "nauc_ndcg_at_5_max": 0.397708,
        "nauc_ndcg_at_5_std": -0.472738,
        "nauc_ndcg_at_5_diff1": 0.616264,
        "nauc_ndcg_at_10_max": 0.37301,
        "nauc_ndcg_at_10_std": -0.457036,
        "nauc_ndcg_at_10_diff1": 0.637348,
        "nauc_ndcg_at_20_max": 0.378493,
        "nauc_ndcg_at_20_std": -0.464506,
        "nauc_ndcg_at_20_diff1": 0.631082,
        "nauc_ndcg_at_100_max": 0.378493,
        "nauc_ndcg_at_100_std": -0.464506,
        "nauc_ndcg_at_100_diff1": 0.631082,
        "nauc_ndcg_at_1000_max": 0.378493,
        "nauc_ndcg_at_1000_std": -0.464506,
        "nauc_ndcg_at_1000_diff1": 0.631082,
        "nauc_map_at_1_max": 0.368723,
        "nauc_map_at_1_std": -0.440139,
        "nauc_map_at_1_diff1": 0.656024,
        "nauc_map_at_3_max": 0.397501,
        "nauc_map_at_3_std": -0.470979,
        "nauc_map_at_3_diff1": 0.629175,
        "nauc_map_at_5_max": 0.384973,
        "nauc_map_at_5_std": -0.466203,
        "nauc_map_at_5_diff1": 0.625375,
        "nauc_map_at_10_max": 0.376474,
        "nauc_map_at_10_std": -0.460341,
        "nauc_map_at_10_diff1": 0.633613,
        "nauc_map_at_20_max": 0.377096,
        "nauc_map_at_20_std": -0.462711,
        "nauc_map_at_20_diff1": 0.632054,
        "nauc_map_at_100_max": 0.377096,
        "nauc_map_at_100_std": -0.462711,
        "nauc_map_at_100_diff1": 0.632054,
        "nauc_map_at_1000_max": 0.377096,
        "nauc_map_at_1000_std": -0.462711,
        "nauc_map_at_1000_diff1": 0.632054,
        "nauc_recall_at_1_max": 0.368723,
        "nauc_recall_at_1_std": -0.440139,
        "nauc_recall_at_1_diff1": 0.656024,
        "nauc_recall_at_3_max": 0.542174,
        "nauc_recall_at_3_std": -0.531554,
        "nauc_recall_at_3_diff1": 0.609088,
        "nauc_recall_at_5_max": 0.464036,
        "nauc_recall_at_5_std": -0.50315,
        "nauc_recall_at_5_diff1": 0.56903,
        "nauc_recall_at_10_max": 0.288988,
        "nauc_recall_at_10_std": -0.388302,
        "nauc_recall_at_10_diff1": 0.707343,
        "nauc_recall_at_20_max": NaN,
        "nauc_recall_at_20_std": NaN,
        "nauc_recall_at_20_diff1": NaN,
        "nauc_recall_at_100_max": NaN,
        "nauc_recall_at_100_std": NaN,
        "nauc_recall_at_100_diff1": NaN,
        "nauc_recall_at_1000_max": NaN,
        "nauc_recall_at_1000_std": NaN,
        "nauc_recall_at_1000_diff1": NaN,
        "nauc_precision_at_1_max": 0.368723,
        "nauc_precision_at_1_std": -0.440139,
        "nauc_precision_at_1_diff1": 0.656024,
        "nauc_precision_at_3_max": 0.542174,
        "nauc_precision_at_3_std": -0.531554,
        "nauc_precision_at_3_diff1": 0.609088,
        "nauc_precision_at_5_max": 0.464036,
        "nauc_precision_at_5_std": -0.50315,
        "nauc_precision_at_5_diff1": 0.56903,
        "nauc_precision_at_10_max": 0.288988,
        "nauc_precision_at_10_std": -0.388302,
        "nauc_precision_at_10_diff1": 0.707343,
        "nauc_precision_at_20_max": 1.0,
        "nauc_precision_at_20_std": 1.0,
        "nauc_precision_at_20_diff1": 1.0,
        "nauc_precision_at_100_max": 1.0,
        "nauc_precision_at_100_std": 1.0,
        "nauc_precision_at_100_diff1": 1.0,
        "nauc_precision_at_1000_max": 1.0,
        "nauc_precision_at_1000_std": 1.0,
        "nauc_precision_at_1000_diff1": 1.0,
        "nauc_mrr_at_1_max": 0.368723,
        "nauc_mrr_at_1_std": -0.440139,
        "nauc_mrr_at_1_diff1": 0.656024,
        "nauc_mrr_at_3_max": 0.397501,
        "nauc_mrr_at_3_std": -0.470979,
        "nauc_mrr_at_3_diff1": 0.629175,
        "nauc_mrr_at_5_max": 0.384973,
        "nauc_mrr_at_5_std": -0.466203,
        "nauc_mrr_at_5_diff1": 0.625375,
        "nauc_mrr_at_10_max": 0.376474,
        "nauc_mrr_at_10_std": -0.460341,
        "nauc_mrr_at_10_diff1": 0.633613,
        "nauc_mrr_at_20_max": 0.377096,
        "nauc_mrr_at_20_std": -0.462711,
        "nauc_mrr_at_20_diff1": 0.632054,
        "nauc_mrr_at_100_max": 0.377096,
        "nauc_mrr_at_100_std": -0.462711,
        "nauc_mrr_at_100_diff1": 0.632054,
        "nauc_mrr_at_1000_max": 0.377096,
        "nauc_mrr_at_1000_std": -0.462711,
        "nauc_mrr_at_1000_diff1": 0.632054,
        "main_score": 0.80068,
        "hf_subset": "default",
        "languages": [
          "kor-Hang"
        ]
      }
    ]
  },
  "evaluation_time": 2.3485071659088135,
  "kg_co2_emissions": null
}