{
  "dataset_revision": "75b399394a9803252cfec289d103de462763db7c",
  "task_name": "BelebeleRetrieval",
  "mteb_version": "1.31.1",
  "scores": {
    "test": [
      {
        "ndcg_at_1": 0.84889,
        "ndcg_at_3": 0.88696,
        "ndcg_at_5": 0.89705,
        "ndcg_at_10": 0.90531,
        "ndcg_at_20": 0.90838,
        "ndcg_at_100": 0.91193,
        "ndcg_at_1000": 0.91283,
        "map_at_1": 0.84889,
        "map_at_3": 0.87815,
        "map_at_5": 0.88376,
        "map_at_10": 0.88717,
        "map_at_20": 0.888,
        "map_at_100": 0.8885,
        "map_at_1000": 0.88854,
        "recall_at_1": 0.84889,
        "recall_at_3": 0.91222,
        "recall_at_5": 0.93667,
        "recall_at_10": 0.96222,
        "recall_at_20": 0.97444,
        "recall_at_100": 0.99333,
        "recall_at_1000": 1.0,
        "precision_at_1": 0.84889,
        "precision_at_3": 0.30407,
        "precision_at_5": 0.18733,
        "precision_at_10": 0.09622,
        "precision_at_20": 0.04872,
        "precision_at_100": 0.00993,
        "precision_at_1000": 0.001,
        "mrr_at_1": 0.848889,
        "mrr_at_3": 0.878148,
        "mrr_at_5": 0.883759,
        "mrr_at_10": 0.887171,
        "mrr_at_20": 0.888003,
        "mrr_at_100": 0.888503,
        "mrr_at_1000": 0.888545,
        "nauc_ndcg_at_1_max": 0.817323,
        "nauc_ndcg_at_1_std": 0.104244,
        "nauc_ndcg_at_1_diff1": 0.909317,
        "nauc_ndcg_at_3_max": 0.823759,
        "nauc_ndcg_at_3_std": 0.093461,
        "nauc_ndcg_at_3_diff1": 0.880239,
        "nauc_ndcg_at_5_max": 0.822415,
        "nauc_ndcg_at_5_std": 0.109311,
        "nauc_ndcg_at_5_diff1": 0.881726,
        "nauc_ndcg_at_10_max": 0.821808,
        "nauc_ndcg_at_10_std": 0.125386,
        "nauc_ndcg_at_10_diff1": 0.888872,
        "nauc_ndcg_at_20_max": 0.824711,
        "nauc_ndcg_at_20_std": 0.1376,
        "nauc_ndcg_at_20_diff1": 0.89136,
        "nauc_ndcg_at_100_max": 0.821364,
        "nauc_ndcg_at_100_std": 0.121503,
        "nauc_ndcg_at_100_diff1": 0.891056,
        "nauc_ndcg_at_1000_max": 0.822101,
        "nauc_ndcg_at_1000_std": 0.117996,
        "nauc_ndcg_at_1000_diff1": 0.890829,
        "nauc_map_at_1_max": 0.817323,
        "nauc_map_at_1_std": 0.104244,
        "nauc_map_at_1_diff1": 0.909317,
        "nauc_map_at_3_max": 0.822107,
        "nauc_map_at_3_std": 0.098816,
        "nauc_map_at_3_diff1": 0.887838,
        "nauc_map_at_5_max": 0.821543,
        "nauc_map_at_5_std": 0.10724,
        "nauc_map_at_5_diff1": 0.888887,
        "nauc_map_at_10_max": 0.821117,
        "nauc_map_at_10_std": 0.111522,
        "nauc_map_at_10_diff1": 0.891608,
        "nauc_map_at_20_max": 0.821752,
        "nauc_map_at_20_std": 0.114008,
        "nauc_map_at_20_diff1": 0.892223,
        "nauc_map_at_100_max": 0.821379,
        "nauc_map_at_100_std": 0.112009,
        "nauc_map_at_100_diff1": 0.892205,
        "nauc_map_at_1000_max": 0.821425,
        "nauc_map_at_1000_std": 0.111952,
        "nauc_map_at_1000_diff1": 0.892194,
        "nauc_recall_at_1_max": 0.817323,
        "nauc_recall_at_1_std": 0.104244,
        "nauc_recall_at_1_diff1": 0.909317,
        "nauc_recall_at_3_max": 0.830059,
        "nauc_recall_at_3_std": 0.071387,
        "nauc_recall_at_3_diff1": 0.851174,
        "nauc_recall_at_5_max": 0.82597,
        "nauc_recall_at_5_std": 0.121472,
        "nauc_recall_at_5_diff1": 0.846151,
        "nauc_recall_at_10_max": 0.826536,
        "nauc_recall_at_10_std": 0.270061,
        "nauc_recall_at_10_diff1": 0.875597,
        "nauc_recall_at_20_max": 0.869301,
        "nauc_recall_at_20_std": 0.512707,
        "nauc_recall_at_20_diff1": 0.902468,
        "nauc_recall_at_100_max": 0.763928,
        "nauc_recall_at_100_std": 0.499767,
        "nauc_recall_at_100_diff1": 0.910131,
        "nauc_recall_at_1000_max": NaN,
        "nauc_recall_at_1000_std": NaN,
        "nauc_recall_at_1000_diff1": NaN,
        "nauc_precision_at_1_max": 0.817323,
        "nauc_precision_at_1_std": 0.104244,
        "nauc_precision_at_1_diff1": 0.909317,
        "nauc_precision_at_3_max": 0.830059,
        "nauc_precision_at_3_std": 0.071387,
        "nauc_precision_at_3_diff1": 0.851174,
        "nauc_precision_at_5_max": 0.82597,
        "nauc_precision_at_5_std": 0.121472,
        "nauc_precision_at_5_diff1": 0.846151,
        "nauc_precision_at_10_max": 0.826536,
        "nauc_precision_at_10_std": 0.270061,
        "nauc_precision_at_10_diff1": 0.875597,
        "nauc_precision_at_20_max": 0.869301,
        "nauc_precision_at_20_std": 0.512707,
        "nauc_precision_at_20_diff1": 0.902468,
        "nauc_precision_at_100_max": 0.763928,
        "nauc_precision_at_100_std": 0.499767,
        "nauc_precision_at_100_diff1": 0.910131,
        "nauc_precision_at_1000_max": NaN,
        "nauc_precision_at_1000_std": NaN,
        "nauc_precision_at_1000_diff1": NaN,
        "nauc_mrr_at_1_max": 0.817323,
        "nauc_mrr_at_1_std": 0.104244,
        "nauc_mrr_at_1_diff1": 0.909317,
        "nauc_mrr_at_3_max": 0.822107,
        "nauc_mrr_at_3_std": 0.098816,
        "nauc_mrr_at_3_diff1": 0.887838,
        "nauc_mrr_at_5_max": 0.821543,
        "nauc_mrr_at_5_std": 0.10724,
        "nauc_mrr_at_5_diff1": 0.888887,
        "nauc_mrr_at_10_max": 0.821117,
        "nauc_mrr_at_10_std": 0.111522,
        "nauc_mrr_at_10_diff1": 0.891608,
        "nauc_mrr_at_20_max": 0.821752,
        "nauc_mrr_at_20_std": 0.114008,
        "nauc_mrr_at_20_diff1": 0.892223,
        "nauc_mrr_at_100_max": 0.821379,
        "nauc_mrr_at_100_std": 0.112009,
        "nauc_mrr_at_100_diff1": 0.892205,
        "nauc_mrr_at_1000_max": 0.821425,
        "nauc_mrr_at_1000_std": 0.111952,
        "nauc_mrr_at_1000_diff1": 0.892194,
        "main_score": 0.90531,
        "hf_subset": "kor_Hang-kor_Hang",
        "languages": [
          "kor-Hang",
          "kor-Hang"
        ]
      },
      {
        "ndcg_at_1": 0.66333,
        "ndcg_at_3": 0.74342,
        "ndcg_at_5": 0.76059,
        "ndcg_at_10": 0.77776,
        "ndcg_at_20": 0.78834,
        "ndcg_at_100": 0.79854,
        "ndcg_at_1000": 0.79972,
        "map_at_1": 0.66333,
        "map_at_3": 0.72352,
        "map_at_5": 0.73291,
        "map_at_10": 0.74017,
        "map_at_20": 0.74317,
        "map_at_100": 0.7446,
        "map_at_1000": 0.74466,
        "recall_at_1": 0.66333,
        "recall_at_3": 0.80111,
        "recall_at_5": 0.84333,
        "recall_at_10": 0.89556,
        "recall_at_20": 0.93667,
        "recall_at_100": 0.99111,
        "recall_at_1000": 1.0,
        "precision_at_1": 0.66333,
        "precision_at_3": 0.26704,
        "precision_at_5": 0.16867,
        "precision_at_10": 0.08956,
        "precision_at_20": 0.04683,
        "precision_at_100": 0.00991,
        "precision_at_1000": 0.001,
        "mrr_at_1": 0.663333,
        "mrr_at_3": 0.723519,
        "mrr_at_5": 0.732907,
        "mrr_at_10": 0.740166,
        "mrr_at_20": 0.743166,
        "mrr_at_100": 0.744605,
        "mrr_at_1000": 0.744658,
        "nauc_ndcg_at_1_max": 0.401828,
        "nauc_ndcg_at_1_std": 0.046594,
        "nauc_ndcg_at_1_diff1": 0.816572,
        "nauc_ndcg_at_3_max": 0.386304,
        "nauc_ndcg_at_3_std": 0.064906,
        "nauc_ndcg_at_3_diff1": 0.778865,
        "nauc_ndcg_at_5_max": 0.386854,
        "nauc_ndcg_at_5_std": 0.050173,
        "nauc_ndcg_at_5_diff1": 0.77817,
        "nauc_ndcg_at_10_max": 0.387464,
        "nauc_ndcg_at_10_std": 0.058663,
        "nauc_ndcg_at_10_diff1": 0.774612,
        "nauc_ndcg_at_20_max": 0.391032,
        "nauc_ndcg_at_20_std": 0.052453,
        "nauc_ndcg_at_20_diff1": 0.77929,
        "nauc_ndcg_at_100_max": 0.387211,
        "nauc_ndcg_at_100_std": 0.055046,
        "nauc_ndcg_at_100_diff1": 0.784375,
        "nauc_ndcg_at_1000_max": 0.389283,
        "nauc_ndcg_at_1000_std": 0.054282,
        "nauc_ndcg_at_1000_diff1": 0.78628,
        "nauc_map_at_1_max": 0.401828,
        "nauc_map_at_1_std": 0.046594,