{
  "dataset_revision": "d243889a3eb6654029dbd7e7f9319ae31d58f97c",
  "task_name": "Ko-StrategyQA",
  "mteb_version": "1.31.1",
  "scores": {
    "dev": [
      {
        "ndcg_at_1": 0.70946,
        "ndcg_at_3": 0.69862,
        "ndcg_at_5": 0.72895,
        "ndcg_at_10": 0.75157,
        "ndcg_at_20": 0.75909,
        "ndcg_at_100": 0.76968,
        "ndcg_at_1000": 0.77842,
        "map_at_1": 0.4655,
        "map_at_3": 0.6543,
        "map_at_5": 0.68306,
        "map_at_10": 0.6978,
        "map_at_20": 0.70128,
        "map_at_100": 0.70356,
        "map_at_1000": 0.70396,
        "recall_at_1": 0.4655,
        "recall_at_3": 0.70503,
        "recall_at_5": 0.7675,
        "recall_at_10": 0.82169,
        "recall_at_20": 0.84396,
        "recall_at_100": 0.88959,
        "recall_at_1000": 0.94553,
        "precision_at_1": 0.70946,
        "precision_at_3": 0.40935,
        "precision_at_5": 0.27601,
        "precision_at_10": 0.15084,
        "precision_at_20": 0.07838,
        "precision_at_100": 0.01662,
        "precision_at_1000": 0.00179,
        "mrr_at_1": 0.709459,
        "mrr_at_3": 0.766892,
        "mrr_at_5": 0.772635,
        "mrr_at_10": 0.775534,
        "mrr_at_20": 0.776068,
        "mrr_at_100": 0.776921,
        "mrr_at_1000": 0.777107,
        "nauc_ndcg_at_1_max": 0.576635,
        "nauc_ndcg_at_1_std": 0.287026,
        "nauc_ndcg_at_1_diff1": 0.68512,
        "nauc_ndcg_at_3_max": 0.573959,
        "nauc_ndcg_at_3_std": 0.279593,
        "nauc_ndcg_at_3_diff1": 0.575894,
        "nauc_ndcg_at_5_max": 0.631731,
        "nauc_ndcg_at_5_std": 0.335583,
        "nauc_ndcg_at_5_diff1": 0.586687,
        "nauc_ndcg_at_10_max": 0.658833,
        "nauc_ndcg_at_10_std": 0.361247,
        "nauc_ndcg_at_10_diff1": 0.600262,
        "nauc_ndcg_at_20_max": 0.664348,
        "nauc_ndcg_at_20_std": 0.379232,
        "nauc_ndcg_at_20_diff1": 0.605266,
        "nauc_ndcg_at_100_max": 0.661075,
        "nauc_ndcg_at_100_std": 0.389547,
        "nauc_ndcg_at_100_diff1": 0.612279,
        "nauc_ndcg_at_1000_max": 0.656476,
        "nauc_ndcg_at_1000_std": 0.381555,
        "nauc_ndcg_at_1000_diff1": 0.613431,
        "nauc_map_at_1_max": 0.293385,
        "nauc_map_at_1_std": 0.052877,
        "nauc_map_at_1_diff1": 0.589062,
        "nauc_map_at_3_max": 0.53046,
        "nauc_map_at_3_std": 0.227028,
        "nauc_map_at_3_diff1": 0.563061,
        "nauc_map_at_5_max": 0.579492,
        "nauc_map_at_5_std": 0.272494,
        "nauc_map_at_5_diff1": 0.568613,
        "nauc_map_at_10_max": 0.593866,
        "nauc_map_at_10_std": 0.285607,
        "nauc_map_at_10_diff1": 0.576573,
        "nauc_map_at_20_max": 0.596482,
        "nauc_map_at_20_std": 0.292725,
        "nauc_map_at_20_diff1": 0.577957,
        "nauc_map_at_100_max": 0.595504,
        "nauc_map_at_100_std": 0.294758,
        "nauc_map_at_100_diff1": 0.579124,
        "nauc_map_at_1000_max": 0.595375,
        "nauc_map_at_1000_std": 0.29462,
        "nauc_map_at_1000_diff1": 0.579131,
        "nauc_recall_at_1_max": 0.293385,
        "nauc_recall_at_1_std": 0.052877,
        "nauc_recall_at_1_diff1": 0.589062,
        "nauc_recall_at_3_max": 0.572297,
        "nauc_recall_at_3_std": 0.283914,
        "nauc_recall_at_3_diff1": 0.52587,
        "nauc_recall_at_5_max": 0.672058,
        "nauc_recall_at_5_std": 0.400034,
        "nauc_recall_at_5_diff1": 0.528636,
        "nauc_recall_at_10_max": 0.764428,
        "nauc_recall_at_10_std": 0.493761,
        "nauc_recall_at_10_diff1": 0.558429,
        "nauc_recall_at_20_max": 0.803937,
        "nauc_recall_at_20_std": 0.589267,
        "nauc_recall_at_20_diff1": 0.582702,
        "nauc_recall_at_100_max": 0.836943,
        "nauc_recall_at_100_std": 0.73711,
        "nauc_recall_at_100_diff1": 0.633893,
        "nauc_recall_at_1000_max": 0.912439,
        "nauc_recall_at_1000_std": 0.883565,
        "nauc_recall_at_1000_diff1": 0.697158,
        "nauc_precision_at_1_max": 0.576635,
        "nauc_precision_at_1_std": 0.287026,
        "nauc_precision_at_1_diff1": 0.68512,
        "nauc_precision_at_3_max": 0.444093,
        "nauc_precision_at_3_std": 0.330262,
        "nauc_precision_at_3_diff1": 0.117879,
        "nauc_precision_at_5_max": 0.402049,
        "nauc_precision_at_5_std": 0.346266,
        "nauc_precision_at_5_diff1": 0.02901,
        "nauc_precision_at_10_max": 0.353103,
        "nauc_precision_at_10_std": 0.341033,
        "nauc_precision_at_10_diff1": -0.026483,
        "nauc_precision_at_20_max": 0.316797,
        "nauc_precision_at_20_std": 0.346378,
        "nauc_precision_at_20_diff1": -0.052019,
        "nauc_precision_at_100_max": 0.240495,
        "nauc_precision_at_100_std": 0.334873,
        "nauc_precision_at_100_diff1": -0.098997,
        "nauc_precision_at_1000_max": 0.110119,
        "nauc_precision_at_1000_std": 0.240748,
        "nauc_precision_at_1000_diff1": -0.202156,
        "nauc_mrr_at_1_max": 0.576635,
        "nauc_mrr_at_1_std": 0.287026,
        "nauc_mrr_at_1_diff1": 0.68512,
        "nauc_mrr_at_3_max": 0.669331,
        "nauc_mrr_at_3_std": 0.379534,
        "nauc_mrr_at_3_diff1": 0.675483,
        "nauc_mrr_at_5_max": 0.666185,
        "nauc_mrr_at_5_std": 0.388696,
        "nauc_mrr_at_5_diff1": 0.675578,
        "nauc_mrr_at_10_max": 0.668372,
        "nauc_mrr_at_10_std": 0.390436,
        "nauc_mrr_at_10_diff1": 0.675532,
        "nauc_mrr_at_20_max": 0.667754,
        "nauc_mrr_at_20_std": 0.39047,
        "nauc_mrr_at_20_diff1": 0.675778,
        "nauc_mrr_at_100_max": 0.667023,
        "nauc_mrr_at_100_std": 0.390557,
        "nauc_mrr_at_100_diff1": 0.676364,
        "nauc_mrr_at_1000_max": 0.666815,
        "nauc_mrr_at_1000_std": 0.39029,
        "nauc_mrr_at_1000_diff1": 0.676364,
        "main_score": 0.75157,
        "hf_subset": "default",
        "languages": [
          "kor-Hang"
        ]
      }
    ]
  },
  "evaluation_time": 10.827290534973145,
  "kg_co2_emissions": null
}