{
  "dataset_revision": "fc24a3ce8f09746410daee3d5cd823ff7a0675b7",
  "task_name": "MrTidyRetrieval",
  "mteb_version": "1.31.1",
  "scores": {
    "test": [
      {
        "ndcg_at_1": 0.45131,
        "ndcg_at_3": 0.5108,
        "ndcg_at_5": 0.54063,
        "ndcg_at_10": 0.55966,
        "ndcg_at_20": 0.57578,
        "ndcg_at_100": 0.6013,
        "ndcg_at_1000": 0.61195,
        "map_at_1": 0.41964,
        "map_at_3": 0.48601,
        "map_at_5": 0.50347,
        "map_at_10": 0.51151,
        "map_at_20": 0.51652,
        "map_at_100": 0.5204,
        "map_at_1000": 0.52084,
        "recall_at_1": 0.41964,
        "recall_at_3": 0.55701,
        "recall_at_5": 0.62629,
        "recall_at_10": 0.6829,
        "recall_at_20": 0.74307,
        "recall_at_100": 0.87371,
        "recall_at_1000": 0.95289,
        "precision_at_1": 0.45131,
        "precision_at_3": 0.20428,
        "precision_at_5": 0.13967,
        "precision_at_10": 0.0772,
        "precision_at_20": 0.04252,
        "precision_at_100": 0.01005,
        "precision_at_1000": 0.00111,
        "mrr_at_1": 0.451306,
        "mrr_at_3": 0.513064,
        "mrr_at_5": 0.528504,
        "mrr_at_10": 0.535947,
        "mrr_at_20": 0.539352,
        "mrr_at_100": 0.542786,
        "mrr_at_1000": 0.543127,
        "nauc_ndcg_at_1_max": 0.450993,
        "nauc_ndcg_at_1_std": 0.081328,
        "nauc_ndcg_at_1_diff1": 0.499156,
        "nauc_ndcg_at_3_max": 0.413406,
        "nauc_ndcg_at_3_std": 0.075204,
        "nauc_ndcg_at_3_diff1": 0.412346,
        "nauc_ndcg_at_5_max": 0.406691,
        "nauc_ndcg_at_5_std": 0.075053,
        "nauc_ndcg_at_5_diff1": 0.391178,
        "nauc_ndcg_at_10_max": 0.403369,
        "nauc_ndcg_at_10_std": 0.074341,
        "nauc_ndcg_at_10_diff1": 0.391125,
        "nauc_ndcg_at_20_max": 0.404366,
        "nauc_ndcg_at_20_std": 0.073997,
        "nauc_ndcg_at_20_diff1": 0.389539,
        "nauc_ndcg_at_100_max": 0.412552,
        "nauc_ndcg_at_100_std": 0.087143,
        "nauc_ndcg_at_100_diff1": 0.391279,
        "nauc_ndcg_at_1000_max": 0.414021,
        "nauc_ndcg_at_1000_std": 0.08343,
        "nauc_ndcg_at_1000_diff1": 0.396274,
        "nauc_map_at_1_max": 0.412807,
        "nauc_map_at_1_std": 0.070946,
        "nauc_map_at_1_diff1": 0.486011,
        "nauc_map_at_3_max": 0.407001,
        "nauc_map_at_3_std": 0.070555,
        "nauc_map_at_3_diff1": 0.425163,
        "nauc_map_at_5_max": 0.406887,
        "nauc_map_at_5_std": 0.07199,
        "nauc_map_at_5_diff1": 0.415711,
        "nauc_map_at_10_max": 0.404639,
        "nauc_map_at_10_std": 0.070637,
        "nauc_map_at_10_diff1": 0.414506,
        "nauc_map_at_20_max": 0.40553,
        "nauc_map_at_20_std": 0.070904,
        "nauc_map_at_20_diff1": 0.414799,
        "nauc_map_at_100_max": 0.407121,
        "nauc_map_at_100_std": 0.073403,
        "nauc_map_at_100_diff1": 0.415178,
        "nauc_map_at_1000_max": 0.407171,
        "nauc_map_at_1000_std": 0.073381,
        "nauc_map_at_1000_diff1": 0.415317,
        "nauc_recall_at_1_max": 0.412807,
        "nauc_recall_at_1_std": 0.070946,
        "nauc_recall_at_1_diff1": 0.486011,
        "nauc_recall_at_3_max": 0.396177,
        "nauc_recall_at_3_std": 0.076685,
        "nauc_recall_at_3_diff1": 0.35603,
        "nauc_recall_at_5_max": 0.36786,
        "nauc_recall_at_5_std": 0.074798,
        "nauc_recall_at_5_diff1": 0.288225,
        "nauc_recall_at_10_max": 0.348952,
        "nauc_recall_at_10_std": 0.06914,
        "nauc_recall_at_10_diff1": 0.276215,
        "nauc_recall_at_20_max": 0.339279,
        "nauc_recall_at_20_std": 0.065784,
        "nauc_recall_at_20_diff1": 0.245233,
        "nauc_recall_at_100_max": 0.371844,
        "nauc_recall_at_100_std": 0.197485,
        "nauc_recall_at_100_diff1": 0.156171,
        "nauc_recall_at_1000_max": 0.398184,
        "nauc_recall_at_1000_std": 0.210399,
        "nauc_recall_at_1000_diff1": 0.038457,
        "nauc_precision_at_1_max": 0.450993,
        "nauc_precision_at_1_std": 0.081328,
        "nauc_precision_at_1_diff1": 0.499156,
        "nauc_precision_at_3_max": 0.397472,
        "nauc_precision_at_3_std": 0.089366,
        "nauc_precision_at_3_diff1": 0.315443,
        "nauc_precision_at_5_max": 0.351047,
        "nauc_precision_at_5_std": 0.083327,
        "nauc_precision_at_5_diff1": 0.222157,
        "nauc_precision_at_10_max": 0.304335,
        "nauc_precision_at_10_std": 0.082802,
        "nauc_precision_at_10_diff1": 0.174992,
        "nauc_precision_at_20_max": 0.245949,
        "nauc_precision_at_20_std": 0.070872,
        "nauc_precision_at_20_diff1": 0.112533,
        "nauc_precision_at_100_max": 0.187045,
        "nauc_precision_at_100_std": 0.127244,
        "nauc_precision_at_100_diff1": -0.004313,
        "nauc_precision_at_1000_max": 0.090414,
        "nauc_precision_at_1000_std": 0.052855,
        "nauc_precision_at_1000_diff1": -0.086945,
        "nauc_mrr_at_1_max": 0.450993,
        "nauc_mrr_at_1_std": 0.081328,
        "nauc_mrr_at_1_diff1": 0.499156,
        "nauc_mrr_at_3_max": 0.441179,
        "nauc_mrr_at_3_std": 0.081896,
        "nauc_mrr_at_3_diff1": 0.440863,
        "nauc_mrr_at_5_max": 0.433449,
        "nauc_mrr_at_5_std": 0.07942,
        "nauc_mrr_at_5_diff1": 0.429514,
        "nauc_mrr_at_10_max": 0.435792,
        "nauc_mrr_at_10_std": 0.081359,
        "nauc_mrr_at_10_diff1": 0.433754,
        "nauc_mrr_at_20_max": 0.435518,
        "nauc_mrr_at_20_std": 0.080392,
        "nauc_mrr_at_20_diff1": 0.432755,
        "nauc_mrr_at_100_max": 0.436232,
        "nauc_mrr_at_100_std": 0.081622,
        "nauc_mrr_at_100_diff1": 0.43257,
        "nauc_mrr_at_1000_max": 0.43623,
        "nauc_mrr_at_1000_std": 0.08154,
        "nauc_mrr_at_1000_diff1": 0.432721,
        "main_score": 0.55966,
        "hf_subset": "korean",
        "languages": [
          "kor-Kore"
        ]
      }
    ]
  },
  "evaluation_time": 351.18544578552246,
  "kg_co2_emissions": null
}