{
  "dataset_revision": "d67138e705d963e346253a80e59676ddb418810a",
  "task_name": "MultiLongDocRetrieval",
  "mteb_version": "1.31.1",
  "scores": {
    "dev": [
      {
        "ndcg_at_1": 0.135,
        "ndcg_at_3": 0.17458,
        "ndcg_at_5": 0.1948,
        "ndcg_at_10": 0.21429,
        "ndcg_at_20": 0.22669,
        "ndcg_at_100": 0.25801,
        "ndcg_at_1000": 0.29165,
        "map_at_1": 0.135,
        "map_at_3": 0.16417,
        "map_at_5": 0.17517,
        "map_at_10": 0.18325,
        "map_at_20": 0.18652,
        "map_at_100": 0.19047,
        "map_at_1000": 0.19168,
        "recall_at_1": 0.135,
        "recall_at_3": 0.205,
        "recall_at_5": 0.255,
        "recall_at_10": 0.315,
        "recall_at_20": 0.365,
        "recall_at_100": 0.54,
        "recall_at_1000": 0.81,
        "precision_at_1": 0.135,
        "precision_at_3": 0.06833,
        "precision_at_5": 0.051,
        "precision_at_10": 0.0315,
        "precision_at_20": 0.01825,
        "precision_at_100": 0.0054,
        "precision_at_1000": 0.00081,
        "mrr_at_1": 0.135,
        "mrr_at_3": 0.164167,
        "mrr_at_5": 0.175167,
        "mrr_at_10": 0.183246,
        "mrr_at_20": 0.186523,
        "mrr_at_100": 0.190473,
        "mrr_at_1000": 0.191676,
        "nauc_ndcg_at_1_max": 0.51642,
        "nauc_ndcg_at_1_std": 0.057674,
        "nauc_ndcg_at_1_diff1": 0.471827,
        "nauc_ndcg_at_3_max": 0.485518,
        "nauc_ndcg_at_3_std": 0.069706,
        "nauc_ndcg_at_3_diff1": 0.410735,
        "nauc_ndcg_at_5_max": 0.445675,
        "nauc_ndcg_at_5_std": 0.1026,
        "nauc_ndcg_at_5_diff1": 0.366032,
        "nauc_ndcg_at_10_max": 0.40489,
        "nauc_ndcg_at_10_std": 0.099074,
        "nauc_ndcg_at_10_diff1": 0.33605,
        "nauc_ndcg_at_20_max": 0.406576,
        "nauc_ndcg_at_20_std": 0.111824,
        "nauc_ndcg_at_20_diff1": 0.330732,
        "nauc_ndcg_at_100_max": 0.392271,
        "nauc_ndcg_at_100_std": 0.128907,
        "nauc_ndcg_at_100_diff1": 0.30184,
        "nauc_ndcg_at_1000_max": 0.421468,
        "nauc_ndcg_at_1000_std": 0.143384,
        "nauc_ndcg_at_1000_diff1": 0.340839,
        "nauc_map_at_1_max": 0.51642,
        "nauc_map_at_1_std": 0.057674,
        "nauc_map_at_1_diff1": 0.471827,
        "nauc_map_at_3_max": 0.491056,
        "nauc_map_at_3_std": 0.063602,
        "nauc_map_at_3_diff1": 0.424285,
        "nauc_map_at_5_max": 0.468503,
        "nauc_map_at_5_std": 0.083966,
        "nauc_map_at_5_diff1": 0.398125,
        "nauc_map_at_10_max": 0.448795,
        "nauc_map_at_10_std": 0.082049,
        "nauc_map_at_10_diff1": 0.383929,
        "nauc_map_at_20_max": 0.449106,
        "nauc_map_at_20_std": 0.085195,
        "nauc_map_at_20_diff1": 0.38267,
        "nauc_map_at_100_max": 0.447962,
        "nauc_map_at_100_std": 0.088125,
        "nauc_map_at_100_diff1": 0.377776,
        "nauc_map_at_1000_max": 0.449118,
        "nauc_map_at_1000_std": 0.088654,
        "nauc_map_at_1000_diff1": 0.37978,
        "nauc_recall_at_1_max": 0.51642,
        "nauc_recall_at_1_std": 0.057674,
        "nauc_recall_at_1_diff1": 0.471827,
        "nauc_recall_at_3_max": 0.472327,
        "nauc_recall_at_3_std": 0.085852,
        "nauc_recall_at_3_diff1": 0.377401,
        "nauc_recall_at_5_max": 0.388197,
        "nauc_recall_at_5_std": 0.14926,
        "nauc_recall_at_5_diff1": 0.286854,
        "nauc_recall_at_10_max": 0.296149,
        "nauc_recall_at_10_std": 0.139296,
        "nauc_recall_at_10_diff1": 0.220016,
        "nauc_recall_at_20_max": 0.304475,
        "nauc_recall_at_20_std": 0.181856,
        "nauc_recall_at_20_diff1": 0.203899,
        "nauc_recall_at_100_max": 0.222924,
        "nauc_recall_at_100_std": 0.256418,
        "nauc_recall_at_100_diff1": 0.072886,
        "nauc_recall_at_1000_max": 0.417793,
        "nauc_recall_at_1000_std": 0.525041,
        "nauc_recall_at_1000_diff1": 0.301758,
        "nauc_precision_at_1_max": 0.51642,
        "nauc_precision_at_1_std": 0.057674,
        "nauc_precision_at_1_diff1": 0.471827,
        "nauc_precision_at_3_max": 0.472327,
        "nauc_precision_at_3_std": 0.085852,
        "nauc_precision_at_3_diff1": 0.377401,
        "nauc_precision_at_5_max": 0.388197,
        "nauc_precision_at_5_std": 0.14926,
        "nauc_precision_at_5_diff1": 0.286854,
        "nauc_precision_at_10_max": 0.296149,
        "nauc_precision_at_10_std": 0.139296,
        "nauc_precision_at_10_diff1": 0.220016,
        "nauc_precision_at_20_max": 0.304475,
        "nauc_precision_at_20_std": 0.181856,
        "nauc_precision_at_20_diff1": 0.203899,
        "nauc_precision_at_100_max": 0.222924,
        "nauc_precision_at_100_std": 0.256418,
        "nauc_precision_at_100_diff1": 0.072886,
        "nauc_precision_at_1000_max": 0.417793,
        "nauc_precision_at_1000_std": 0.525041,
        "nauc_precision_at_1000_diff1": 0.301758,
        "nauc_mrr_at_1_max": 0.51642,
        "nauc_mrr_at_1_std": 0.057674,
        "nauc_mrr_at_1_diff1": 0.471827,
        "nauc_mrr_at_3_max": 0.491056,
        "nauc_mrr_at_3_std": 0.063602,
        "nauc_mrr_at_3_diff1": 0.424285,
        "nauc_mrr_at_5_max": 0.468503,
        "nauc_mrr_at_5_std": 0.083966,
        "nauc_mrr_at_5_diff1": 0.398125,
        "nauc_mrr_at_10_max": 0.448795,
        "nauc_mrr_at_10_std": 0.082049,
        "nauc_mrr_at_10_diff1": 0.383929,
        "nauc_mrr_at_20_max": 0.449106,
        "nauc_mrr_at_20_std": 0.085195,
        "nauc_mrr_at_20_diff1": 0.38267,
        "nauc_mrr_at_100_max": 0.447962,
        "nauc_mrr_at_100_std": 0.088125,
        "nauc_mrr_at_100_diff1": 0.377776,
        "nauc_mrr_at_1000_max": 0.449118,
        "nauc_mrr_at_1000_std": 0.088654,
        "nauc_mrr_at_1000_diff1": 0.37978,
        "main_score": 0.21429,
        "hf_subset": "ko",
        "languages": [
          "kor-Hang"
        ]
      }
    ],
    "test": [
      {
        "ndcg_at_1": 0.14,
        "ndcg_at_3": 0.1822,
        "ndcg_at_5": 0.19446,
        "ndcg_at_10": 0.20923,
        "ndcg_at_20": 0.21918,
        "ndcg_at_100": 0.24413,
        "ndcg_at_1000": 0.28103,
        "map_at_1": 0.14,
        "map_at_3": 0.1725,
        "map_at_5": 0.17925,
        "map_at_10": 0.18548,
        "map_at_20": 0.18811,
        "map_at_100": 0.1912,
        "map_at_1000": 0.1924,
        "recall_at_1": 0.14,
        "recall_at_3": 0.21,
        "recall_at_5": 0.24,
        "recall_at_10": 0.285,
        "recall_at_20": 0.325,
        "recall_at_100": 0.465,
        "recall_at_1000": 0.765,
        "precision_at_1": 0.14,
        "precision_at_3": 0.07,
        "precision_at_5": 0.048,
        "precision_at_10": 0.0285,
        "precision_at_20": 0.01625,
        "precision_at_100": 0.00465,
        "precision_at_1000": 0.00077,
        "mrr_at_1": 0.14,
        "mrr_at_3": 0.1725,
        "mrr_at_5": 0.17925,
        "mrr_at_10": 0.185478,
        "mrr_at_20": 0.18811,
        "mrr_at_100": 0.191198,
        "mrr_at_1000": 0.1924,
        "nauc_ndcg_at_1_max": 0.512973,
        "nauc_ndcg_at_1_std": -0.05346,
        "nauc_ndcg_at_1_diff1": 0.665037,
        "nauc_ndcg_at_3_max": 0.491196,
        "nauc_ndcg_at_3_std": -0.028275,
        "nauc_ndcg_at_3_diff1": 0.515778,
        "nauc_ndcg_at_5_max": 0.475566,
        "nauc_ndcg_at_5_std": 0.003286,
        "nauc_ndcg_at_5_diff1": 0.496084,
        "nauc_ndcg_at_10_max": 0.494804,
        "nauc_ndcg_at_10_std": 0.030368,
        "nauc_ndcg_at_10_diff1": 0.491303,
        "nauc_ndcg_at_20_max": 0.482229,
        "nauc_ndcg_at_20_std": 0.058868,
        "nauc_ndcg_at_20_diff1": 0.476985,
        "nauc_ndcg_at_100_max": 0.462587,
        "nauc_ndcg_at_100_std": 0.045341,
        "nauc_ndcg_at_100_diff1": 0.462308,
        "nauc_ndcg_at_1000_max": 0.47401,
        "nauc_ndcg_at_1000_std": 0.060145,
        "nauc_ndcg_at_1000_diff1": 0.477399,
        "nauc_map_at_1_max": 0.512973,
        "nauc_map_at_1_std": -0.05346,
        "nauc_map_at_1_diff1": 0.665037,
        "nauc_map_at_3_max": 0.49672,