{
  "dataset_revision": "main",
  "task_name": "PublicHealthQA",
  "mteb_version": "1.31.1",
  "scores": {
    "test": [
      {
        "ndcg_at_1": 0.55844,
        "ndcg_at_3": 0.68274,
        "ndcg_at_5": 0.71573,
        "ndcg_at_10": 0.73668,
        "ndcg_at_20": 0.74668,
        "ndcg_at_100": 0.75694,
        "ndcg_at_1000": 0.75694,
        "map_at_1": 0.55844,
        "map_at_3": 0.65368,
        "map_at_5": 0.67251,
        "map_at_10": 0.68113,
        "map_at_20": 0.68396,
        "map_at_100": 0.68558,
        "map_at_1000": 0.68558,
        "recall_at_1": 0.55844,
        "recall_at_3": 0.76623,
        "recall_at_5": 0.84416,
        "recall_at_10": 0.90909,
        "recall_at_20": 0.94805,
        "recall_at_100": 1.0,
        "recall_at_1000": 1.0,
        "precision_at_1": 0.55844,
        "precision_at_3": 0.25541,
        "precision_at_5": 0.16883,
        "precision_at_10": 0.09091,
        "precision_at_20": 0.0474,
        "precision_at_100": 0.01,
        "precision_at_1000": 0.001,
        "mrr_at_1": 0.558442,
        "mrr_at_3": 0.65368,
        "mrr_at_5": 0.672511,
        "mrr_at_10": 0.681128,
        "mrr_at_20": 0.683957,
        "mrr_at_100": 0.685577,
        "mrr_at_1000": 0.685577,
        "nauc_ndcg_at_1_max": 0.070665,
        "nauc_ndcg_at_1_std": -0.177922,
        "nauc_ndcg_at_1_diff1": 0.559377,
        "nauc_ndcg_at_3_max": 0.106191,
        "nauc_ndcg_at_3_std": -0.218833,
        "nauc_ndcg_at_3_diff1": 0.602834,
        "nauc_ndcg_at_5_max": 0.044887,
        "nauc_ndcg_at_5_std": -0.200425,
        "nauc_ndcg_at_5_diff1": 0.598082,
        "nauc_ndcg_at_10_max": 0.073068,
        "nauc_ndcg_at_10_std": -0.124966,
        "nauc_ndcg_at_10_diff1": 0.60218,
        "nauc_ndcg_at_20_max": 0.0705,
        "nauc_ndcg_at_20_std": -0.1304,
        "nauc_ndcg_at_20_diff1": 0.589613,
        "nauc_ndcg_at_100_max": 0.08735,
        "nauc_ndcg_at_100_std": -0.158832,
        "nauc_ndcg_at_100_diff1": 0.588566,
        "nauc_ndcg_at_1000_max": 0.08735,
        "nauc_ndcg_at_1000_std": -0.158832,
        "nauc_ndcg_at_1000_diff1": 0.588566,
        "nauc_map_at_1_max": 0.070665,
        "nauc_map_at_1_std": -0.177922,
        "nauc_map_at_1_diff1": 0.559377,
        "nauc_map_at_3_max": 0.10487,
        "nauc_map_at_3_std": -0.198389,
        "nauc_map_at_3_diff1": 0.588097,
        "nauc_map_at_5_max": 0.072719,
        "nauc_map_at_5_std": -0.188137,
        "nauc_map_at_5_diff1": 0.585214,
        "nauc_map_at_10_max": 0.08652,
        "nauc_map_at_10_std": -0.160894,
        "nauc_map_at_10_diff1": 0.587066,
        "nauc_map_at_20_max": 0.086079,
        "nauc_map_at_20_std": -0.162263,
        "nauc_map_at_20_diff1": 0.584094,
        "nauc_map_at_100_max": 0.08926,
        "nauc_map_at_100_std": -0.165788,
        "nauc_map_at_100_diff1": 0.584067,
        "nauc_map_at_1000_max": 0.08926,
        "nauc_map_at_1000_std": -0.165788,
        "nauc_map_at_1000_diff1": 0.584067,
        "nauc_recall_at_1_max": 0.070665,
        "nauc_recall_at_1_std": -0.177922,
        "nauc_recall_at_1_diff1": 0.559377,
        "nauc_recall_at_3_max": 0.106377,
        "nauc_recall_at_3_std": -0.300849,
        "nauc_recall_at_3_diff1": 0.659783,
        "nauc_recall_at_5_max": -0.114256,
        "nauc_recall_at_5_std": -0.264723,
        "nauc_recall_at_5_diff1": 0.663128,
        "nauc_recall_at_10_max": -0.056367,
        "nauc_recall_at_10_std": 0.23863,
        "nauc_recall_at_10_diff1": 0.722703,
        "nauc_recall_at_20_max": -0.192871,
        "nauc_recall_at_20_std": 0.418709,
        "nauc_recall_at_20_diff1": 0.616902,
        "nauc_recall_at_100_max": NaN,
        "nauc_recall_at_100_std": NaN,
        "nauc_recall_at_100_diff1": NaN,
        "nauc_recall_at_1000_max": NaN,
        "nauc_recall_at_1000_std": NaN,
        "nauc_recall_at_1000_diff1": NaN,
        "nauc_precision_at_1_max": 0.070665,
        "nauc_precision_at_1_std": -0.177922,
        "nauc_precision_at_1_diff1": 0.559377,
        "nauc_precision_at_3_max": 0.106377,
        "nauc_precision_at_3_std": -0.300849,
        "nauc_precision_at_3_diff1": 0.659783,
        "nauc_precision_at_5_max": -0.114256,
        "nauc_precision_at_5_std": -0.264723,
        "nauc_precision_at_5_diff1": 0.663128,
        "nauc_precision_at_10_max": -0.056367,
        "nauc_precision_at_10_std": 0.23863,
        "nauc_precision_at_10_diff1": 0.722703,
        "nauc_precision_at_20_max": -0.192871,
        "nauc_precision_at_20_std": 0.418709,
        "nauc_precision_at_20_diff1": 0.616902,
        "nauc_precision_at_100_max": 1.0,
        "nauc_precision_at_100_std": 1.0,
        "nauc_precision_at_100_diff1": 1.0,
        "nauc_precision_at_1000_max": NaN,
        "nauc_precision_at_1000_std": NaN,
        "nauc_precision_at_1000_diff1": NaN,
        "nauc_mrr_at_1_max": 0.070665,
        "nauc_mrr_at_1_std": -0.177922,
        "nauc_mrr_at_1_diff1": 0.559377,
        "nauc_mrr_at_3_max": 0.10487,
        "nauc_mrr_at_3_std": -0.198389,
        "nauc_mrr_at_3_diff1": 0.588097,
        "nauc_mrr_at_5_max": 0.072719,
        "nauc_mrr_at_5_std": -0.188137,
        "nauc_mrr_at_5_diff1": 0.585214,
        "nauc_mrr_at_10_max": 0.08652,
        "nauc_mrr_at_10_std": -0.160894,
        "nauc_mrr_at_10_diff1": 0.587066,
        "nauc_mrr_at_20_max": 0.086079,
        "nauc_mrr_at_20_std": -0.162263,
        "nauc_mrr_at_20_diff1": 0.584094,
        "nauc_mrr_at_100_max": 0.08926,
        "nauc_mrr_at_100_std": -0.165788,
        "nauc_mrr_at_100_diff1": 0.584067,
        "nauc_mrr_at_1000_max": 0.08926,
        "nauc_mrr_at_1000_std": -0.165788,
        "nauc_mrr_at_1000_diff1": 0.584067,
        "main_score": 0.73668,
        "hf_subset": "korean",
        "languages": [
          "kor-Hang"
        ]
      }
    ]
  },
  "evaluation_time": 0.47228193283081055,
  "kg_co2_emissions": null
}