{
  "dataset_revision": "c99d599f0a6ab9b85b065da6f9d94f9cf731679f",
  "task_name": "XPQARetrieval",
  "mteb_version": "1.31.1",
  "scores": {
    "test": [
      {
        "ndcg_at_1": 0.26147,
        "ndcg_at_3": 0.28045,
        "ndcg_at_5": 0.30316,
        "ndcg_at_10": 0.32955,
        "ndcg_at_20": 0.35328,
        "ndcg_at_100": 0.39787,
        "ndcg_at_1000": 0.43449,
        "map_at_1": 0.1829,
        "map_at_3": 0.2547,
        "map_at_5": 0.27271,
        "map_at_10": 0.28551,
        "map_at_20": 0.29296,
        "map_at_100": 0.29979,
        "map_at_1000": 0.3012,
        "recall_at_1": 0.1829,
        "recall_at_3": 0.29669,
        "recall_at_5": 0.3527,
        "recall_at_10": 0.42513,
        "recall_at_20": 0.50841,
        "recall_at_100": 0.725,
        "recall_at_1000": 1.0,
        "precision_at_1": 0.26147,
        "precision_at_3": 0.15851,
        "precision_at_5": 0.11407,
        "precision_at_10": 0.06881,
        "precision_at_20": 0.04113,
        "precision_at_100": 0.01173,
        "precision_at_1000": 0.00156,
        "mrr_at_1": 0.262997,
        "mrr_at_3": 0.301223,
        "mrr_at_5": 0.312844,
        "mrr_at_10": 0.32203,
        "mrr_at_20": 0.32809,
        "mrr_at_100": 0.333278,
        "mrr_at_1000": 0.33424,
        "nauc_ndcg_at_1_max": 0.13856,
        "nauc_ndcg_at_1_std": -0.244534,
        "nauc_ndcg_at_1_diff1": 0.539296,
        "nauc_ndcg_at_3_max": 0.125134,
        "nauc_ndcg_at_3_std": -0.24473,
        "nauc_ndcg_at_3_diff1": 0.46599,
        "nauc_ndcg_at_5_max": 0.121715,
        "nauc_ndcg_at_5_std": -0.248711,
        "nauc_ndcg_at_5_diff1": 0.462966,
        "nauc_ndcg_at_10_max": 0.125079,
        "nauc_ndcg_at_10_std": -0.245139,
        "nauc_ndcg_at_10_diff1": 0.451476,
        "nauc_ndcg_at_20_max": 0.122984,
        "nauc_ndcg_at_20_std": -0.237941,
        "nauc_ndcg_at_20_diff1": 0.434907,
        "nauc_ndcg_at_100_max": 0.141147,
        "nauc_ndcg_at_100_std": -0.197934,
        "nauc_ndcg_at_100_diff1": 0.431785,
        "nauc_ndcg_at_1000_max": 0.132123,
        "nauc_ndcg_at_1000_std": -0.220914,
        "nauc_ndcg_at_1000_diff1": 0.448049,
        "nauc_map_at_1_max": 0.105949,
        "nauc_map_at_1_std": -0.219752,
        "nauc_map_at_1_diff1": 0.533024,
        "nauc_map_at_3_max": 0.131763,
        "nauc_map_at_3_std": -0.237556,
        "nauc_map_at_3_diff1": 0.471133,
        "nauc_map_at_5_max": 0.124679,
        "nauc_map_at_5_std": -0.245521,
        "nauc_map_at_5_diff1": 0.466172,
        "nauc_map_at_10_max": 0.126138,
        "nauc_map_at_10_std": -0.245177,
        "nauc_map_at_10_diff1": 0.459489,
        "nauc_map_at_20_max": 0.124592,
        "nauc_map_at_20_std": -0.245064,
        "nauc_map_at_20_diff1": 0.454884,
        "nauc_map_at_100_max": 0.126753,
        "nauc_map_at_100_std": -0.23883,
        "nauc_map_at_100_diff1": 0.45414,
        "nauc_map_at_1000_max": 0.126467,
        "nauc_map_at_1000_std": -0.239362,
        "nauc_map_at_1000_diff1": 0.454763,
        "nauc_recall_at_1_max": 0.105949,
        "nauc_recall_at_1_std": -0.219752,
        "nauc_recall_at_1_diff1": 0.533024,
        "nauc_recall_at_3_max": 0.127731,
        "nauc_recall_at_3_std": -0.232328,
        "nauc_recall_at_3_diff1": 0.434378,
        "nauc_recall_at_5_max": 0.110299,
        "nauc_recall_at_5_std": -0.242195,
        "nauc_recall_at_5_diff1": 0.419884,
        "nauc_recall_at_10_max": 0.120852,
        "nauc_recall_at_10_std": -0.226991,
        "nauc_recall_at_10_diff1": 0.388007,
        "nauc_recall_at_20_max": 0.114777,
        "nauc_recall_at_20_std": -0.199632,
        "nauc_recall_at_20_diff1": 0.324043,
        "nauc_recall_at_100_max": 0.21569,
        "nauc_recall_at_100_std": 0.04326,
        "nauc_recall_at_100_diff1": 0.260205,
        "nauc_recall_at_1000_max": NaN,
        "nauc_recall_at_1000_std": NaN,
        "nauc_recall_at_1000_diff1": NaN,
        "nauc_precision_at_1_max": 0.13856,
        "nauc_precision_at_1_std": -0.244534,
        "nauc_precision_at_1_diff1": 0.539296,
        "nauc_precision_at_3_max": 0.117539,
        "nauc_precision_at_3_std": -0.239958,
        "nauc_precision_at_3_diff1": 0.331313,
        "nauc_precision_at_5_max": 0.093132,
        "nauc_precision_at_5_std": -0.242574,
        "nauc_precision_at_5_diff1": 0.297904,
        "nauc_precision_at_10_max": 0.086623,
        "nauc_precision_at_10_std": -0.231041,
        "nauc_precision_at_10_diff1": 0.25557,
        "nauc_precision_at_20_max": 0.070891,
        "nauc_precision_at_20_std": -0.190843,
        "nauc_precision_at_20_diff1": 0.189568,
        "nauc_precision_at_100_max": 0.116957,
        "nauc_precision_at_100_std": 0.01582,
        "nauc_precision_at_100_diff1": 0.082129,
        "nauc_precision_at_1000_max": 0.041045,
        "nauc_precision_at_1000_std": 0.019664,
        "nauc_precision_at_1000_diff1": -0.009017,
        "nauc_mrr_at_1_max": 0.136506,
        "nauc_mrr_at_1_std": -0.247287,
        "nauc_mrr_at_1_diff1": 0.533155,
        "nauc_mrr_at_3_max": 0.128285,
        "nauc_mrr_at_3_std": -0.25368,
        "nauc_mrr_at_3_diff1": 0.499254,
        "nauc_mrr_at_5_max": 0.125929,
        "nauc_mrr_at_5_std": -0.252856,
        "nauc_mrr_at_5_diff1": 0.496561,
        "nauc_mrr_at_10_max": 0.12738,
        "nauc_mrr_at_10_std": -0.249629,
        "nauc_mrr_at_10_diff1": 0.493502,
        "nauc_mrr_at_20_max": 0.127364,
        "nauc_mrr_at_20_std": -0.245458,
        "nauc_mrr_at_20_diff1": 0.488948,
        "nauc_mrr_at_100_max": 0.129589,
        "nauc_mrr_at_100_std": -0.241608,
        "nauc_mrr_at_100_diff1": 0.489353,
        "nauc_mrr_at_1000_max": 0.129407,
        "nauc_mrr_at_1000_std": -0.242336,
        "nauc_mrr_at_1000_diff1": 0.489852,
        "main_score": 0.32955,
        "hf_subset": "kor-kor",
        "languages": [
          "kor-Hang",
          "kor-Hang"
        ]
      },
      {
        "ndcg_at_1": 0.17431,
        "ndcg_at_3": 0.18137,
        "ndcg_at_5": 0.19664,
        "ndcg_at_10": 0.22384,
        "ndcg_at_20": 0.25218,
        "ndcg_at_100": 0.30817,
        "ndcg_at_1000": 0.35811,
        "map_at_1": 0.09962,
        "map_at_3": 0.1479,
        "map_at_5": 0.1632,
        "map_at_10": 0.1759,
        "map_at_20": 0.1847,
        "map_at_100": 0.19376,
        "map_at_1000": 0.1963,
        "recall_at_1": 0.09962,
        "recall_at_3": 0.18076,
        "recall_at_5": 0.23053,
        "recall_at_10": 0.30237,
        "recall_at_20": 0.39656,
        "recall_at_100": 0.65594,
        "recall_at_1000": 0.99141,
        "precision_at_1": 0.17431,
        "precision_at_3": 0.11876,
        "precision_at_5": 0.09113,
        "precision_at_10": 0.05917,
        "precision_at_20": 0.03876,
        "precision_at_100": 0.01289,
        "precision_at_1000": 0.00194,
        "mrr_at_1": 0.174312,
        "mrr_at_3": 0.212793,
        "mrr_at_5": 0.226172,
        "mrr_at_10": 0.237485,
        "mrr_at_20": 0.24478,
        "mrr_at_100": 0.250461,
        "mrr_at_1000": 0.251624,
        "nauc_ndcg_at_1_max": 0.202958,
        "nauc_ndcg_at_1_std": -0.133804,
        "nauc_ndcg_at_1_diff1": 0.320497,
        "nauc_ndcg_at_3_max": 0.177833,
        "nauc_ndcg_at_3_std": -0.150453,
        "nauc_ndcg_at_3_diff1": 0.302961,
        "nauc_ndcg_at_5_max": 0.157418,
        "nauc_ndcg_at_5_std": -0.156335,
        "nauc_ndcg_at_5_diff1": 0.283761,
        "nauc_ndcg_at_10_max": 0.159791,
        "nauc_ndcg_at_10_std": -0.152377,
        "nauc_ndcg_at_10_diff1": 0.27314,
        "nauc_ndcg_at_20_max": 0.15431,
        "nauc_ndcg_at_20_std": -0.132417,
        "nauc_ndcg_at_20_diff1": 0.274466,
        "nauc_ndcg_at_100_max": 0.170513,
        "nauc_ndcg_at_100_std": -0.085896,
        "nauc_ndcg_at_100_diff1": 0.251822,
        "nauc_ndcg_at_1000_max": 0.167979,
        "nauc_ndcg_at_1000_std": -0.107888,
        "nauc_ndcg_at_1000_diff1": 0.266638,
        "nauc_map_at_1_max": 0.197885,
        "nauc_map_at_1_std": -0.160521,