{
  "dataset_revision": "fd7df84ac089bbec763b1c6bb1b56e985df5cc5c",
  "task_name": "AutoRAGRetrieval",
  "mteb_version": "1.31.1",
  "scores": {
    "test": [
      {
        "ndcg_at_1": 0.57895,
        "ndcg_at_3": 0.644,
        "ndcg_at_5": 0.6693,
        "ndcg_at_10": 0.70226,
        "ndcg_at_20": 0.72245,
        "ndcg_at_100": 0.73304,
        "ndcg_at_1000": 0.73423,
        "map_at_1": 0.57895,
        "map_at_3": 0.62719,
        "map_at_5": 0.64123,
        "map_at_10": 0.6542,
        "map_at_20": 0.65986,
        "map_at_100": 0.66162,
        "map_at_1000": 0.66167,
        "recall_at_1": 0.57895,
        "recall_at_3": 0.69298,
        "recall_at_5": 0.75439,
        "recall_at_10": 0.85965,
        "recall_at_20": 0.9386,
        "recall_at_100": 0.99123,
        "recall_at_1000": 1.0,
        "precision_at_1": 0.57895,
        "precision_at_3": 0.23099,
        "precision_at_5": 0.15088,
        "precision_at_10": 0.08596,
        "precision_at_20": 0.04693,
        "precision_at_100": 0.00991,
        "precision_at_1000": 0.001,
        "mrr_at_1": 0.578947,
        "mrr_at_3": 0.627193,
        "mrr_at_5": 0.641228,
        "mrr_at_10": 0.654198,
        "mrr_at_20": 0.659856,
        "mrr_at_100": 0.661618,
        "mrr_at_1000": 0.661671,
        "nauc_ndcg_at_1_max": 0.214522,
        "nauc_ndcg_at_1_std": -0.304499,
        "nauc_ndcg_at_1_diff1": 0.724116,
        "nauc_ndcg_at_3_max": 0.263003,
        "nauc_ndcg_at_3_std": -0.211729,
        "nauc_ndcg_at_3_diff1": 0.696558,
        "nauc_ndcg_at_5_max": 0.273163,
        "nauc_ndcg_at_5_std": -0.208871,
        "nauc_ndcg_at_5_diff1": 0.685524,
        "nauc_ndcg_at_10_max": 0.309461,
        "nauc_ndcg_at_10_std": -0.182717,
        "nauc_ndcg_at_10_diff1": 0.700773,
        "nauc_ndcg_at_20_max": 0.289224,
        "nauc_ndcg_at_20_std": -0.20342,
        "nauc_ndcg_at_20_diff1": 0.706436,
        "nauc_ndcg_at_100_max": 0.273839,
        "nauc_ndcg_at_100_std": -0.223569,
        "nauc_ndcg_at_100_diff1": 0.703947,
        "nauc_ndcg_at_1000_max": 0.270529,
        "nauc_ndcg_at_1000_std": -0.22549,
        "nauc_ndcg_at_1000_diff1": 0.705871,
        "nauc_map_at_1_max": 0.214522,
        "nauc_map_at_1_std": -0.304499,
        "nauc_map_at_1_diff1": 0.724116,
        "nauc_map_at_3_max": 0.248884,
        "nauc_map_at_3_std": -0.243167,
        "nauc_map_at_3_diff1": 0.706136,
        "nauc_map_at_5_max": 0.253284,
        "nauc_map_at_5_std": -0.243231,
        "nauc_map_at_5_diff1": 0.701448,
        "nauc_map_at_10_max": 0.265586,
        "nauc_map_at_10_std": -0.234203,
        "nauc_map_at_10_diff1": 0.707558,
        "nauc_map_at_20_max": 0.260622,
        "nauc_map_at_20_std": -0.238937,
        "nauc_map_at_20_diff1": 0.708931,
        "nauc_map_at_100_max": 0.258601,
        "nauc_map_at_100_std": -0.241462,
        "nauc_map_at_100_diff1": 0.708719,
        "nauc_map_at_1000_max": 0.258481,
        "nauc_map_at_1000_std": -0.241533,
        "nauc_map_at_1000_diff1": 0.708787,
        "nauc_recall_at_1_max": 0.214522,
        "nauc_recall_at_1_std": -0.304499,
        "nauc_recall_at_1_diff1": 0.724116,
        "nauc_recall_at_3_max": 0.309814,
        "nauc_recall_at_3_std": -0.105635,
        "nauc_recall_at_3_diff1": 0.664148,
        "nauc_recall_at_5_max": 0.351699,
        "nauc_recall_at_5_std": -0.073723,
        "nauc_recall_at_5_diff1": 0.620714,
        "nauc_recall_at_10_max": 0.606788,
        "nauc_recall_at_10_std": 0.150194,
        "nauc_recall_at_10_diff1": 0.665325,
        "nauc_recall_at_20_max": 0.651753,
        "nauc_recall_at_20_std": 0.214768,
        "nauc_recall_at_20_diff1": 0.705964,
        "nauc_recall_at_100_max": 0.869789,
        "nauc_recall_at_100_std": 0.122234,
        "nauc_recall_at_100_diff1": 0.357528,
        "nauc_recall_at_1000_max": NaN,
        "nauc_recall_at_1000_std": NaN,
        "nauc_recall_at_1000_diff1": NaN,
        "nauc_precision_at_1_max": 0.214522,
        "nauc_precision_at_1_std": -0.304499,
        "nauc_precision_at_1_diff1": 0.724116,
        "nauc_precision_at_3_max": 0.309814,
        "nauc_precision_at_3_std": -0.105635,
        "nauc_precision_at_3_diff1": 0.664148,
        "nauc_precision_at_5_max": 0.351699,
        "nauc_precision_at_5_std": -0.073723,
        "nauc_precision_at_5_diff1": 0.620714,
        "nauc_precision_at_10_max": 0.606788,
        "nauc_precision_at_10_std": 0.150194,
        "nauc_precision_at_10_diff1": 0.665325,
        "nauc_precision_at_20_max": 0.651753,
        "nauc_precision_at_20_std": 0.214768,
        "nauc_precision_at_20_diff1": 0.705964,
        "nauc_precision_at_100_max": 0.869789,
        "nauc_precision_at_100_std": 0.122234,
        "nauc_precision_at_100_diff1": 0.357528,
        "nauc_precision_at_1000_max": 1.0,
        "nauc_precision_at_1000_std": 1.0,
        "nauc_precision_at_1000_diff1": 1.0,
        "nauc_mrr_at_1_max": 0.214522,
        "nauc_mrr_at_1_std": -0.304499,
        "nauc_mrr_at_1_diff1": 0.724116,
        "nauc_mrr_at_3_max": 0.248884,
        "nauc_mrr_at_3_std": -0.243167,
        "nauc_mrr_at_3_diff1": 0.706136,
        "nauc_mrr_at_5_max": 0.253284,
        "nauc_mrr_at_5_std": -0.243231,
        "nauc_mrr_at_5_diff1": 0.701448,
        "nauc_mrr_at_10_max": 0.265586,
        "nauc_mrr_at_10_std": -0.234203,
        "nauc_mrr_at_10_diff1": 0.707558,
        "nauc_mrr_at_20_max": 0.260622,
        "nauc_mrr_at_20_std": -0.238937,
        "nauc_mrr_at_20_diff1": 0.708931,
        "nauc_mrr_at_100_max": 0.258601,
        "nauc_mrr_at_100_std": -0.241462,
        "nauc_mrr_at_100_diff1": 0.708719,
        "nauc_mrr_at_1000_max": 0.258481,
        "nauc_mrr_at_1000_std": -0.241533,
        "nauc_mrr_at_1000_diff1": 0.708787,
        "main_score": 0.70226,
        "hf_subset": "default",
        "languages": [
          "kor-Hang"
        ]
      }
    ]
  },
  "evaluation_time": 4.99203085899353,
  "kg_co2_emissions": null
}