{
  "dataset_revision": "75b399394a9803252cfec289d103de462763db7c",
  "task_name": "BelebeleRetrieval",
  "mteb_version": "1.31.1",
  "scores": {
    "test": [
      {
        "ndcg_at_1": 0.74889,
        "ndcg_at_3": 0.81059,
        "ndcg_at_5": 0.82006,
        "ndcg_at_10": 0.83231,
        "ndcg_at_20": 0.83986,
        "ndcg_at_100": 0.84798,
        "ndcg_at_1000": 0.84959,
        "map_at_1": 0.74889,
        "map_at_3": 0.79611,
        "map_at_5": 0.80128,
        "map_at_10": 0.80635,
        "map_at_20": 0.8084,
        "map_at_100": 0.80948,
        "map_at_1000": 0.80955,
        "recall_at_1": 0.74889,
        "recall_at_3": 0.85222,
        "recall_at_5": 0.87556,
        "recall_at_10": 0.91333,
        "recall_at_20": 0.94333,
        "recall_at_100": 0.98778,
        "recall_at_1000": 1.0,
        "precision_at_1": 0.74889,
        "precision_at_3": 0.28407,
        "precision_at_5": 0.17511,
        "precision_at_10": 0.09133,
        "precision_at_20": 0.04717,
        "precision_at_100": 0.00988,
        "precision_at_1000": 0.001,
        "mrr_at_1": 0.748889,
        "mrr_at_3": 0.796111,
        "mrr_at_5": 0.801278,
        "mrr_at_10": 0.806351,
        "mrr_at_20": 0.808405,
        "mrr_at_100": 0.809484,
        "mrr_at_1000": 0.809551,
        "nauc_ndcg_at_1_max": 0.769724,
        "nauc_ndcg_at_1_std": 0.120395,
        "nauc_ndcg_at_1_diff1": 0.898705,
        "nauc_ndcg_at_3_max": 0.788708,
        "nauc_ndcg_at_3_std": 0.173462,
        "nauc_ndcg_at_3_diff1": 0.864355,
        "nauc_ndcg_at_5_max": 0.792058,
        "nauc_ndcg_at_5_std": 0.18926,
        "nauc_ndcg_at_5_diff1": 0.866466,
        "nauc_ndcg_at_10_max": 0.791064,
        "nauc_ndcg_at_10_std": 0.185523,
        "nauc_ndcg_at_10_diff1": 0.865107,
        "nauc_ndcg_at_20_max": 0.78994,
        "nauc_ndcg_at_20_std": 0.189515,
        "nauc_ndcg_at_20_diff1": 0.867515,
        "nauc_ndcg_at_100_max": 0.787533,
        "nauc_ndcg_at_100_std": 0.179749,
        "nauc_ndcg_at_100_diff1": 0.870617,
        "nauc_ndcg_at_1000_max": 0.787151,
        "nauc_ndcg_at_1000_std": 0.176232,
        "nauc_ndcg_at_1000_diff1": 0.871363,
        "nauc_map_at_1_max": 0.769724,
        "nauc_map_at_1_std": 0.120395,
        "nauc_map_at_1_diff1": 0.898705,
        "nauc_map_at_3_max": 0.784508,
        "nauc_map_at_3_std": 0.160618,
        "nauc_map_at_3_diff1": 0.873281,
        "nauc_map_at_5_max": 0.786257,
        "nauc_map_at_5_std": 0.168575,
        "nauc_map_at_5_diff1": 0.874679,
        "nauc_map_at_10_max": 0.785695,
        "nauc_map_at_10_std": 0.166574,
        "nauc_map_at_10_diff1": 0.874255,
        "nauc_map_at_20_max": 0.785379,
        "nauc_map_at_20_std": 0.16746,
        "nauc_map_at_20_diff1": 0.874883,
        "nauc_map_at_100_max": 0.785015,
        "nauc_map_at_100_std": 0.166381,
        "nauc_map_at_100_diff1": 0.87522,
        "nauc_map_at_1000_max": 0.785005,
        "nauc_map_at_1000_std": 0.16628,
        "nauc_map_at_1000_diff1": 0.875238,
        "nauc_recall_at_1_max": 0.769724,
        "nauc_recall_at_1_std": 0.120395,
        "nauc_recall_at_1_diff1": 0.898705,
        "nauc_recall_at_3_max": 0.803981,
        "nauc_recall_at_3_std": 0.220949,
        "nauc_recall_at_3_diff1": 0.830952,
        "nauc_recall_at_5_max": 0.816782,
        "nauc_recall_at_5_std": 0.280101,
        "nauc_recall_at_5_diff1": 0.83176,
        "nauc_recall_at_10_max": 0.82174,
        "nauc_recall_at_10_std": 0.296841,
        "nauc_recall_at_10_diff1": 0.811972,
        "nauc_recall_at_20_max": 0.826184,
        "nauc_recall_at_20_std": 0.392843,
        "nauc_recall_at_20_diff1": 0.809551,
        "nauc_recall_at_100_max": 0.822383,
        "nauc_recall_at_100_std": 0.493379,
        "nauc_recall_at_100_diff1": 0.800738,
        "nauc_recall_at_1000_max": NaN,
        "nauc_recall_at_1000_std": NaN,
        "nauc_recall_at_1000_diff1": NaN,
        "nauc_precision_at_1_max": 0.769724,
        "nauc_precision_at_1_std": 0.120395,
        "nauc_precision_at_1_diff1": 0.898705,
        "nauc_precision_at_3_max": 0.803981,
        "nauc_precision_at_3_std": 0.220949,
        "nauc_precision_at_3_diff1": 0.830952,
        "nauc_precision_at_5_max": 0.816782,
        "nauc_precision_at_5_std": 0.280101,
        "nauc_precision_at_5_diff1": 0.83176,
        "nauc_precision_at_10_max": 0.82174,
        "nauc_precision_at_10_std": 0.296841,
        "nauc_precision_at_10_diff1": 0.811972,
        "nauc_precision_at_20_max": 0.826184,
        "nauc_precision_at_20_std": 0.392843,
        "nauc_precision_at_20_diff1": 0.809551,
        "nauc_precision_at_100_max": 0.822383,
        "nauc_precision_at_100_std": 0.493379,
        "nauc_precision_at_100_diff1": 0.800738,
        "nauc_precision_at_1000_max": NaN,
        "nauc_precision_at_1000_std": NaN,
        "nauc_precision_at_1000_diff1": NaN,
        "nauc_mrr_at_1_max": 0.769724,
        "nauc_mrr_at_1_std": 0.120395,
        "nauc_mrr_at_1_diff1": 0.898705,
        "nauc_mrr_at_3_max": 0.784508,
        "nauc_mrr_at_3_std": 0.160618,
        "nauc_mrr_at_3_diff1": 0.873281,
        "nauc_mrr_at_5_max": 0.786257,
        "nauc_mrr_at_5_std": 0.168575,
        "nauc_mrr_at_5_diff1": 0.874679,
        "nauc_mrr_at_10_max": 0.785695,
        "nauc_mrr_at_10_std": 0.166574,
        "nauc_mrr_at_10_diff1": 0.874255,
        "nauc_mrr_at_20_max": 0.785379,
        "nauc_mrr_at_20_std": 0.16746,
        "nauc_mrr_at_20_diff1": 0.874883,
        "nauc_mrr_at_100_max": 0.785015,
        "nauc_mrr_at_100_std": 0.166381,
        "nauc_mrr_at_100_diff1": 0.87522,
        "nauc_mrr_at_1000_max": 0.785005,
        "nauc_mrr_at_1000_std": 0.16628,
        "nauc_mrr_at_1000_diff1": 0.875238,
        "main_score": 0.83231,
        "hf_subset": "kor_Hang-kor_Hang",
        "languages": [
          "kor-Hang",
          "kor-Hang"
        ]
      },
      {
        "ndcg_at_1": 0.69889,
        "ndcg_at_3": 0.7762,
        "ndcg_at_5": 0.79657,
        "ndcg_at_10": 0.81364,
        "ndcg_at_20": 0.81932,
        "ndcg_at_100": 0.82716,
        "ndcg_at_1000": 0.82761,
        "map_at_1": 0.69889,
        "map_at_3": 0.75722,
        "map_at_5": 0.76839,
        "map_at_10": 0.77555,
        "map_at_20": 0.77714,
        "map_at_100": 0.77831,
        "map_at_1000": 0.77833,
        "recall_at_1": 0.69889,
        "recall_at_3": 0.83111,
        "recall_at_5": 0.88111,
        "recall_at_10": 0.93333,
        "recall_at_20": 0.95556,
        "recall_at_100": 0.99667,
        "recall_at_1000": 1.0,
        "precision_at_1": 0.69889,
        "precision_at_3": 0.27704,
        "precision_at_5": 0.17622,
        "precision_at_10": 0.09333,
        "precision_at_20": 0.04778,
        "precision_at_100": 0.00997,
        "precision_at_1000": 0.001,
        "mrr_at_1": 0.698889,
        "mrr_at_3": 0.757222,
        "mrr_at_5": 0.768389,
        "mrr_at_10": 0.775545,
        "mrr_at_20": 0.77714,
        "mrr_at_100": 0.778306,
        "mrr_at_1000": 0.778327,
        "nauc_ndcg_at_1_max": 0.617093,
        "nauc_ndcg_at_1_std": -0.083946,
        "nauc_ndcg_at_1_diff1": 0.784802,
        "nauc_ndcg_at_3_max": 0.65275,
        "nauc_ndcg_at_3_std": -0.035357,
        "nauc_ndcg_at_3_diff1": 0.748091,
        "nauc_ndcg_at_5_max": 0.652046,
        "nauc_ndcg_at_5_std": -0.029312,
        "nauc_ndcg_at_5_diff1": 0.746632,
        "nauc_ndcg_at_10_max": 0.646709,
        "nauc_ndcg_at_10_std": -0.03339,
        "nauc_ndcg_at_10_diff1": 0.750229,
        "nauc_ndcg_at_20_max": 0.64565,
        "nauc_ndcg_at_20_std": -0.037481,
        "nauc_ndcg_at_20_diff1": 0.753617,
        "nauc_ndcg_at_100_max": 0.645811,
        "nauc_ndcg_at_100_std": -0.039705,
        "nauc_ndcg_at_100_diff1": 0.758577,
        "nauc_ndcg_at_1000_max": 0.64503,
        "nauc_ndcg_at_1000_std": -0.041658,
        "nauc_ndcg_at_1000_diff1": 0.758461,
        "nauc_map_at_1_max": 0.617093,
        "nauc_map_at_1_std": -0.083946,