{
  "dataset_revision": "d67138e705d963e346253a80e59676ddb418810a",
  "task_name": "MultiLongDocRetrieval",
  "mteb_version": "1.31.1",
  "scores": {
    "dev": [
      {
        "ndcg_at_1": 0.145,
        "ndcg_at_3": 0.18274,
        "ndcg_at_5": 0.19307,
        "ndcg_at_10": 0.20781,
        "ndcg_at_20": 0.21909,
        "ndcg_at_100": 0.24581,
        "ndcg_at_1000": 0.28322,
        "map_at_1": 0.145,
        "map_at_3": 0.17333,
        "map_at_5": 0.17908,
        "map_at_10": 0.18529,
        "map_at_20": 0.18832,
        "map_at_100": 0.19198,
        "map_at_1000": 0.19321,
        "recall_at_1": 0.145,
        "recall_at_3": 0.21,
        "recall_at_5": 0.235,
        "recall_at_10": 0.28,
        "recall_at_20": 0.325,
        "recall_at_100": 0.47,
        "recall_at_1000": 0.775,
        "precision_at_1": 0.145,
        "precision_at_3": 0.07,
        "precision_at_5": 0.047,
        "precision_at_10": 0.028,
        "precision_at_20": 0.01625,
        "precision_at_100": 0.0047,
        "precision_at_1000": 0.00078,
        "mrr_at_1": 0.145,
        "mrr_at_3": 0.173333,
        "mrr_at_5": 0.179083,
        "mrr_at_10": 0.185292,
        "mrr_at_20": 0.188325,
        "mrr_at_100": 0.191984,
        "mrr_at_1000": 0.193215,
        "nauc_ndcg_at_1_max": 0.442678,
        "nauc_ndcg_at_1_std": 0.086011,
        "nauc_ndcg_at_1_diff1": 0.521443,
        "nauc_ndcg_at_3_max": 0.442342,
        "nauc_ndcg_at_3_std": 0.113165,
        "nauc_ndcg_at_3_diff1": 0.434207,
        "nauc_ndcg_at_5_max": 0.430153,
        "nauc_ndcg_at_5_std": 0.112049,
        "nauc_ndcg_at_5_diff1": 0.432436,
        "nauc_ndcg_at_10_max": 0.408205,
        "nauc_ndcg_at_10_std": 0.126291,
        "nauc_ndcg_at_10_diff1": 0.423489,
        "nauc_ndcg_at_20_max": 0.396219,
        "nauc_ndcg_at_20_std": 0.143599,
        "nauc_ndcg_at_20_diff1": 0.422478,
        "nauc_ndcg_at_100_max": 0.418984,
        "nauc_ndcg_at_100_std": 0.152346,
        "nauc_ndcg_at_100_diff1": 0.43794,
        "nauc_ndcg_at_1000_max": 0.413747,
        "nauc_ndcg_at_1000_std": 0.161646,
        "nauc_ndcg_at_1000_diff1": 0.445068,
        "nauc_map_at_1_max": 0.442678,
        "nauc_map_at_1_std": 0.086011,
        "nauc_map_at_1_diff1": 0.521443,
        "nauc_map_at_3_max": 0.44241,
        "nauc_map_at_3_std": 0.105673,
        "nauc_map_at_3_diff1": 0.452885,
        "nauc_map_at_5_max": 0.435022,
        "nauc_map_at_5_std": 0.105409,
        "nauc_map_at_5_diff1": 0.451783,
        "nauc_map_at_10_max": 0.425469,
        "nauc_map_at_10_std": 0.11214,
        "nauc_map_at_10_diff1": 0.446939,
        "nauc_map_at_20_max": 0.421669,
        "nauc_map_at_20_std": 0.116848,
        "nauc_map_at_20_diff1": 0.446442,
        "nauc_map_at_100_max": 0.426545,
        "nauc_map_at_100_std": 0.118682,
        "nauc_map_at_100_diff1": 0.450402,
        "nauc_map_at_1000_max": 0.426166,
        "nauc_map_at_1000_std": 0.119325,
        "nauc_map_at_1000_diff1": 0.450626,
        "nauc_recall_at_1_max": 0.442678,
        "nauc_recall_at_1_std": 0.086011,
        "nauc_recall_at_1_diff1": 0.521443,
        "nauc_recall_at_3_max": 0.442175,
        "nauc_recall_at_3_std": 0.132595,
        "nauc_recall_at_3_diff1": 0.387255,
        "nauc_recall_at_5_max": 0.41715,
        "nauc_recall_at_5_std": 0.128309,
        "nauc_recall_at_5_diff1": 0.385048,
        "nauc_recall_at_10_max": 0.360383,
        "nauc_recall_at_10_std": 0.1623,
        "nauc_recall_at_10_diff1": 0.367961,
        "nauc_recall_at_20_max": 0.325068,
        "nauc_recall_at_20_std": 0.218845,
        "nauc_recall_at_20_diff1": 0.367755,
        "nauc_recall_at_100_max": 0.408523,
        "nauc_recall_at_100_std": 0.250142,
        "nauc_recall_at_100_diff1": 0.419243,
        "nauc_recall_at_1000_max": 0.360963,
        "nauc_recall_at_1000_std": 0.392086,
        "nauc_recall_at_1000_diff1": 0.475306,
        "nauc_precision_at_1_max": 0.442678,
        "nauc_precision_at_1_std": 0.086011,
        "nauc_precision_at_1_diff1": 0.521443,
        "nauc_precision_at_3_max": 0.442175,
        "nauc_precision_at_3_std": 0.132595,
        "nauc_precision_at_3_diff1": 0.387255,
        "nauc_precision_at_5_max": 0.41715,
        "nauc_precision_at_5_std": 0.128309,
        "nauc_precision_at_5_diff1": 0.385048,
        "nauc_precision_at_10_max": 0.360383,
        "nauc_precision_at_10_std": 0.1623,
        "nauc_precision_at_10_diff1": 0.367961,
        "nauc_precision_at_20_max": 0.325068,
        "nauc_precision_at_20_std": 0.218845,
        "nauc_precision_at_20_diff1": 0.367755,
        "nauc_precision_at_100_max": 0.408523,
        "nauc_precision_at_100_std": 0.250142,
        "nauc_precision_at_100_diff1": 0.419243,
        "nauc_precision_at_1000_max": 0.360963,
        "nauc_precision_at_1000_std": 0.392086,
        "nauc_precision_at_1000_diff1": 0.475306,
        "nauc_mrr_at_1_max": 0.442678,
        "nauc_mrr_at_1_std": 0.086011,
        "nauc_mrr_at_1_diff1": 0.521443,
        "nauc_mrr_at_3_max": 0.44241,
        "nauc_mrr_at_3_std": 0.105673,
        "nauc_mrr_at_3_diff1": 0.452885,
        "nauc_mrr_at_5_max": 0.435022,
        "nauc_mrr_at_5_std": 0.105409,
        "nauc_mrr_at_5_diff1": 0.451783,
        "nauc_mrr_at_10_max": 0.425469,
        "nauc_mrr_at_10_std": 0.11214,
        "nauc_mrr_at_10_diff1": 0.446939,
        "nauc_mrr_at_20_max": 0.421669,
        "nauc_mrr_at_20_std": 0.116848,
        "nauc_mrr_at_20_diff1": 0.446442,
        "nauc_mrr_at_100_max": 0.426545,
        "nauc_mrr_at_100_std": 0.118682,
        "nauc_mrr_at_100_diff1": 0.450402,
        "nauc_mrr_at_1000_max": 0.426166,
        "nauc_mrr_at_1000_std": 0.119325,
        "nauc_mrr_at_1000_diff1": 0.450626,
        "main_score": 0.20781,
        "hf_subset": "ko",
        "languages": [
          "kor-Hang"
        ]
      }
    ],
    "test": [
      {
        "ndcg_at_1": 0.165,
        "ndcg_at_3": 0.20143,
        "ndcg_at_5": 0.20938,
        "ndcg_at_10": 0.21894,
        "ndcg_at_20": 0.23422,
        "ndcg_at_100": 0.25465,
        "ndcg_at_1000": 0.29282,
        "map_at_1": 0.165,
        "map_at_3": 0.19167,
        "map_at_5": 0.19592,
        "map_at_10": 0.19977,
        "map_at_20": 0.20402,
        "map_at_100": 0.20649,
        "map_at_1000": 0.20752,
        "recall_at_1": 0.165,
        "recall_at_3": 0.23,
        "recall_at_5": 0.25,
        "recall_at_10": 0.28,
        "recall_at_20": 0.34,
        "recall_at_100": 0.455,
        "recall_at_1000": 0.78,
        "precision_at_1": 0.165,
        "precision_at_3": 0.07667,
        "precision_at_5": 0.05,
        "precision_at_10": 0.028,
        "precision_at_20": 0.017,
        "precision_at_100": 0.00455,
        "precision_at_1000": 0.00078,
        "mrr_at_1": 0.165,
        "mrr_at_3": 0.191667,
        "mrr_at_5": 0.195917,
        "mrr_at_10": 0.199774,
        "mrr_at_20": 0.204017,
        "mrr_at_100": 0.206491,
        "mrr_at_1000": 0.207521,
        "nauc_ndcg_at_1_max": 0.523454,
        "nauc_ndcg_at_1_std": -0.050764,
        "nauc_ndcg_at_1_diff1": 0.620105,
        "nauc_ndcg_at_3_max": 0.473902,
        "nauc_ndcg_at_3_std": -0.03285,
        "nauc_ndcg_at_3_diff1": 0.558686,
        "nauc_ndcg_at_5_max": 0.458874,
        "nauc_ndcg_at_5_std": -0.016024,
        "nauc_ndcg_at_5_diff1": 0.546682,
        "nauc_ndcg_at_10_max": 0.46571,
        "nauc_ndcg_at_10_std": 0.001059,
        "nauc_ndcg_at_10_diff1": 0.535807,
        "nauc_ndcg_at_20_max": 0.45955,
        "nauc_ndcg_at_20_std": 0.033626,
        "nauc_ndcg_at_20_diff1": 0.523648,
        "nauc_ndcg_at_100_max": 0.451157,
        "nauc_ndcg_at_100_std": 0.055427,
        "nauc_ndcg_at_100_diff1": 0.516253,
        "nauc_ndcg_at_1000_max": 0.450362,
        "nauc_ndcg_at_1000_std": 0.059154,
        "nauc_ndcg_at_1000_diff1": 0.519986,
        "nauc_map_at_1_max": 0.523454,
        "nauc_map_at_1_std": -0.050764,
        "nauc_map_at_1_diff1": 0.620105,