{
  "dataset_revision": "main",
  "task_name": "PublicHealthQA",
  "mteb_version": "1.31.1",
  "scores": {
    "test": [
      {
        "ndcg_at_1": 0.63636,
        "ndcg_at_3": 0.74258,
        "ndcg_at_5": 0.76381,
        "ndcg_at_10": 0.77668,
        "ndcg_at_20": 0.79046,
        "ndcg_at_100": 0.79808,
        "ndcg_at_1000": 0.79808,
        "map_at_1": 0.63636,
        "map_at_3": 0.71645,
        "map_at_5": 0.72814,
        "map_at_10": 0.7336,
        "map_at_20": 0.73772,
        "map_at_100": 0.73893,
        "map_at_1000": 0.73893,
        "recall_at_1": 0.63636,
        "recall_at_3": 0.81818,
        "recall_at_5": 0.87013,
        "recall_at_10": 0.90909,
        "recall_at_20": 0.96104,
        "recall_at_100": 1.0,
        "recall_at_1000": 1.0,
        "precision_at_1": 0.63636,
        "precision_at_3": 0.27273,
        "precision_at_5": 0.17403,
        "precision_at_10": 0.09091,
        "precision_at_20": 0.04805,
        "precision_at_100": 0.01,
        "precision_at_1000": 0.001,
        "mrr_at_1": 0.636364,
        "mrr_at_3": 0.71645,
        "mrr_at_5": 0.728139,
        "mrr_at_10": 0.733601,
        "mrr_at_20": 0.737719,
        "mrr_at_100": 0.738926,
        "mrr_at_1000": 0.738926,
        "nauc_ndcg_at_1_max": 0.338011,
        "nauc_ndcg_at_1_std": 0.1433,
        "nauc_ndcg_at_1_diff1": 0.459378,
        "nauc_ndcg_at_3_max": 0.282223,
        "nauc_ndcg_at_3_std": 0.191853,
        "nauc_ndcg_at_3_diff1": 0.381788,
        "nauc_ndcg_at_5_max": 0.293442,
        "nauc_ndcg_at_5_std": 0.211487,
        "nauc_ndcg_at_5_diff1": 0.411804,
        "nauc_ndcg_at_10_max": 0.288774,
        "nauc_ndcg_at_10_std": 0.178297,
        "nauc_ndcg_at_10_diff1": 0.446744,
        "nauc_ndcg_at_20_max": 0.25737,
        "nauc_ndcg_at_20_std": 0.173873,
        "nauc_ndcg_at_20_diff1": 0.427334,
        "nauc_ndcg_at_100_max": 0.290182,
        "nauc_ndcg_at_100_std": 0.174736,
        "nauc_ndcg_at_100_diff1": 0.427666,
        "nauc_ndcg_at_1000_max": 0.290182,
        "nauc_ndcg_at_1000_std": 0.174736,
        "nauc_ndcg_at_1000_diff1": 0.427666,
        "nauc_map_at_1_max": 0.338011,
        "nauc_map_at_1_std": 0.1433,
        "nauc_map_at_1_diff1": 0.459378,
        "nauc_map_at_3_max": 0.29465,
        "nauc_map_at_3_std": 0.17477,
        "nauc_map_at_3_diff1": 0.405931,
        "nauc_map_at_5_max": 0.300016,
        "nauc_map_at_5_std": 0.181827,
        "nauc_map_at_5_diff1": 0.421305,
        "nauc_map_at_10_max": 0.298959,
        "nauc_map_at_10_std": 0.169535,
        "nauc_map_at_10_diff1": 0.432395,
        "nauc_map_at_20_max": 0.291496,
        "nauc_map_at_20_std": 0.169318,
        "nauc_map_at_20_diff1": 0.427622,
        "nauc_map_at_100_max": 0.296559,
        "nauc_map_at_100_std": 0.169654,
        "nauc_map_at_100_diff1": 0.428209,
        "nauc_map_at_1000_max": 0.296559,
        "nauc_map_at_1000_std": 0.169654,
        "nauc_map_at_1000_diff1": 0.428209,
        "nauc_recall_at_1_max": 0.338011,
        "nauc_recall_at_1_std": 0.1433,
        "nauc_recall_at_1_diff1": 0.459378,
        "nauc_recall_at_3_max": 0.234186,
        "nauc_recall_at_3_std": 0.262693,
        "nauc_recall_at_3_diff1": 0.283204,
        "nauc_recall_at_5_max": 0.26645,
        "nauc_recall_at_5_std": 0.379159,
        "nauc_recall_at_5_diff1": 0.369488,
        "nauc_recall_at_10_max": 0.219212,
        "nauc_recall_at_10_std": 0.226048,
        "nauc_recall_at_10_diff1": 0.600887,
        "nauc_recall_at_20_max": -0.415663,
        "nauc_recall_at_20_std": 0.173358,
        "nauc_recall_at_20_diff1": 0.462755,
        "nauc_recall_at_100_max": NaN,
        "nauc_recall_at_100_std": NaN,
        "nauc_recall_at_100_diff1": NaN,
        "nauc_recall_at_1000_max": NaN,
        "nauc_recall_at_1000_std": NaN,
        "nauc_recall_at_1000_diff1": NaN,
        "nauc_precision_at_1_max": 0.338011,
        "nauc_precision_at_1_std": 0.1433,
        "nauc_precision_at_1_diff1": 0.459378,
        "nauc_precision_at_3_max": 0.234186,
        "nauc_precision_at_3_std": 0.262693,
        "nauc_precision_at_3_diff1": 0.283204,
        "nauc_precision_at_5_max": 0.26645,
        "nauc_precision_at_5_std": 0.379159,
        "nauc_precision_at_5_diff1": 0.369488,
        "nauc_precision_at_10_max": 0.219212,
        "nauc_precision_at_10_std": 0.226048,
        "nauc_precision_at_10_diff1": 0.600887,
        "nauc_precision_at_20_max": -0.415663,
        "nauc_precision_at_20_std": 0.173358,
        "nauc_precision_at_20_diff1": 0.462755,
        "nauc_precision_at_100_max": 1.0,
        "nauc_precision_at_100_std": 1.0,
        "nauc_precision_at_100_diff1": 1.0,
        "nauc_precision_at_1000_max": NaN,
        "nauc_precision_at_1000_std": NaN,
        "nauc_precision_at_1000_diff1": NaN,
        "nauc_mrr_at_1_max": 0.338011,
        "nauc_mrr_at_1_std": 0.1433,
        "nauc_mrr_at_1_diff1": 0.459378,
        "nauc_mrr_at_3_max": 0.29465,
        "nauc_mrr_at_3_std": 0.17477,
        "nauc_mrr_at_3_diff1": 0.405931,
        "nauc_mrr_at_5_max": 0.300016,
        "nauc_mrr_at_5_std": 0.181827,
        "nauc_mrr_at_5_diff1": 0.421305,
        "nauc_mrr_at_10_max": 0.298959,
        "nauc_mrr_at_10_std": 0.169535,
        "nauc_mrr_at_10_diff1": 0.432395,
        "nauc_mrr_at_20_max": 0.291496,
        "nauc_mrr_at_20_std": 0.169318,
        "nauc_mrr_at_20_diff1": 0.427622,
        "nauc_mrr_at_100_max": 0.296559,
        "nauc_mrr_at_100_std": 0.169654,
        "nauc_mrr_at_100_diff1": 0.428209,
        "nauc_mrr_at_1000_max": 0.296559,
        "nauc_mrr_at_1000_std": 0.169654,
        "nauc_mrr_at_1000_diff1": 0.428209,
        "main_score": 0.77668,
        "hf_subset": "korean",
        "languages": [
          "kor-Hang"
        ]
      }
    ]
  },
  "evaluation_time": 0.7561402320861816,
  "kg_co2_emissions": null
}