{
  "dataset_revision": "c99d599f0a6ab9b85b065da6f9d94f9cf731679f",
  "task_name": "XPQARetrieval",
  "mteb_version": "1.31.1",
  "scores": {
    "test": [
      {
        "ndcg_at_1": 0.18654,
        "ndcg_at_3": 0.19216,
        "ndcg_at_5": 0.20659,
        "ndcg_at_10": 0.22975,
        "ndcg_at_20": 0.25191,
        "ndcg_at_100": 0.30138,
        "ndcg_at_1000": 0.3536,
        "map_at_1": 0.13048,
        "map_at_3": 0.16994,
        "map_at_5": 0.18096,
        "map_at_10": 0.19223,
        "map_at_20": 0.19862,
        "map_at_100": 0.20572,
        "map_at_1000": 0.20795,
        "recall_at_1": 0.13048,
        "recall_at_3": 0.20181,
        "recall_at_5": 0.23739,
        "recall_at_10": 0.30076,
        "recall_at_20": 0.37984,
        "recall_at_100": 0.62747,
        "recall_at_1000": 1.0,
        "precision_at_1": 0.18654,
        "precision_at_3": 0.10398,
        "precision_at_5": 0.07431,
        "precision_at_10": 0.04755,
        "precision_at_20": 0.02982,
        "precision_at_100": 0.00965,
        "precision_at_1000": 0.00156,
        "mrr_at_1": 0.189602,
        "mrr_at_3": 0.220693,
        "mrr_at_5": 0.228262,
        "mrr_at_10": 0.236223,
        "mrr_at_20": 0.242649,
        "mrr_at_100": 0.248506,
        "mrr_at_1000": 0.249883,
        "nauc_ndcg_at_1_max": 0.136579,
        "nauc_ndcg_at_1_std": -0.268741,
        "nauc_ndcg_at_1_diff1": 0.542453,
        "nauc_ndcg_at_3_max": 0.109332,
        "nauc_ndcg_at_3_std": -0.225428,
        "nauc_ndcg_at_3_diff1": 0.440006,
        "nauc_ndcg_at_5_max": 0.108077,
        "nauc_ndcg_at_5_std": -0.209709,
        "nauc_ndcg_at_5_diff1": 0.41239,
        "nauc_ndcg_at_10_max": 0.122009,
        "nauc_ndcg_at_10_std": -0.219396,
        "nauc_ndcg_at_10_diff1": 0.388837,
        "nauc_ndcg_at_20_max": 0.133394,
        "nauc_ndcg_at_20_std": -0.200006,
        "nauc_ndcg_at_20_diff1": 0.384459,
        "nauc_ndcg_at_100_max": 0.153189,
        "nauc_ndcg_at_100_std": -0.172948,
        "nauc_ndcg_at_100_diff1": 0.372479,
        "nauc_ndcg_at_1000_max": 0.137977,
        "nauc_ndcg_at_1000_std": -0.196782,
        "nauc_ndcg_at_1000_diff1": 0.399316,
        "nauc_map_at_1_max": 0.121315,
        "nauc_map_at_1_std": -0.21653,
        "nauc_map_at_1_diff1": 0.520418,
        "nauc_map_at_3_max": 0.114833,
        "nauc_map_at_3_std": -0.215256,
        "nauc_map_at_3_diff1": 0.444047,
        "nauc_map_at_5_max": 0.11257,
        "nauc_map_at_5_std": -0.210877,
        "nauc_map_at_5_diff1": 0.427604,
        "nauc_map_at_10_max": 0.119193,
        "nauc_map_at_10_std": -0.21716,
        "nauc_map_at_10_diff1": 0.415885,
        "nauc_map_at_20_max": 0.122488,
        "nauc_map_at_20_std": -0.212029,
        "nauc_map_at_20_diff1": 0.414246,
        "nauc_map_at_100_max": 0.125191,
        "nauc_map_at_100_std": -0.208282,
        "nauc_map_at_100_diff1": 0.41292,
        "nauc_map_at_1000_max": 0.124999,
        "nauc_map_at_1000_std": -0.208899,
        "nauc_map_at_1000_diff1": 0.41398,
        "nauc_recall_at_1_max": 0.121315,
        "nauc_recall_at_1_std": -0.21653,
        "nauc_recall_at_1_diff1": 0.520418,
        "nauc_recall_at_3_max": 0.099196,
        "nauc_recall_at_3_std": -0.198577,
        "nauc_recall_at_3_diff1": 0.379941,
        "nauc_recall_at_5_max": 0.092241,
        "nauc_recall_at_5_std": -0.167365,
        "nauc_recall_at_5_diff1": 0.323011,
        "nauc_recall_at_10_max": 0.128872,
        "nauc_recall_at_10_std": -0.187287,
        "nauc_recall_at_10_diff1": 0.268956,
        "nauc_recall_at_20_max": 0.160086,
        "nauc_recall_at_20_std": -0.127216,
        "nauc_recall_at_20_diff1": 0.251041,
        "nauc_recall_at_100_max": 0.243431,
        "nauc_recall_at_100_std": 0.006096,
        "nauc_recall_at_100_diff1": 0.153246,
        "nauc_recall_at_1000_max": NaN,
        "nauc_recall_at_1000_std": NaN,
        "nauc_recall_at_1000_diff1": NaN,
        "nauc_precision_at_1_max": 0.136579,
        "nauc_precision_at_1_std": -0.268741,
        "nauc_precision_at_1_diff1": 0.542453,
        "nauc_precision_at_3_max": 0.102667,
        "nauc_precision_at_3_std": -0.250595,
        "nauc_precision_at_3_diff1": 0.38076,
        "nauc_precision_at_5_max": 0.092191,
        "nauc_precision_at_5_std": -0.223957,
        "nauc_precision_at_5_diff1": 0.322667,
        "nauc_precision_at_10_max": 0.095482,
        "nauc_precision_at_10_std": -0.245866,
        "nauc_precision_at_10_diff1": 0.256983,
        "nauc_precision_at_20_max": 0.118468,
        "nauc_precision_at_20_std": -0.192848,
        "nauc_precision_at_20_diff1": 0.246525,
        "nauc_precision_at_100_max": 0.182377,
        "nauc_precision_at_100_std": -0.038833,
        "nauc_precision_at_100_diff1": 0.155813,
        "nauc_precision_at_1000_max": 0.041188,
        "nauc_precision_at_1000_std": -0.036551,
        "nauc_precision_at_1000_diff1": 0.064841,
        "nauc_mrr_at_1_max": 0.138136,
        "nauc_mrr_at_1_std": -0.258768,
        "nauc_mrr_at_1_diff1": 0.524522,
        "nauc_mrr_at_3_max": 0.118786,
        "nauc_mrr_at_3_std": -0.244898,
        "nauc_mrr_at_3_diff1": 0.478762,
        "nauc_mrr_at_5_max": 0.1167,
        "nauc_mrr_at_5_std": -0.237772,
        "nauc_mrr_at_5_diff1": 0.464495,
        "nauc_mrr_at_10_max": 0.122212,
        "nauc_mrr_at_10_std": -0.238508,
        "nauc_mrr_at_10_diff1": 0.45497,
        "nauc_mrr_at_20_max": 0.126464,
        "nauc_mrr_at_20_std": -0.230651,
        "nauc_mrr_at_20_diff1": 0.453746,
        "nauc_mrr_at_100_max": 0.127749,
        "nauc_mrr_at_100_std": -0.228681,
        "nauc_mrr_at_100_diff1": 0.452484,
        "nauc_mrr_at_1000_max": 0.127456,
        "nauc_mrr_at_1000_std": -0.229511,
        "nauc_mrr_at_1000_diff1": 0.453313,
        "main_score": 0.22975,
        "hf_subset": "kor-kor",
        "languages": [
          "kor-Hang",
          "kor-Hang"
        ]
      },
      {
        "ndcg_at_1": 0.20489,
        "ndcg_at_3": 0.20453,
        "ndcg_at_5": 0.21908,
        "ndcg_at_10": 0.25314,
        "ndcg_at_20": 0.27683,
        "ndcg_at_100": 0.32972,
        "ndcg_at_1000": 0.37745,
        "map_at_1": 0.10907,
        "map_at_3": 0.16592,
        "map_at_5": 0.18355,
        "map_at_10": 0.20008,
        "map_at_20": 0.20803,
        "map_at_100": 0.21654,
        "map_at_1000": 0.21892,
        "recall_at_1": 0.10907,
        "recall_at_3": 0.20176,
        "recall_at_5": 0.25127,
        "recall_at_10": 0.34044,
        "recall_at_20": 0.41636,
        "recall_at_100": 0.66529,
        "recall_at_1000": 0.98825,
        "precision_at_1": 0.20489,
        "precision_at_3": 0.13558,
        "precision_at_5": 0.10214,
        "precision_at_10": 0.06896,
        "precision_at_20": 0.04274,
        "precision_at_100": 0.0132,
        "precision_at_1000": 0.00193,
        "mrr_at_1": 0.204893,
        "mrr_at_3": 0.244139,
        "mrr_at_5": 0.255301,
        "mrr_at_10": 0.26837,
        "mrr_at_20": 0.274138,
        "mrr_at_100": 0.279839,
        "mrr_at_1000": 0.280948,
        "nauc_ndcg_at_1_max": 0.182222,
        "nauc_ndcg_at_1_std": -0.194269,
        "nauc_ndcg_at_1_diff1": 0.436095,
        "nauc_ndcg_at_3_max": 0.180981,
        "nauc_ndcg_at_3_std": -0.181929,
        "nauc_ndcg_at_3_diff1": 0.400145,
        "nauc_ndcg_at_5_max": 0.184478,
        "nauc_ndcg_at_5_std": -0.167528,
        "nauc_ndcg_at_5_diff1": 0.405059,
        "nauc_ndcg_at_10_max": 0.179027,
        "nauc_ndcg_at_10_std": -0.157878,
        "nauc_ndcg_at_10_diff1": 0.370393,
        "nauc_ndcg_at_20_max": 0.182586,
        "nauc_ndcg_at_20_std": -0.149155,
        "nauc_ndcg_at_20_diff1": 0.366233,
        "nauc_ndcg_at_100_max": 0.212482,
        "nauc_ndcg_at_100_std": -0.103469,
        "nauc_ndcg_at_100_diff1": 0.360876,
        "nauc_ndcg_at_1000_max": 0.199006,
        "nauc_ndcg_at_1000_std": -0.13139,
        "nauc_ndcg_at_1000_diff1": 0.369587,
        "nauc_map_at_1_max": 0.168051,