{
  "dataset_revision": "fd7df84ac089bbec763b1c6bb1b56e985df5cc5c",
  "task_name": "AutoRAGRetrieval",
  "mteb_version": "1.31.1",
  "scores": {
    "test": [
      {
        "ndcg_at_1": 0.7193,
        "ndcg_at_3": 0.81986,
        "ndcg_at_5": 0.83798,
        "ndcg_at_10": 0.84339,
        "ndcg_at_20": 0.84758,
        "ndcg_at_100": 0.85391,
        "ndcg_at_1000": 0.85391,
        "map_at_1": 0.7193,
        "map_at_3": 0.79678,
        "map_at_5": 0.80687,
        "map_at_10": 0.80894,
        "map_at_20": 0.80997,
        "map_at_100": 0.81076,
        "map_at_1000": 0.81076,
        "recall_at_1": 0.7193,
        "recall_at_3": 0.88596,
        "recall_at_5": 0.92982,
        "recall_at_10": 0.94737,
        "recall_at_20": 0.96491,
        "recall_at_100": 1.0,
        "recall_at_1000": 1.0,
        "precision_at_1": 0.7193,
        "precision_at_3": 0.29532,
        "precision_at_5": 0.18596,
        "precision_at_10": 0.09474,
        "precision_at_20": 0.04825,
        "precision_at_100": 0.01,
        "precision_at_1000": 0.001,
        "mrr_at_1": 0.719298,
        "mrr_at_3": 0.796784,
        "mrr_at_5": 0.806871,
        "mrr_at_10": 0.808942,
        "mrr_at_20": 0.809966,
        "mrr_at_100": 0.810764,
        "mrr_at_1000": 0.810764,
        "nauc_ndcg_at_1_max": -0.125128,
        "nauc_ndcg_at_1_std": -0.648522,
        "nauc_ndcg_at_1_diff1": 0.667409,
        "nauc_ndcg_at_3_max": 0.020531,
        "nauc_ndcg_at_3_std": -0.663063,
        "nauc_ndcg_at_3_diff1": 0.591967,
        "nauc_ndcg_at_5_max": -0.04307,
        "nauc_ndcg_at_5_std": -0.712065,
        "nauc_ndcg_at_5_diff1": 0.632348,
        "nauc_ndcg_at_10_max": -0.022915,
        "nauc_ndcg_at_10_std": -0.731026,
        "nauc_ndcg_at_10_diff1": 0.643699,
        "nauc_ndcg_at_20_max": -0.024266,
        "nauc_ndcg_at_20_std": -0.699938,
        "nauc_ndcg_at_20_diff1": 0.639962,
        "nauc_ndcg_at_100_max": -0.044689,
        "nauc_ndcg_at_100_std": -0.695214,
        "nauc_ndcg_at_100_diff1": 0.63343,
        "nauc_ndcg_at_1000_max": -0.044689,
        "nauc_ndcg_at_1000_std": -0.695214,
        "nauc_ndcg_at_1000_diff1": 0.63343,
        "nauc_map_at_1_max": -0.125128,
        "nauc_map_at_1_std": -0.648522,
        "nauc_map_at_1_diff1": 0.667409,
        "nauc_map_at_3_max": -0.02805,
        "nauc_map_at_3_std": -0.662607,
        "nauc_map_at_3_diff1": 0.60969,
        "nauc_map_at_5_max": -0.059992,
        "nauc_map_at_5_std": -0.686015,
        "nauc_map_at_5_diff1": 0.629648,
        "nauc_map_at_10_max": -0.054295,
        "nauc_map_at_10_std": -0.691863,
        "nauc_map_at_10_diff1": 0.633309,
        "nauc_map_at_20_max": -0.055071,
        "nauc_map_at_20_std": -0.685487,
        "nauc_map_at_20_diff1": 0.632637,
        "nauc_map_at_100_max": -0.057019,
        "nauc_map_at_100_std": -0.685368,
        "nauc_map_at_100_diff1": 0.632094,
        "nauc_map_at_1000_max": -0.057019,
        "nauc_map_at_1000_std": -0.685368,
        "nauc_map_at_1000_diff1": 0.632094,
        "nauc_recall_at_1_max": -0.125128,
        "nauc_recall_at_1_std": -0.648522,
        "nauc_recall_at_1_diff1": 0.667409,
        "nauc_recall_at_3_max": 0.25187,
        "nauc_recall_at_3_std": -0.662353,
        "nauc_recall_at_3_diff1": 0.512442,
        "nauc_recall_at_5_max": 0.056474,
        "nauc_recall_at_5_std": -0.909141,
        "nauc_recall_at_5_diff1": 0.672338,
        "nauc_recall_at_10_max": 0.275595,
        "nauc_recall_at_10_std": -1.138595,
        "nauc_recall_at_10_diff1": 0.783619,
        "nauc_recall_at_20_max": 0.41565,
        "nauc_recall_at_20_std": -0.829624,
        "nauc_recall_at_20_diff1": 0.786739,
        "nauc_recall_at_100_max": NaN,
        "nauc_recall_at_100_std": NaN,
        "nauc_recall_at_100_diff1": NaN,
        "nauc_recall_at_1000_max": NaN,
        "nauc_recall_at_1000_std": NaN,
        "nauc_recall_at_1000_diff1": NaN,
        "nauc_precision_at_1_max": -0.125128,
        "nauc_precision_at_1_std": -0.648522,
        "nauc_precision_at_1_diff1": 0.667409,
        "nauc_precision_at_3_max": 0.25187,
        "nauc_precision_at_3_std": -0.662353,
        "nauc_precision_at_3_diff1": 0.512442,
        "nauc_precision_at_5_max": 0.056474,
        "nauc_precision_at_5_std": -0.909141,
        "nauc_precision_at_5_diff1": 0.672338,
        "nauc_precision_at_10_max": 0.275595,
        "nauc_precision_at_10_std": -1.138595,
        "nauc_precision_at_10_diff1": 0.783619,
        "nauc_precision_at_20_max": 0.41565,
        "nauc_precision_at_20_std": -0.829624,
        "nauc_precision_at_20_diff1": 0.786739,
        "nauc_precision_at_100_max": 1.0,
        "nauc_precision_at_100_std": 1.0,
        "nauc_precision_at_100_diff1": 1.0,
        "nauc_precision_at_1000_max": 1.0,
        "nauc_precision_at_1000_std": 1.0,
        "nauc_precision_at_1000_diff1": 1.0,
        "nauc_mrr_at_1_max": -0.125128,
        "nauc_mrr_at_1_std": -0.648522,
        "nauc_mrr_at_1_diff1": 0.667409,
        "nauc_mrr_at_3_max": -0.02805,
        "nauc_mrr_at_3_std": -0.662607,
        "nauc_mrr_at_3_diff1": 0.60969,
        "nauc_mrr_at_5_max": -0.059992,
        "nauc_mrr_at_5_std": -0.686015,
        "nauc_mrr_at_5_diff1": 0.629648,
        "nauc_mrr_at_10_max": -0.054295,
        "nauc_mrr_at_10_std": -0.691863,
        "nauc_mrr_at_10_diff1": 0.633309,
        "nauc_mrr_at_20_max": -0.055071,
        "nauc_mrr_at_20_std": -0.685487,
        "nauc_mrr_at_20_diff1": 0.632637,
        "nauc_mrr_at_100_max": -0.057019,
        "nauc_mrr_at_100_std": -0.685368,
        "nauc_mrr_at_100_diff1": 0.632094,
        "nauc_mrr_at_1000_max": -0.057019,
        "nauc_mrr_at_1000_std": -0.685368,
        "nauc_mrr_at_1000_diff1": 0.632094,
        "main_score": 0.84339,
        "hf_subset": "default",
        "languages": [
          "kor-Hang"
        ]
      }
    ]
  },
  "evaluation_time": 15.509918212890625,
  "kg_co2_emissions": null
}