{
  "dataset_revision": "75b399394a9803252cfec289d103de462763db7c",
  "task_name": "BelebeleRetrieval",
  "mteb_version": "1.31.1",
  "scores": {
    "test": [
      {
        "ndcg_at_1": 0.89333,
        "ndcg_at_3": 0.93324,
        "ndcg_at_5": 0.93998,
        "ndcg_at_10": 0.94251,
        "ndcg_at_20": 0.94393,
        "ndcg_at_100": 0.94507,
        "ndcg_at_1000": 0.94566,
        "map_at_1": 0.89333,
        "map_at_3": 0.92426,
        "map_at_5": 0.92793,
        "map_at_10": 0.92898,
        "map_at_20": 0.92937,
        "map_at_100": 0.9295,
        "map_at_1000": 0.92952,
        "recall_at_1": 0.89333,
        "recall_at_3": 0.95889,
        "recall_at_5": 0.97556,
        "recall_at_10": 0.98333,
        "recall_at_20": 0.98889,
        "recall_at_100": 0.99556,
        "recall_at_1000": 1.0,
        "precision_at_1": 0.89333,
        "precision_at_3": 0.31963,
        "precision_at_5": 0.19511,
        "precision_at_10": 0.09833,
        "precision_at_20": 0.04944,
        "precision_at_100": 0.00996,
        "precision_at_1000": 0.001,
        "mrr_at_1": 0.893333,
        "mrr_at_3": 0.924259,
        "mrr_at_5": 0.927926,
        "mrr_at_10": 0.928983,
        "mrr_at_20": 0.929373,
        "mrr_at_100": 0.929497,
        "mrr_at_1000": 0.929523,
        "nauc_ndcg_at_1_max": 0.779208,
        "nauc_ndcg_at_1_std": -0.152879,
        "nauc_ndcg_at_1_diff1": 0.921991,
        "nauc_ndcg_at_3_max": 0.833126,
        "nauc_ndcg_at_3_std": -0.062837,
        "nauc_ndcg_at_3_diff1": 0.925642,
        "nauc_ndcg_at_5_max": 0.822265,
        "nauc_ndcg_at_5_std": -0.081015,
        "nauc_ndcg_at_5_diff1": 0.925108,
        "nauc_ndcg_at_10_max": 0.818014,
        "nauc_ndcg_at_10_std": -0.090818,
        "nauc_ndcg_at_10_diff1": 0.922589,
        "nauc_ndcg_at_20_max": 0.816203,
        "nauc_ndcg_at_20_std": -0.088069,
        "nauc_ndcg_at_20_diff1": 0.922569,
        "nauc_ndcg_at_100_max": 0.815511,
        "nauc_ndcg_at_100_std": -0.083716,
        "nauc_ndcg_at_100_diff1": 0.923561,
        "nauc_ndcg_at_1000_max": 0.813477,
        "nauc_ndcg_at_1000_std": -0.095304,
        "nauc_ndcg_at_1000_diff1": 0.923432,
        "nauc_map_at_1_max": 0.779208,
        "nauc_map_at_1_std": -0.152879,
        "nauc_map_at_1_diff1": 0.921991,
        "nauc_map_at_3_max": 0.81691,
        "nauc_map_at_3_std": -0.09256,
        "nauc_map_at_3_diff1": 0.92451,
        "nauc_map_at_5_max": 0.811087,
        "nauc_map_at_5_std": -0.103054,
        "nauc_map_at_5_diff1": 0.924143,
        "nauc_map_at_10_max": 0.809588,
        "nauc_map_at_10_std": -0.105746,
        "nauc_map_at_10_diff1": 0.923264,
        "nauc_map_at_20_max": 0.809173,
        "nauc_map_at_20_std": -0.105011,
        "nauc_map_at_20_diff1": 0.923244,
        "nauc_map_at_100_max": 0.80909,
        "nauc_map_at_100_std": -0.105004,
        "nauc_map_at_100_diff1": 0.923392,
        "nauc_map_at_1000_max": 0.809021,
        "nauc_map_at_1000_std": -0.105393,
        "nauc_map_at_1000_diff1": 0.923386,
        "nauc_recall_at_1_max": 0.779208,
        "nauc_recall_at_1_std": -0.152879,
        "nauc_recall_at_1_diff1": 0.921991,
        "nauc_recall_at_3_max": 0.917291,
        "nauc_recall_at_3_std": 0.093686,
        "nauc_recall_at_3_diff1": 0.931549,
        "nauc_recall_at_5_max": 0.909919,
        "nauc_recall_at_5_std": 0.099503,
        "nauc_recall_at_5_diff1": 0.933155,
        "nauc_recall_at_10_max": 0.903828,
        "nauc_recall_at_10_std": 0.059819,
        "nauc_recall_at_10_diff1": 0.910675,
        "nauc_recall_at_20_max": 0.909664,
        "nauc_recall_at_20_std": 0.179692,
        "nauc_recall_at_20_diff1": 0.905229,
        "nauc_recall_at_100_max": 1.0,
        "nauc_recall_at_100_std": 0.96732,
        "nauc_recall_at_100_diff1": 0.934641,
        "nauc_recall_at_1000_max": NaN,
        "nauc_recall_at_1000_std": NaN,
        "nauc_recall_at_1000_diff1": NaN,
        "nauc_precision_at_1_max": 0.779208,
        "nauc_precision_at_1_std": -0.152879,
        "nauc_precision_at_1_diff1": 0.921991,
        "nauc_precision_at_3_max": 0.917291,
        "nauc_precision_at_3_std": 0.093686,
        "nauc_precision_at_3_diff1": 0.931549,
        "nauc_precision_at_5_max": 0.909919,
        "nauc_precision_at_5_std": 0.099503,
        "nauc_precision_at_5_diff1": 0.933155,
        "nauc_precision_at_10_max": 0.903828,
        "nauc_precision_at_10_std": 0.059819,
        "nauc_precision_at_10_diff1": 0.910675,
        "nauc_precision_at_20_max": 0.909664,
        "nauc_precision_at_20_std": 0.179692,
        "nauc_precision_at_20_diff1": 0.905229,
        "nauc_precision_at_100_max": 1.0,
        "nauc_precision_at_100_std": 0.96732,
        "nauc_precision_at_100_diff1": 0.934641,
        "nauc_precision_at_1000_max": NaN,
        "nauc_precision_at_1000_std": NaN,
        "nauc_precision_at_1000_diff1": NaN,
        "nauc_mrr_at_1_max": 0.779208,
        "nauc_mrr_at_1_std": -0.152879,
        "nauc_mrr_at_1_diff1": 0.921991,
        "nauc_mrr_at_3_max": 0.81691,
        "nauc_mrr_at_3_std": -0.09256,
        "nauc_mrr_at_3_diff1": 0.92451,
        "nauc_mrr_at_5_max": 0.811087,
        "nauc_mrr_at_5_std": -0.103054,
        "nauc_mrr_at_5_diff1": 0.924143,
        "nauc_mrr_at_10_max": 0.809588,
        "nauc_mrr_at_10_std": -0.105746,
        "nauc_mrr_at_10_diff1": 0.923264,
        "nauc_mrr_at_20_max": 0.809173,
        "nauc_mrr_at_20_std": -0.105011,
        "nauc_mrr_at_20_diff1": 0.923244,
        "nauc_mrr_at_100_max": 0.80909,
        "nauc_mrr_at_100_std": -0.105004,
        "nauc_mrr_at_100_diff1": 0.923392,
        "nauc_mrr_at_1000_max": 0.809021,
        "nauc_mrr_at_1000_std": -0.105393,
        "nauc_mrr_at_1000_diff1": 0.923386,
        "main_score": 0.94251,
        "hf_subset": "kor_Hang-kor_Hang",
        "languages": [
          "kor-Hang",
          "kor-Hang"
        ]
      },
      {
        "ndcg_at_1": 0.88222,
        "ndcg_at_3": 0.92503,
        "ndcg_at_5": 0.93014,
        "ndcg_at_10": 0.93651,
        "ndcg_at_20": 0.93764,
        "ndcg_at_100": 0.93868,
        "ndcg_at_1000": 0.93913,
        "map_at_1": 0.88222,
        "map_at_3": 0.91481,
        "map_at_5": 0.9177,
        "map_at_10": 0.92027,
        "map_at_20": 0.92059,
        "map_at_100": 0.92073,
        "map_at_1000": 0.92075,
        "recall_at_1": 0.88222,
        "recall_at_3": 0.95444,
        "recall_at_5": 0.96667,
        "recall_at_10": 0.98667,
        "recall_at_20": 0.99111,
        "recall_at_100": 0.99667,
        "recall_at_1000": 1.0,
        "precision_at_1": 0.88222,
        "precision_at_3": 0.31815,
        "precision_at_5": 0.19333,
        "precision_at_10": 0.09867,
        "precision_at_20": 0.04956,
        "precision_at_100": 0.00997,
        "precision_at_1000": 0.001,
        "mrr_at_1": 0.882222,
        "mrr_at_3": 0.914815,
        "mrr_at_5": 0.917704,
        "mrr_at_10": 0.920273,
        "mrr_at_20": 0.920588,
        "mrr_at_100": 0.920731,
        "mrr_at_1000": 0.92075,
        "nauc_ndcg_at_1_max": 0.743238,
        "nauc_ndcg_at_1_std": -0.231202,
        "nauc_ndcg_at_1_diff1": 0.913915,
        "nauc_ndcg_at_3_max": 0.792084,
        "nauc_ndcg_at_3_std": -0.183972,
        "nauc_ndcg_at_3_diff1": 0.910203,
        "nauc_ndcg_at_5_max": 0.784004,
        "nauc_ndcg_at_5_std": -0.185905,
        "nauc_ndcg_at_5_diff1": 0.908014,
        "nauc_ndcg_at_10_max": 0.777298,
        "nauc_ndcg_at_10_std": -0.180791,
        "nauc_ndcg_at_10_diff1": 0.910523,
        "nauc_ndcg_at_20_max": 0.773789,
        "nauc_ndcg_at_20_std": -0.184727,
        "nauc_ndcg_at_20_diff1": 0.910692,
        "nauc_ndcg_at_100_max": 0.773569,
        "nauc_ndcg_at_100_std": -0.188605,
        "nauc_ndcg_at_100_diff1": 0.910646,
        "nauc_ndcg_at_1000_max": 0.771892,
        "nauc_ndcg_at_1000_std": -0.197112,
        "nauc_ndcg_at_1000_diff1": 0.91031,
        "nauc_map_at_1_max": 0.743238,
        "nauc_map_at_1_std": -0.231202,