{
  "dataset_revision": "d243889a3eb6654029dbd7e7f9319ae31d58f97c",
  "task_name": "Ko-StrategyQA",
  "mteb_version": "1.31.1",
  "scores": {
    "dev": [
      {
        "ndcg_at_1": 0.76689,
        "ndcg_at_3": 0.75702,
        "ndcg_at_5": 0.78307,
        "ndcg_at_10": 0.80008,
        "ndcg_at_20": 0.80834,
        "ndcg_at_100": 0.81776,
        "ndcg_at_1000": 0.82521,
        "map_at_1": 0.50224,
        "map_at_3": 0.71805,
        "map_at_5": 0.74531,
        "map_at_10": 0.75801,
        "map_at_20": 0.76174,
        "map_at_100": 0.76353,
        "map_at_1000": 0.76387,
        "recall_at_1": 0.50224,
        "recall_at_3": 0.76087,
        "recall_at_5": 0.81504,
        "recall_at_10": 0.85344,
        "recall_at_20": 0.87809,
        "recall_at_100": 0.91914,
        "recall_at_1000": 0.96585,
        "precision_at_1": 0.76689,
        "precision_at_3": 0.44707,
        "precision_at_5": 0.29527,
        "precision_at_10": 0.15777,
        "precision_at_20": 0.08209,
        "precision_at_100": 0.01733,
        "precision_at_1000": 0.00184,
        "mrr_at_1": 0.766892,
        "mrr_at_3": 0.812782,
        "mrr_at_5": 0.816329,
        "mrr_at_10": 0.818253,
        "mrr_at_20": 0.819095,
        "mrr_at_100": 0.819868,
        "mrr_at_1000": 0.820045,
        "nauc_ndcg_at_1_max": 0.636717,
        "nauc_ndcg_at_1_std": 0.179726,
        "nauc_ndcg_at_1_diff1": 0.715354,
        "nauc_ndcg_at_3_max": 0.619323,
        "nauc_ndcg_at_3_std": 0.166953,
        "nauc_ndcg_at_3_diff1": 0.606655,
        "nauc_ndcg_at_5_max": 0.681821,
        "nauc_ndcg_at_5_std": 0.232949,
        "nauc_ndcg_at_5_diff1": 0.603741,
        "nauc_ndcg_at_10_max": 0.709361,
        "nauc_ndcg_at_10_std": 0.276491,
        "nauc_ndcg_at_10_diff1": 0.619053,
        "nauc_ndcg_at_20_max": 0.720918,
        "nauc_ndcg_at_20_std": 0.303049,
        "nauc_ndcg_at_20_diff1": 0.632046,
        "nauc_ndcg_at_100_max": 0.712827,
        "nauc_ndcg_at_100_std": 0.305352,
        "nauc_ndcg_at_100_diff1": 0.631728,
        "nauc_ndcg_at_1000_max": 0.701774,
        "nauc_ndcg_at_1000_std": 0.287194,
        "nauc_ndcg_at_1000_diff1": 0.633209,
        "nauc_map_at_1_max": 0.290915,
        "nauc_map_at_1_std": -0.041544,
        "nauc_map_at_1_diff1": 0.640704,
        "nauc_map_at_3_max": 0.566559,
        "nauc_map_at_3_std": 0.109666,
        "nauc_map_at_3_diff1": 0.590074,
        "nauc_map_at_5_max": 0.617609,
        "nauc_map_at_5_std": 0.160725,
        "nauc_map_at_5_diff1": 0.582946,
        "nauc_map_at_10_max": 0.633991,
        "nauc_map_at_10_std": 0.18617,
        "nauc_map_at_10_diff1": 0.592375,
        "nauc_map_at_20_max": 0.638858,
        "nauc_map_at_20_std": 0.196253,
        "nauc_map_at_20_diff1": 0.597717,
        "nauc_map_at_100_max": 0.637273,
        "nauc_map_at_100_std": 0.196723,
        "nauc_map_at_100_diff1": 0.597189,
        "nauc_map_at_1000_max": 0.636814,
        "nauc_map_at_1000_std": 0.196007,
        "nauc_map_at_1000_diff1": 0.597295,
        "nauc_recall_at_1_max": 0.290915,
        "nauc_recall_at_1_std": -0.041544,
        "nauc_recall_at_1_diff1": 0.640704,
        "nauc_recall_at_3_max": 0.624643,
        "nauc_recall_at_3_std": 0.178559,
        "nauc_recall_at_3_diff1": 0.570011,
        "nauc_recall_at_5_max": 0.748419,
        "nauc_recall_at_5_std": 0.314462,
        "nauc_recall_at_5_diff1": 0.548711,
        "nauc_recall_at_10_max": 0.844927,
        "nauc_recall_at_10_std": 0.450869,
        "nauc_recall_at_10_diff1": 0.586307,
        "nauc_recall_at_20_max": 0.928431,
        "nauc_recall_at_20_std": 0.604534,
        "nauc_recall_at_20_diff1": 0.646397,
        "nauc_recall_at_100_max": 0.955088,
        "nauc_recall_at_100_std": 0.762185,
        "nauc_recall_at_100_diff1": 0.651882,
        "nauc_recall_at_1000_max": 0.982549,
        "nauc_recall_at_1000_std": 0.850886,
        "nauc_recall_at_1000_diff1": 0.72223,
        "nauc_precision_at_1_max": 0.636717,
        "nauc_precision_at_1_std": 0.179726,
        "nauc_precision_at_1_diff1": 0.715354,
        "nauc_precision_at_3_max": 0.372737,
        "nauc_precision_at_3_std": 0.241754,
        "nauc_precision_at_3_diff1": -0.002851,
        "nauc_precision_at_5_max": 0.337302,
        "nauc_precision_at_5_std": 0.286666,
        "nauc_precision_at_5_diff1": -0.095124,
        "nauc_precision_at_10_max": 0.285113,
        "nauc_precision_at_10_std": 0.318199,
        "nauc_precision_at_10_diff1": -0.139802,
        "nauc_precision_at_20_max": 0.24531,
        "nauc_precision_at_20_std": 0.32758,
        "nauc_precision_at_20_diff1": -0.156859,
        "nauc_precision_at_100_max": 0.14969,
        "nauc_precision_at_100_std": 0.305483,
        "nauc_precision_at_100_diff1": -0.235012,
        "nauc_precision_at_1000_max": 0.007161,
        "nauc_precision_at_1000_std": 0.206302,
        "nauc_precision_at_1000_diff1": -0.329335,
        "nauc_mrr_at_1_max": 0.636717,
        "nauc_mrr_at_1_std": 0.179726,
        "nauc_mrr_at_1_diff1": 0.715354,
        "nauc_mrr_at_3_max": 0.736605,
        "nauc_mrr_at_3_std": 0.293921,
        "nauc_mrr_at_3_diff1": 0.710849,
        "nauc_mrr_at_5_max": 0.736934,
        "nauc_mrr_at_5_std": 0.300819,
        "nauc_mrr_at_5_diff1": 0.709407,
        "nauc_mrr_at_10_max": 0.737041,
        "nauc_mrr_at_10_std": 0.304111,
        "nauc_mrr_at_10_diff1": 0.709133,
        "nauc_mrr_at_20_max": 0.735782,
        "nauc_mrr_at_20_std": 0.304877,
        "nauc_mrr_at_20_diff1": 0.709867,
        "nauc_mrr_at_100_max": 0.734785,
        "nauc_mrr_at_100_std": 0.304025,
        "nauc_mrr_at_100_diff1": 0.709814,
        "nauc_mrr_at_1000_max": 0.734519,
        "nauc_mrr_at_1000_std": 0.303527,
        "nauc_mrr_at_1000_diff1": 0.709825,
        "main_score": 0.80008,
        "hf_subset": "default",
        "languages": [
          "kor-Hang"
        ]
      }
    ]
  },
  "evaluation_time": 83.79545760154724,
  "kg_co2_emissions": null
}