{
  "dataset_revision": "d243889a3eb6654029dbd7e7f9319ae31d58f97c",
  "evaluation_time": 106.8914806842804,
  "kg_co2_emissions": null,
  "mteb_version": "1.20.1",
  "scores": {
    "dev": [
      {
        "hf_subset": "default",
        "languages": [
          "kor-Hang"
        ],
        "main_score": 0.80008,
        "map_at_1": 0.50224,
        "map_at_10": 0.75801,
        "map_at_100": 0.76353,
        "map_at_1000": 0.76387,
        "map_at_20": 0.76174,
        "map_at_3": 0.71805,
        "map_at_5": 0.74531,
        "mrr_at_1": 0.7668918918918919,
        "mrr_at_10": 0.8182526276276274,
        "mrr_at_100": 0.8198681055223843,
        "mrr_at_1000": 0.8200447358419406,
        "mrr_at_20": 0.8190945409695407,
        "mrr_at_3": 0.8127815315315313,
        "mrr_at_5": 0.8163288288288286,
        "nauc_map_at_1000_diff1": 0.5972954962902949,
        "nauc_map_at_1000_max": 0.6368142914602937,
        "nauc_map_at_1000_std": 0.19600667039933853,
        "nauc_map_at_100_diff1": 0.5971892993449279,
        "nauc_map_at_100_max": 0.6372732434536403,
        "nauc_map_at_100_std": 0.1967226339429915,
        "nauc_map_at_10_diff1": 0.5923749667778005,
        "nauc_map_at_10_max": 0.6339909454890105,
        "nauc_map_at_10_std": 0.18617034845772062,
        "nauc_map_at_1_diff1": 0.6407039079056288,
        "nauc_map_at_1_max": 0.29091469612516707,
        "nauc_map_at_1_std": -0.041544183402294585,
        "nauc_map_at_20_diff1": 0.5977171275491291,
        "nauc_map_at_20_max": 0.6388580471049708,
        "nauc_map_at_20_std": 0.1962525689943241,
        "nauc_map_at_3_diff1": 0.5900738657305518,
        "nauc_map_at_3_max": 0.5665593954782121,
        "nauc_map_at_3_std": 0.10966603066350789,
        "nauc_map_at_5_diff1": 0.5829464965480328,
        "nauc_map_at_5_max": 0.6176087413110913,
        "nauc_map_at_5_std": 0.16072461952483239,
        "nauc_mrr_at_1000_diff1": 0.709824810350201,
        "nauc_mrr_at_1000_max": 0.7345190416806782,
        "nauc_mrr_at_1000_std": 0.3035269580763068,
        "nauc_mrr_at_100_diff1": 0.7098141357802885,
        "nauc_mrr_at_100_max": 0.7347853756149684,
        "nauc_mrr_at_100_std": 0.30402465803211526,
        "nauc_mrr_at_10_diff1": 0.7091332962479558,
        "nauc_mrr_at_10_max": 0.7370409336686649,
        "nauc_mrr_at_10_std": 0.30411076208664795,
        "nauc_mrr_at_1_diff1": 0.7153536856458215,
        "nauc_mrr_at_1_max": 0.6367168927299622,
        "nauc_mrr_at_1_std": 0.1797255462450732,
        "nauc_mrr_at_20_diff1": 0.7098668857166636,
        "nauc_mrr_at_20_max": 0.7357816306698388,
        "nauc_mrr_at_20_std": 0.30487672649515535,
        "nauc_mrr_at_3_diff1": 0.7108485627220982,
        "nauc_mrr_at_3_max": 0.7366049198735798,
        "nauc_mrr_at_3_std": 0.2939209122656606,
        "nauc_mrr_at_5_diff1": 0.7094065640103121,
        "nauc_mrr_at_5_max": 0.736934209431478,
        "nauc_mrr_at_5_std": 0.3008189699564541,
        "nauc_ndcg_at_1000_diff1": 0.633209387968523,
        "nauc_ndcg_at_1000_max": 0.7017740521622267,
        "nauc_ndcg_at_1000_std": 0.2871940426224995,
        "nauc_ndcg_at_100_diff1": 0.6317275921514075,
        "nauc_ndcg_at_100_max": 0.7128265191344082,
        "nauc_ndcg_at_100_std": 0.3053516131697575,
        "nauc_ndcg_at_10_diff1": 0.6190533858054285,
        "nauc_ndcg_at_10_max": 0.7093609962144929,
        "nauc_ndcg_at_10_std": 0.2764905074705219,
        "nauc_ndcg_at_1_diff1": 0.7153536856458215,
        "nauc_ndcg_at_1_max": 0.6367168927299622,
        "nauc_ndcg_at_1_std": 0.1797255462450732,
        "nauc_ndcg_at_20_diff1": 0.6320458021594961,
        "nauc_ndcg_at_20_max": 0.7209179402000162,
        "nauc_ndcg_at_20_std": 0.3030488569549388,
        "nauc_ndcg_at_3_diff1": 0.6066549910978404,
        "nauc_ndcg_at_3_max": 0.6193225890761628,
        "nauc_ndcg_at_3_std": 0.16695273529007681,
        "nauc_ndcg_at_5_diff1": 0.603741227754187,
        "nauc_ndcg_at_5_max": 0.6818212630051793,
        "nauc_ndcg_at_5_std": 0.23294879593797604,
        "nauc_precision_at_1000_diff1": -0.32933520104718034,
        "nauc_precision_at_1000_max": 0.007161073542821553,
        "nauc_precision_at_1000_std": 0.2063019640721369,
        "nauc_precision_at_100_diff1": -0.23501168923658147,
        "nauc_precision_at_100_max": 0.14969003532471672,
        "nauc_precision_at_100_std": 0.3054829396918457,
        "nauc_precision_at_10_diff1": -0.13980158620840913,
        "nauc_precision_at_10_max": 0.28511337244894247,
        "nauc_precision_at_10_std": 0.31819918857431584,
        "nauc_precision_at_1_diff1": 0.7153536856458215,
        "nauc_precision_at_1_max": 0.6367168927299622,
        "nauc_precision_at_1_std": 0.1797255462450732,
        "nauc_precision_at_20_diff1": -0.1568592411175028,
        "nauc_precision_at_20_max": 0.24530994646011672,
        "nauc_precision_at_20_std": 0.3275801664626258,
        "nauc_precision_at_3_diff1": -0.0028509166513785832,
        "nauc_precision_at_3_max": 0.3727369576620084,
        "nauc_precision_at_3_std": 0.2417544691664725,
        "nauc_precision_at_5_diff1": -0.0951242611766236,
        "nauc_precision_at_5_max": 0.3373018586224311,
        "nauc_precision_at_5_std": 0.2866663123426568,
        "nauc_recall_at_1000_diff1": 0.722229751897174,
        "nauc_recall_at_1000_max": 0.9825486195833247,
        "nauc_recall_at_1000_std": 0.8508864855593524,
        "nauc_recall_at_100_diff1": 0.6518817183992185,
        "nauc_recall_at_100_max": 0.955087527405752,
        "nauc_recall_at_100_std": 0.7621854034955842,
        "nauc_recall_at_10_diff1": 0.5863070465583734,
        "nauc_recall_at_10_max": 0.8449272103086174,
        "nauc_recall_at_10_std": 0.45086935495626596,
        "nauc_recall_at_1_diff1": 0.6407039079056288,
        "nauc_recall_at_1_max": 0.29091469612516707,
        "nauc_recall_at_1_std": -0.041544183402294585,
        "nauc_recall_at_20_diff1": 0.6463966953750865,
        "nauc_recall_at_20_max": 0.9284309177278965,
        "nauc_recall_at_20_std": 0.604534239281333,
        "nauc_recall_at_3_diff1": 0.570011423577929,
        "nauc_recall_at_3_max": 0.6246426708462954,
        "nauc_recall_at_3_std": 0.17855913256991598,
        "nauc_recall_at_5_diff1": 0.5487110746355588,
        "nauc_recall_at_5_max": 0.7484194405605811,
        "nauc_recall_at_5_std": 0.3144622997742575,
        "ndcg_at_1": 0.76689,
        "ndcg_at_10": 0.80008,
        "ndcg_at_100": 0.81776,
        "ndcg_at_1000": 0.82521,
        "ndcg_at_20": 0.80834,
        "ndcg_at_3": 0.75702,
        "ndcg_at_5": 0.78307,
        "precision_at_1": 0.76689,
        "precision_at_10": 0.15777,
        "precision_at_100": 0.01733,
        "precision_at_1000": 0.00184,
        "precision_at_20": 0.08209,
        "precision_at_3": 0.44707,
        "precision_at_5": 0.29527,
        "recall_at_1": 0.50224,
        "recall_at_10": 0.85344,
        "recall_at_100": 0.91914,
        "recall_at_1000": 0.96585,
        "recall_at_20": 0.87809,
        "recall_at_3": 0.76087,
        "recall_at_5": 0.81504
      }
    ]
  },
  "task_name": "Ko-StrategyQA"
}