{
  "dataset_revision": "fc24a3ce8f09746410daee3d5cd823ff7a0675b7",
  "task_name": "MrTidyRetrieval",
  "mteb_version": "1.31.1",
  "scores": {
    "test": [
      {
        "ndcg_at_1": 0.45131,
        "ndcg_at_3": 0.53024,
        "ndcg_at_5": 0.56183,
        "ndcg_at_10": 0.58411,
        "ndcg_at_20": 0.59975,
        "ndcg_at_100": 0.62068,
        "ndcg_at_1000": 0.63057,
        "map_at_1": 0.41805,
        "map_at_3": 0.49947,
        "map_at_5": 0.518,
        "map_at_10": 0.52884,
        "map_at_20": 0.53353,
        "map_at_100": 0.53694,
        "map_at_1000": 0.53737,
        "recall_at_1": 0.41805,
        "recall_at_3": 0.58868,
        "recall_at_5": 0.66192,
        "recall_at_10": 0.72447,
        "recall_at_20": 0.78345,
        "recall_at_100": 0.88876,
        "recall_at_1000": 0.96437,
        "precision_at_1": 0.45131,
        "precision_at_3": 0.21932,
        "precision_at_5": 0.14917,
        "precision_at_10": 0.08314,
        "precision_at_20": 0.04525,
        "precision_at_100": 0.01036,
        "precision_at_1000": 0.00112,
        "mrr_at_1": 0.451306,
        "mrr_at_3": 0.530483,
        "mrr_at_5": 0.547348,
        "mrr_at_10": 0.555085,
        "mrr_at_20": 0.558687,
        "mrr_at_100": 0.561146,
        "mrr_at_1000": 0.561446,
        "nauc_ndcg_at_1_max": 0.306173,
        "nauc_ndcg_at_1_std": 0.027158,
        "nauc_ndcg_at_1_diff1": 0.488515,
        "nauc_ndcg_at_3_max": 0.35424,
        "nauc_ndcg_at_3_std": 0.095335,
        "nauc_ndcg_at_3_diff1": 0.402785,
        "nauc_ndcg_at_5_max": 0.337484,
        "nauc_ndcg_at_5_std": 0.090531,
        "nauc_ndcg_at_5_diff1": 0.39783,
        "nauc_ndcg_at_10_max": 0.330831,
        "nauc_ndcg_at_10_std": 0.094454,
        "nauc_ndcg_at_10_diff1": 0.404545,
        "nauc_ndcg_at_20_max": 0.328226,
        "nauc_ndcg_at_20_std": 0.093095,
        "nauc_ndcg_at_20_diff1": 0.407268,
        "nauc_ndcg_at_100_max": 0.341736,
        "nauc_ndcg_at_100_std": 0.102836,
        "nauc_ndcg_at_100_diff1": 0.405081,
        "nauc_ndcg_at_1000_max": 0.338473,
        "nauc_ndcg_at_1000_std": 0.099885,
        "nauc_ndcg_at_1000_diff1": 0.405646,
        "nauc_map_at_1_max": 0.29981,
        "nauc_map_at_1_std": 0.023148,
        "nauc_map_at_1_diff1": 0.475616,
        "nauc_map_at_3_max": 0.341334,
        "nauc_map_at_3_std": 0.075602,
        "nauc_map_at_3_diff1": 0.41614,
        "nauc_map_at_5_max": 0.331978,
        "nauc_map_at_5_std": 0.073593,
        "nauc_map_at_5_diff1": 0.413695,
        "nauc_map_at_10_max": 0.328315,
        "nauc_map_at_10_std": 0.074349,
        "nauc_map_at_10_diff1": 0.417422,
        "nauc_map_at_20_max": 0.327618,
        "nauc_map_at_20_std": 0.073857,
        "nauc_map_at_20_diff1": 0.417928,
        "nauc_map_at_100_max": 0.329435,
        "nauc_map_at_100_std": 0.075628,
        "nauc_map_at_100_diff1": 0.417511,
        "nauc_map_at_1000_max": 0.329438,
        "nauc_map_at_1000_std": 0.075691,
        "nauc_map_at_1000_diff1": 0.417604,
        "nauc_recall_at_1_max": 0.29981,
        "nauc_recall_at_1_std": 0.023148,
        "nauc_recall_at_1_diff1": 0.475616,
        "nauc_recall_at_3_max": 0.386766,
        "nauc_recall_at_3_std": 0.149919,
        "nauc_recall_at_3_diff1": 0.342085,
        "nauc_recall_at_5_max": 0.342549,
        "nauc_recall_at_5_std": 0.14055,
        "nauc_recall_at_5_diff1": 0.319285,
        "nauc_recall_at_10_max": 0.325843,
        "nauc_recall_at_10_std": 0.167101,
        "nauc_recall_at_10_diff1": 0.333213,
        "nauc_recall_at_20_max": 0.309954,
        "nauc_recall_at_20_std": 0.173381,
        "nauc_recall_at_20_diff1": 0.338201,
        "nauc_recall_at_100_max": 0.465217,
        "nauc_recall_at_100_std": 0.335271,
        "nauc_recall_at_100_diff1": 0.265425,
        "nauc_recall_at_1000_max": 0.51821,
        "nauc_recall_at_1000_std": 0.57967,
        "nauc_recall_at_1000_diff1": 0.023859,
        "nauc_precision_at_1_max": 0.306173,
        "nauc_precision_at_1_std": 0.027158,
        "nauc_precision_at_1_diff1": 0.488515,
        "nauc_precision_at_3_max": 0.365845,
        "nauc_precision_at_3_std": 0.165,
        "nauc_precision_at_3_diff1": 0.28998,
        "nauc_precision_at_5_max": 0.299974,
        "nauc_precision_at_5_std": 0.15569,
        "nauc_precision_at_5_diff1": 0.234588,
        "nauc_precision_at_10_max": 0.210016,
        "nauc_precision_at_10_std": 0.141871,
        "nauc_precision_at_10_diff1": 0.17936,
        "nauc_precision_at_20_max": 0.152278,
        "nauc_precision_at_20_std": 0.128703,
        "nauc_precision_at_20_diff1": 0.125005,
        "nauc_precision_at_100_max": 0.154043,
        "nauc_precision_at_100_std": 0.160682,
        "nauc_precision_at_100_diff1": 0.003676,
        "nauc_precision_at_1000_max": 0.058418,
        "nauc_precision_at_1000_std": 0.127739,
        "nauc_precision_at_1000_diff1": -0.09872,
        "nauc_mrr_at_1_max": 0.306173,
        "nauc_mrr_at_1_std": 0.027158,
        "nauc_mrr_at_1_diff1": 0.488515,
        "nauc_mrr_at_3_max": 0.341381,
        "nauc_mrr_at_3_std": 0.077948,
        "nauc_mrr_at_3_diff1": 0.433178,
        "nauc_mrr_at_5_max": 0.332202,
        "nauc_mrr_at_5_std": 0.073676,
        "nauc_mrr_at_5_diff1": 0.430465,
        "nauc_mrr_at_10_max": 0.330325,
        "nauc_mrr_at_10_std": 0.075174,
        "nauc_mrr_at_10_diff1": 0.43316,
        "nauc_mrr_at_20_max": 0.330252,
        "nauc_mrr_at_20_std": 0.0746,
        "nauc_mrr_at_20_diff1": 0.434571,
        "nauc_mrr_at_100_max": 0.331138,
        "nauc_mrr_at_100_std": 0.075875,
        "nauc_mrr_at_100_diff1": 0.434292,
        "nauc_mrr_at_1000_max": 0.331002,
        "nauc_mrr_at_1000_std": 0.075846,
        "nauc_mrr_at_1000_diff1": 0.43425,
        "main_score": 0.58411,
        "hf_subset": "korean",
        "languages": [
          "kor-Kore"
        ]
      }
    ]
  },
  "evaluation_time": 8495.988137245178,
  "kg_co2_emissions": null
}