{
  "dataset_revision": "fc24a3ce8f09746410daee3d5cd823ff7a0675b7",
  "evaluation_time": 11006.327818870544,
  "kg_co2_emissions": null,
  "mteb_version": "1.20.1",
  "scores": {
    "test": [
      {
        "hf_subset": "korean",
        "languages": [
          "kor-Kore"
        ],
        "main_score": 0.58411,
        "map_at_1": 0.41805,
        "map_at_10": 0.52884,
        "map_at_100": 0.53694,
        "map_at_1000": 0.53737,
        "map_at_20": 0.53353,
        "map_at_3": 0.49947,
        "map_at_5": 0.518,
        "mrr_at_1": 0.4513064133016627,
        "mrr_at_10": 0.5550852090638313,
        "mrr_at_100": 0.5611461188146258,
        "mrr_at_1000": 0.5614464312750885,
        "mrr_at_20": 0.5586867393535322,
        "mrr_at_3": 0.5304829770387967,
        "mrr_at_5": 0.5473475851148061,
        "nauc_map_at_1000_diff1": 0.41760449328203914,
        "nauc_map_at_1000_max": 0.3294380596195165,
        "nauc_map_at_1000_std": 0.07569114108854938,
        "nauc_map_at_100_diff1": 0.4175111507844809,
        "nauc_map_at_100_max": 0.3294347526478304,
        "nauc_map_at_100_std": 0.07562793957644538,
        "nauc_map_at_10_diff1": 0.41742159521872546,
        "nauc_map_at_10_max": 0.3283152091268034,
        "nauc_map_at_10_std": 0.07434936967786862,
        "nauc_map_at_1_diff1": 0.475616107892548,
        "nauc_map_at_1_max": 0.29980960217152125,
        "nauc_map_at_1_std": 0.023147594033258674,
        "nauc_map_at_20_diff1": 0.41792759661763335,
        "nauc_map_at_20_max": 0.32761807208712435,
        "nauc_map_at_20_std": 0.07385729953383378,
        "nauc_map_at_3_diff1": 0.4161404356977857,
        "nauc_map_at_3_max": 0.34133425026110237,
        "nauc_map_at_3_std": 0.07560165310487228,
        "nauc_map_at_5_diff1": 0.41369492120774864,
        "nauc_map_at_5_max": 0.33197752287454557,
        "nauc_map_at_5_std": 0.0735934727123139,
        "nauc_mrr_at_1000_diff1": 0.43425006536052757,
        "nauc_mrr_at_1000_max": 0.3310024020091237,
        "nauc_mrr_at_1000_std": 0.07584614898943615,
        "nauc_mrr_at_100_diff1": 0.43429153680356974,
        "nauc_mrr_at_100_max": 0.3311383359189307,
        "nauc_mrr_at_100_std": 0.07587475606863006,
        "nauc_mrr_at_10_diff1": 0.4331602379893548,
        "nauc_mrr_at_10_max": 0.3303249559514421,
        "nauc_mrr_at_10_std": 0.07517353705770899,
        "nauc_mrr_at_1_diff1": 0.48851459777795286,
        "nauc_mrr_at_1_max": 0.3061725961829622,
        "nauc_mrr_at_1_std": 0.027158195628080105,
        "nauc_mrr_at_20_diff1": 0.4345712872238659,
        "nauc_mrr_at_20_max": 0.33025249110418725,
        "nauc_mrr_at_20_std": 0.0745997468122339,
        "nauc_mrr_at_3_diff1": 0.43317807741797193,
        "nauc_mrr_at_3_max": 0.3413812271379621,
        "nauc_mrr_at_3_std": 0.07794841072340263,
        "nauc_mrr_at_5_diff1": 0.43046488691373813,
        "nauc_mrr_at_5_max": 0.33220204566899847,
        "nauc_mrr_at_5_std": 0.07367571090077339,
        "nauc_ndcg_at_1000_diff1": 0.4056461445113131,
        "nauc_ndcg_at_1000_max": 0.33847251877738377,
        "nauc_ndcg_at_1000_std": 0.09988485700168576,
        "nauc_ndcg_at_100_diff1": 0.4050811335370705,
        "nauc_ndcg_at_100_max": 0.3417355500075768,
        "nauc_ndcg_at_100_std": 0.10283628039248967,
        "nauc_ndcg_at_10_diff1": 0.4045446090303444,
        "nauc_ndcg_at_10_max": 0.330830952664249,
        "nauc_ndcg_at_10_std": 0.09445382646344905,
        "nauc_ndcg_at_1_diff1": 0.48851459777795286,
        "nauc_ndcg_at_1_max": 0.3061725961829622,
        "nauc_ndcg_at_1_std": 0.027158195628080105,
        "nauc_ndcg_at_20_diff1": 0.4072683827853017,
        "nauc_ndcg_at_20_max": 0.328225670980137,
        "nauc_ndcg_at_20_std": 0.09309495403978528,
        "nauc_ndcg_at_3_diff1": 0.4027853090100297,
        "nauc_ndcg_at_3_max": 0.3542400905704392,
        "nauc_ndcg_at_3_std": 0.09533485495668449,
        "nauc_ndcg_at_5_diff1": 0.39783018881462934,
        "nauc_ndcg_at_5_max": 0.3374839089915202,
        "nauc_ndcg_at_5_std": 0.09053126979087693,
        "nauc_precision_at_1000_diff1": -0.09871951704278333,
        "nauc_precision_at_1000_max": 0.05841793928506,
        "nauc_precision_at_1000_std": 0.12773862644439057,
        "nauc_precision_at_100_diff1": 0.003676016719144542,
        "nauc_precision_at_100_max": 0.15404278753413259,
        "nauc_precision_at_100_std": 0.16068194939581307,
        "nauc_precision_at_10_diff1": 0.17936005392549736,
        "nauc_precision_at_10_max": 0.21001566765138768,
        "nauc_precision_at_10_std": 0.14187082726161146,
        "nauc_precision_at_1_diff1": 0.48851459777795286,
        "nauc_precision_at_1_max": 0.3061725961829622,
        "nauc_precision_at_1_std": 0.027158195628080105,
        "nauc_precision_at_20_diff1": 0.12500512313614456,
        "nauc_precision_at_20_max": 0.1522781682963013,
        "nauc_precision_at_20_std": 0.12870295520287567,
        "nauc_precision_at_3_diff1": 0.28997975780125107,
        "nauc_precision_at_3_max": 0.3658453521595714,
        "nauc_precision_at_3_std": 0.16499998570789157,
        "nauc_precision_at_5_diff1": 0.2345875365715847,
        "nauc_precision_at_5_max": 0.2999744081349785,
        "nauc_precision_at_5_std": 0.15568958648649867,
        "nauc_recall_at_1000_diff1": 0.023859311683500334,
        "nauc_recall_at_1000_max": 0.518210226146323,
        "nauc_recall_at_1000_std": 0.5796703247407008,
        "nauc_recall_at_100_diff1": 0.2654252637888202,
        "nauc_recall_at_100_max": 0.4652171149717772,
        "nauc_recall_at_100_std": 0.33527057410944405,
        "nauc_recall_at_10_diff1": 0.33321285789728705,
        "nauc_recall_at_10_max": 0.3258428005903868,
        "nauc_recall_at_10_std": 0.1671009470268551,
        "nauc_recall_at_1_diff1": 0.475616107892548,
        "nauc_recall_at_1_max": 0.29980960217152125,
        "nauc_recall_at_1_std": 0.023147594033258674,
        "nauc_recall_at_20_diff1": 0.3382006406737999,
        "nauc_recall_at_20_max": 0.30995358300824283,
        "nauc_recall_at_20_std": 0.1733813033212232,
        "nauc_recall_at_3_diff1": 0.34208486634308105,
        "nauc_recall_at_3_max": 0.3867663480452235,
        "nauc_recall_at_3_std": 0.14991917986638886,
        "nauc_recall_at_5_diff1": 0.3192847012739187,
        "nauc_recall_at_5_max": 0.34254888460256167,
        "nauc_recall_at_5_std": 0.14054972085304943,
        "ndcg_at_1": 0.45131,
        "ndcg_at_10": 0.58411,
        "ndcg_at_100": 0.62068,
        "ndcg_at_1000": 0.63057,
        "ndcg_at_20": 0.59975,
        "ndcg_at_3": 0.53024,
        "ndcg_at_5": 0.56183,
        "precision_at_1": 0.45131,
        "precision_at_10": 0.08314,
        "precision_at_100": 0.01036,
        "precision_at_1000": 0.00112,
        "precision_at_20": 0.04525,
        "precision_at_3": 0.21932,
        "precision_at_5": 0.14917,
        "recall_at_1": 0.41805,
        "recall_at_10": 0.72447,
        "recall_at_100": 0.88876,
        "recall_at_1000": 0.96437,
        "recall_at_20": 0.78345,
        "recall_at_3": 0.58868,
        "recall_at_5": 0.66192
      }
    ]
  },
  "task_name": "MrTidyRetrieval"
}