{
  "dataset_revision": "d67138e705d963e346253a80e59676ddb418810a",
  "task_name": "MultiLongDocRetrieval",
  "mteb_version": "1.31.1",
  "scores": {
    "dev": [
      {
        "ndcg_at_1": 0.225,
        "ndcg_at_3": 0.27089,
        "ndcg_at_5": 0.29392,
        "ndcg_at_10": 0.30869,
        "ndcg_at_20": 0.32377,
        "ndcg_at_100": 0.34748,
        "ndcg_at_1000": 0.37894,
        "map_at_1": 0.225,
        "map_at_3": 0.25917,
        "map_at_5": 0.27217,
        "map_at_10": 0.27839,
        "map_at_20": 0.28249,
        "map_at_100": 0.28562,
        "map_at_1000": 0.28656,
        "recall_at_1": 0.225,
        "recall_at_3": 0.305,
        "recall_at_5": 0.36,
        "recall_at_10": 0.405,
        "recall_at_20": 0.465,
        "recall_at_100": 0.595,
        "recall_at_1000": 0.855,
        "precision_at_1": 0.225,
        "precision_at_3": 0.10167,
        "precision_at_5": 0.072,
        "precision_at_10": 0.0405,
        "precision_at_20": 0.02325,
        "precision_at_100": 0.00595,
        "precision_at_1000": 0.00086,
        "mrr_at_1": 0.225,
        "mrr_at_3": 0.259167,
        "mrr_at_5": 0.272167,
        "mrr_at_10": 0.278395,
        "mrr_at_20": 0.28249,
        "mrr_at_100": 0.285621,
        "mrr_at_1000": 0.286555,
        "nauc_ndcg_at_1_max": 0.470554,
        "nauc_ndcg_at_1_std": -0.058785,
        "nauc_ndcg_at_1_diff1": 0.558696,
        "nauc_ndcg_at_3_max": 0.425852,
        "nauc_ndcg_at_3_std": -0.054374,
        "nauc_ndcg_at_3_diff1": 0.490872,
        "nauc_ndcg_at_5_max": 0.43906,
        "nauc_ndcg_at_5_std": -0.040078,
        "nauc_ndcg_at_5_diff1": 0.485957,
        "nauc_ndcg_at_10_max": 0.439475,
        "nauc_ndcg_at_10_std": -0.030194,
        "nauc_ndcg_at_10_diff1": 0.46973,
        "nauc_ndcg_at_20_max": 0.441599,
        "nauc_ndcg_at_20_std": -0.022551,
        "nauc_ndcg_at_20_diff1": 0.477115,
        "nauc_ndcg_at_100_max": 0.447529,
        "nauc_ndcg_at_100_std": 0.014536,
        "nauc_ndcg_at_100_diff1": 0.465102,
        "nauc_ndcg_at_1000_max": 0.452804,
        "nauc_ndcg_at_1000_std": 0.008694,
        "nauc_ndcg_at_1000_diff1": 0.46606,
        "nauc_map_at_1_max": 0.470554,
        "nauc_map_at_1_std": -0.058785,
        "nauc_map_at_1_diff1": 0.558696,
        "nauc_map_at_3_max": 0.437157,
        "nauc_map_at_3_std": -0.05578,
        "nauc_map_at_3_diff1": 0.506258,
        "nauc_map_at_5_max": 0.44507,
        "nauc_map_at_5_std": -0.047505,
        "nauc_map_at_5_diff1": 0.503975,
        "nauc_map_at_10_max": 0.444081,
        "nauc_map_at_10_std": -0.044683,
        "nauc_map_at_10_diff1": 0.496289,
        "nauc_map_at_20_max": 0.443648,
        "nauc_map_at_20_std": -0.043574,
        "nauc_map_at_20_diff1": 0.497451,
        "nauc_map_at_100_max": 0.445028,
        "nauc_map_at_100_std": -0.03866,
        "nauc_map_at_100_diff1": 0.495603,
        "nauc_map_at_1000_max": 0.445048,
        "nauc_map_at_1000_std": -0.038993,
        "nauc_map_at_1000_diff1": 0.495526,
        "nauc_recall_at_1_max": 0.470554,
        "nauc_recall_at_1_std": -0.058785,
        "nauc_recall_at_1_diff1": 0.558696,
        "nauc_recall_at_3_max": 0.395095,
        "nauc_recall_at_3_std": -0.050449,
        "nauc_recall_at_3_diff1": 0.449622,
        "nauc_recall_at_5_max": 0.424028,
        "nauc_recall_at_5_std": -0.018672,
        "nauc_recall_at_5_diff1": 0.437247,
        "nauc_recall_at_10_max": 0.430937,
        "nauc_recall_at_10_std": 0.015926,
        "nauc_recall_at_10_diff1": 0.395307,
        "nauc_recall_at_20_max": 0.446009,
        "nauc_recall_at_20_std": 0.052185,
        "nauc_recall_at_20_diff1": 0.427837,
        "nauc_recall_at_100_max": 0.471692,
        "nauc_recall_at_100_std": 0.271038,
        "nauc_recall_at_100_diff1": 0.359596,
        "nauc_recall_at_1000_max": 0.618024,
        "nauc_recall_at_1000_std": 0.504363,
        "nauc_recall_at_1000_diff1": 0.26714,
        "nauc_precision_at_1_max": 0.470554,
        "nauc_precision_at_1_std": -0.058785,
        "nauc_precision_at_1_diff1": 0.558696,
        "nauc_precision_at_3_max": 0.395095,
        "nauc_precision_at_3_std": -0.050449,
        "nauc_precision_at_3_diff1": 0.449622,
        "nauc_precision_at_5_max": 0.424028,
        "nauc_precision_at_5_std": -0.018672,
        "nauc_precision_at_5_diff1": 0.437247,
        "nauc_precision_at_10_max": 0.430937,
        "nauc_precision_at_10_std": 0.015926,
        "nauc_precision_at_10_diff1": 0.395307,
        "nauc_precision_at_20_max": 0.446009,
        "nauc_precision_at_20_std": 0.052185,
        "nauc_precision_at_20_diff1": 0.427837,
        "nauc_precision_at_100_max": 0.471692,
        "nauc_precision_at_100_std": 0.271038,
        "nauc_precision_at_100_diff1": 0.359596,
        "nauc_precision_at_1000_max": 0.618024,
        "nauc_precision_at_1000_std": 0.504363,
        "nauc_precision_at_1000_diff1": 0.26714,
        "nauc_mrr_at_1_max": 0.470554,
        "nauc_mrr_at_1_std": -0.058785,
        "nauc_mrr_at_1_diff1": 0.558696,
        "nauc_mrr_at_3_max": 0.437157,
        "nauc_mrr_at_3_std": -0.05578,
        "nauc_mrr_at_3_diff1": 0.506258,
        "nauc_mrr_at_5_max": 0.44507,
        "nauc_mrr_at_5_std": -0.047505,
        "nauc_mrr_at_5_diff1": 0.503975,
        "nauc_mrr_at_10_max": 0.444081,
        "nauc_mrr_at_10_std": -0.044683,
        "nauc_mrr_at_10_diff1": 0.496289,
        "nauc_mrr_at_20_max": 0.443648,
        "nauc_mrr_at_20_std": -0.043574,
        "nauc_mrr_at_20_diff1": 0.497451,
        "nauc_mrr_at_100_max": 0.445028,
        "nauc_mrr_at_100_std": -0.03866,
        "nauc_mrr_at_100_diff1": 0.495603,
        "nauc_mrr_at_1000_max": 0.445048,
        "nauc_mrr_at_1000_std": -0.038993,
        "nauc_mrr_at_1000_diff1": 0.495526,
        "main_score": 0.30869,
        "hf_subset": "ko",
        "languages": [
          "kor-Hang"
        ]
      }
    ],
    "test": [
      {
        "ndcg_at_1": 0.21,
        "ndcg_at_3": 0.25839,
        "ndcg_at_5": 0.27496,
        "ndcg_at_10": 0.29422,
        "ndcg_at_20": 0.31017,
        "ndcg_at_100": 0.33265,
        "ndcg_at_1000": 0.36357,
        "map_at_1": 0.21,
        "map_at_3": 0.24583,
        "map_at_5": 0.25508,
        "map_at_10": 0.26295,
        "map_at_20": 0.26708,
        "map_at_100": 0.26991,
        "map_at_1000": 0.27095,
        "recall_at_1": 0.21,
        "recall_at_3": 0.295,
        "recall_at_5": 0.335,
        "recall_at_10": 0.395,
        "recall_at_20": 0.46,
        "recall_at_100": 0.585,
        "recall_at_1000": 0.835,
        "precision_at_1": 0.21,
        "precision_at_3": 0.09833,
        "precision_at_5": 0.067,
        "precision_at_10": 0.0395,
        "precision_at_20": 0.023,
        "precision_at_100": 0.00585,
        "precision_at_1000": 0.00084,
        "mrr_at_1": 0.21,
        "mrr_at_3": 0.245833,
        "mrr_at_5": 0.255083,
        "mrr_at_10": 0.262946,
        "mrr_at_20": 0.267079,
        "mrr_at_100": 0.269907,
        "mrr_at_1000": 0.270948,
        "nauc_ndcg_at_1_max": 0.589022,
        "nauc_ndcg_at_1_std": -0.060446,
        "nauc_ndcg_at_1_diff1": 0.64376,
        "nauc_ndcg_at_3_max": 0.558407,
        "nauc_ndcg_at_3_std": -0.038878,
        "nauc_ndcg_at_3_diff1": 0.594187,
        "nauc_ndcg_at_5_max": 0.554646,
        "nauc_ndcg_at_5_std": -0.03271,
        "nauc_ndcg_at_5_diff1": 0.600103,
        "nauc_ndcg_at_10_max": 0.549571,
        "nauc_ndcg_at_10_std": -0.009903,
        "nauc_ndcg_at_10_diff1": 0.585586,
        "nauc_ndcg_at_20_max": 0.533402,
        "nauc_ndcg_at_20_std": -0.029245,
        "nauc_ndcg_at_20_diff1": 0.574334,
        "nauc_ndcg_at_100_max": 0.549284,
        "nauc_ndcg_at_100_std": 0.014019,
        "nauc_ndcg_at_100_diff1": 0.580248,
        "nauc_ndcg_at_1000_max": 0.552726,
        "nauc_ndcg_at_1000_std": 0.015366,
        "nauc_ndcg_at_1000_diff1": 0.569991,
        "nauc_map_at_1_max": 0.589022,
        "nauc_map_at_1_std": -0.060446,