{
  "dataset_revision": "d67138e705d963e346253a80e59676ddb418810a",
  "evaluation_time": 374.64185643196106,
  "kg_co2_emissions": null,
  "mteb_version": "1.20.1",
  "scores": {
    "dev": [
      {
        "hf_subset": "ko",
        "languages": [
          "kor-Hang"
        ],
        "main_score": 0.30869,
        "map_at_1": 0.225,
        "map_at_10": 0.27839,
        "map_at_100": 0.28562,
        "map_at_1000": 0.28656,
        "map_at_20": 0.28249,
        "map_at_3": 0.25917,
        "map_at_5": 0.27217,
        "mrr_at_1": 0.225,
        "mrr_at_10": 0.2783948412698413,
        "mrr_at_100": 0.2856210546112084,
        "mrr_at_1000": 0.2865550826753487,
        "mrr_at_20": 0.28249013486513497,
        "mrr_at_3": 0.2591666666666667,
        "mrr_at_5": 0.2721666666666667,
        "nauc_map_at_1000_diff1": 0.4955255586619396,
        "nauc_map_at_1000_max": 0.44504849728519563,
        "nauc_map_at_1000_std": -0.038992619454156975,
        "nauc_map_at_100_diff1": 0.49560258641813304,
        "nauc_map_at_100_max": 0.4450275819616694,
        "nauc_map_at_100_std": -0.038660364252145515,
        "nauc_map_at_10_diff1": 0.4962892380511699,
        "nauc_map_at_10_max": 0.4440807062760643,
        "nauc_map_at_10_std": -0.04468313245045792,
        "nauc_map_at_1_diff1": 0.5586960705076397,
        "nauc_map_at_1_max": 0.4705538236539276,
        "nauc_map_at_1_std": -0.058784589924181264,
        "nauc_map_at_20_diff1": 0.4974509233090044,
        "nauc_map_at_20_max": 0.4436478366100422,
        "nauc_map_at_20_std": -0.04357356693958735,
        "nauc_map_at_3_diff1": 0.5062583328599041,
        "nauc_map_at_3_max": 0.43715739329406483,
        "nauc_map_at_3_std": -0.05578045127686905,
        "nauc_map_at_5_diff1": 0.5039749240776535,
        "nauc_map_at_5_max": 0.44506965120497405,
        "nauc_map_at_5_std": -0.04750545663729009,
        "nauc_mrr_at_1000_diff1": 0.4955255586619396,
        "nauc_mrr_at_1000_max": 0.44504849728519563,
        "nauc_mrr_at_1000_std": -0.038992619454156975,
        "nauc_mrr_at_100_diff1": 0.49560258641813304,
        "nauc_mrr_at_100_max": 0.4450275819616694,
        "nauc_mrr_at_100_std": -0.038660364252145515,
        "nauc_mrr_at_10_diff1": 0.4962892380511699,
        "nauc_mrr_at_10_max": 0.4440807062760643,
        "nauc_mrr_at_10_std": -0.04468313245045792,
        "nauc_mrr_at_1_diff1": 0.5586960705076397,
        "nauc_mrr_at_1_max": 0.4705538236539276,
        "nauc_mrr_at_1_std": -0.058784589924181264,
        "nauc_mrr_at_20_diff1": 0.4974509233090044,
        "nauc_mrr_at_20_max": 0.4436478366100422,
        "nauc_mrr_at_20_std": -0.04357356693958735,
        "nauc_mrr_at_3_diff1": 0.5062583328599041,
        "nauc_mrr_at_3_max": 0.43715739329406483,
        "nauc_mrr_at_3_std": -0.05578045127686905,
        "nauc_mrr_at_5_diff1": 0.5039749240776535,
        "nauc_mrr_at_5_max": 0.44506965120497405,
        "nauc_mrr_at_5_std": -0.04750545663729009,
        "nauc_ndcg_at_1000_diff1": 0.4660598275346212,
        "nauc_ndcg_at_1000_max": 0.45280397565939245,
        "nauc_ndcg_at_1000_std": 0.008694053070665663,
        "nauc_ndcg_at_100_diff1": 0.4651022132533749,
        "nauc_ndcg_at_100_max": 0.44752944736864253,
        "nauc_ndcg_at_100_std": 0.014536279874750873,
        "nauc_ndcg_at_10_diff1": 0.46973038934283456,
        "nauc_ndcg_at_10_max": 0.43947463568381123,
        "nauc_ndcg_at_10_std": -0.030194439183616174,
        "nauc_ndcg_at_1_diff1": 0.5586960705076397,
        "nauc_ndcg_at_1_max": 0.4705538236539276,
        "nauc_ndcg_at_1_std": -0.058784589924181264,
        "nauc_ndcg_at_20_diff1": 0.47711457240048044,
        "nauc_ndcg_at_20_max": 0.441598930338093,
        "nauc_ndcg_at_20_std": -0.022550640444449096,
        "nauc_ndcg_at_3_diff1": 0.4908716670181991,
        "nauc_ndcg_at_3_max": 0.4258518504997637,
        "nauc_ndcg_at_3_std": -0.05437443315310704,
        "nauc_ndcg_at_5_diff1": 0.4859565184409851,
        "nauc_ndcg_at_5_max": 0.4390595623034592,
        "nauc_ndcg_at_5_std": -0.040078077863090804,
        "nauc_precision_at_1000_diff1": 0.26713983690727916,
        "nauc_precision_at_1000_max": 0.6180240947682804,
        "nauc_precision_at_1000_std": 0.5043625625020973,
        "nauc_precision_at_100_diff1": 0.3595962428150849,
        "nauc_precision_at_100_max": 0.47169198757443165,
        "nauc_precision_at_100_std": 0.27103824330207266,
        "nauc_precision_at_10_diff1": 0.3953074527553725,
        "nauc_precision_at_10_max": 0.4309367686028743,
        "nauc_precision_at_10_std": 0.015925517579321397,
        "nauc_precision_at_1_diff1": 0.5586960705076397,
        "nauc_precision_at_1_max": 0.4705538236539276,
        "nauc_precision_at_1_std": -0.058784589924181264,
        "nauc_precision_at_20_diff1": 0.4278371209877518,
        "nauc_precision_at_20_max": 0.4460086480936678,
        "nauc_precision_at_20_std": 0.052184729598988976,
        "nauc_precision_at_3_diff1": 0.44962159757930276,
        "nauc_precision_at_3_max": 0.39509525767082015,
        "nauc_precision_at_3_std": -0.050449163336410925,
        "nauc_precision_at_5_diff1": 0.43724741510523296,
        "nauc_precision_at_5_max": 0.42402771217131174,
        "nauc_precision_at_5_std": -0.018671600272922646,
        "nauc_recall_at_1000_diff1": 0.267139836907279,
        "nauc_recall_at_1000_max": 0.6180240947682816,
        "nauc_recall_at_1000_std": 0.5043625625020984,
        "nauc_recall_at_100_diff1": 0.3595962428150849,
        "nauc_recall_at_100_max": 0.47169198757443176,
        "nauc_recall_at_100_std": 0.2710382433020728,
        "nauc_recall_at_10_diff1": 0.39530745275537255,
        "nauc_recall_at_10_max": 0.4309367686028742,
        "nauc_recall_at_10_std": 0.015925517579321348,
        "nauc_recall_at_1_diff1": 0.5586960705076397,
        "nauc_recall_at_1_max": 0.4705538236539276,
        "nauc_recall_at_1_std": -0.058784589924181264,
        "nauc_recall_at_20_diff1": 0.4278371209877519,
        "nauc_recall_at_20_max": 0.44600864809366825,
        "nauc_recall_at_20_std": 0.05218472959898892,
        "nauc_recall_at_3_diff1": 0.4496215975793028,
        "nauc_recall_at_3_max": 0.3950952576708202,
        "nauc_recall_at_3_std": -0.05044916333641102,
        "nauc_recall_at_5_diff1": 0.4372474151052326,
        "nauc_recall_at_5_max": 0.42402771217131147,
        "nauc_recall_at_5_std": -0.018671600272923,
        "ndcg_at_1": 0.225,
        "ndcg_at_10": 0.30869,
        "ndcg_at_100": 0.34748,
        "ndcg_at_1000": 0.37894,
        "ndcg_at_20": 0.32377,
        "ndcg_at_3": 0.27089,
        "ndcg_at_5": 0.29392,
        "precision_at_1": 0.225,
        "precision_at_10": 0.0405,
        "precision_at_100": 0.00595,
        "precision_at_1000": 0.00086,
        "precision_at_20": 0.02325,
        "precision_at_3": 0.10167,
        "precision_at_5": 0.072,
        "recall_at_1": 0.225,
        "recall_at_10": 0.405,
        "recall_at_100": 0.595,
        "recall_at_1000": 0.855,
        "recall_at_20": 0.465,
        "recall_at_3": 0.305,
        "recall_at_5": 0.36
      }
    ],
    "test": [
      {
        "hf_subset": "ko",
        "languages": [
          "kor-Hang"
        ],
        "main_score": 0.29422,
        "map_at_1": 0.21,
        "map_at_10": 0.26295,
        "map_at_100": 0.26991,
        "map_at_1000": 0.27095,
        "map_at_20": 0.26708,
        "map_at_3": 0.24583,
        "map_at_5": 0.25508,
        "mrr_at_1": 0.21,
        "mrr_at_10": 0.2629464285714287,
        "mrr_at_100": 0.2699074844783189,
        "mrr_at_1000": 0.27094814561293573,
        "mrr_at_20": 0.26707917877616033,
        "mrr_at_3": 0.24583333333333335,
        "mrr_at_5": 0.25508333333333333,
        "nauc_map_at_1000_diff1": 0.5993055629941758,
        "nauc_map_at_1000_max": 0.5573641723030943,
        "nauc_map_at_1000_std": -0.028809539494729766,
        "nauc_map_at_100_diff1": 0.599754447437361,
        "nauc_map_at_100_max": 0.5573981154342734,