{
  "dataset_revision": "main",
  "task_name": "PublicHealthQA",
  "mteb_version": "1.31.1",
  "scores": {
    "test": [
      {
        "ndcg_at_1": 0.71429,
        "ndcg_at_3": 0.80102,
        "ndcg_at_5": 0.82225,
        "ndcg_at_10": 0.83507,
        "ndcg_at_20": 0.83507,
        "ndcg_at_100": 0.84618,
        "ndcg_at_1000": 0.84618,
        "map_at_1": 0.71429,
        "map_at_3": 0.78139,
        "map_at_5": 0.79307,
        "map_at_10": 0.79848,
        "map_at_20": 0.79848,
        "map_at_100": 0.8006,
        "map_at_1000": 0.8006,
        "recall_at_1": 0.71429,
        "recall_at_3": 0.85714,
        "recall_at_5": 0.90909,
        "recall_at_10": 0.94805,
        "recall_at_20": 0.94805,
        "recall_at_100": 1.0,
        "recall_at_1000": 1.0,
        "precision_at_1": 0.71429,
        "precision_at_3": 0.28571,
        "precision_at_5": 0.18182,
        "precision_at_10": 0.09481,
        "precision_at_20": 0.0474,
        "precision_at_100": 0.01,
        "precision_at_1000": 0.001,
        "mrr_at_1": 0.714286,
        "mrr_at_3": 0.781385,
        "mrr_at_5": 0.793074,
        "mrr_at_10": 0.798485,
        "mrr_at_20": 0.798485,
        "mrr_at_100": 0.8006,
        "mrr_at_1000": 0.8006,
        "nauc_ndcg_at_1_max": 0.322842,
        "nauc_ndcg_at_1_std": -0.208828,
        "nauc_ndcg_at_1_diff1": 0.757717,
        "nauc_ndcg_at_3_max": 0.357972,
        "nauc_ndcg_at_3_std": -0.336482,
        "nauc_ndcg_at_3_diff1": 0.823185,
        "nauc_ndcg_at_5_max": 0.323155,
        "nauc_ndcg_at_5_std": -0.333281,
        "nauc_ndcg_at_5_diff1": 0.803061,
        "nauc_ndcg_at_10_max": 0.325608,
        "nauc_ndcg_at_10_std": -0.281794,
        "nauc_ndcg_at_10_diff1": 0.803544,
        "nauc_ndcg_at_20_max": 0.325608,
        "nauc_ndcg_at_20_std": -0.281794,
        "nauc_ndcg_at_20_diff1": 0.803544,
        "nauc_ndcg_at_100_max": 0.333797,
        "nauc_ndcg_at_100_std": -0.286245,
        "nauc_ndcg_at_100_diff1": 0.795602,
        "nauc_ndcg_at_1000_max": 0.333797,
        "nauc_ndcg_at_1000_std": -0.286245,
        "nauc_ndcg_at_1000_diff1": 0.795602,
        "nauc_map_at_1_max": 0.322842,
        "nauc_map_at_1_std": -0.208828,
        "nauc_map_at_1_diff1": 0.757717,
        "nauc_map_at_3_max": 0.349102,
        "nauc_map_at_3_std": -0.297705,
        "nauc_map_at_3_diff1": 0.803621,
        "nauc_map_at_5_max": 0.331067,
        "nauc_map_at_5_std": -0.297779,
        "nauc_map_at_5_diff1": 0.792366,
        "nauc_map_at_10_max": 0.333004,
        "nauc_map_at_10_std": -0.279433,
        "nauc_map_at_10_diff1": 0.792659,
        "nauc_map_at_20_max": 0.333004,
        "nauc_map_at_20_std": -0.279433,
        "nauc_map_at_20_diff1": 0.792659,
        "nauc_map_at_100_max": 0.334497,
        "nauc_map_at_100_std": -0.279875,
        "nauc_map_at_100_diff1": 0.791327,
        "nauc_map_at_1000_max": 0.334497,
        "nauc_map_at_1000_std": -0.279875,
        "nauc_map_at_1000_diff1": 0.791327,
        "nauc_recall_at_1_max": 0.322842,
        "nauc_recall_at_1_std": -0.208828,
        "nauc_recall_at_1_diff1": 0.757717,
        "nauc_recall_at_3_max": 0.393486,
        "nauc_recall_at_3_std": -0.49641,
        "nauc_recall_at_3_diff1": 0.903679,
        "nauc_recall_at_5_max": 0.266603,
        "nauc_recall_at_5_std": -0.532571,
        "nauc_recall_at_5_diff1": 0.861385,
        "nauc_recall_at_10_max": 0.230778,
        "nauc_recall_at_10_std": -0.219142,
        "nauc_recall_at_10_diff1": 0.901535,
        "nauc_recall_at_20_max": 0.230778,
        "nauc_recall_at_20_std": -0.219142,
        "nauc_recall_at_20_diff1": 0.901535,
        "nauc_recall_at_100_max": NaN,
        "nauc_recall_at_100_std": NaN,
        "nauc_recall_at_100_diff1": NaN,
        "nauc_recall_at_1000_max": NaN,
        "nauc_recall_at_1000_std": NaN,
        "nauc_recall_at_1000_diff1": NaN,
        "nauc_precision_at_1_max": 0.322842,
        "nauc_precision_at_1_std": -0.208828,
        "nauc_precision_at_1_diff1": 0.757717,
        "nauc_precision_at_3_max": 0.393486,
        "nauc_precision_at_3_std": -0.49641,
        "nauc_precision_at_3_diff1": 0.903679,
        "nauc_precision_at_5_max": 0.266603,
        "nauc_precision_at_5_std": -0.532571,
        "nauc_precision_at_5_diff1": 0.861385,
        "nauc_precision_at_10_max": 0.230778,
        "nauc_precision_at_10_std": -0.219142,
        "nauc_precision_at_10_diff1": 0.901535,
        "nauc_precision_at_20_max": 0.230778,
        "nauc_precision_at_20_std": -0.219142,
        "nauc_precision_at_20_diff1": 0.901535,
        "nauc_precision_at_100_max": 1.0,
        "nauc_precision_at_100_std": 1.0,
        "nauc_precision_at_100_diff1": 1.0,
        "nauc_precision_at_1000_max": NaN,
        "nauc_precision_at_1000_std": NaN,
        "nauc_precision_at_1000_diff1": NaN,
        "nauc_mrr_at_1_max": 0.322842,
        "nauc_mrr_at_1_std": -0.208828,
        "nauc_mrr_at_1_diff1": 0.757717,
        "nauc_mrr_at_3_max": 0.349102,
        "nauc_mrr_at_3_std": -0.297705,
        "nauc_mrr_at_3_diff1": 0.803621,
        "nauc_mrr_at_5_max": 0.331067,
        "nauc_mrr_at_5_std": -0.297779,
        "nauc_mrr_at_5_diff1": 0.792366,
        "nauc_mrr_at_10_max": 0.333004,
        "nauc_mrr_at_10_std": -0.279433,
        "nauc_mrr_at_10_diff1": 0.792659,
        "nauc_mrr_at_20_max": 0.333004,
        "nauc_mrr_at_20_std": -0.279433,
        "nauc_mrr_at_20_diff1": 0.792659,
        "nauc_mrr_at_100_max": 0.334497,
        "nauc_mrr_at_100_std": -0.279875,
        "nauc_mrr_at_100_diff1": 0.791327,
        "nauc_mrr_at_1000_max": 0.334497,
        "nauc_mrr_at_1000_std": -0.279875,
        "nauc_mrr_at_1000_diff1": 0.791327,
        "main_score": 0.83507,
        "hf_subset": "korean",
        "languages": [
          "kor-Hang"
        ]
      }
    ]
  },
  "evaluation_time": 2.0581371784210205,
  "kg_co2_emissions": null
}