{
  "dataset_revision": "c99d599f0a6ab9b85b065da6f9d94f9cf731679f",
  "task_name": "XPQARetrieval",
  "mteb_version": "1.31.1",
  "scores": {
    "test": [
      {
        "ndcg_at_1": 0.2737,
        "ndcg_at_3": 0.29952,
        "ndcg_at_5": 0.33097,
        "ndcg_at_10": 0.35066,
        "ndcg_at_20": 0.37492,
        "ndcg_at_100": 0.42797,
        "ndcg_at_1000": 0.45666,
        "map_at_1": 0.19131,
        "map_at_3": 0.27156,
        "map_at_5": 0.29427,
        "map_at_10": 0.30408,
        "map_at_20": 0.31213,
        "map_at_100": 0.3202,
        "map_at_1000": 0.32145,
        "recall_at_1": 0.19131,
        "recall_at_3": 0.31814,
        "recall_at_5": 0.39422,
        "recall_at_10": 0.4476,
        "recall_at_20": 0.53259,
        "recall_at_100": 0.79307,
        "recall_at_1000": 1.0,
        "precision_at_1": 0.2737,
        "precision_at_3": 0.16718,
        "precision_at_5": 0.12416,
        "precision_at_10": 0.07125,
        "precision_at_20": 0.04228,
        "precision_at_100": 0.01258,
        "precision_at_1000": 0.00156,
        "mrr_at_1": 0.275229,
        "mrr_at_3": 0.32212,
        "mrr_at_5": 0.338863,
        "mrr_at_10": 0.345453,
        "mrr_at_20": 0.351072,
        "mrr_at_100": 0.357012,
        "mrr_at_1000": 0.357864,
        "nauc_ndcg_at_1_max": 0.184783,
        "nauc_ndcg_at_1_std": -0.318073,
        "nauc_ndcg_at_1_diff1": 0.460626,
        "nauc_ndcg_at_3_max": 0.150138,
        "nauc_ndcg_at_3_std": -0.323716,
        "nauc_ndcg_at_3_diff1": 0.413719,
        "nauc_ndcg_at_5_max": 0.16104,
        "nauc_ndcg_at_5_std": -0.330828,
        "nauc_ndcg_at_5_diff1": 0.416174,
        "nauc_ndcg_at_10_max": 0.154276,
        "nauc_ndcg_at_10_std": -0.325962,
        "nauc_ndcg_at_10_diff1": 0.408036,
        "nauc_ndcg_at_20_max": 0.15213,
        "nauc_ndcg_at_20_std": -0.312444,
        "nauc_ndcg_at_20_diff1": 0.399366,
        "nauc_ndcg_at_100_max": 0.188112,
        "nauc_ndcg_at_100_std": -0.258342,
        "nauc_ndcg_at_100_diff1": 0.400554,
        "nauc_ndcg_at_1000_max": 0.173069,
        "nauc_ndcg_at_1000_std": -0.292668,
        "nauc_ndcg_at_1000_diff1": 0.409352,
        "nauc_map_at_1_max": 0.140124,
        "nauc_map_at_1_std": -0.293345,
        "nauc_map_at_1_diff1": 0.477706,
        "nauc_map_at_3_max": 0.161749,
        "nauc_map_at_3_std": -0.315381,
        "nauc_map_at_3_diff1": 0.415832,
        "nauc_map_at_5_max": 0.165414,
        "nauc_map_at_5_std": -0.325488,
        "nauc_map_at_5_diff1": 0.416345,
        "nauc_map_at_10_max": 0.161035,
        "nauc_map_at_10_std": -0.325038,
        "nauc_map_at_10_diff1": 0.412994,
        "nauc_map_at_20_max": 0.160193,
        "nauc_map_at_20_std": -0.321545,
        "nauc_map_at_20_diff1": 0.410407,
        "nauc_map_at_100_max": 0.165677,
        "nauc_map_at_100_std": -0.312885,
        "nauc_map_at_100_diff1": 0.410213,
        "nauc_map_at_1000_max": 0.165132,
        "nauc_map_at_1000_std": -0.314152,
        "nauc_map_at_1000_diff1": 0.410627,
        "nauc_recall_at_1_max": 0.140124,
        "nauc_recall_at_1_std": -0.293345,
        "nauc_recall_at_1_diff1": 0.477706,
        "nauc_recall_at_3_max": 0.135917,
        "nauc_recall_at_3_std": -0.311944,
        "nauc_recall_at_3_diff1": 0.384936,
        "nauc_recall_at_5_max": 0.153861,
        "nauc_recall_at_5_std": -0.324931,
        "nauc_recall_at_5_diff1": 0.384463,
        "nauc_recall_at_10_max": 0.13294,
        "nauc_recall_at_10_std": -0.312821,
        "nauc_recall_at_10_diff1": 0.359171,
        "nauc_recall_at_20_max": 0.120061,
        "nauc_recall_at_20_std": -0.263779,
        "nauc_recall_at_20_diff1": 0.324225,
        "nauc_recall_at_100_max": 0.334533,
        "nauc_recall_at_100_std": 0.124955,
        "nauc_recall_at_100_diff1": 0.283225,
        "nauc_recall_at_1000_max": NaN,
        "nauc_recall_at_1000_std": NaN,
        "nauc_recall_at_1000_diff1": NaN,
        "nauc_precision_at_1_max": 0.184783,
        "nauc_precision_at_1_std": -0.318073,
        "nauc_precision_at_1_diff1": 0.460626,
        "nauc_precision_at_3_max": 0.152585,
        "nauc_precision_at_3_std": -0.298514,
        "nauc_precision_at_3_diff1": 0.285456,
        "nauc_precision_at_5_max": 0.150065,
        "nauc_precision_at_5_std": -0.301439,
        "nauc_precision_at_5_diff1": 0.266922,
        "nauc_precision_at_10_max": 0.121062,
        "nauc_precision_at_10_std": -0.27549,
        "nauc_precision_at_10_diff1": 0.234152,
        "nauc_precision_at_20_max": 0.110989,
        "nauc_precision_at_20_std": -0.215147,
        "nauc_precision_at_20_diff1": 0.192111,
        "nauc_precision_at_100_max": 0.219799,
        "nauc_precision_at_100_std": 0.085425,
        "nauc_precision_at_100_diff1": 0.093871,
        "nauc_precision_at_1000_max": 0.122016,
        "nauc_precision_at_1000_std": 0.042359,
        "nauc_precision_at_1000_diff1": 0.005599,
        "nauc_mrr_at_1_max": 0.180972,
        "nauc_mrr_at_1_std": -0.320578,
        "nauc_mrr_at_1_diff1": 0.454817,
        "nauc_mrr_at_3_max": 0.153088,
        "nauc_mrr_at_3_std": -0.329797,
        "nauc_mrr_at_3_diff1": 0.436511,
        "nauc_mrr_at_5_max": 0.159774,
        "nauc_mrr_at_5_std": -0.328449,
        "nauc_mrr_at_5_diff1": 0.436372,
        "nauc_mrr_at_10_max": 0.160993,
        "nauc_mrr_at_10_std": -0.323072,
        "nauc_mrr_at_10_diff1": 0.433798,
        "nauc_mrr_at_20_max": 0.160933,
        "nauc_mrr_at_20_std": -0.319363,
        "nauc_mrr_at_20_diff1": 0.431399,
        "nauc_mrr_at_100_max": 0.165058,
        "nauc_mrr_at_100_std": -0.313951,
        "nauc_mrr_at_100_diff1": 0.432156,
        "nauc_mrr_at_1000_max": 0.164416,
        "nauc_mrr_at_1000_std": -0.315121,
        "nauc_mrr_at_1000_diff1": 0.432337,
        "main_score": 0.35066,
        "hf_subset": "kor-kor",
        "languages": [
          "kor-Hang",
          "kor-Hang"
        ]
      },
      {
        "ndcg_at_1": 0.30122,
        "ndcg_at_3": 0.32016,
        "ndcg_at_5": 0.33264,
        "ndcg_at_10": 0.36361,
        "ndcg_at_20": 0.3902,
        "ndcg_at_100": 0.4461,
        "ndcg_at_1000": 0.4742,
        "map_at_1": 0.17026,
        "map_at_3": 0.26604,
        "map_at_5": 0.28779,
        "map_at_10": 0.30569,
        "map_at_20": 0.31535,
        "map_at_100": 0.32461,
        "map_at_1000": 0.32611,
        "recall_at_1": 0.17026,
        "recall_at_3": 0.31914,
        "recall_at_5": 0.37551,
        "recall_at_10": 0.45178,
        "recall_at_20": 0.53833,
        "recall_at_100": 0.80499,
        "recall_at_1000": 0.99554,
        "precision_at_1": 0.30122,
        "precision_at_3": 0.21203,
        "precision_at_5": 0.15382,
        "precision_at_10": 0.0945,
        "precision_at_20": 0.05627,
        "precision_at_100": 0.01602,
        "precision_at_1000": 0.00194,
        "mrr_at_1": 0.301223,
        "mrr_at_3": 0.359582,
        "mrr_at_5": 0.371509,
        "mrr_at_10": 0.380238,
        "mrr_at_20": 0.385643,
        "mrr_at_100": 0.391169,
        "mrr_at_1000": 0.391868,
        "nauc_ndcg_at_1_max": 0.091223,
        "nauc_ndcg_at_1_std": -0.397301,
        "nauc_ndcg_at_1_diff1": 0.410396,
        "nauc_ndcg_at_3_max": 0.068113,
        "nauc_ndcg_at_3_std": -0.402128,
        "nauc_ndcg_at_3_diff1": 0.381601,
        "nauc_ndcg_at_5_max": 0.070074,
        "nauc_ndcg_at_5_std": -0.395661,
        "nauc_ndcg_at_5_diff1": 0.368659,
        "nauc_ndcg_at_10_max": 0.070992,
        "nauc_ndcg_at_10_std": -0.403363,
        "nauc_ndcg_at_10_diff1": 0.357251,
        "nauc_ndcg_at_20_max": 0.084513,
        "nauc_ndcg_at_20_std": -0.388626,
        "nauc_ndcg_at_20_diff1": 0.357317,
        "nauc_ndcg_at_100_max": 0.087998,
        "nauc_ndcg_at_100_std": -0.371861,
        "nauc_ndcg_at_100_diff1": 0.365764,
        "nauc_ndcg_at_1000_max": 0.091037,
        "nauc_ndcg_at_1000_std": -0.373733,
        "nauc_ndcg_at_1000_diff1": 0.362878,
        "nauc_map_at_1_max": 0.063013,