{
  "dataset_revision": "fd7df84ac089bbec763b1c6bb1b56e985df5cc5c",
  "evaluation_time": 119.05822992324829,
  "kg_co2_emissions": null,
  "mteb_version": "1.20.1",
  "scores": {
    "test": [
      {
        "hf_subset": "default",
        "languages": [
          "kor-Hang"
        ],
        "main_score": 0.76535,
        "map_at_1": 0.58772,
        "map_at_10": 0.71412,
        "map_at_100": 0.71727,
        "map_at_1000": 0.71731,
        "map_at_20": 0.71588,
        "map_at_3": 0.69298,
        "map_at_5": 0.70614,
        "mrr_at_1": 0.5877192982456141,
        "mrr_at_10": 0.7141186299081036,
        "mrr_at_100": 0.7172715798404293,
        "mrr_at_1000": 0.7173069505252058,
        "mrr_at_20": 0.7158782372598161,
        "mrr_at_3": 0.6929824561403509,
        "mrr_at_5": 0.706140350877193,
        "nauc_map_at_1000_diff1": 0.6871804548539637,
        "nauc_map_at_1000_max": 0.1420323864306385,
        "nauc_map_at_1000_std": -0.4359167933175919,
        "nauc_map_at_100_diff1": 0.6869888986630723,
        "nauc_map_at_100_max": 0.14202935472851613,
        "nauc_map_at_100_std": -0.4361190145277671,
        "nauc_map_at_10_diff1": 0.6821625682937265,
        "nauc_map_at_10_max": 0.14282670462128133,
        "nauc_map_at_10_std": -0.44046306719237877,
        "nauc_map_at_1_diff1": 0.7565205727235682,
        "nauc_map_at_1_max": 0.14499014445168806,
        "nauc_map_at_1_std": -0.4021330787124016,
        "nauc_map_at_20_diff1": 0.683899005732777,
        "nauc_map_at_20_max": 0.14037491725835372,
        "nauc_map_at_20_std": -0.43770795307708554,
        "nauc_map_at_3_diff1": 0.6857726824218638,
        "nauc_map_at_3_max": 0.11412180292020804,
        "nauc_map_at_3_std": -0.44606450164059286,
        "nauc_map_at_5_diff1": 0.6882116080015668,
        "nauc_map_at_5_max": 0.13770668919721318,
        "nauc_map_at_5_std": -0.43159780499446615,
        "nauc_mrr_at_1000_diff1": 0.6871804548539637,
        "nauc_mrr_at_1000_max": 0.1420323864306385,
        "nauc_mrr_at_1000_std": -0.4359167933175919,
        "nauc_mrr_at_100_diff1": 0.6869888986630723,
        "nauc_mrr_at_100_max": 0.14202935472851613,
        "nauc_mrr_at_100_std": -0.4361190145277671,
        "nauc_mrr_at_10_diff1": 0.6821625682937265,
        "nauc_mrr_at_10_max": 0.14282670462128133,
        "nauc_mrr_at_10_std": -0.44046306719237877,
        "nauc_mrr_at_1_diff1": 0.7565205727235682,
        "nauc_mrr_at_1_max": 0.14499014445168806,
        "nauc_mrr_at_1_std": -0.4021330787124016,
        "nauc_mrr_at_20_diff1": 0.683899005732777,
        "nauc_mrr_at_20_max": 0.14037491725835372,
        "nauc_mrr_at_20_std": -0.43770795307708554,
        "nauc_mrr_at_3_diff1": 0.6857726824218638,
        "nauc_mrr_at_3_max": 0.11412180292020804,
        "nauc_mrr_at_3_std": -0.44606450164059286,
        "nauc_mrr_at_5_diff1": 0.6882116080015668,
        "nauc_mrr_at_5_max": 0.13770668919721318,
        "nauc_mrr_at_5_std": -0.43159780499446615,
        "nauc_ndcg_at_1000_diff1": 0.6725739924867542,
        "nauc_ndcg_at_1000_max": 0.14475508849337584,
        "nauc_ndcg_at_1000_std": -0.4473199404587193,
        "nauc_ndcg_at_100_diff1": 0.6650462445483546,
        "nauc_ndcg_at_100_max": 0.14461796408541713,
        "nauc_ndcg_at_100_std": -0.4552912559815156,
        "nauc_ndcg_at_10_diff1": 0.6424956614815897,
        "nauc_ndcg_at_10_max": 0.15106663392054379,
        "nauc_ndcg_at_10_std": -0.4748615636013759,
        "nauc_ndcg_at_1_diff1": 0.7565205727235682,
        "nauc_ndcg_at_1_max": 0.14499014445168806,
        "nauc_ndcg_at_1_std": -0.4021330787124016,
        "nauc_ndcg_at_20_diff1": 0.6488798602618329,
        "nauc_ndcg_at_20_max": 0.14049065208385828,
        "nauc_ndcg_at_20_std": -0.46283163692940793,
        "nauc_ndcg_at_3_diff1": 0.6574451317211064,
        "nauc_ndcg_at_3_max": 0.09375508448638213,
        "nauc_ndcg_at_3_std": -0.4739113630902631,
        "nauc_ndcg_at_5_diff1": 0.6595895244317779,
        "nauc_ndcg_at_5_max": 0.13802228056251378,
        "nauc_ndcg_at_5_std": -0.4481832149672461,
        "nauc_precision_at_1000_diff1": 1.0,
        "nauc_precision_at_1000_max": 1.0,
        "nauc_precision_at_1000_std": 1.0,
        "nauc_precision_at_100_diff1": -0.5637901180614636,
        "nauc_precision_at_100_max": 0.12223365206034731,
        "nauc_precision_at_100_std": -1.7565359911142433,
        "nauc_precision_at_10_diff1": 0.29489340133999126,
        "nauc_precision_at_10_max": 0.2401706780084637,
        "nauc_precision_at_10_std": -0.7962881634526331,
        "nauc_precision_at_1_diff1": 0.7565205727235682,
        "nauc_precision_at_1_max": 0.14499014445168806,
        "nauc_precision_at_1_std": -0.4021330787124016,
        "nauc_precision_at_20_diff1": 0.21143457644733152,
        "nauc_precision_at_20_max": 0.1353309980220975,
        "nauc_precision_at_20_std": -0.7794901519427275,
        "nauc_precision_at_3_diff1": 0.538958335146876,
        "nauc_precision_at_3_max": 0.0048859242585519765,
        "nauc_precision_at_3_std": -0.5951020938202185,
        "nauc_precision_at_5_diff1": 0.5045809293735882,
        "nauc_precision_at_5_max": 0.14478965602215157,
        "nauc_precision_at_5_std": -0.538854179166969,
        "nauc_recall_at_1000_diff1": NaN,
        "nauc_recall_at_1000_max": NaN,
        "nauc_recall_at_1000_std": NaN,
        "nauc_recall_at_100_diff1": -0.5637901180615443,
        "nauc_recall_at_100_max": 0.12223365206031499,
        "nauc_recall_at_100_std": -1.756535991114336,
        "nauc_recall_at_10_diff1": 0.2948934013399936,
        "nauc_recall_at_10_max": 0.24017067800846637,
        "nauc_recall_at_10_std": -0.7962881634526358,
        "nauc_recall_at_1_diff1": 0.7565205727235682,
        "nauc_recall_at_1_max": 0.14499014445168806,
        "nauc_recall_at_1_std": -0.4021330787124016,
        "nauc_recall_at_20_diff1": 0.21143457644733485,
        "nauc_recall_at_20_max": 0.13533099802210283,
        "nauc_recall_at_20_std": -0.7794901519427204,
        "nauc_recall_at_3_diff1": 0.5389583351468771,
        "nauc_recall_at_3_max": 0.004885924258552919,
        "nauc_recall_at_3_std": -0.5951020938202172,
        "nauc_recall_at_5_diff1": 0.5045809293735892,
        "nauc_recall_at_5_max": 0.14478965602215235,
        "nauc_recall_at_5_std": -0.5388541791669698,
        "ndcg_at_1": 0.58772,
        "ndcg_at_10": 0.76535,
        "ndcg_at_100": 0.78048,
        "ndcg_at_1000": 0.78158,
        "ndcg_at_20": 0.77193,
        "ndcg_at_3": 0.72472,
        "ndcg_at_5": 0.74739,
        "precision_at_1": 0.58772,
        "precision_at_10": 0.09211,
        "precision_at_100": 0.00991,
        "precision_at_1000": 0.001,
        "precision_at_20": 0.04737,
        "precision_at_3": 0.27193,
        "precision_at_5": 0.17368,
        "recall_at_1": 0.58772,
        "recall_at_10": 0.92105,
        "recall_at_100": 0.99123,
        "recall_at_1000": 1.0,
        "recall_at_20": 0.94737,
        "recall_at_3": 0.81579,
        "recall_at_5": 0.86842
      }
    ]
  },
  "task_name": "AutoRAGRetrieval"
}