{
  "dataset_revision": "fd7df84ac089bbec763b1c6bb1b56e985df5cc5c",
  "task_name": "AutoRAGRetrieval",
  "mteb_version": "1.31.1",
  "scores": {
    "test": [
      {
        "ndcg_at_1": 0.59649,
        "ndcg_at_3": 0.72681,
        "ndcg_at_5": 0.7491,
        "ndcg_at_10": 0.76736,
        "ndcg_at_20": 0.77568,
        "ndcg_at_100": 0.78222,
        "ndcg_at_1000": 0.78332,
        "map_at_1": 0.59649,
        "map_at_3": 0.69591,
        "map_at_5": 0.70863,
        "map_at_10": 0.71691,
        "map_at_20": 0.71891,
        "map_at_100": 0.71986,
        "map_at_1000": 0.71989,
        "recall_at_1": 0.59649,
        "recall_at_3": 0.81579,
        "recall_at_5": 0.86842,
        "recall_at_10": 0.92105,
        "recall_at_20": 0.95614,
        "recall_at_100": 0.99123,
        "recall_at_1000": 1.0,
        "precision_at_1": 0.59649,
        "precision_at_3": 0.27193,
        "precision_at_5": 0.17368,
        "precision_at_10": 0.09211,
        "precision_at_20": 0.04781,
        "precision_at_100": 0.00991,
        "precision_at_1000": 0.001,
        "mrr_at_1": 0.596491,
        "mrr_at_3": 0.695906,
        "mrr_at_5": 0.708626,
        "mrr_at_10": 0.71691,
        "mrr_at_20": 0.718907,
        "mrr_at_100": 0.719859,
        "mrr_at_1000": 0.719895,
        "nauc_ndcg_at_1_max": 0.126772,
        "nauc_ndcg_at_1_std": -0.409126,
        "nauc_ndcg_at_1_diff1": 0.732279,
        "nauc_ndcg_at_3_max": 0.095264,
        "nauc_ndcg_at_3_std": -0.468528,
        "nauc_ndcg_at_3_diff1": 0.645932,
        "nauc_ndcg_at_5_max": 0.140167,
        "nauc_ndcg_at_5_std": -0.44056,
        "nauc_ndcg_at_5_diff1": 0.653185,
        "nauc_ndcg_at_10_max": 0.148763,
        "nauc_ndcg_at_10_std": -0.472196,
        "nauc_ndcg_at_10_diff1": 0.635334,
        "nauc_ndcg_at_20_max": 0.142261,
        "nauc_ndcg_at_20_std": -0.474265,
        "nauc_ndcg_at_20_diff1": 0.658409,
        "nauc_ndcg_at_100_max": 0.143022,
        "nauc_ndcg_at_100_std": -0.452801,
        "nauc_ndcg_at_100_diff1": 0.654142,
        "nauc_ndcg_at_1000_max": 0.143149,
        "nauc_ndcg_at_1000_std": -0.444807,
        "nauc_ndcg_at_1000_diff1": 0.66161,
        "nauc_map_at_1_max": 0.126772,
        "nauc_map_at_1_std": -0.409126,
        "nauc_map_at_1_diff1": 0.732279,
        "nauc_map_at_3_max": 0.112146,
        "nauc_map_at_3_std": -0.443075,
        "nauc_map_at_3_diff1": 0.672319,
        "nauc_map_at_5_max": 0.136123,
        "nauc_map_at_5_std": -0.426749,
        "nauc_map_at_5_diff1": 0.676585,
        "nauc_map_at_10_max": 0.139343,
        "nauc_map_at_10_std": -0.43808,
        "nauc_map_at_10_diff1": 0.670009,
        "nauc_map_at_20_max": 0.137996,
        "nauc_map_at_20_std": -0.437821,
        "nauc_map_at_20_diff1": 0.674549,
        "nauc_map_at_100_max": 0.139037,
        "nauc_map_at_100_std": -0.433959,
        "nauc_map_at_100_diff1": 0.674221,
        "nauc_map_at_1000_max": 0.139039,
        "nauc_map_at_1000_std": -0.433755,
        "nauc_map_at_1000_diff1": 0.674411,
        "nauc_recall_at_1_max": 0.126772,
        "nauc_recall_at_1_std": -0.409126,
        "nauc_recall_at_1_diff1": 0.732279,
        "nauc_recall_at_3_max": 0.019688,
        "nauc_recall_at_3_std": -0.580301,
        "nauc_recall_at_3_diff1": 0.534568,
        "nauc_recall_at_5_max": 0.164926,
        "nauc_recall_at_5_std": -0.518718,
        "nauc_recall_at_5_diff1": 0.527738,
        "nauc_recall_at_10_max": 0.240171,
        "nauc_recall_at_10_std": -0.796288,
        "nauc_recall_at_10_diff1": 0.332148,
        "nauc_recall_at_20_max": 0.196262,
        "nauc_recall_at_20_std": -1.109346,
        "nauc_recall_at_20_diff1": 0.516633,
        "nauc_recall_at_100_max": 0.122234,
        "nauc_recall_at_100_std": -1.756536,
        "nauc_recall_at_100_diff1": -0.56379,
        "nauc_recall_at_1000_max": NaN,
        "nauc_recall_at_1000_std": NaN,
        "nauc_recall_at_1000_diff1": NaN,
        "nauc_precision_at_1_max": 0.126772,
        "nauc_precision_at_1_std": -0.409126,
        "nauc_precision_at_1_diff1": 0.732279,
        "nauc_precision_at_3_max": 0.019688,
        "nauc_precision_at_3_std": -0.580301,
        "nauc_precision_at_3_diff1": 0.534568,
        "nauc_precision_at_5_max": 0.164926,
        "nauc_precision_at_5_std": -0.518718,
        "nauc_precision_at_5_diff1": 0.527738,
        "nauc_precision_at_10_max": 0.240171,
        "nauc_precision_at_10_std": -0.796288,
        "nauc_precision_at_10_diff1": 0.332148,
        "nauc_precision_at_20_max": 0.196262,
        "nauc_precision_at_20_std": -1.109346,
        "nauc_precision_at_20_diff1": 0.516633,
        "nauc_precision_at_100_max": 0.122234,
        "nauc_precision_at_100_std": -1.756536,
        "nauc_precision_at_100_diff1": -0.56379,
        "nauc_precision_at_1000_max": 1.0,
        "nauc_precision_at_1000_std": 1.0,
        "nauc_precision_at_1000_diff1": 1.0,
        "nauc_mrr_at_1_max": 0.126772,
        "nauc_mrr_at_1_std": -0.409126,
        "nauc_mrr_at_1_diff1": 0.732279,
        "nauc_mrr_at_3_max": 0.112146,
        "nauc_mrr_at_3_std": -0.443075,
        "nauc_mrr_at_3_diff1": 0.672319,
        "nauc_mrr_at_5_max": 0.136123,
        "nauc_mrr_at_5_std": -0.426749,
        "nauc_mrr_at_5_diff1": 0.676585,
        "nauc_mrr_at_10_max": 0.139343,
        "nauc_mrr_at_10_std": -0.43808,
        "nauc_mrr_at_10_diff1": 0.670009,
        "nauc_mrr_at_20_max": 0.137996,
        "nauc_mrr_at_20_std": -0.437821,
        "nauc_mrr_at_20_diff1": 0.674549,
        "nauc_mrr_at_100_max": 0.139037,
        "nauc_mrr_at_100_std": -0.433959,
        "nauc_mrr_at_100_diff1": 0.674221,
        "nauc_mrr_at_1000_max": 0.139039,
        "nauc_mrr_at_1000_std": -0.433755,
        "nauc_mrr_at_1000_diff1": 0.674411,
        "main_score": 0.76736,
        "hf_subset": "default",
        "languages": [
          "kor-Hang"
        ]
      }
    ]
  },
  "evaluation_time": 87.40745997428894,
  "kg_co2_emissions": null
}