{
  "dataset_revision": "75b399394a9803252cfec289d103de462763db7c",
  "task_name": "BelebeleRetrieval",
  "mteb_version": "1.31.1",
  "scores": {
    "test": [
      {
        "ndcg_at_1": 0.90889,
        "ndcg_at_3": 0.94079,
        "ndcg_at_5": 0.94687,
        "ndcg_at_10": 0.95031,
        "ndcg_at_20": 0.95149,
        "ndcg_at_100": 0.95268,
        "ndcg_at_1000": 0.95298,
        "map_at_1": 0.90889,
        "map_at_3": 0.93333,
        "map_at_5": 0.93678,
        "map_at_10": 0.93833,
        "map_at_20": 0.93867,
        "map_at_100": 0.93882,
        "map_at_1000": 0.93883,
        "recall_at_1": 0.90889,
        "recall_at_3": 0.96222,
        "recall_at_5": 0.97667,
        "recall_at_10": 0.98667,
        "recall_at_20": 0.99111,
        "recall_at_100": 0.99778,
        "recall_at_1000": 1.0,
        "precision_at_1": 0.90889,
        "precision_at_3": 0.32074,
        "precision_at_5": 0.19533,
        "precision_at_10": 0.09867,
        "precision_at_20": 0.04956,
        "precision_at_100": 0.00998,
        "precision_at_1000": 0.001,
        "mrr_at_1": 0.908889,
        "mrr_at_3": 0.933333,
        "mrr_at_5": 0.936778,
        "mrr_at_10": 0.938325,
        "mrr_at_20": 0.938672,
        "mrr_at_100": 0.938819,
        "mrr_at_1000": 0.938832,
        "nauc_ndcg_at_1_max": 0.71884,
        "nauc_ndcg_at_1_std": -0.052282,
        "nauc_ndcg_at_1_diff1": 0.911696,
        "nauc_ndcg_at_3_max": 0.74905,
        "nauc_ndcg_at_3_std": -0.012166,
        "nauc_ndcg_at_3_diff1": 0.910504,
        "nauc_ndcg_at_5_max": 0.755489,
        "nauc_ndcg_at_5_std": -0.001923,
        "nauc_ndcg_at_5_diff1": 0.914804,
        "nauc_ndcg_at_10_max": 0.746529,
        "nauc_ndcg_at_10_std": -0.020559,
        "nauc_ndcg_at_10_diff1": 0.911781,
        "nauc_ndcg_at_20_max": 0.748653,
        "nauc_ndcg_at_20_std": -0.007897,
        "nauc_ndcg_at_20_diff1": 0.915308,
        "nauc_ndcg_at_100_max": 0.745919,
        "nauc_ndcg_at_100_std": -0.010347,
        "nauc_ndcg_at_100_diff1": 0.914215,
        "nauc_ndcg_at_1000_max": 0.744313,
        "nauc_ndcg_at_1000_std": -0.016733,
        "nauc_ndcg_at_1000_diff1": 0.913672,
        "nauc_map_at_1_max": 0.71884,
        "nauc_map_at_1_std": -0.052282,
        "nauc_map_at_1_diff1": 0.911696,
        "nauc_map_at_3_max": 0.741224,
        "nauc_map_at_3_std": -0.020792,
        "nauc_map_at_3_diff1": 0.911265,
        "nauc_map_at_5_max": 0.743952,
        "nauc_map_at_5_std": -0.017185,
        "nauc_map_at_5_diff1": 0.913465,
        "nauc_map_at_10_max": 0.740436,
        "nauc_map_at_10_std": -0.024011,
        "nauc_map_at_10_diff1": 0.912274,
        "nauc_map_at_20_max": 0.741065,
        "nauc_map_at_20_std": -0.021103,
        "nauc_map_at_20_diff1": 0.913191,
        "nauc_map_at_100_max": 0.740712,
        "nauc_map_at_100_std": -0.021778,
        "nauc_map_at_100_diff1": 0.913065,
        "nauc_map_at_1000_max": 0.740657,
        "nauc_map_at_1000_std": -0.021995,
        "nauc_map_at_1000_diff1": 0.913047,
        "nauc_recall_at_1_max": 0.71884,
        "nauc_recall_at_1_std": -0.052282,
        "nauc_recall_at_1_diff1": 0.911696,
        "nauc_recall_at_3_max": 0.787348,
        "nauc_recall_at_3_std": 0.028409,
        "nauc_recall_at_3_diff1": 0.906355,
        "nauc_recall_at_5_max": 0.84496,
        "nauc_recall_at_5_std": 0.118025,
        "nauc_recall_at_5_diff1": 0.925859,
        "nauc_recall_at_10_max": 0.814854,
        "nauc_recall_at_10_std": -0.000428,
        "nauc_recall_at_10_diff1": 0.902933,
        "nauc_recall_at_20_max": 0.885037,
        "nauc_recall_at_20_std": 0.273576,
        "nauc_recall_at_20_diff1": 0.96732,
        "nauc_recall_at_100_max": 1.0,
        "nauc_recall_at_100_std": 1.0,
        "nauc_recall_at_100_diff1": 1.0,
        "nauc_recall_at_1000_max": NaN,
        "nauc_recall_at_1000_std": NaN,
        "nauc_recall_at_1000_diff1": NaN,
        "nauc_precision_at_1_max": 0.71884,
        "nauc_precision_at_1_std": -0.052282,
        "nauc_precision_at_1_diff1": 0.911696,
        "nauc_precision_at_3_max": 0.787348,
        "nauc_precision_at_3_std": 0.028409,
        "nauc_precision_at_3_diff1": 0.906355,
        "nauc_precision_at_5_max": 0.84496,
        "nauc_precision_at_5_std": 0.118025,
        "nauc_precision_at_5_diff1": 0.925859,
        "nauc_precision_at_10_max": 0.814854,
        "nauc_precision_at_10_std": -0.000428,
        "nauc_precision_at_10_diff1": 0.902933,
        "nauc_precision_at_20_max": 0.885037,
        "nauc_precision_at_20_std": 0.273576,
        "nauc_precision_at_20_diff1": 0.96732,
        "nauc_precision_at_100_max": 1.0,
        "nauc_precision_at_100_std": 1.0,
        "nauc_precision_at_100_diff1": 1.0,
        "nauc_precision_at_1000_max": NaN,
        "nauc_precision_at_1000_std": NaN,
        "nauc_precision_at_1000_diff1": NaN,
        "nauc_mrr_at_1_max": 0.71884,
        "nauc_mrr_at_1_std": -0.052282,
        "nauc_mrr_at_1_diff1": 0.911696,
        "nauc_mrr_at_3_max": 0.741224,
        "nauc_mrr_at_3_std": -0.020792,
        "nauc_mrr_at_3_diff1": 0.911265,
        "nauc_mrr_at_5_max": 0.743952,
        "nauc_mrr_at_5_std": -0.017185,
        "nauc_mrr_at_5_diff1": 0.913465,
        "nauc_mrr_at_10_max": 0.740436,
        "nauc_mrr_at_10_std": -0.024011,
        "nauc_mrr_at_10_diff1": 0.912274,
        "nauc_mrr_at_20_max": 0.741065,
        "nauc_mrr_at_20_std": -0.021103,
        "nauc_mrr_at_20_diff1": 0.913191,
        "nauc_mrr_at_100_max": 0.740712,
        "nauc_mrr_at_100_std": -0.021778,
        "nauc_mrr_at_100_diff1": 0.913065,
        "nauc_mrr_at_1000_max": 0.740657,
        "nauc_mrr_at_1000_std": -0.021995,
        "nauc_mrr_at_1000_diff1": 0.913047,
        "main_score": 0.95031,
        "hf_subset": "kor_Hang-kor_Hang",
        "languages": [
          "kor-Hang",
          "kor-Hang"
        ]
      },
      {
        "ndcg_at_1": 0.90889,
        "ndcg_at_3": 0.9478,
        "ndcg_at_5": 0.9501,
        "ndcg_at_10": 0.95403,
        "ndcg_at_20": 0.95481,
        "ndcg_at_100": 0.9556,
        "ndcg_at_1000": 0.95576,
        "map_at_1": 0.90889,
        "map_at_3": 0.93889,
        "map_at_5": 0.94017,
        "map_at_10": 0.94178,
        "map_at_20": 0.94196,
        "map_at_100": 0.94205,
        "map_at_1000": 0.94206,
        "recall_at_1": 0.90889,
        "recall_at_3": 0.97333,
        "recall_at_5": 0.97889,
        "recall_at_10": 0.99111,
        "recall_at_20": 0.99444,
        "recall_at_100": 0.99889,
        "recall_at_1000": 1.0,
        "precision_at_1": 0.90889,
        "precision_at_3": 0.32444,
        "precision_at_5": 0.19578,
        "precision_at_10": 0.09911,
        "precision_at_20": 0.04972,
        "precision_at_100": 0.00999,
        "precision_at_1000": 0.001,
        "mrr_at_1": 0.908889,
        "mrr_at_3": 0.938889,
        "mrr_at_5": 0.940167,
        "mrr_at_10": 0.941777,
        "mrr_at_20": 0.94196,
        "mrr_at_100": 0.942052,
        "mrr_at_1000": 0.942062,
        "nauc_ndcg_at_1_max": 0.683257,
        "nauc_ndcg_at_1_std": -0.109039,
        "nauc_ndcg_at_1_diff1": 0.915881,
        "nauc_ndcg_at_3_max": 0.71692,
        "nauc_ndcg_at_3_std": -0.10064,
        "nauc_ndcg_at_3_diff1": 0.91677,
        "nauc_ndcg_at_5_max": 0.722525,
        "nauc_ndcg_at_5_std": -0.101463,
        "nauc_ndcg_at_5_diff1": 0.919111,
        "nauc_ndcg_at_10_max": 0.709523,
        "nauc_ndcg_at_10_std": -0.09865,
        "nauc_ndcg_at_10_diff1": 0.916313,
        "nauc_ndcg_at_20_max": 0.71141,
        "nauc_ndcg_at_20_std": -0.100724,
        "nauc_ndcg_at_20_diff1": 0.917496,
        "nauc_ndcg_at_100_max": 0.71021,
        "nauc_ndcg_at_100_std": -0.09621,
        "nauc_ndcg_at_100_diff1": 0.917181,
        "nauc_ndcg_at_1000_max": 0.709139,
        "nauc_ndcg_at_1000_std": -0.100262,
        "nauc_ndcg_at_1000_diff1": 0.916875,
        "nauc_map_at_1_max": 0.683257,
        "nauc_map_at_1_std": -0.109039,