{
  "dataset_revision": "d243889a3eb6654029dbd7e7f9319ae31d58f97c",
  "evaluation_time": 1484.8957543373108,
  "kg_co2_emissions": null,
  "mteb_version": "1.20.1",
  "scores": {
    "dev": [
      {
        "hf_subset": "default",
        "languages": [
          "kor-Hang"
        ],
        "main_score": 0.79072,
        "map_at_1": 0.4751,
        "map_at_10": 0.74355,
        "map_at_100": 0.74902,
        "map_at_1000": 0.74932,
        "map_at_20": 0.7475,
        "map_at_3": 0.69864,
        "map_at_5": 0.73103,
        "mrr_at_1": 0.7280405405405406,
        "mrr_at_10": 0.7977303196053193,
        "mrr_at_100": 0.7993979797532479,
        "mrr_at_1000": 0.7995630295310928,
        "mrr_at_20": 0.798864165188178,
        "mrr_at_3": 0.7916666666666664,
        "mrr_at_5": 0.795636261261261,
        "nauc_map_at_1000_diff1": 0.6256649071324872,
        "nauc_map_at_1000_max": 0.5735375619379824,
        "nauc_map_at_1000_std": 0.22083743098839143,
        "nauc_map_at_100_diff1": 0.6258479659620486,
        "nauc_map_at_100_max": 0.5740550390532451,
        "nauc_map_at_100_std": 0.22152263331314953,
        "nauc_map_at_10_diff1": 0.6217411286741686,
        "nauc_map_at_10_max": 0.5702714855001783,
        "nauc_map_at_10_std": 0.21405796044522293,
        "nauc_map_at_1_diff1": 0.6002554239795219,
        "nauc_map_at_1_max": 0.234901175002455,
        "nauc_map_at_1_std": 0.034169324518353,
        "nauc_map_at_20_diff1": 0.6260613170820447,
        "nauc_map_at_20_max": 0.5737386933721409,
        "nauc_map_at_20_std": 0.21992702151623847,
        "nauc_map_at_3_diff1": 0.6090197689169069,
        "nauc_map_at_3_max": 0.49284382384621306,
        "nauc_map_at_3_std": 0.138624455301081,
        "nauc_map_at_5_diff1": 0.6185927547856056,
        "nauc_map_at_5_max": 0.5615815304157588,
        "nauc_map_at_5_std": 0.20245448375917285,
        "nauc_mrr_at_1000_diff1": 0.6668721433088087,
        "nauc_mrr_at_1000_max": 0.6446490938197565,
        "nauc_mrr_at_1000_std": 0.31776904035044184,
        "nauc_mrr_at_100_diff1": 0.6669711329326476,
        "nauc_mrr_at_100_max": 0.6448963717970834,
        "nauc_mrr_at_100_std": 0.31813572678586155,
        "nauc_mrr_at_10_diff1": 0.6665297306611556,
        "nauc_mrr_at_10_max": 0.6461626693027981,
        "nauc_mrr_at_10_std": 0.3196263666901991,
        "nauc_mrr_at_1_diff1": 0.6575720836305169,
        "nauc_mrr_at_1_max": 0.5533847493305769,
        "nauc_mrr_at_1_std": 0.21355645302950124,
        "nauc_mrr_at_20_diff1": 0.6667875799287543,
        "nauc_mrr_at_20_max": 0.6455155944464043,
        "nauc_mrr_at_20_std": 0.31852476694902354,
        "nauc_mrr_at_3_diff1": 0.664813000551536,
        "nauc_mrr_at_3_max": 0.643043305388793,
        "nauc_mrr_at_3_std": 0.3097808850229901,
        "nauc_mrr_at_5_diff1": 0.665857829582622,
        "nauc_mrr_at_5_max": 0.6450324247131991,
        "nauc_mrr_at_5_std": 0.31935362969536607,
        "nauc_ndcg_at_1000_diff1": 0.6452554189620043,
        "nauc_ndcg_at_1000_max": 0.6337749441549703,
        "nauc_ndcg_at_1000_std": 0.303874650663312,
        "nauc_ndcg_at_100_diff1": 0.6491652007587659,
        "nauc_ndcg_at_100_max": 0.6441858281974558,
        "nauc_ndcg_at_100_std": 0.31742026395480366,
        "nauc_ndcg_at_10_diff1": 0.6391422675672194,
        "nauc_ndcg_at_10_max": 0.6366084275304457,
        "nauc_ndcg_at_10_std": 0.2931836617472829,
        "nauc_ndcg_at_1_diff1": 0.6575720836305169,
        "nauc_ndcg_at_1_max": 0.5533847493305769,
        "nauc_ndcg_at_1_std": 0.21355645302950124,
        "nauc_ndcg_at_20_diff1": 0.6492444931741755,
        "nauc_ndcg_at_20_max": 0.6459156570602925,
        "nauc_ndcg_at_20_std": 0.3088994793914235,
        "nauc_ndcg_at_3_diff1": 0.6159064468715444,
        "nauc_ndcg_at_3_max": 0.549490455209115,
        "nauc_ndcg_at_3_std": 0.19277974263365644,
        "nauc_ndcg_at_5_diff1": 0.632330726369529,
        "nauc_ndcg_at_5_max": 0.6188063762925213,
        "nauc_ndcg_at_5_std": 0.269801271967624,
        "nauc_precision_at_1000_diff1": -0.29138047819005797,
        "nauc_precision_at_1000_max": 0.101601813226311,
        "nauc_precision_at_1000_std": 0.1763922980088165,
        "nauc_precision_at_100_diff1": -0.18031829366040822,
        "nauc_precision_at_100_max": 0.2170414669213159,
        "nauc_precision_at_100_std": 0.25866935327202856,
        "nauc_precision_at_10_diff1": -0.0938064195201447,
        "nauc_precision_at_10_max": 0.30520467264375906,
        "nauc_precision_at_10_std": 0.2559624998139914,
        "nauc_precision_at_1_diff1": 0.6575720836305169,
        "nauc_precision_at_1_max": 0.5533847493305769,
        "nauc_precision_at_1_std": 0.21355645302950124,
        "nauc_precision_at_20_diff1": -0.1260731942177778,
        "nauc_precision_at_20_max": 0.27243280987859214,
        "nauc_precision_at_20_std": 0.26381077730402147,
        "nauc_precision_at_3_diff1": 0.05273177364101314,
        "nauc_precision_at_3_max": 0.3895696620910321,
        "nauc_precision_at_3_std": 0.21741897358471318,
        "nauc_precision_at_5_diff1": -0.032521923578669315,
        "nauc_precision_at_5_max": 0.3683805962204715,
        "nauc_precision_at_5_std": 0.26718712482468526,
        "nauc_recall_at_1000_diff1": 0.7311646540840526,
        "nauc_recall_at_1000_max": 0.9428956332658632,
        "nauc_recall_at_1000_std": 0.8378377024188404,
        "nauc_recall_at_100_diff1": 0.7345940983451282,
        "nauc_recall_at_100_max": 0.9204853995815641,
        "nauc_recall_at_100_std": 0.7451243993738742,
        "nauc_recall_at_10_diff1": 0.6400880030997321,
        "nauc_recall_at_10_max": 0.7782417771679832,
        "nauc_recall_at_10_std": 0.46177014614662737,
        "nauc_recall_at_1_diff1": 0.6002554239795219,
        "nauc_recall_at_1_max": 0.234901175002455,
        "nauc_recall_at_1_std": 0.034169324518353,
        "nauc_recall_at_20_diff1": 0.7061094411625372,
        "nauc_recall_at_20_max": 0.8660046059800297,
        "nauc_recall_at_20_std": 0.5751746991889914,
        "nauc_recall_at_3_diff1": 0.5739425851828479,
        "nauc_recall_at_3_max": 0.5294684112762419,
        "nauc_recall_at_3_std": 0.18366776112042058,
        "nauc_recall_at_5_diff1": 0.6126662940491471,
        "nauc_recall_at_5_max": 0.6963000057908852,
        "nauc_recall_at_5_std": 0.362227933418644,
        "ndcg_at_1": 0.72804,
        "ndcg_at_10": 0.79072,
        "ndcg_at_100": 0.80673,
        "ndcg_at_1000": 0.81307,
        "ndcg_at_20": 0.79961,
        "ndcg_at_3": 0.7428,
        "ndcg_at_5": 0.77321,
        "precision_at_1": 0.72804,
        "precision_at_10": 0.16014,
        "precision_at_100": 0.01736,
        "precision_at_1000": 0.00183,
        "precision_at_20": 0.08336,
        "precision_at_3": 0.44651,
        "precision_at_5": 0.29932,
        "recall_at_1": 0.4751,
        "recall_at_10": 0.86162,
        "recall_at_100": 0.91864,
        "recall_at_1000": 0.95721,
        "recall_at_20": 0.88824,
        "recall_at_3": 0.75862,
        "recall_at_5": 0.82077
      }
    ]
  },
  "task_name": "Ko-StrategyQA"
}