{
  "dataset_revision": "d243889a3eb6654029dbd7e7f9319ae31d58f97c",
  "task_name": "Ko-StrategyQA",
  "mteb_version": "1.31.1",
  "scores": {
    "dev": [
      {
        "ndcg_at_1": 0.72297,
        "ndcg_at_3": 0.74053,
        "ndcg_at_5": 0.77273,
        "ndcg_at_10": 0.78957,
        "ndcg_at_20": 0.79823,
        "ndcg_at_100": 0.80537,
        "ndcg_at_1000": 0.81172,
        "map_at_1": 0.47172,
        "map_at_3": 0.69611,
        "map_at_5": 0.72996,
        "map_at_10": 0.74202,
        "map_at_20": 0.7458,
        "map_at_100": 0.74733,
        "map_at_1000": 0.74764,
        "recall_at_1": 0.47172,
        "recall_at_3": 0.75721,
        "recall_at_5": 0.82302,
        "recall_at_10": 0.86219,
        "recall_at_20": 0.88824,
        "recall_at_100": 0.91864,
        "recall_at_1000": 0.95721,
        "precision_at_1": 0.72297,
        "precision_at_3": 0.44538,
        "precision_at_5": 0.3,
        "precision_at_10": 0.1603,
        "precision_at_20": 0.08336,
        "precision_at_100": 0.01736,
        "precision_at_1000": 0.00183,
        "mrr_at_1": 0.722973,
        "mrr_at_3": 0.789133,
        "mrr_at_5": 0.79344,
        "mrr_at_10": 0.795312,
        "mrr_at_20": 0.796432,
        "mrr_at_100": 0.796977,
        "mrr_at_1000": 0.797144,
        "nauc_ndcg_at_1_max": 0.550637,
        "nauc_ndcg_at_1_std": 0.197514,
        "nauc_ndcg_at_1_diff1": 0.669994,
        "nauc_ndcg_at_3_max": 0.546682,
        "nauc_ndcg_at_3_std": 0.181437,
        "nauc_ndcg_at_3_diff1": 0.624032,
        "nauc_ndcg_at_5_max": 0.614388,
        "nauc_ndcg_at_5_std": 0.259914,
        "nauc_ndcg_at_5_diff1": 0.636182,
        "nauc_ndcg_at_10_max": 0.632876,
        "nauc_ndcg_at_10_std": 0.283699,
        "nauc_ndcg_at_10_diff1": 0.645562,
        "nauc_ndcg_at_20_max": 0.641817,
        "nauc_ndcg_at_20_std": 0.298519,
        "nauc_ndcg_at_20_diff1": 0.65375,
        "nauc_ndcg_at_100_max": 0.640072,
        "nauc_ndcg_at_100_std": 0.306825,
        "nauc_ndcg_at_100_diff1": 0.65439,
        "nauc_ndcg_at_1000_max": 0.629552,
        "nauc_ndcg_at_1000_std": 0.293065,
        "nauc_ndcg_at_1000_diff1": 0.650771,
        "nauc_map_at_1_max": 0.232358,
        "nauc_map_at_1_std": 0.023921,
        "nauc_map_at_1_diff1": 0.608545,
        "nauc_map_at_3_max": 0.489331,
        "nauc_map_at_3_std": 0.126434,
        "nauc_map_at_3_diff1": 0.616505,
        "nauc_map_at_5_max": 0.556707,
        "nauc_map_at_5_std": 0.191746,
        "nauc_map_at_5_diff1": 0.623276,
        "nauc_map_at_10_max": 0.565972,
        "nauc_map_at_10_std": 0.203607,
        "nauc_map_at_10_diff1": 0.628148,
        "nauc_map_at_20_max": 0.569305,
        "nauc_map_at_20_std": 0.209143,
        "nauc_map_at_20_diff1": 0.631366,
        "nauc_map_at_100_max": 0.569657,
        "nauc_map_at_100_std": 0.210739,
        "nauc_map_at_100_diff1": 0.631264,
        "nauc_map_at_1000_max": 0.569134,
        "nauc_map_at_1000_std": 0.210042,
        "nauc_map_at_1000_diff1": 0.63109,
        "nauc_recall_at_1_max": 0.232358,
        "nauc_recall_at_1_std": 0.023921,
        "nauc_recall_at_1_diff1": 0.608545,
        "nauc_recall_at_3_max": 0.526997,
        "nauc_recall_at_3_std": 0.174018,
        "nauc_recall_at_3_diff1": 0.579287,
        "nauc_recall_at_5_max": 0.69221,
        "nauc_recall_at_5_std": 0.358246,
        "nauc_recall_at_5_diff1": 0.607972,
        "nauc_recall_at_10_max": 0.776726,
        "nauc_recall_at_10_std": 0.460562,
        "nauc_recall_at_10_diff1": 0.643428,
        "nauc_recall_at_20_max": 0.86253,
        "nauc_recall_at_20_std": 0.570767,
        "nauc_recall_at_20_diff1": 0.700999,
        "nauc_recall_at_100_max": 0.917435,
        "nauc_recall_at_100_std": 0.741632,
        "nauc_recall_at_100_diff1": 0.73324,
        "nauc_recall_at_1000_max": 0.937096,
        "nauc_recall_at_1000_std": 0.834517,
        "nauc_recall_at_1000_diff1": 0.730737,
        "nauc_precision_at_1_max": 0.550637,
        "nauc_precision_at_1_std": 0.197514,
        "nauc_precision_at_1_diff1": 0.669994,
        "nauc_precision_at_3_max": 0.39162,
        "nauc_precision_at_3_std": 0.213497,
        "nauc_precision_at_3_diff1": 0.06149,
        "nauc_precision_at_5_max": 0.364788,
        "nauc_precision_at_5_std": 0.265931,
        "nauc_precision_at_5_diff1": -0.033959,
        "nauc_precision_at_10_max": 0.303619,
        "nauc_precision_at_10_std": 0.25633,
        "nauc_precision_at_10_diff1": -0.090067,
        "nauc_precision_at_20_max": 0.272504,
        "nauc_precision_at_20_std": 0.264462,
        "nauc_precision_at_20_diff1": -0.125511,
        "nauc_precision_at_100_max": 0.21766,
        "nauc_precision_at_100_std": 0.259869,
        "nauc_precision_at_100_diff1": -0.178681,
        "nauc_precision_at_1000_max": 0.102248,
        "nauc_precision_at_1000_std": 0.178056,
        "nauc_precision_at_1000_diff1": -0.289272,
        "nauc_mrr_at_1_max": 0.550637,
        "nauc_mrr_at_1_std": 0.197514,
        "nauc_mrr_at_1_diff1": 0.669994,
        "nauc_mrr_at_3_max": 0.640435,
        "nauc_mrr_at_3_std": 0.297563,
        "nauc_mrr_at_3_diff1": 0.674163,
        "nauc_mrr_at_5_max": 0.642061,
        "nauc_mrr_at_5_std": 0.306652,
        "nauc_mrr_at_5_diff1": 0.67448,
        "nauc_mrr_at_10_max": 0.64311,
        "nauc_mrr_at_10_std": 0.307,
        "nauc_mrr_at_10_diff1": 0.67511,
        "nauc_mrr_at_20_max": 0.642482,
        "nauc_mrr_at_20_std": 0.305876,
        "nauc_mrr_at_20_diff1": 0.675437,
        "nauc_mrr_at_100_max": 0.641847,
        "nauc_mrr_at_100_std": 0.305425,
        "nauc_mrr_at_100_diff1": 0.675769,
        "nauc_mrr_at_1000_max": 0.641597,
        "nauc_mrr_at_1000_std": 0.305052,
        "nauc_mrr_at_1000_diff1": 0.675669,
        "main_score": 0.78957,
        "hf_subset": "default",
        "languages": [
          "kor-Hang"
        ]
      }
    ]
  },
  "evaluation_time": 1092.8571827411652,
  "kg_co2_emissions": null
}