{
  "dataset_revision": "main",
  "evaluation_time": 226490.0695669651,
  "kg_co2_emissions": null,
  "mteb_version": "1.20.1",
  "scores": {
    "dev": [
      {
        "hf_subset": "ko",
        "languages": [
          "kor-Kore"
        ],
        "main_score": 0.70315,
        "map_at_1": 0.40696,
        "map_at_10": 0.6179,
        "map_at_100": 0.64309,
        "map_at_1000": 0.64353,
        "map_at_20": 0.6354,
        "map_at_3": 0.5396,
        "map_at_5": 0.5818,
        "mrr_at_1": 0.647887323943662,
        "mrr_at_10": 0.7541135703107532,
        "mrr_at_100": 0.756483656164785,
        "mrr_at_1000": 0.7565706179045278,
        "mrr_at_20": 0.7558957279027702,
        "mrr_at_3": 0.7394366197183099,
        "mrr_at_5": 0.7488262910798122,
        "nauc_map_at_1000_diff1": 0.42552998881302734,
        "nauc_map_at_1000_max": 0.43253852127285747,
        "nauc_map_at_1000_std": -0.048738283171735924,
        "nauc_map_at_100_diff1": 0.425107385005373,
        "nauc_map_at_100_max": 0.43288751763034894,
        "nauc_map_at_100_std": -0.04827078902742531,
        "nauc_map_at_10_diff1": 0.4223931151651558,
        "nauc_map_at_10_max": 0.41416943314831794,
        "nauc_map_at_10_std": -0.09765345839536647,
        "nauc_map_at_1_diff1": 0.5476774384667021,
        "nauc_map_at_1_max": 0.3508466130362578,
        "nauc_map_at_1_std": -0.2035097473946885,
        "nauc_map_at_20_diff1": 0.41952567372103966,
        "nauc_map_at_20_max": 0.4277687815742127,
        "nauc_map_at_20_std": -0.058148737142206766,
        "nauc_map_at_3_diff1": 0.4709814401670962,
        "nauc_map_at_3_max": 0.4046661811300015,
        "nauc_map_at_3_std": -0.18553573987315636,
        "nauc_map_at_5_diff1": 0.4558106421319416,
        "nauc_map_at_5_max": 0.3971314966952542,
        "nauc_map_at_5_std": -0.15454760317419264,
        "nauc_mrr_at_1000_diff1": 0.4714198679370516,
        "nauc_mrr_at_1000_max": 0.49974094019049387,
        "nauc_mrr_at_1000_std": 0.059360318840965084,
        "nauc_mrr_at_100_diff1": 0.4714650897451011,
        "nauc_mrr_at_100_max": 0.49982591467441995,
        "nauc_mrr_at_100_std": 0.05959962814788641,
        "nauc_mrr_at_10_diff1": 0.4679289815151978,
        "nauc_mrr_at_10_max": 0.5010831390131519,
        "nauc_mrr_at_10_std": 0.06168711909655768,
        "nauc_mrr_at_1_diff1": 0.5042396590385281,
        "nauc_mrr_at_1_max": 0.4699305141604478,
        "nauc_mrr_at_1_std": -0.0011007059701792971,
        "nauc_mrr_at_20_diff1": 0.4704854162022878,
        "nauc_mrr_at_20_max": 0.5008331396297026,
        "nauc_mrr_at_20_std": 0.060925795418258,
        "nauc_mrr_at_3_diff1": 0.4715046578891891,
        "nauc_mrr_at_3_max": 0.49816203311296314,
        "nauc_mrr_at_3_std": 0.056350371986931214,
        "nauc_mrr_at_5_diff1": 0.4723870570529245,
        "nauc_mrr_at_5_max": 0.4955394810752652,
        "nauc_mrr_at_5_std": 0.06356591587965502,
        "nauc_ndcg_at_1000_diff1": 0.4270525162587747,
        "nauc_ndcg_at_1000_max": 0.47117300959402636,
        "nauc_ndcg_at_1000_std": 0.03133906346076797,
        "nauc_ndcg_at_100_diff1": 0.4221656058478231,
        "nauc_ndcg_at_100_max": 0.4800851305303125,
        "nauc_ndcg_at_100_std": 0.04498541606625714,
        "nauc_ndcg_at_10_diff1": 0.3965948030560033,
        "nauc_ndcg_at_10_max": 0.4512772471953279,
        "nauc_ndcg_at_10_std": -0.030608424277932752,
        "nauc_ndcg_at_1_diff1": 0.5042396590385281,
        "nauc_ndcg_at_1_max": 0.4699305141604478,
        "nauc_ndcg_at_1_std": -0.0011007059701792971,
        "nauc_ndcg_at_20_diff1": 0.39626112547057285,
        "nauc_ndcg_at_20_max": 0.4760189355895963,
        "nauc_ndcg_at_20_std": 0.03248405807057921,
        "nauc_ndcg_at_3_diff1": 0.42166580498704165,
        "nauc_ndcg_at_3_max": 0.45149429818153103,
        "nauc_ndcg_at_3_std": -0.0408513220270249,
        "nauc_ndcg_at_5_diff1": 0.4269384493145147,
        "nauc_ndcg_at_5_max": 0.42644511900266857,
        "nauc_ndcg_at_5_std": -0.03984430540195149,
        "nauc_precision_at_1000_diff1": -0.24101868411855218,
        "nauc_precision_at_1000_max": -0.04746443318515683,
        "nauc_precision_at_1000_std": 0.41741552513094327,
        "nauc_precision_at_100_diff1": -0.23606184742838943,
        "nauc_precision_at_100_max": -0.017038071863325368,
        "nauc_precision_at_100_std": 0.4375692179815892,
        "nauc_precision_at_10_diff1": -0.23798899035846333,
        "nauc_precision_at_10_max": 0.04073411138282004,
        "nauc_precision_at_10_std": 0.40078496264694746,
        "nauc_precision_at_1_diff1": 0.5042396590385281,
        "nauc_precision_at_1_max": 0.4699305141604478,
        "nauc_precision_at_1_std": -0.0011007059701792971,
        "nauc_precision_at_20_diff1": -0.25405923535139,
        "nauc_precision_at_20_max": 0.023578697930631626,
        "nauc_precision_at_20_std": 0.4569720970184273,
        "nauc_precision_at_3_diff1": -0.052995738627394005,
        "nauc_precision_at_3_max": 0.18323842116419178,
        "nauc_precision_at_3_std": 0.2240819386079469,
        "nauc_precision_at_5_diff1": -0.14718211901562456,
        "nauc_precision_at_5_max": 0.0717424078506237,
        "nauc_precision_at_5_std": 0.32151182016566493,
        "nauc_recall_at_1000_diff1": 0.806368320522017,
        "nauc_recall_at_1000_max": -0.17087593368954954,
        "nauc_recall_at_1000_std": -1.1451833892298617,
        "nauc_recall_at_100_diff1": 0.2909290823307582,
        "nauc_recall_at_100_max": 0.6688047794752549,
        "nauc_recall_at_100_std": 0.43562146184686673,
        "nauc_recall_at_10_diff1": 0.20633514494858715,
        "nauc_recall_at_10_max": 0.4057250627983415,
        "nauc_recall_at_10_std": -0.05566438793011242,
        "nauc_recall_at_1_diff1": 0.5476774384667021,
        "nauc_recall_at_1_max": 0.3508466130362578,
        "nauc_recall_at_1_std": -0.2035097473946885,
        "nauc_recall_at_20_diff1": 0.16102371618571604,
        "nauc_recall_at_20_max": 0.5229582968117912,
        "nauc_recall_at_20_std": 0.17547160506393064,
        "nauc_recall_at_3_diff1": 0.3820991451441941,
        "nauc_recall_at_3_max": 0.37984007561200095,
        "nauc_recall_at_3_std": -0.19212144775977344,
        "nauc_recall_at_5_diff1": 0.35722728457669023,
        "nauc_recall_at_5_max": 0.35453563586445336,
        "nauc_recall_at_5_std": -0.15577293164732453,
        "ndcg_at_1": 0.64789,
        "ndcg_at_10": 0.70315,
        "ndcg_at_100": 0.75526,
        "ndcg_at_1000": 0.76135,
        "ndcg_at_20": 0.73133,
        "ndcg_at_3": 0.6588,
        "ndcg_at_5": 0.67139,
        "precision_at_1": 0.64789,
        "precision_at_10": 0.18638,
        "precision_at_100": 0.02474,
        "precision_at_1000": 0.00256,
        "precision_at_20": 0.10775,
        "precision_at_3": 0.40063,
        "precision_at_5": 0.29859,
        "recall_at_1": 0.40696,
        "recall_at_10": 0.79588,
        "recall_at_100": 0.95957,
        "recall_at_1000": 0.99804,
        "recall_at_20": 0.87194,
        "recall_at_3": 0.60968,
        "recall_at_5": 0.69135
      }
    ]
  },
  "task_name": "MIRACLRetrieval"
}