{
  "dataset_revision": "fc24a3ce8f09746410daee3d5cd823ff7a0675b7",
  "evaluation_time": 225582.5098335743,
  "kg_co2_emissions": null,
  "mteb_version": "1.20.1",
  "scores": {
    "test": [
      {
        "hf_subset": "korean",
        "languages": [
          "kor-Kore"
        ],
        "main_score": 0.47521,
        "map_at_1": 0.27633,
        "map_at_10": 0.40312,
        "map_at_100": 0.41514,
        "map_at_1000": 0.41546,
        "map_at_20": 0.41135,
        "map_at_3": 0.36012,
        "map_at_5": 0.38971,
        "mrr_at_1": 0.30403800475059384,
        "mrr_at_10": 0.42929155827018056,
        "mrr_at_100": 0.43882159362643647,
        "mrr_at_1000": 0.4390708750947643,
        "mrr_at_20": 0.43607832888459863,
        "mrr_at_3": 0.39034045922406985,
        "mrr_at_5": 0.4170625494853524,
        "nauc_map_at_1000_diff1": 0.3299997110422999,
        "nauc_map_at_1000_max": 0.261136550440722,
        "nauc_map_at_1000_std": 0.05180398576481644,
        "nauc_map_at_100_diff1": 0.32981208083213237,
        "nauc_map_at_100_max": 0.26113801470672554,
        "nauc_map_at_100_std": 0.051673677500214926,
        "nauc_map_at_10_diff1": 0.3274851176386591,
        "nauc_map_at_10_max": 0.2603323830317976,
        "nauc_map_at_10_std": 0.052308397860183264,
        "nauc_map_at_1_diff1": 0.41465785426818985,
        "nauc_map_at_1_max": 0.27030540018926097,
        "nauc_map_at_1_std": 0.0023165462854145853,
        "nauc_map_at_20_diff1": 0.32880687706482875,
        "nauc_map_at_20_max": 0.2629650012217612,
        "nauc_map_at_20_std": 0.05446051110700691,
        "nauc_map_at_3_diff1": 0.3428481637942387,
        "nauc_map_at_3_max": 0.26321278862175634,
        "nauc_map_at_3_std": 0.037101244696859936,
        "nauc_map_at_5_diff1": 0.33321956753870174,
        "nauc_map_at_5_max": 0.2629455113862495,
        "nauc_map_at_5_std": 0.05460387559470636,
        "nauc_mrr_at_1000_diff1": 0.3391131477393978,
        "nauc_mrr_at_1000_max": 0.2670718808327621,
        "nauc_mrr_at_1000_std": 0.05745966983171127,
        "nauc_mrr_at_100_diff1": 0.3390230568793171,
        "nauc_mrr_at_100_max": 0.2671436426531771,
        "nauc_mrr_at_100_std": 0.05736360861869989,
        "nauc_mrr_at_10_diff1": 0.3344011804166142,
        "nauc_mrr_at_10_max": 0.2657666006840405,
        "nauc_mrr_at_10_std": 0.057863489730523174,
        "nauc_mrr_at_1_diff1": 0.41442850939921844,
        "nauc_mrr_at_1_max": 0.27186743449287076,
        "nauc_mrr_at_1_std": 0.01296059900788334,
        "nauc_mrr_at_20_diff1": 0.338040888416676,
        "nauc_mrr_at_20_max": 0.26892076225670264,
        "nauc_mrr_at_20_std": 0.059408352473913524,
        "nauc_mrr_at_3_diff1": 0.34798351395796856,
        "nauc_mrr_at_3_max": 0.2721745101928153,
        "nauc_mrr_at_3_std": 0.054692191143277176,
        "nauc_mrr_at_5_diff1": 0.3376418122676429,
        "nauc_mrr_at_5_max": 0.2634763841561849,
        "nauc_mrr_at_5_std": 0.06183139175418699,
        "nauc_ndcg_at_1000_diff1": 0.31131009883990385,
        "nauc_ndcg_at_1000_max": 0.26439124461019764,
        "nauc_ndcg_at_1000_std": 0.07304740928882791,
        "nauc_ndcg_at_100_diff1": 0.3060948038438666,
        "nauc_ndcg_at_100_max": 0.2645714917339233,
        "nauc_ndcg_at_100_std": 0.07049845288026353,
        "nauc_ndcg_at_10_diff1": 0.2924432543443178,
        "nauc_ndcg_at_10_max": 0.2632135618758708,
        "nauc_ndcg_at_10_std": 0.07745730443694289,
        "nauc_ndcg_at_1_diff1": 0.41442850939921844,
        "nauc_ndcg_at_1_max": 0.27186743449287076,
        "nauc_ndcg_at_1_std": 0.01296059900788334,
        "nauc_ndcg_at_20_diff1": 0.2993053088686414,
        "nauc_ndcg_at_20_max": 0.2748616805397411,
        "nauc_ndcg_at_20_std": 0.08624189874787164,
        "nauc_ndcg_at_3_diff1": 0.3266546843467852,
        "nauc_ndcg_at_3_max": 0.26790901916180276,
        "nauc_ndcg_at_3_std": 0.05528896643741061,
        "nauc_ndcg_at_5_diff1": 0.3068610853041326,
        "nauc_ndcg_at_5_max": 0.2638375185069462,
        "nauc_ndcg_at_5_std": 0.08316288426103477,
        "nauc_precision_at_1000_diff1": -0.05523684016254207,
        "nauc_precision_at_1000_max": -0.00905274759700128,
        "nauc_precision_at_1000_std": 0.07357648643285562,
        "nauc_precision_at_100_diff1": -0.027874601394909285,
        "nauc_precision_at_100_max": 0.0446628567171925,
        "nauc_precision_at_100_std": 0.07016491966862602,
        "nauc_precision_at_10_diff1": 0.11500240615914001,
        "nauc_precision_at_10_max": 0.21040947801283377,
        "nauc_precision_at_10_std": 0.1464462638185187,
        "nauc_precision_at_1_diff1": 0.41442850939921844,
        "nauc_precision_at_1_max": 0.27186743449287076,
        "nauc_precision_at_1_std": 0.01296059900788334,
        "nauc_precision_at_20_diff1": 0.062028655994787185,
        "nauc_precision_at_20_max": 0.19068781355702719,
        "nauc_precision_at_20_std": 0.17273256146657345,
        "nauc_precision_at_3_diff1": 0.2602570091547143,
        "nauc_precision_at_3_max": 0.2657809243311167,
        "nauc_precision_at_3_std": 0.1105366063394043,
        "nauc_precision_at_5_diff1": 0.1944037995411402,
        "nauc_precision_at_5_max": 0.24159428718600895,
        "nauc_precision_at_5_std": 0.17169251233558955,
        "nauc_recall_at_1000_diff1": 0.02465665919311491,
        "nauc_recall_at_1000_max": 0.33345290954641715,
        "nauc_recall_at_1000_std": 0.5754950856097731,
        "nauc_recall_at_100_diff1": 0.09651938189716085,
        "nauc_recall_at_100_max": 0.27347112901513265,
        "nauc_recall_at_100_std": 0.17782919554033105,
        "nauc_recall_at_10_diff1": 0.13957480788444254,
        "nauc_recall_at_10_max": 0.25693549389031883,
        "nauc_recall_at_10_std": 0.1576834345452784,
        "nauc_recall_at_1_diff1": 0.41465785426818985,
        "nauc_recall_at_1_max": 0.27030540018926097,
        "nauc_recall_at_1_std": 0.0023165462854145853,
        "nauc_recall_at_20_diff1": 0.13755908199795955,
        "nauc_recall_at_20_max": 0.3302629769637712,
        "nauc_recall_at_20_std": 0.23341298688647236,
        "nauc_recall_at_3_diff1": 0.2669687987201209,
        "nauc_recall_at_3_max": 0.2635911241634212,
        "nauc_recall_at_3_std": 0.08708729704891159,
        "nauc_recall_at_5_diff1": 0.2075990915648664,
        "nauc_recall_at_5_max": 0.25456082319944046,
        "nauc_recall_at_5_std": 0.1620135372926199,
        "ndcg_at_1": 0.30404,
        "ndcg_at_10": 0.47521,
        "ndcg_at_100": 0.5268,
        "ndcg_at_1000": 0.5359,
        "ndcg_at_20": 0.50275,
        "ndcg_at_3": 0.39307,
        "ndcg_at_5": 0.44387,
        "precision_at_1": 0.30404,
        "precision_at_10": 0.07625,
        "precision_at_100": 0.01048,
        "precision_at_1000": 0.00113,
        "precision_at_20": 0.04442,
        "precision_at_3": 0.16865,
        "precision_at_5": 0.12922,
        "recall_at_1": 0.27633,
        "recall_at_10": 0.67181,
        "recall_at_100": 0.89667,
        "recall_at_1000": 0.96873,
        "recall_at_20": 0.77553,
        "recall_at_3": 0.45962,
        "recall_at_5": 0.57878
      }
    ]
  },
  "task_name": "MrTidyRetrieval"
}