{
  "dataset_revision": "d67138e705d963e346253a80e59676ddb418810a",
  "evaluation_time": 1957.7613937854767,
  "kg_co2_emissions": null,
  "mteb_version": "1.20.1",
  "scores": {
    "dev": [
      {
        "hf_subset": "ko",
        "languages": [
          "kor-Hang"
        ],
        "main_score": 0.31021,
        "map_at_1": 0.205,
        "map_at_10": 0.27098,
        "map_at_100": 0.27647,
        "map_at_1000": 0.27733,
        "map_at_20": 0.2736,
        "map_at_3": 0.24583,
        "map_at_5": 0.26408,
        "mrr_at_1": 0.205,
        "mrr_at_10": 0.2709781746031746,
        "mrr_at_100": 0.2764738908569317,
        "mrr_at_1000": 0.27733006788463876,
        "mrr_at_20": 0.2735993867243867,
        "mrr_at_3": 0.24583333333333332,
        "mrr_at_5": 0.26408333333333334,
        "nauc_map_at_1000_diff1": 0.39733314773068384,
        "nauc_map_at_1000_max": 0.26177504420530523,
        "nauc_map_at_1000_std": -0.044565445932742434,
        "nauc_map_at_100_diff1": 0.3973711015291718,
        "nauc_map_at_100_max": 0.26210930689594614,
        "nauc_map_at_100_std": -0.044480465313211245,
        "nauc_map_at_10_diff1": 0.4008119062964794,
        "nauc_map_at_10_max": 0.26615517939284056,
        "nauc_map_at_10_std": -0.048709690232786436,
        "nauc_map_at_1_diff1": 0.3974833515872953,
        "nauc_map_at_1_max": 0.2091824090433059,
        "nauc_map_at_1_std": -0.07337293243902232,
        "nauc_map_at_20_diff1": 0.39855645189686256,
        "nauc_map_at_20_max": 0.26309233062394216,
        "nauc_map_at_20_std": -0.0470281024793479,
        "nauc_map_at_3_diff1": 0.38411975469841636,
        "nauc_map_at_3_max": 0.23797842781734818,
        "nauc_map_at_3_std": -0.08279732915833832,
        "nauc_map_at_5_diff1": 0.3972286051496386,
        "nauc_map_at_5_max": 0.2603135968220476,
        "nauc_map_at_5_std": -0.06161473773449569,
        "nauc_mrr_at_1000_diff1": 0.39733314773068384,
        "nauc_mrr_at_1000_max": 0.26177504420530523,
        "nauc_mrr_at_1000_std": -0.044565445932742434,
        "nauc_mrr_at_100_diff1": 0.3973711015291718,
        "nauc_mrr_at_100_max": 0.26210930689594614,
        "nauc_mrr_at_100_std": -0.044480465313211245,
        "nauc_mrr_at_10_diff1": 0.4008119062964794,
        "nauc_mrr_at_10_max": 0.26615517939284056,
        "nauc_mrr_at_10_std": -0.048709690232786436,
        "nauc_mrr_at_1_diff1": 0.3974833515872953,
        "nauc_mrr_at_1_max": 0.2091824090433059,
        "nauc_mrr_at_1_std": -0.07337293243902232,
        "nauc_mrr_at_20_diff1": 0.39855645189686256,
        "nauc_mrr_at_20_max": 0.26309233062394216,
        "nauc_mrr_at_20_std": -0.0470281024793479,
        "nauc_mrr_at_3_diff1": 0.38411975469841636,
        "nauc_mrr_at_3_max": 0.23797842781734818,
        "nauc_mrr_at_3_std": -0.08279732915833832,
        "nauc_mrr_at_5_diff1": 0.3972286051496386,
        "nauc_mrr_at_5_max": 0.2603135968220476,
        "nauc_mrr_at_5_std": -0.06161473773449569,
        "nauc_ndcg_at_1000_diff1": 0.4013539559811185,
        "nauc_ndcg_at_1000_max": 0.28507892906757715,
        "nauc_ndcg_at_1000_std": 0.004858667645440177,
        "nauc_ndcg_at_100_diff1": 0.4007852359443604,
        "nauc_ndcg_at_100_max": 0.2907197959727122,
        "nauc_ndcg_at_100_std": 0.007853949474176185,
        "nauc_ndcg_at_10_diff1": 0.4149383023022595,
        "nauc_ndcg_at_10_max": 0.3045199903629755,
        "nauc_ndcg_at_10_std": -0.015284828398756922,
        "nauc_ndcg_at_1_diff1": 0.3974833515872953,
        "nauc_ndcg_at_1_max": 0.2091824090433059,
        "nauc_ndcg_at_1_std": -0.07337293243902232,
        "nauc_ndcg_at_20_diff1": 0.40616856971054405,
        "nauc_ndcg_at_20_max": 0.29242695558692794,
        "nauc_ndcg_at_20_std": -0.01101570303459534,
        "nauc_ndcg_at_3_diff1": 0.3840734360437966,
        "nauc_ndcg_at_3_max": 0.2527827522900115,
        "nauc_ndcg_at_3_std": -0.08424756880596201,
        "nauc_ndcg_at_5_diff1": 0.4059240405340309,
        "nauc_ndcg_at_5_max": 0.29096068689802457,
        "nauc_ndcg_at_5_std": -0.04612859569696686,
        "nauc_precision_at_1000_diff1": 0.4244877773067686,
        "nauc_precision_at_1000_max": 0.3884131694220722,
        "nauc_precision_at_1000_std": 0.353002684753426,
        "nauc_precision_at_100_diff1": 0.4059412515587299,
        "nauc_precision_at_100_max": 0.37999808156308357,
        "nauc_precision_at_100_std": 0.21763191098452753,
        "nauc_precision_at_10_diff1": 0.458027996534631,
        "nauc_precision_at_10_max": 0.4135774724952613,
        "nauc_precision_at_10_std": 0.08749405611031875,
        "nauc_precision_at_1_diff1": 0.3974833515872953,
        "nauc_precision_at_1_max": 0.2091824090433059,
        "nauc_precision_at_1_std": -0.07337293243902232,
        "nauc_precision_at_20_diff1": 0.425010732093914,
        "nauc_precision_at_20_max": 0.36834527622758645,
        "nauc_precision_at_20_std": 0.1013638014727735,
        "nauc_precision_at_3_diff1": 0.385060685909143,
        "nauc_precision_at_3_max": 0.293442147897053,
        "nauc_precision_at_3_std": -0.0876761441366157,
        "nauc_precision_at_5_diff1": 0.43126170920335316,
        "nauc_precision_at_5_max": 0.37529738945539676,
        "nauc_precision_at_5_std": -0.0007714298679494246,
        "nauc_recall_at_1000_diff1": 0.4244877773067688,
        "nauc_recall_at_1000_max": 0.38841316942207216,
        "nauc_recall_at_1000_std": 0.35300268475342617,
        "nauc_recall_at_100_diff1": 0.40594125155873034,
        "nauc_recall_at_100_max": 0.37999808156308335,
        "nauc_recall_at_100_std": 0.21763191098452705,
        "nauc_recall_at_10_diff1": 0.458027996534631,
        "nauc_recall_at_10_max": 0.413577472495261,
        "nauc_recall_at_10_std": 0.08749405611031859,
        "nauc_recall_at_1_diff1": 0.3974833515872953,
        "nauc_recall_at_1_max": 0.2091824090433059,
        "nauc_recall_at_1_std": -0.07337293243902232,
        "nauc_recall_at_20_diff1": 0.42501073209391427,
        "nauc_recall_at_20_max": 0.36834527622758656,
        "nauc_recall_at_20_std": 0.10136380147277349,
        "nauc_recall_at_3_diff1": 0.3850606859091431,
        "nauc_recall_at_3_max": 0.293442147897053,
        "nauc_recall_at_3_std": -0.08767614413661576,
        "nauc_recall_at_5_diff1": 0.4312617092033527,
        "nauc_recall_at_5_max": 0.3752973894553965,
        "nauc_recall_at_5_std": -0.0007714298679495149,
        "ndcg_at_1": 0.205,
        "ndcg_at_10": 0.31021,
        "ndcg_at_100": 0.34194,
        "ndcg_at_1000": 0.36992,
        "ndcg_at_20": 0.32013,
        "ndcg_at_3": 0.26089,
        "ndcg_at_5": 0.29381,
        "precision_at_1": 0.205,
        "precision_at_10": 0.0435,
        "precision_at_100": 0.00595,
        "precision_at_1000": 0.00083,
        "precision_at_20": 0.02375,
        "precision_at_3": 0.10167,
        "precision_at_5": 0.077,
        "recall_at_1": 0.205,
        "recall_at_10": 0.435,
        "recall_at_100": 0.595,
        "recall_at_1000": 0.825,
        "recall_at_20": 0.475,
        "recall_at_3": 0.305,
        "recall_at_5": 0.385
      }
    ],
    "test": [
      {
        "hf_subset": "ko",
        "languages": [
          "kor-Hang"
        ],
        "main_score": 0.28278,
        "map_at_1": 0.2,
        "map_at_10": 0.25367,
        "map_at_100": 0.26251,
        "map_at_1000": 0.26325,
        "map_at_20": 0.25857,
        "map_at_3": 0.23833,
        "map_at_5": 0.24833,
        "mrr_at_1": 0.2,
        "mrr_at_10": 0.253670634920635,
        "mrr_at_100": 0.2625110520095054,
        "mrr_at_1000": 0.26325325927271204,
        "mrr_at_20": 0.2585687943592357,
        "mrr_at_3": 0.23833333333333337,
        "mrr_at_5": 0.24833333333333335,
        "nauc_map_at_1000_diff1": 0.48846433045230764,
        "nauc_map_at_1000_max": 0.4184821449135949,
        "nauc_map_at_1000_std": 0.1649120543143561,
        "nauc_map_at_100_diff1": 0.48850419034873516,
        "nauc_map_at_100_max": 0.4187393743703572,