{
  "dataset_revision": "d67138e705d963e346253a80e59676ddb418810a",
  "task_name": "MultiLongDocRetrieval",
  "mteb_version": "1.31.1",
  "scores": {
    "dev": [
      {
        "ndcg_at_1": 0.205,
        "ndcg_at_3": 0.2622,
        "ndcg_at_5": 0.29341,
        "ndcg_at_10": 0.3117,
        "ndcg_at_20": 0.32041,
        "ndcg_at_100": 0.34258,
        "ndcg_at_1000": 0.37133,
        "map_at_1": 0.205,
        "map_at_3": 0.2475,
        "map_at_5": 0.265,
        "map_at_10": 0.27285,
        "map_at_20": 0.27517,
        "map_at_100": 0.27822,
        "map_at_1000": 0.27913,
        "recall_at_1": 0.205,
        "recall_at_3": 0.305,
        "recall_at_5": 0.38,
        "recall_at_10": 0.435,
        "recall_at_20": 0.47,
        "recall_at_100": 0.59,
        "recall_at_1000": 0.825,
        "precision_at_1": 0.205,
        "precision_at_3": 0.10167,
        "precision_at_5": 0.076,
        "precision_at_10": 0.0435,
        "precision_at_20": 0.0235,
        "precision_at_100": 0.0059,
        "precision_at_1000": 0.00083,
        "mrr_at_1": 0.205,
        "mrr_at_3": 0.2475,
        "mrr_at_5": 0.265,
        "mrr_at_10": 0.272847,
        "mrr_at_20": 0.27517,
        "mrr_at_100": 0.278221,
        "mrr_at_1000": 0.279129,
        "nauc_ndcg_at_1_max": 0.214219,
        "nauc_ndcg_at_1_std": -0.057424,
        "nauc_ndcg_at_1_diff1": 0.417294,
        "nauc_ndcg_at_3_max": 0.262612,
        "nauc_ndcg_at_3_std": -0.068954,
        "nauc_ndcg_at_3_diff1": 0.400993,
        "nauc_ndcg_at_5_max": 0.290938,
        "nauc_ndcg_at_5_std": -0.041339,
        "nauc_ndcg_at_5_diff1": 0.420906,
        "nauc_ndcg_at_10_max": 0.314045,
        "nauc_ndcg_at_10_std": -0.00048,
        "nauc_ndcg_at_10_diff1": 0.432352,
        "nauc_ndcg_at_20_max": 0.300604,
        "nauc_ndcg_at_20_std": -0.002061,
        "nauc_ndcg_at_20_diff1": 0.425212,
        "nauc_ndcg_at_100_max": 0.299129,
        "nauc_ndcg_at_100_std": 0.023689,
        "nauc_ndcg_at_100_diff1": 0.417571,
        "nauc_ndcg_at_1000_max": 0.296044,
        "nauc_ndcg_at_1000_std": 0.019204,
        "nauc_ndcg_at_1000_diff1": 0.418968,
        "nauc_map_at_1_max": 0.214219,
        "nauc_map_at_1_std": -0.057424,
        "nauc_map_at_1_diff1": 0.417294,
        "nauc_map_at_3_max": 0.249577,
        "nauc_map_at_3_std": -0.066874,
        "nauc_map_at_3_diff1": 0.402953,
        "nauc_map_at_5_max": 0.266818,
        "nauc_map_at_5_std": -0.051261,
        "nauc_map_at_5_diff1": 0.415654,
        "nauc_map_at_10_max": 0.277523,
        "nauc_map_at_10_std": -0.033164,
        "nauc_map_at_10_diff1": 0.420271,
        "nauc_map_at_20_max": 0.274255,
        "nauc_map_at_20_std": -0.032716,
        "nauc_map_at_20_diff1": 0.418499,
        "nauc_map_at_100_max": 0.273456,
        "nauc_map_at_100_std": -0.02891,
        "nauc_map_at_100_diff1": 0.416989,
        "nauc_map_at_1000_max": 0.273248,
        "nauc_map_at_1000_std": -0.029067,
        "nauc_map_at_1000_diff1": 0.416984,
        "nauc_recall_at_1_max": 0.214219,
        "nauc_recall_at_1_std": -0.057424,
        "nauc_recall_at_1_diff1": 0.417294,
        "nauc_recall_at_3_max": 0.297688,
        "nauc_recall_at_3_std": -0.074232,
        "nauc_recall_at_3_diff1": 0.396477,
        "nauc_recall_at_5_max": 0.356068,
        "nauc_recall_at_5_std": -0.012028,
        "nauc_recall_at_5_diff1": 0.436046,
        "nauc_recall_at_10_max": 0.417681,
        "nauc_recall_at_10_std": 0.100489,
        "nauc_recall_at_10_diff1": 0.469655,
        "nauc_recall_at_20_max": 0.365979,
        "nauc_recall_at_20_std": 0.089769,
        "nauc_recall_at_20_diff1": 0.442345,
        "nauc_recall_at_100_max": 0.374551,
        "nauc_recall_at_100_std": 0.236672,
        "nauc_recall_at_100_diff1": 0.410568,
        "nauc_recall_at_1000_max": 0.406217,
        "nauc_recall_at_1000_std": 0.357454,
        "nauc_recall_at_1000_diff1": 0.430267,
        "nauc_precision_at_1_max": 0.214219,
        "nauc_precision_at_1_std": -0.057424,
        "nauc_precision_at_1_diff1": 0.417294,
        "nauc_precision_at_3_max": 0.297688,
        "nauc_precision_at_3_std": -0.074232,
        "nauc_precision_at_3_diff1": 0.396477,
        "nauc_precision_at_5_max": 0.356068,
        "nauc_precision_at_5_std": -0.012028,
        "nauc_precision_at_5_diff1": 0.436046,
        "nauc_precision_at_10_max": 0.417681,
        "nauc_precision_at_10_std": 0.100489,
        "nauc_precision_at_10_diff1": 0.469655,
        "nauc_precision_at_20_max": 0.365979,
        "nauc_precision_at_20_std": 0.089769,
        "nauc_precision_at_20_diff1": 0.442345,
        "nauc_precision_at_100_max": 0.374551,
        "nauc_precision_at_100_std": 0.236672,
        "nauc_precision_at_100_diff1": 0.410568,
        "nauc_precision_at_1000_max": 0.406217,
        "nauc_precision_at_1000_std": 0.357454,
        "nauc_precision_at_1000_diff1": 0.430267,
        "nauc_mrr_at_1_max": 0.214219,
        "nauc_mrr_at_1_std": -0.057424,
        "nauc_mrr_at_1_diff1": 0.417294,
        "nauc_mrr_at_3_max": 0.249577,
        "nauc_mrr_at_3_std": -0.066874,
        "nauc_mrr_at_3_diff1": 0.402953,
        "nauc_mrr_at_5_max": 0.266818,
        "nauc_mrr_at_5_std": -0.051261,
        "nauc_mrr_at_5_diff1": 0.415654,
        "nauc_mrr_at_10_max": 0.277523,
        "nauc_mrr_at_10_std": -0.033164,
        "nauc_mrr_at_10_diff1": 0.420271,
        "nauc_mrr_at_20_max": 0.274255,
        "nauc_mrr_at_20_std": -0.032716,
        "nauc_mrr_at_20_diff1": 0.418499,
        "nauc_mrr_at_100_max": 0.273456,
        "nauc_mrr_at_100_std": -0.02891,
        "nauc_mrr_at_100_diff1": 0.416989,
        "nauc_mrr_at_1000_max": 0.273248,
        "nauc_mrr_at_1000_std": -0.029067,
        "nauc_mrr_at_1000_diff1": 0.416984,
        "main_score": 0.3117,
        "hf_subset": "ko",
        "languages": [
          "kor-Hang"
        ]
      }
    ],
    "test": [
      {
        "ndcg_at_1": 0.2,
        "ndcg_at_3": 0.25405,
        "ndcg_at_5": 0.2704,
        "ndcg_at_10": 0.28193,
        "ndcg_at_20": 0.29989,
        "ndcg_at_100": 0.32877,
        "ndcg_at_1000": 0.35501,
        "map_at_1": 0.2,
        "map_at_3": 0.24,
        "map_at_5": 0.249,
        "map_at_10": 0.25387,
        "map_at_20": 0.25893,
        "map_at_100": 0.263,
        "map_at_1000": 0.26385,
        "recall_at_1": 0.2,
        "recall_at_3": 0.295,
        "recall_at_5": 0.335,
        "recall_at_10": 0.37,
        "recall_at_20": 0.44,
        "recall_at_100": 0.595,
        "recall_at_1000": 0.81,
        "precision_at_1": 0.2,
        "precision_at_3": 0.09833,
        "precision_at_5": 0.067,
        "precision_at_10": 0.037,
        "precision_at_20": 0.022,
        "precision_at_100": 0.00595,
        "precision_at_1000": 0.00081,
        "mrr_at_1": 0.2,
        "mrr_at_3": 0.24,
        "mrr_at_5": 0.249,
        "mrr_at_10": 0.253871,
        "mrr_at_20": 0.25893,
        "mrr_at_100": 0.263004,
        "mrr_at_1000": 0.263854,
        "nauc_ndcg_at_1_max": 0.400823,
        "nauc_ndcg_at_1_std": 0.083298,
        "nauc_ndcg_at_1_diff1": 0.543897,
        "nauc_ndcg_at_3_max": 0.415541,
        "nauc_ndcg_at_3_std": 0.135063,
        "nauc_ndcg_at_3_diff1": 0.476591,
        "nauc_ndcg_at_5_max": 0.443167,
        "nauc_ndcg_at_5_std": 0.165428,
        "nauc_ndcg_at_5_diff1": 0.482329,
        "nauc_ndcg_at_10_max": 0.425737,
        "nauc_ndcg_at_10_std": 0.169146,
        "nauc_ndcg_at_10_diff1": 0.489518,
        "nauc_ndcg_at_20_max": 0.424802,
        "nauc_ndcg_at_20_std": 0.173082,
        "nauc_ndcg_at_20_diff1": 0.473525,
        "nauc_ndcg_at_100_max": 0.433434,
        "nauc_ndcg_at_100_std": 0.202011,
        "nauc_ndcg_at_100_diff1": 0.463538,
        "nauc_ndcg_at_1000_max": 0.425589,
        "nauc_ndcg_at_1000_std": 0.194264,
        "nauc_ndcg_at_1000_diff1": 0.461264,
        "nauc_map_at_1_max": 0.400823,
        "nauc_map_at_1_std": 0.083298,
        "nauc_map_at_1_diff1": 0.543897,