{
  "dataset_revision": "main",
  "task_name": "PublicHealthQA",
  "mteb_version": "1.31.1",
  "scores": {
    "test": [
      {
        "ndcg_at_1": 0.76623,
        "ndcg_at_3": 0.84957,
        "ndcg_at_5": 0.85516,
        "ndcg_at_10": 0.87102,
        "ndcg_at_20": 0.87826,
        "ndcg_at_100": 0.87826,
        "ndcg_at_1000": 0.87826,
        "map_at_1": 0.76623,
        "map_at_3": 0.829,
        "map_at_5": 0.83225,
        "map_at_10": 0.83824,
        "map_at_20": 0.8406,
        "map_at_100": 0.8406,
        "map_at_1000": 0.8406,
        "recall_at_1": 0.76623,
        "recall_at_3": 0.90909,
        "recall_at_5": 0.92208,
        "recall_at_10": 0.97403,
        "recall_at_20": 1.0,
        "recall_at_100": 1.0,
        "recall_at_1000": 1.0,
        "precision_at_1": 0.76623,
        "precision_at_3": 0.30303,
        "precision_at_5": 0.18442,
        "precision_at_10": 0.0974,
        "precision_at_20": 0.05,
        "precision_at_100": 0.01,
        "precision_at_1000": 0.001,
        "mrr_at_1": 0.766234,
        "mrr_at_3": 0.829004,
        "mrr_at_5": 0.832251,
        "mrr_at_10": 0.83824,
        "mrr_at_20": 0.840601,
        "mrr_at_100": 0.840601,
        "mrr_at_1000": 0.840601,
        "nauc_ndcg_at_1_max": 0.469159,
        "nauc_ndcg_at_1_std": -0.049031,
        "nauc_ndcg_at_1_diff1": 0.715882,
        "nauc_ndcg_at_3_max": 0.516282,
        "nauc_ndcg_at_3_std": 0.001959,
        "nauc_ndcg_at_3_diff1": 0.712153,
        "nauc_ndcg_at_5_max": 0.496356,
        "nauc_ndcg_at_5_std": -0.039154,
        "nauc_ndcg_at_5_diff1": 0.700295,
        "nauc_ndcg_at_10_max": 0.475372,
        "nauc_ndcg_at_10_std": -0.081668,
        "nauc_ndcg_at_10_diff1": 0.695769,
        "nauc_ndcg_at_20_max": 0.491807,
        "nauc_ndcg_at_20_std": -0.042788,
        "nauc_ndcg_at_20_diff1": 0.701071,
        "nauc_ndcg_at_100_max": 0.491807,
        "nauc_ndcg_at_100_std": -0.042788,
        "nauc_ndcg_at_100_diff1": 0.701071,
        "nauc_ndcg_at_1000_max": 0.491807,
        "nauc_ndcg_at_1000_std": -0.042788,
        "nauc_ndcg_at_1000_diff1": 0.701071,
        "nauc_map_at_1_max": 0.469159,
        "nauc_map_at_1_std": -0.049031,
        "nauc_map_at_1_diff1": 0.715882,
        "nauc_map_at_3_max": 0.504194,
        "nauc_map_at_3_std": -0.017403,
        "nauc_map_at_3_diff1": 0.707571,
        "nauc_map_at_5_max": 0.493843,
        "nauc_map_at_5_std": -0.038643,
        "nauc_map_at_5_diff1": 0.701467,
        "nauc_map_at_10_max": 0.486871,
        "nauc_map_at_10_std": -0.052176,
        "nauc_map_at_10_diff1": 0.700316,
        "nauc_map_at_20_max": 0.491156,
        "nauc_map_at_20_std": -0.042002,
        "nauc_map_at_20_diff1": 0.701712,
        "nauc_map_at_100_max": 0.491156,
        "nauc_map_at_100_std": -0.042002,
        "nauc_map_at_100_diff1": 0.701712,
        "nauc_map_at_1000_max": 0.491156,
        "nauc_map_at_1000_std": -0.042002,
        "nauc_map_at_1000_diff1": 0.701712,
        "nauc_recall_at_1_max": 0.469159,
        "nauc_recall_at_1_std": -0.049031,
        "nauc_recall_at_1_diff1": 0.715882,
        "nauc_recall_at_3_max": 0.575032,
        "nauc_recall_at_3_std": 0.101724,
        "nauc_recall_at_3_diff1": 0.739408,
        "nauc_recall_at_5_max": 0.504204,
        "nauc_recall_at_5_std": -0.047989,
        "nauc_recall_at_5_diff1": 0.695977,
        "nauc_recall_at_10_max": 0.219778,
        "nauc_recall_at_10_std": -0.686313,
        "nauc_recall_at_10_diff1": 0.613314,
        "nauc_recall_at_20_max": NaN,
        "nauc_recall_at_20_std": NaN,
        "nauc_recall_at_20_diff1": NaN,
        "nauc_recall_at_100_max": NaN,
        "nauc_recall_at_100_std": NaN,
        "nauc_recall_at_100_diff1": NaN,
        "nauc_recall_at_1000_max": NaN,
        "nauc_recall_at_1000_std": NaN,
        "nauc_recall_at_1000_diff1": NaN,
        "nauc_precision_at_1_max": 0.469159,
        "nauc_precision_at_1_std": -0.049031,
        "nauc_precision_at_1_diff1": 0.715882,
        "nauc_precision_at_3_max": 0.575032,
        "nauc_precision_at_3_std": 0.101724,
        "nauc_precision_at_3_diff1": 0.739408,
        "nauc_precision_at_5_max": 0.504204,
        "nauc_precision_at_5_std": -0.047989,
        "nauc_precision_at_5_diff1": 0.695977,
        "nauc_precision_at_10_max": 0.219778,
        "nauc_precision_at_10_std": -0.686313,
        "nauc_precision_at_10_diff1": 0.613314,
        "nauc_precision_at_20_max": 1.0,
        "nauc_precision_at_20_std": 1.0,
        "nauc_precision_at_20_diff1": 1.0,
        "nauc_precision_at_100_max": 1.0,
        "nauc_precision_at_100_std": 1.0,
        "nauc_precision_at_100_diff1": 1.0,
        "nauc_precision_at_1000_max": NaN,
        "nauc_precision_at_1000_std": NaN,
        "nauc_precision_at_1000_diff1": NaN,
        "nauc_mrr_at_1_max": 0.469159,
        "nauc_mrr_at_1_std": -0.049031,
        "nauc_mrr_at_1_diff1": 0.715882,
        "nauc_mrr_at_3_max": 0.504194,
        "nauc_mrr_at_3_std": -0.017403,
        "nauc_mrr_at_3_diff1": 0.707571,
        "nauc_mrr_at_5_max": 0.493843,
        "nauc_mrr_at_5_std": -0.038643,
        "nauc_mrr_at_5_diff1": 0.701467,
        "nauc_mrr_at_10_max": 0.486871,
        "nauc_mrr_at_10_std": -0.052176,
        "nauc_mrr_at_10_diff1": 0.700316,
        "nauc_mrr_at_20_max": 0.491156,
        "nauc_mrr_at_20_std": -0.042002,
        "nauc_mrr_at_20_diff1": 0.701712,
        "nauc_mrr_at_100_max": 0.491156,
        "nauc_mrr_at_100_std": -0.042002,
        "nauc_mrr_at_100_diff1": 0.701712,
        "nauc_mrr_at_1000_max": 0.491156,
        "nauc_mrr_at_1000_std": -0.042002,
        "nauc_mrr_at_1000_diff1": 0.701712,
        "main_score": 0.87102,
        "hf_subset": "korean",
        "languages": [
          "kor-Hang"
        ]
      }
    ]
  },
  "evaluation_time": 10.355460405349731,
  "kg_co2_emissions": null
}