{
  "dataset_revision": "main",
  "evaluation_time": 13.14871883392334,
  "kg_co2_emissions": null,
  "mteb_version": "1.20.1",
  "scores": {
    "test": [
      {
        "hf_subset": "korean",
        "languages": [
          "kor-Hang"
        ],
        "main_score": 0.87102,
        "map_at_1": 0.76623,
        "map_at_10": 0.83824,
        "map_at_100": 0.8405,
        "map_at_1000": 0.8405,
        "map_at_20": 0.8405,
        "map_at_3": 0.829,
        "map_at_5": 0.83225,
        "mrr_at_1": 0.7662337662337663,
        "mrr_at_10": 0.8382395382395383,
        "mrr_at_100": 0.8405024268660632,
        "mrr_at_1000": 0.8405024268660632,
        "mrr_at_20": 0.8405024268660632,
        "mrr_at_3": 0.8290043290043291,
        "mrr_at_5": 0.8322510822510824,
        "nauc_map_at_1000_diff1": 0.6885097620218021,
        "nauc_map_at_1000_max": 0.4904532674828099,
        "nauc_map_at_1000_std": -0.04312965967394911,
        "nauc_map_at_100_diff1": 0.6885097620218021,
        "nauc_map_at_100_max": 0.4904532674828099,
        "nauc_map_at_100_std": -0.04312965967394911,
        "nauc_map_at_10_diff1": 0.6872038137909682,
        "nauc_map_at_10_max": 0.48687056680246493,
        "nauc_map_at_10_std": -0.05217570853794742,
        "nauc_map_at_1_diff1": 0.7055578519524833,
        "nauc_map_at_1_max": 0.4691591722758418,
        "nauc_map_at_1_std": -0.04903115664558869,
        "nauc_map_at_20_diff1": 0.6885097620218021,
        "nauc_map_at_20_max": 0.4904532674828099,
        "nauc_map_at_20_std": -0.04312965967394911,
        "nauc_map_at_3_diff1": 0.6938494791877855,
        "nauc_map_at_3_max": 0.5041937160694657,
        "nauc_map_at_3_std": -0.01740315649056545,
        "nauc_map_at_5_diff1": 0.6874582527449108,
        "nauc_map_at_5_max": 0.4938432184645834,
        "nauc_map_at_5_std": -0.03864255840167695,
        "nauc_mrr_at_1000_diff1": 0.6885097620218021,
        "nauc_mrr_at_1000_max": 0.4904532674828099,
        "nauc_mrr_at_1000_std": -0.04312965967394911,
        "nauc_mrr_at_100_diff1": 0.6885097620218021,
        "nauc_mrr_at_100_max": 0.4904532674828099,
        "nauc_mrr_at_100_std": -0.04312965967394911,
        "nauc_mrr_at_10_diff1": 0.6872038137909682,
        "nauc_mrr_at_10_max": 0.48687056680246493,
        "nauc_mrr_at_10_std": -0.05217570853794742,
        "nauc_mrr_at_1_diff1": 0.7055578519524833,
        "nauc_mrr_at_1_max": 0.4691591722758418,
        "nauc_mrr_at_1_std": -0.04903115664558869,
        "nauc_mrr_at_20_diff1": 0.6885097620218021,
        "nauc_mrr_at_20_max": 0.4904532674828099,
        "nauc_mrr_at_20_std": -0.04312965967394911,
        "nauc_mrr_at_3_diff1": 0.6938494791877855,
        "nauc_mrr_at_3_max": 0.5041937160694657,
        "nauc_mrr_at_3_std": -0.01740315649056545,
        "nauc_mrr_at_5_diff1": 0.6874582527449108,
        "nauc_mrr_at_5_max": 0.4938432184645834,
        "nauc_mrr_at_5_std": -0.03864255840167695,
        "nauc_ndcg_at_1000_diff1": 0.6875068929206645,
        "nauc_ndcg_at_1000_max": 0.4907520578278997,
        "nauc_ndcg_at_1000_std": -0.04447977952738645,
        "nauc_ndcg_at_100_diff1": 0.6875068929206645,
        "nauc_ndcg_at_100_max": 0.4907520578278997,
        "nauc_ndcg_at_100_std": -0.04447977952738645,
        "nauc_ndcg_at_10_diff1": 0.6828535625360586,
        "nauc_ndcg_at_10_max": 0.4753715542957344,
        "nauc_ndcg_at_10_std": -0.08166804488905967,
        "nauc_ndcg_at_1_diff1": 0.7055578519524833,
        "nauc_ndcg_at_1_max": 0.4691591722758418,
        "nauc_ndcg_at_1_std": -0.04903115664558869,
        "nauc_ndcg_at_20_diff1": 0.6875068929206645,
        "nauc_ndcg_at_20_max": 0.4907520578278997,
        "nauc_ndcg_at_20_std": -0.04447977952738645,
        "nauc_ndcg_at_3_diff1": 0.6967417535519655,
        "nauc_ndcg_at_3_max": 0.5162820063696817,
        "nauc_ndcg_at_3_std": 0.001959353725228958,
        "nauc_ndcg_at_5_diff1": 0.6842494443336714,
        "nauc_ndcg_at_5_max": 0.4963559043702825,
        "nauc_ndcg_at_5_std": -0.03915356739636289,
        "nauc_precision_at_1000_diff1": NaN,
        "nauc_precision_at_1000_max": NaN,
        "nauc_precision_at_1000_std": NaN,
        "nauc_precision_at_100_diff1": 1.0,
        "nauc_precision_at_100_max": 1.0,
        "nauc_precision_at_100_std": 1.0,
        "nauc_precision_at_10_diff1": 0.613314205220816,
        "nauc_precision_at_10_max": 0.21977808756952869,
        "nauc_precision_at_10_std": -0.68631307805364,
        "nauc_precision_at_1_diff1": 0.7055578519524833,
        "nauc_precision_at_1_max": 0.4691591722758418,
        "nauc_precision_at_1_std": -0.04903115664558869,
        "nauc_precision_at_20_diff1": 1.0,
        "nauc_precision_at_20_max": 1.0,
        "nauc_precision_at_20_std": 1.0,
        "nauc_precision_at_3_diff1": 0.7154433535920243,
        "nauc_precision_at_3_max": 0.5750317724577289,
        "nauc_precision_at_3_std": 0.10172403925188567,
        "nauc_precision_at_5_diff1": 0.6680172458573604,
        "nauc_precision_at_5_max": 0.5042037345340171,
        "nauc_precision_at_5_std": -0.047988620872798975,
        "nauc_recall_at_1000_diff1": NaN,
        "nauc_recall_at_1000_max": NaN,
        "nauc_recall_at_1000_std": NaN,
        "nauc_recall_at_100_diff1": NaN,
        "nauc_recall_at_100_max": NaN,
        "nauc_recall_at_100_std": NaN,
        "nauc_recall_at_10_diff1": 0.6133142052208155,
        "nauc_recall_at_10_max": 0.21977808756952488,
        "nauc_recall_at_10_std": -0.6863130780536503,
        "nauc_recall_at_1_diff1": 0.7055578519524833,
        "nauc_recall_at_1_max": 0.4691591722758418,
        "nauc_recall_at_1_std": -0.04903115664558869,
        "nauc_recall_at_20_diff1": NaN,
        "nauc_recall_at_20_max": NaN,
        "nauc_recall_at_20_std": NaN,
        "nauc_recall_at_3_diff1": 0.7154433535920213,
        "nauc_recall_at_3_max": 0.5750317724577277,
        "nauc_recall_at_3_std": 0.10172403925188503,
        "nauc_recall_at_5_diff1": 0.668017245857358,
        "nauc_recall_at_5_max": 0.5042037345340157,
        "nauc_recall_at_5_std": -0.04798862087280273,
        "ndcg_at_1": 0.76623,
        "ndcg_at_10": 0.87102,
        "ndcg_at_100": 0.87815,
        "ndcg_at_1000": 0.87815,
        "ndcg_at_20": 0.87815,
        "ndcg_at_3": 0.84957,
        "ndcg_at_5": 0.85516,
        "precision_at_1": 0.76623,
        "precision_at_10": 0.0974,
        "precision_at_100": 0.01,
        "precision_at_1000": 0.001,
        "precision_at_20": 0.05,
        "precision_at_3": 0.30303,
        "precision_at_5": 0.18442,
        "recall_at_1": 0.76623,
        "recall_at_10": 0.97403,
        "recall_at_100": 1.0,
        "recall_at_1000": 1.0,
        "recall_at_20": 1.0,
        "recall_at_3": 0.90909,
        "recall_at_5": 0.92208
      }
    ]
  },
  "task_name": "PublicHealthQA"
}