{
  "dataset_revision": "c99d599f0a6ab9b85b065da6f9d94f9cf731679f",
  "task_name": "XPQARetrieval",
  "mteb_version": "1.31.1",
  "scores": {
    "test": [
      {
        "ndcg_at_1": 0.29664,
        "ndcg_at_3": 0.32396,
        "ndcg_at_5": 0.34845,
        "ndcg_at_10": 0.37592,
        "ndcg_at_20": 0.40338,
        "ndcg_at_100": 0.44897,
        "ndcg_at_1000": 0.47593,
        "map_at_1": 0.21073,
        "map_at_3": 0.29525,
        "map_at_5": 0.31584,
        "map_at_10": 0.32965,
        "map_at_20": 0.33811,
        "map_at_100": 0.34505,
        "map_at_1000": 0.34617,
        "recall_at_1": 0.21073,
        "recall_at_3": 0.34182,
        "recall_at_5": 0.40268,
        "recall_at_10": 0.47847,
        "recall_at_20": 0.57783,
        "recall_at_100": 0.80008,
        "recall_at_1000": 1.0,
        "precision_at_1": 0.29664,
        "precision_at_3": 0.18298,
        "precision_at_5": 0.13211,
        "precision_at_10": 0.07798,
        "precision_at_20": 0.04656,
        "precision_at_100": 0.01287,
        "precision_at_1000": 0.00156,
        "mrr_at_1": 0.298165,
        "mrr_at_3": 0.343272,
        "mrr_at_5": 0.355275,
        "mrr_at_10": 0.364456,
        "mrr_at_20": 0.371024,
        "mrr_at_100": 0.376274,
        "mrr_at_1000": 0.37698,
        "nauc_ndcg_at_1_max": 0.055578,
        "nauc_ndcg_at_1_std": -0.335824,
        "nauc_ndcg_at_1_diff1": 0.514099,
        "nauc_ndcg_at_3_max": 0.033862,
        "nauc_ndcg_at_3_std": -0.347912,
        "nauc_ndcg_at_3_diff1": 0.463417,
        "nauc_ndcg_at_5_max": 0.034366,
        "nauc_ndcg_at_5_std": -0.351053,
        "nauc_ndcg_at_5_diff1": 0.44903,
        "nauc_ndcg_at_10_max": 0.033292,
        "nauc_ndcg_at_10_std": -0.360641,
        "nauc_ndcg_at_10_diff1": 0.442292,
        "nauc_ndcg_at_20_max": 0.0255,
        "nauc_ndcg_at_20_std": -0.362308,
        "nauc_ndcg_at_20_diff1": 0.434405,
        "nauc_ndcg_at_100_max": 0.036429,
        "nauc_ndcg_at_100_std": -0.33192,
        "nauc_ndcg_at_100_diff1": 0.424117,
        "nauc_ndcg_at_1000_max": 0.035618,
        "nauc_ndcg_at_1000_std": -0.343997,
        "nauc_ndcg_at_1000_diff1": 0.441208,
        "nauc_map_at_1_max": 0.067074,
        "nauc_map_at_1_std": -0.271699,
        "nauc_map_at_1_diff1": 0.549954,
        "nauc_map_at_3_max": 0.051672,
        "nauc_map_at_3_std": -0.325112,
        "nauc_map_at_3_diff1": 0.467094,
        "nauc_map_at_5_max": 0.047142,
        "nauc_map_at_5_std": -0.33706,
        "nauc_map_at_5_diff1": 0.459019,
        "nauc_map_at_10_max": 0.044338,
        "nauc_map_at_10_std": -0.343407,
        "nauc_map_at_10_diff1": 0.455012,
        "nauc_map_at_20_max": 0.040102,
        "nauc_map_at_20_std": -0.345453,
        "nauc_map_at_20_diff1": 0.451929,
        "nauc_map_at_100_max": 0.04097,
        "nauc_map_at_100_std": -0.342311,
        "nauc_map_at_100_diff1": 0.450578,
        "nauc_map_at_1000_max": 0.041055,
        "nauc_map_at_1000_std": -0.342483,
        "nauc_map_at_1000_diff1": 0.451183,
        "nauc_recall_at_1_max": 0.067074,
        "nauc_recall_at_1_std": -0.271699,
        "nauc_recall_at_1_diff1": 0.549954,
        "nauc_recall_at_3_max": 0.023464,
        "nauc_recall_at_3_std": -0.339191,
        "nauc_recall_at_3_diff1": 0.425215,
        "nauc_recall_at_5_max": 0.022382,
        "nauc_recall_at_5_std": -0.34951,
        "nauc_recall_at_5_diff1": 0.393626,
        "nauc_recall_at_10_max": 0.026169,
        "nauc_recall_at_10_std": -0.370206,
        "nauc_recall_at_10_diff1": 0.374017,
        "nauc_recall_at_20_max": -0.001655,
        "nauc_recall_at_20_std": -0.372277,
        "nauc_recall_at_20_diff1": 0.340345,
        "nauc_recall_at_100_max": 0.056605,
        "nauc_recall_at_100_std": -0.142016,
        "nauc_recall_at_100_diff1": 0.192679,
        "nauc_recall_at_1000_max": NaN,
        "nauc_recall_at_1000_std": NaN,
        "nauc_recall_at_1000_diff1": NaN,
        "nauc_precision_at_1_max": 0.055578,
        "nauc_precision_at_1_std": -0.335824,
        "nauc_precision_at_1_diff1": 0.514099,
        "nauc_precision_at_3_max": 0.00919,
        "nauc_precision_at_3_std": -0.343146,
        "nauc_precision_at_3_diff1": 0.279708,
        "nauc_precision_at_5_max": -0.01296,
        "nauc_precision_at_5_std": -0.347612,
        "nauc_precision_at_5_diff1": 0.235597,
        "nauc_precision_at_10_max": -0.025723,
        "nauc_precision_at_10_std": -0.349235,
        "nauc_precision_at_10_diff1": 0.197459,
        "nauc_precision_at_20_max": -0.043449,
        "nauc_precision_at_20_std": -0.316932,
        "nauc_precision_at_20_diff1": 0.1368,
        "nauc_precision_at_100_max": 0.023582,
        "nauc_precision_at_100_std": -0.084692,
        "nauc_precision_at_100_diff1": -0.011753,
        "nauc_precision_at_1000_max": 0.013899,
        "nauc_precision_at_1000_std": -0.039724,
        "nauc_precision_at_1000_diff1": -0.072457,
        "nauc_mrr_at_1_max": 0.05158,
        "nauc_mrr_at_1_std": -0.338843,
        "nauc_mrr_at_1_diff1": 0.508374,
        "nauc_mrr_at_3_max": 0.025671,
        "nauc_mrr_at_3_std": -0.362854,
        "nauc_mrr_at_3_diff1": 0.483617,
        "nauc_mrr_at_5_max": 0.024182,
        "nauc_mrr_at_5_std": -0.363519,
        "nauc_mrr_at_5_diff1": 0.475025,
        "nauc_mrr_at_10_max": 0.02572,
        "nauc_mrr_at_10_std": -0.364322,
        "nauc_mrr_at_10_diff1": 0.474289,
        "nauc_mrr_at_20_max": 0.026266,
        "nauc_mrr_at_20_std": -0.363405,
        "nauc_mrr_at_20_diff1": 0.473614,
        "nauc_mrr_at_100_max": 0.0263,
        "nauc_mrr_at_100_std": -0.361565,
        "nauc_mrr_at_100_diff1": 0.472809,
        "nauc_mrr_at_1000_max": 0.026423,
        "nauc_mrr_at_1000_std": -0.361797,
        "nauc_mrr_at_1000_diff1": 0.473329,
        "main_score": 0.37592,
        "hf_subset": "kor-kor",
        "languages": [
          "kor-Hang",
          "kor-Hang"
        ]
      },
      {
        "ndcg_at_1": 0.28746,
        "ndcg_at_3": 0.29548,
        "ndcg_at_5": 0.31737,
        "ndcg_at_10": 0.34602,
        "ndcg_at_20": 0.3756,
        "ndcg_at_100": 0.42667,
        "ndcg_at_1000": 0.46008,
        "map_at_1": 0.16901,
        "map_at_3": 0.24639,
        "map_at_5": 0.27459,
        "map_at_10": 0.29034,
        "map_at_20": 0.30032,
        "map_at_100": 0.30873,
        "map_at_1000": 0.31058,
        "recall_at_1": 0.16901,
        "recall_at_3": 0.29174,
        "recall_at_5": 0.36371,
        "recall_at_10": 0.43346,
        "recall_at_20": 0.53196,
        "recall_at_100": 0.77029,
        "recall_at_1000": 0.99529,
        "precision_at_1": 0.28746,
        "precision_at_3": 0.18858,
        "precision_at_5": 0.14495,
        "precision_at_10": 0.08869,
        "precision_at_20": 0.05382,
        "precision_at_100": 0.01537,
        "precision_at_1000": 0.00194,
        "mrr_at_1": 0.287462,
        "mrr_at_3": 0.339195,
        "mrr_at_5": 0.351656,
        "mrr_at_10": 0.361435,
        "mrr_at_20": 0.368671,
        "mrr_at_100": 0.373856,
        "mrr_at_1000": 0.374631,
        "nauc_ndcg_at_1_max": -0.075579,
        "nauc_ndcg_at_1_std": -0.391909,
        "nauc_ndcg_at_1_diff1": 0.523976,
        "nauc_ndcg_at_3_max": -0.075081,
        "nauc_ndcg_at_3_std": -0.378594,
        "nauc_ndcg_at_3_diff1": 0.435288,
        "nauc_ndcg_at_5_max": -0.083371,
        "nauc_ndcg_at_5_std": -0.374009,
        "nauc_ndcg_at_5_diff1": 0.420549,
        "nauc_ndcg_at_10_max": -0.090066,
        "nauc_ndcg_at_10_std": -0.391324,
        "nauc_ndcg_at_10_diff1": 0.415432,
        "nauc_ndcg_at_20_max": -0.086877,
        "nauc_ndcg_at_20_std": -0.390202,
        "nauc_ndcg_at_20_diff1": 0.419795,
        "nauc_ndcg_at_100_max": -0.06882,
        "nauc_ndcg_at_100_std": -0.359291,
        "nauc_ndcg_at_100_diff1": 0.419676,
        "nauc_ndcg_at_1000_max": -0.069825,
        "nauc_ndcg_at_1000_std": -0.366341,
        "nauc_ndcg_at_1000_diff1": 0.430025,
        "nauc_map_at_1_max": -0.079038,